reduced_feature_0,reduced_feature_1,reduced_feature_2,reduced_feature_3,reduced_feature_4,reduced_feature_5,reduced_feature_6,reduced_feature_7,reduced_feature_8,reduced_feature_9,reduced_feature_10,reduced_feature_11,reduced_feature_12,reduced_feature_13,reduced_feature_14,reduced_feature_15,reduced_feature_16,reduced_feature_17,reduced_feature_18,reduced_feature_19,reduced_feature_20,reduced_feature_21,reduced_feature_22,reduced_feature_23,reduced_feature_24,reduced_feature_25,reduced_feature_26,reduced_feature_27,reduced_feature_28,reduced_feature_29,reduced_feature_30,reduced_feature_31,datetime,direction_aggregate_direction,timestamp_numeric,time_window
16.728835422486497,7.26895508379802,-0.7975390656888223,-0.9186260472040725,10.801773169838603,2.089835698223985,-4.897284167863702,-4.947057184527137,2.7490297240654114,-2.538058546810003,-0.6831426284881758,-2.2504578167988734,-4.826791821586738,0.27893560763205194,1.666169402686949,9.0960143546018,2.6229543820552057,-0.09881699311775945,-0.5674076674104434,0.7760034055401757,-0.4393870134737293,1.414642281572691,2.7345922190956333,1.8122623522236396,1.0254224261557459,-1.714300846931357,1.5649576514384262,2.614405018868852,2.2140249109185475,-1.4273546067035574,-0.1990626968338763,1.381841635206608,2025-09-02 19:28:10,A,1756841290,10s
15.071583557004633,-3.4939726681057373,-6.144705732378883,5.231313956129625,3.5258081508107275,2.335823425464331,0.09667179088171833,-1.4137801321204495,1.147941155011688,-1.3157992796409879,-0.2802472774958125,-0.3078473652337561,-2.0084631623619185,0.6978996986978309,3.247446077356854,5.025377046707334,1.496612261420817,0.2712014304970304,-0.19247262418350725,-0.5113422281929465,-1.056114709241402,-0.6396483398980709,0.410190426020438,1.049380014140705,2.6366714013869657,-0.3925817632357647,2.780855128672501,-0.37588969214733425,-1.1260795592735713,0.7965065479048112,-0.03516980559902199,-1.0477975151004806,2025-09-02 19:28:20,A,1756841300,10s
10.11557943031855,-3.7528042686349155,-5.520941576886865,1.2979865112643052,5.531417705198199,-3.6122321257705043,-1.550216675298714,-3.3855089963410254,0.41894479787070005,0.207766376971554,-0.37208054454983525,1.619018554344945,-0.8153211079971332,-0.29515975170246334,1.2216028507651724,0.7366505467517617,0.38911464088261066,-0.29626288543042373,0.4463390776726292,-0.28320475497178876,0.3210421447005507,-0.7106588108426507,0.06516401585302264,0.44538988520435446,0.170789272407949,-0.1884775943765672,-0.679066447111214,-0.5493389834411023,0.041945577996390794,0.6688689192265485,0.3441337602543926,-0.20569406461104328,2025-09-02 19:28:30,A,1756841310,10s
6.314302569174164,-2.178945802170805,-3.4861790000393533,-1.101595951114553,2.7153020405740222,-2.348292633050838,-0.09697760626767422,-0.713882245150259,1.198147880287007,-0.43977698752407696,-0.24414246390580618,0.28592335283727416,-0.8746069957805583,-0.2925800181682655,1.7565998802996436,1.4476232693301148,0.5526089397779999,0.3891449681057696,0.5364524906827941,-0.6656248110090294,0.29411269341626656,-0.7457936647447868,-0.34516951127641676,-0.07458612894511428,-0.23518594268434903,0.08094545442620565,-0.5578278955864144,-0.25033206929291935,0.05269579089083495,0.40392476385378656,0.2219405262733061,-0.12130718475276872,2025-09-02 19:28:40,A,1756841320,10s
4.853610727942718,-1.045244666986448,-2.709256716382178,-2.0124901856571435,1.3328085542198962,-1.065889902890978,0.5855996959578944,0.7091601286020467,1.4932336114187477,-0.5056603770970364,-0.10857793111881968,-0.05644741716271364,-0.7036175527229147,-0.665142865542672,1.4070069245006436,1.9150133129789004,-0.2694460181597764,0.7746556456601359,-0.3972151338634931,-0.974528093617087,0.5343500891227844,-1.0339430954790632,-0.2256782919501526,0.05763440043534559,-0.03729139010648019,0.15988392471865825,-0.5255538869155902,-0.324739132601246,0.10140984538627844,0.3743102374408615,0.14815860801933312,-0.0020812367663045994,2025-09-02 19:28:50,A,1756841330,10s
3.0338397667672337,-1.6706978691916867,-2.083630311391884,-1.7468024375676834,0.3178402309049884,-0.44776050207211054,-0.3621299000761882,1.1565884379412912,2.5739462180637838,0.2961502428860817,0.32134651068264214,0.19934257415061069,0.013396115604359733,-0.8829654045134353,0.9478670767738777,0.42877627598760926,-0.7514346871312708,-0.10681969132883323,-0.14538173675857552,-0.10183599866702282,-0.359611482400969,-0.15926011025223982,-0.1953290877706825,-0.36749528804624276,0.016044326451113717,0.12508419181828753,-0.12208395312094182,-0.060767960293459,0.13694682125748162,0.13740747121753977,-0.028850028272801784,-0.06295671286597626,2025-09-02 19:29:00,A,1756841340,10s
2.0662898760169583,-0.8512102861126902,-2.359098641440163,-2.5243430895166035,0.6045046998878182,-0.3509372553056653,0.10937845644716918,1.4174167928435097,1.4864590043776906,0.19817935606047907,0.11099231254307278,0.9506564663419385,-0.8661764523201764,-0.6436199110416067,0.645702914490477,-0.41673138202207055,-0.0850173517422177,-0.24057171445426773,1.3454770297592018,-0.26413137818192123,0.3241884846190591,-0.25200864634254955,0.40016891844633456,-0.2572232637756957,0.22931106027197487,0.25550740823798285,0.09603240966332112,-0.06542458805279519,0.2532763776878286,0.15883005527042607,-0.05714913930607698,-0.008329458091199254,2025-09-02 19:29:10,A,1756841350,10s
1.838537986519585,-0.25323554750903293,-2.5526760203491943,-2.7717175499994036,0.764004735232473,-0.09337058705204153,0.4001912303306042,1.9517553321490955,0.7387598103240588,0.42624874845099786,0.06954213699259895,1.3911305322744345,-1.8763648341811265,-0.3240145964493653,-0.2553744455466524,-0.352710077957699,-1.219154541664599,0.5510372126932325,-0.021473016198129507,-0.4948191217400346,-0.836397372350626,-0.04383715431226885,-0.07832849412059184,-0.35170562287381146,0.5568461314595603,0.4821557147829395,-0.1507901993004941,0.2502916602020298,0.36009411193613605,0.015053762459781034,-0.07783927224277444,-0.015069348573147272,2025-09-02 19:29:20,A,1756841360,10s
1.046207793811591,-0.5537464098817594,-3.1241406665413276,-2.1236069078580417,0.42044708099846684,-0.24393611732762097,-0.2506483250209637,2.1047414959863184,0.7630564277369215,0.3650846176221603,0.04993811264182209,1.46801141201813,-1.9266529825547798,-0.538978582568984,-0.03721264444379573,-0.2523917207189463,-1.062768864345023,-0.440472139389508,0.3528388616012715,0.5200963400100957,0.6352959894280262,-0.3947097747096921,0.4043601085190419,-0.14402888389512822,0.24739711261491654,0.06452369836824053,0.011518029812888233,0.023599975300182496,0.2131210465417527,0.1088157167057992,0.07800036784240973,-0.01974744084222387,2025-09-02 19:29:30,A,1756841370,10s
1.2643381891953331,-0.44525849866270395,-1.4139444633852256,-1.9766193298595867,-0.229013247743613,-0.013177244522287013,0.8927584007814712,0.3844158295482929,2.1536024460170555,-0.29415093118748514,0.20682319041008082,0.05130979873610978,0.6555956856751978,-1.0872138727740184,1.039710347064432,-0.2559503171240242,-1.1943487602853724,0.2868142204515015,0.3575117753618728,0.1469609371316267,0.12639446949710526,-0.11769178521740178,0.21742611793764896,-0.37588195868021246,0.15259185966149727,0.07515397989789248,0.2572275851198146,-0.0006147841756914808,0.08713743229793432,0.04255780267780509,0.060451346702036494,0.05376742392570552,2025-09-02 19:29:40,A,1756841380,10s
0.27907672419465185,-0.5042466587418187,-1.8713487036657428,-1.376857526181887,-0.21529324290013024,-0.2520287026182964,0.2820651098873584,1.2669091285803282,0.08983313948402702,-1.5722152923925021,-0.3129406045792229,-0.11639785243823979,-0.7569838728709333,-0.39486623462492737,1.212658033866867,-0.31471690566000526,-1.3921178605338032,0.6400200574482854,0.11428429998911628,0.41995980880230366,-0.46812363944172247,-0.23700813414232252,0.0492426094540433,-0.40353944557661936,-0.04498537272730412,-0.16650050407206649,0.2088641351450194,0.04092944609106931,-0.03605027218126286,0.02910548152160906,0.10742654322029256,0.020481361494637976,2025-09-02 19:29:50,A,1756841390,10s
0.3161856390174554,-0.6230565569982859,-1.172043855439743,-1.377862125084963,-0.5570178923930895,-0.10026084522147868,-0.2693845712109083,0.5395899239570547,2.075195645618001,-0.3671816587128761,0.20887221101581024,0.0337653345316683,0.7444565998015237,-0.959804971152947,1.1719754771884454,-0.3879420690132722,-1.17204536222932,0.15138893396213862,0.3540250487862402,0.23894136614965122,0.14776743690505761,-0.3588736439131786,-0.04312955400808138,-0.35234773607634795,0.04142519291770166,-0.17875485399203273,0.31256725516793027,-0.0004926658953408095,0.030134948346625015,-0.033400601515797816,-0.06468230530016741,0.04689202042450664,2025-09-02 19:30:00,A,1756841400,10s
-0.22079974737062483,0.25410566752983943,-2.417283031388826,-1.7287405743791793,0.2413064300805579,-0.10545971754687872,0.11273544267080289,1.4967080980228076,0.40747936687089775,-0.16055534836829438,-0.04395701113571388,1.1921445030710902,-1.354191981316922,-0.5968967899120782,-0.25465124520765714,-0.2894400735992361,-0.9643956693243724,0.3703476040424618,-0.08824672657302987,-0.5943733462253492,-0.9340988192898207,-0.23766956610179296,0.1677323329687299,-0.4823316076573836,0.38497810367368795,-0.10635194676941033,-0.14465465192840532,0.02666482041854627,0.3692600493083691,0.00025322871259421495,-0.1015593885035827,-0.03676722245961094,2025-09-02 19:30:10,A,1756841410,10s
-0.29745031207163103,0.12399774312618445,-2.9277614215630487,-1.487779612609379,-0.1529385849404882,-0.10892777707237533,0.07984345893324055,1.2248155311076183,0.48381862971195083,-0.2842228422633232,-0.06340544790394835,1.1024626085801676,-1.4199428808427828,-0.43176126068470144,0.2752594406053744,-0.2503342186990273,-0.9473813091091406,0.6114148840145315,0.18579386107306595,0.45508805978869504,0.10140122616588676,-0.44931267856987955,0.2888949071211444,-0.3599880481636003,0.048516097992504836,-0.12212331091470441,0.05099333225494974,0.25392744395948946,0.15549058809219377,0.10835122500204088,0.13859114539745737,-0.06130071563308952,2025-09-02 19:30:20,A,1756841420,10s
-0.21822794528781347,-0.4044457374101903,-0.9335846685372766,-1.0481400270105483,-0.6657301792360031,-0.053337962630994405,-0.16006044806921385,0.30004910009296937,1.9747946583829556,-0.5812845115632472,0.18571253051435913,-0.07409641992596397,0.8958430250709813,-0.926867717979263,1.1497141364407426,-0.37138053996686593,-1.2379977282274306,0.13318904118824837,0.24961657353454342,0.1155001621595899,-0.43521912728497764,-0.16134108985590112,-0.4307343440459707,-0.3618065351912794,0.2226983409112154,-0.03500626958237016,0.264998993740161,0.1648339879909605,0.14278976585399925,-0.09101457231053033,-0.2301894370084141,-0.01935125557718347,2025-09-02 19:30:30,A,1756841430,10s
-1.2200018327296553,-0.09019458535270122,-2.014361685406217,-1.2456384283298363,-0.2799020616102238,0.06240919792976973,-0.27414709656542396,0.32441502548795326,0.9707723352736433,-0.37544465808501,0.009843468998064661,0.9494285844089578,-0.23605064581161853,-0.6518959226394933,0.8128849739105307,-0.2396947891439493,0.08143622062686821,0.24920685159807354,1.4213276011542058,-0.2846391285024308,-0.0017772297091446327,-0.12160580686937462,0.646215126288196,-0.0021643195961861808,-0.40792046690233463,-0.2478281624567071,0.05253161218276634,-0.03313425563623554,0.007650732703800388,0.08159467609515185,0.022030905523674333,-0.050379163444581175,2025-09-02 19:30:40,A,1756841440,10s
-1.8785924882889817,0.2569754162330793,-1.7568911682992332,-0.8538441980988192,-0.15830245701986734,-0.08556028659681245,-0.3916556461495248,0.5075972840394742,-0.1828480917025133,-1.358953273234985,-0.30195623057048815,0.5155192389507559,-0.6450314153473704,-0.46788293261709185,0.9985039121025895,0.03422665677782369,-1.203692855357264,0.22419146721153063,0.30408685995045887,0.37015947207646466,-0.06208378411655557,-0.35986747002600733,0.026900966936508678,0.04883938851598839,-0.3070846192274235,-0.5301438324547666,0.2581029374343898,-0.0694938299203742,-0.2648330627947863,-0.030830319331316233,0.26014753283971326,0.060569460230589234,2025-09-02 19:30:50,A,1756841450,10s
-1.8987439853367913,0.3610674184973468,-1.2460590786023897,-0.6301489900495552,-0.40219453186452475,-0.12618330348099677,0.2584001621535364,0.3106880403640722,-0.22108506014040843,-1.9533968533848458,-0.3854915855000369,-0.08021551784988806,0.12451364785721988,-0.6418010981393528,1.159992458506006,-0.09643709828027935,-0.9015606130803409,0.7769075654772963,0.2965259264000036,-0.639470357200777,-0.8449099075363787,-0.3615610860387816,0.19307356809700765,-0.3186009454318414,-0.12711785548137827,-0.36206328943593363,0.17195068705939004,-0.16308808152376772,0.05947042096522721,0.08701866797725338,0.14354357725714945,0.07164291805895683,2025-09-02 19:31:00,A,1756841460,10s
-2.112995652656191,0.7155708551606027,-2.1953729293604063,-0.7911302166047529,-0.1886290184601325,-0.030937435475226916,-0.026153202568866392,0.6081379085227238,-0.07441504200534065,-0.8126693003445178,-0.2089793127482574,0.9993352819647484,-0.7899192126026937,-0.7173768793376866,0.2615384512805404,0.1349804191602899,-0.8857447732405114,0.34813501527485147,0.3353038167110983,-0.47699454690746523,0.172177713390112,-0.5179538278404546,0.8205819982943112,0.13676422041960487,-0.06082183234858463,-0.322804837118288,-0.08805233157520988,-0.28113566064402906,0.14777061592408247,0.11513228689958954,-0.043530454350963435,0.017491172056336025,2025-09-02 19:31:10,A,1756841470,10s
-1.8261771196531897,1.2204504042515256,-2.5373069475587386,-0.6166560719778866,-0.43422091678261826,0.06048553151430224,0.16344586555291524,0.19974097852093106,0.12074167456586832,-0.36529519916990716,-0.08630692845148982,1.371327948298049,-1.2633469093506546,-0.6167146969616557,-0.18830988692541378,0.24681946990334722,-0.92302875816348,0.3491544134862416,0.2568823065902005,0.02868119163884747,-0.7339238560613515,-0.07730031161894452,-0.26730598121132426,0.34356469858822575,-0.01979937489668201,-0.32906251399546377,-0.06821803792671771,-0.18389158737540995,-0.14700378787234167,-0.07505474476815183,-0.14852857452918644,0.09403084339321915,2025-09-02 19:31:20,A,1756841480,10s
-1.9482570638475023,0.7484965280726941,-2.811610299230771,-0.04998198722928468,-0.8216624963476418,-0.1318410604679169,-0.6027863321789341,0.32428079188248626,0.17947007706309337,-0.5016189089972293,-0.0964647554739262,1.2343331895322447,-1.3570854397238348,-0.44826621736171124,0.34550645549898934,0.15247429097435658,-1.0578942896534103,-0.08247453948280561,0.5854170598250507,1.2074630151514447,0.38844342254364445,-0.3300797933673512,-0.47200322811846973,0.45103280937663437,-0.2654911639657838,-0.34390265666436937,0.08603694239343909,-0.11755320207638716,-0.303639778944808,-0.08462597168937314,-0.04538564639273943,0.1980315568314259,2025-09-02 19:31:30,A,1756841490,10s
-2.070967676478361,0.5232617696438495,-1.207538324097369,-0.19092668721026015,-0.6041515948063318,-0.03601513022134981,-0.3796823801634863,-0.3671872671577011,0.5584497028326957,-1.388158871556624,-0.16130547558006822,0.2200654141256406,0.32924395185684424,-0.5712342539972975,1.2807948147895734,-0.2026337239004153,-0.22541836855447203,0.19968807049456,1.3688192005922024,-0.1374687671849143,-0.5725017428168142,-0.05627126029707599,-0.4260518822091073,-0.05160103823945169,-0.3012120381982181,-0.08366210513325309,0.1891199145981392,0.030111827763847555,-0.17778855675175242,-0.1472814165602717,0.006444907154552806,0.1330039978481649,2025-09-02 19:31:40,A,1756841500,10s
-2.1637046421342054,0.4503919456521725,-0.8881039247587388,-0.30128110434964184,-0.7385272357719497,0.29374184757213123,0.07981397504066261,-0.893844469694452,1.4684437466171767,-0.9165813214769316,0.073936949639134,0.1699800476815478,1.44331471388844,-1.0889499321412262,1.1889067292017146,0.2319315613167344,-0.9466348982669686,0.4091535315482636,0.37606711142517013,-0.19800222009209992,-0.06454400396272246,-0.2691013553326732,0.07630086901417929,-0.05924904911262466,-0.18701327001312296,-0.1585986051924221,0.06860680450920958,0.02311138617943843,-0.08581785286609195,-0.08686315756260689,-0.03304965690395116,0.004666807451033965,2025-09-02 19:31:50,A,1756841510,10s
-3.163546111293326,0.7291173596294699,-1.7620026382182779,-0.0021931359001815484,-0.26936308195323955,-0.20105896922626476,-0.46367076338625196,0.16467044862776414,-0.2898180993597089,-1.3957742341504622,-0.2970081572680656,0.6640249612109136,-0.5739164510734643,-0.6844875591007559,0.5870142127636352,0.3871356209408328,-1.122254662997613,-0.5158925882665613,0.3404423714342844,0.21417702219303636,-0.3069321344703961,0.043796930281971645,-0.1163372580233133,0.4060060558102283,-0.19569022033596656,-0.1482381614656392,-0.14400884381168777,0.03482540414054406,-0.07382061836244434,-0.04158732534144603,0.2260545892247799,0.035194830131245296,2025-09-02 19:32:00,A,1756841520,10s
-2.7663115100316875,0.6837404101310186,-0.6551219615696128,-0.32412703955784467,-0.5290054107292759,0.26759766823674175,-0.8479183915644601,-0.7024084009521734,1.5076817269074099,-0.3970915579546463,0.19003930414893216,0.7338769272817437,1.2193240034572437,-1.0385654459763412,0.7049051544752734,0.3305810609208399,-0.9087663491964224,-0.18645916986514968,0.2695868691596998,-0.2615334997227837,-0.5670754060352994,-0.10399119436127957,-0.5837176710773999,-0.21580012185404254,-0.043409162379493195,-0.2573604227291552,0.11680596641567252,-0.08616162212348223,-0.1123349818769646,-0.15680788965959352,-0.01724411426662293,0.09361037032214634,2025-09-02 19:32:10,A,1756841530,10s
-3.086181090723844,1.3406615574736573,-2.868988607916207,-0.5381077483047401,-0.16270905895720075,0.09137125809382965,-0.2627646047288373,0.2401864919034346,-0.0074479078277818085,-0.10765511983521121,-0.09200278202834349,1.913025912621736,-1.024521602269922,-0.8636694367428865,-0.5128428159439541,0.6580267410266001,-0.3844448461534451,0.1788198179659046,0.36712481767685956,-0.47756513462819083,0.4690357670918492,-0.5449040432959453,1.1838695526259115,0.09657420068430347,0.06051017389004822,-0.023624810502507344,-0.33887150799423693,-0.2272774843777594,0.25150053097661235,0.22826511921947099,0.0607723137079348,-0.03972134934758354,2025-09-02 19:32:20,A,1756841540,10s
-3.2468828447204,0.9124583173012552,-1.6299862038839332,-0.4773242038392378,0.02326876188352248,0.2548446084284941,-0.3783256880283725,-0.11597022954495108,-0.5697581127635007,-1.3296804361591794,-0.33168812288087374,1.0519703634704705,-0.21056132318373286,-0.5288209674238542,0.6569694260449498,0.5428097303133698,-0.9206374165724505,0.3757304730534829,0.2991004319348253,-0.200514385644082,0.033847357059611796,-0.4704828642224342,0.41770130772681224,-0.22224105385651957,-0.07083542022260324,-0.07113107034001986,0.044993385854810296,-0.060953886111368816,-0.005166827610823547,0.06468976623859742,0.20048766783251373,-0.010659508227639449,2025-09-02 19:32:30,A,1756841550,10s
-3.2823893374140134,0.9767174142056618,-1.7979367011299818,-0.34859487010877077,-0.03284573966958685,0.15880756810794264,-0.9301122306346647,-0.21877464479937267,0.2132701505799291,-0.36513777382588924,-0.06280116015623835,1.6242928871593796,-0.48806982417797584,-0.49518915271962916,0.35231188115113493,0.39053184669164587,-0.4180541108732635,-0.3319065402650478,1.0462106512875495,0.14450905445807438,0.35020162816447636,-0.282622850580069,-0.04358059596551981,-0.09835623546168269,-0.1886101396165637,-0.06324611677154778,0.03759442192748462,-0.005634220801599917,-0.0818254856992456,-0.05236348216470824,0.21972390931770913,0.08695864973411191,2025-09-02 19:32:40,A,1756841560,10s
-3.3654873626388793,1.273067379079885,-2.9309671503274077,-0.3088676903200637,-0.31197225377900967,0.09557472821982964,-0.9108721585387778,0.03930080607187421,0.169898765252901,0.4399049661069482,0.07117681125729942,2.3773076879795316,-1.447478917467952,-0.3489140942890377,-0.6718589839212341,0.61599831077366,-0.5358176922646901,0.27032760215649054,0.07777733975284765,0.2557747441184741,-0.9121341691362395,-0.09028421590798254,-0.6231884566630048,-0.2075609207883507,-0.08003851892310641,-0.11524094897724874,-0.06678661808590633,0.09849567271532941,-0.22167933356765043,-0.0934383449836892,0.1853521324551777,0.057566038710327366,2025-09-02 19:32:50,A,1756841570,10s
-3.4450669607892834,1.2870614250847061,-1.2294208331548213,-0.5607966672365735,0.24759735277122166,0.32162592207765,-0.49168542039660595,-0.18028084712155998,-0.6988490186123929,-1.279725874941989,-0.34051420223157397,1.2246735817021015,-0.09198807586813594,-0.5246904683840885,0.5021781505243016,0.6345378834973932,-0.9221181061331525,0.34492114866082596,0.343467800012767,-0.4906550304653372,0.1552149521874113,-0.6663965984120639,0.3488382147170454,-0.38033448734256003,0.139875796258065,0.050065081967032736,-0.035424389080883883,-0.14096542303984172,0.0963470672010328,0.028011526116000867,0.03533301703407353,-0.00684158400173309,2025-09-02 19:33:00,A,1756841580,10s
-3.5413965217661185,1.0959835797285913,-1.37840900778219,-0.31933478784335095,0.3059277677843354,0.37724893643226526,-0.2572821929069416,-0.21207072107763608,-0.6236606561951853,-1.222862587794329,-0.3034409566682945,1.2235089511029322,-0.13031500849168914,-0.41334443644599883,0.3495179596875676,0.6948499153818687,-0.7983550887247304,0.6495430942844578,0.007558032234615037,-0.6437380945993155,-0.7373107165050719,-0.35671571276528985,0.31440073602506774,-0.9398838785547396,0.09274771910576046,-0.018677706626684977,-0.14661908961403697,-0.08298468522893188,0.21789895177301996,0.04630378221728257,0.16692329725495567,0.02455321146420572,2025-09-02 19:33:10,A,1756841590,10s
-3.830817264790281,0.9283270332133171,-1.0959342934383598,-0.3160385672181389,0.5114061151507147,0.34657436525101404,-0.9229548449021006,-0.5439575783813547,0.4558547145078909,-0.5881588554945737,-0.061849524810103924,1.4868421217810535,0.2541933360665046,-0.6120447193320558,0.5603179599272452,0.5710991137118411,0.28864214158878987,-0.6727193679695861,1.3704121847410613,-0.267557179597534,0.11101777884510593,-0.241461664986115,0.4352681838091591,-0.9601908951270125,-0.06632575937344896,-0.022160910685586004,-0.0403345163843778,0.04584853872193286,0.017834772130477263,-0.11483385721603424,0.14059887815408176,-0.17077029641642785,2025-09-02 19:33:20,A,1756841600,10s
-3.7760648023218693,1.1084156541559471,-1.9283485685462158,-0.746496275794546,0.21936909023556295,0.41991479014976724,-1.20661623979005,-0.38435013241750793,0.811169118273645,0.8452705113441287,0.23155822195023243,2.565462661567328,-0.2700085212780594,-0.5923461742362611,-0.2581855407634304,0.8601748108934424,-0.5468876592886193,-0.20835043652696328,0.643489141714137,-0.09005621815364168,0.8583911537007174,-0.44134081685685234,0.41030019606550866,-0.06113332725805795,0.05418284607623766,0.1809530678992851,-0.018270384305940107,-0.07625408925524534,0.07431706147311887,0.1004898356899833,0.08912952020653804,-0.027653023486497993,2025-09-02 19:33:30,A,1756841610,10s
-3.798598630617674,1.1777798370766024,-1.198658621919846,0.17999749075529467,-0.18607705707528302,0.12135154309535398,0.2827835305625679,-0.48477220158684287,-0.7473129529145764,-1.880775607728727,-0.42065916618829663,0.604604550916433,0.171241754811159,-0.46280812634120905,0.6859988100464347,0.8673879466801501,-0.8340400438965678,0.8393515871246799,0.05452101111500957,-0.43448313247146064,-0.8704061597002882,-0.3565340384106231,0.23332248992181567,-0.8205440329546468,0.19420849274978427,0.22795971356384945,-0.0350186964094073,-0.12701802515678673,0.1375651915975339,0.059980650698765584,0.08381591081488823,0.02396908387644072,2025-09-02 19:33:40,A,1756841620,10s
-4.172865947826504,1.0893391938910628,-1.2802684470050045,0.25159024232196386,0.0594762521884881,0.1161168936659031,-0.3801585458284281,-0.30751028722373724,-0.5522933288253359,-1.1269828623871103,-0.2615910649075611,1.2075605243849856,-0.2685468509088365,-0.27971036413175887,0.3952803073570252,0.8528548024916108,-0.9237661741538322,0.4515082053474449,0.2166671696737922,-0.30342507682440156,-0.7811705753617452,-0.12905994082045175,-0.050346417133440666,-0.3906596813116082,0.09900111489715475,0.31386610580564067,-0.03272416925898428,-0.04902164397674458,0.032689465463171224,0.046670997664977606,0.032707256402159,0.05455003620419006,2025-09-02 19:33:50,A,1756841630,10s
-4.3813873152965375,1.1134813307422669,-0.7896810826737757,0.6072066594290697,0.22947760130424763,0.0037593644440967787,-0.6078824555502256,-0.28261314799161563,-0.6101578892202739,-1.387744862061589,-0.3220542243734087,0.9774524532106333,-0.19492148608235574,-0.1804525429508113,0.7674683323639727,0.7542084808812287,-1.0931974577087096,0.17774539537843298,0.4419167015108563,0.11840720138549614,0.08696415393885965,-0.5251624521825558,-0.01662439029449881,-0.6482870010876227,0.0648959281372865,0.1618848287442493,0.055461754826430204,-0.07224391629746602,0.0021343186921397098,-0.03203955056001111,0.08427235248013898,0.03358288749118937,2025-09-02 19:34:00,A,1756841640,10s
-4.524270883102312,0.8649909323053365,-0.930890383071981,1.3651068998448448,-0.300152648541568,-0.03792586013544828,-0.7530774555448884,-0.8881222261168046,2.1130430079699494,0.6785524674448407,0.46653999272836866,1.2495329388826635,0.4567370614332758,-0.3303731593340156,0.2707218323845933,0.6413508162374579,-0.6542809075099939,0.5501776134295746,0.26747626997454527,-0.14841765922661074,-0.660699874184492,-0.018289724706823413,-0.3067574637312171,-0.7748048952670356,-0.12729572933756178,0.21745380139566084,0.14776400544802035,0.08104072099177088,-0.02926976081294155,-0.031043935576646267,0.15494119007054002,0.11089888319545488,2025-09-02 19:34:10,A,1756841650,10s
-5.888159267308734,1.1935019649777407,0.004519303354635322,4.223034270485451,0.3965740742539511,-1.048248537355344,-0.4101282978840834,-0.542560654682617,3.2095872431677677,1.1478031502746133,0.6699774560723701,0.3532857545258426,-1.0152274080540746,0.17014305050161027,0.18280875361189403,0.370225542281238,-1.1330830233859315,-0.6183227489698528,0.6816205371704357,-0.09966020440750051,0.17046269120157756,0.012154149137512347,0.3233699270934806,-0.6123210681771586,-0.13882191183126122,0.0482052150640227,0.1387658762363494,-0.17304650728122603,-0.07221268232798649,-0.136613746425735,-0.026177557377571103,0.024014184036208013,2025-09-02 19:34:20,A,1756841660,10s
-9.291664992030517,3.9808306338390747,3.9480046760996186,5.343626467018847,9.202980349563388,-1.0725346714183526,0.727605085112606,4.317762979864,0.9904573596916888,0.9415368535329561,0.2682567225634087,2.611896347933262,-0.0439447401093253,-1.5293823025643642,-0.30355006118816935,0.7414123329165115,-0.5260084301390114,-0.9978953405462702,0.9661354374803423,0.7593256140595954,0.6823793613325896,-0.38571218556914494,0.46109908116862997,-0.4088575107598748,-0.08977745051181474,-0.41938032700623645,-0.175249802798258,0.5415770192135398,-0.5849121953571298,0.023038899650622252,0.15064762784591537,-0.2705453470276699,2025-09-02 19:34:30,A,1756841670,10s
15.11603183667867,19.951913021245694,1.998923998159321,1.961160664676608,-5.077843486144097,-4.05455007988759,-2.5412556963717985,2.6157827009634516,-0.255013333931314,0.4201779262789177,0.3803902511267478,2.3012015115312425,1.4544911337103694,2.4834774023050956,5.135696667732007,-0.5801204141600819,-0.06087401408205792,0.20486866583869176,-0.43746007555753685,0.09316826939307019,-1.1958089461351127,-0.6641375991588592,2.1430355568029578,0.19954676025405202,0.163328871067127,0.8715870259014751,-0.7238890433949153,0.3641836161746795,-0.5562314083120051,-0.3988840949714378,0.36464825603495893,0.20217105471689095,2025-09-02 19:34:40,A,1756841680,10s
9.226819727155503,-4.275840280583701,-6.834486031430323,7.325585485236437,2.3545868972251887,7.62074663874516,-0.17221358479188642,0.3284775852153202,-0.07048661397317375,-1.7537499691082743,0.032564671878798086,1.2078095949221683,0.9825043349323428,0.5948059366967371,1.943310423688036,-1.7078764352439773,-0.3382333140183947,-0.9471047544933557,0.032621824888102134,-1.2461382530073761,-0.8653713680898807,-1.5761833439796291,-0.700903512385465,0.5844031267417984,0.5462562967985017,0.26336045292536214,-0.24060358138722612,0.08948652741045883,0.0667587843256787,-0.1607900112038205,0.055021670141024326,0.10432144881507927,2025-09-02 19:34:50,A,1756841690,10s
7.705570522759948,-3.042778720342803,-5.032574644231117,1.0134741849980868,4.983692949732587,-6.3428488274512835,-1.817280082575287,-3.9720189777140344,-1.1737018711045748,-0.8104731091762313,-0.7434101895303665,1.6750880775382835,0.4751569734052632,-0.26807725160837687,-0.04165754342681242,-1.7819224559368392,-1.7608603336613533,0.06259244752034504,0.2855367086972127,0.6612567323721958,-0.05367559983932028,0.44865105275193634,-0.11778781819791595,0.39753786011244086,-0.3637670310023463,-0.5552282828833618,-0.89448651063002,0.08867874466390843,0.4520524457226274,0.11659674487150168,0.25703790450886804,0.11135632929480997,2025-09-02 19:35:00,A,1756841700,10s
4.496832915214063,-1.2982142375893198,-1.9328937529116041,-0.6931890772590616,1.0028192933134261,-1.3674287135958028,0.2643312056368681,-0.2504058933328269,2.30597058547135,-1.0598772556142693,0.012043365724510428,-0.8130242324887964,0.7147123537140825,-0.15382808887900976,1.4307150065149352,1.5627382875676101,-0.7195901962263399,0.18078358808163078,-0.38775546445020215,-0.48725648137493904,-0.42249571179801443,-0.26019862870771515,-1.0996395772058314,0.17154155001827548,-0.3829177955942276,-0.3363477277242593,-0.13906704413310578,-0.20744997404116458,-0.23319072173122088,-0.08543182887011883,-0.06542361341907596,-0.010896241749689856,2025-09-02 19:35:10,A,1756841710,10s
3.664384664242274,-1.1322715832271275,-1.744280764753767,-1.6889463317714557,1.0485336927281184,-0.7339315547787055,0.06997754488965131,0.4383583054448593,2.4930966064456395,-0.7211130098510513,0.12173933973176626,-0.5441395720453831,0.6070039635419572,-0.13686052185338177,1.4736199256174582,1.9870050742749525,-0.5291365257157308,-0.13174581156209703,-0.3202869511611952,-1.1477275171788686,-0.00631250784567183,-0.25128124026951065,-1.091220081377714,0.9854394107696723,-0.4673316294640984,0.05348235587147605,-0.6834788588663373,-0.18700020389370753,-0.03398553466952834,0.17830338726929842,0.04935128531863662,-0.02795926091211205,2025-09-02 19:35:20,A,1756841720,10s
1.7822371114682167,-0.6409430562951789,-1.9745030258981329,-1.7411395522792559,0.3194242902064095,-0.5341772409518315,1.2048900282295598,1.3004447517843827,0.037631748897849544,-2.547554629801509,-0.47921426541462003,-0.884352730771096,0.036505643071587345,-0.12593762532965166,0.957306507867302,0.14937395962599628,-1.2668564668080524,0.7180866086040202,-0.10242511890683072,-0.5496884679774103,-0.8870995578814326,0.09125922519501696,0.6807525297750494,0.25980164993194366,0.163172177669481,0.37599725048716953,-0.20060863388889438,-0.1601498159496002,0.059466652345033275,0.2562144673796684,0.19475721589123293,0.045907280469873024,2025-09-02 19:35:30,A,1756841730,10s
1.4674026651495617,-0.39017551110569515,-2.645549125675114,-2.072763719361224,0.3598386072519756,-0.31522079287162075,0.06782724838070502,1.7149581893353858,0.605938441363373,-0.3964645697005506,-0.02209026878669682,0.9304600520633031,-1.0481385533387606,0.24803048473572292,-0.1666852081871287,-0.316300989828651,-1.3036607404722989,0.1858428840695005,0.19167573340521074,-0.29539141677869674,-0.8165485304384005,0.10610177647429697,-0.5180608460599382,0.4693285088572696,0.21294656919194394,0.1902266678833636,0.07346225013579423,-0.1252420573372242,-0.00392585528312823,0.03464837921266101,-0.11605798479703998,0.17178116128117002,2025-09-02 19:35:40,A,1756841740,10s
1.2002329996921761,-0.06923791384049544,-3.1662787588430534,-1.8662681227092945,-0.129188848624316,-0.5236750096857108,0.8269741784328825,1.6707053325150976,0.6247289343895891,-0.5083337107981367,-0.03711686959682107,0.790973652915384,-1.0772267966313458,-0.09110742704796083,-0.48397170031673004,-0.1898195301094594,-1.2286102942007475,0.13811485724124414,0.15046872121502264,-0.2786678256053166,-0.9703012031063045,0.45158758483923656,-0.25171063237005437,0.825857158689861,0.43278656491169143,0.605593390610815,-0.29076177103906153,0.0709901470666701,0.251864184988537,0.16130193435432152,-0.20284123223970127,0.06942267538120434,2025-09-02 19:35:50,A,1756841750,10s
0.8545425753522928,-0.5132766740835293,-1.8263692712938873,-1.7102146586380487,-0.3906485118066247,-0.16234124842935965,0.6155622756732214,0.7165299358088246,2.2777802218962475,-0.6658381639009263,0.2272962533637949,-0.20245030214309961,1.1321061208668757,-0.643815721558851,0.5513925572720417,-0.2276014447188799,-1.1887655338698977,-0.3421616994418341,0.31130774426224733,-0.107430631451312,-0.3110831557882366,0.4087175580377847,-0.015526936611605298,0.6387420026060341,0.20739362825122565,0.38189593666113975,-0.014482091060688249,0.18963291274723046,0.14101396226032295,0.03682878463659492,-0.12811356504400334,-0.04264779211693967,2025-09-02 19:36:00,A,1756841760,10s
0.9856940489495485,0.19725675593508185,-2.762334973064466,-1.8570565085649877,-0.21883297639805505,-0.1705644128005312,0.5526436966261773,0.9898174819268325,1.5977334084716812,0.06780670765408563,0.19855359084559218,0.9831345501268005,-0.5626586872455052,-0.04534449234692043,-0.08581400488772387,-0.5198227276948221,-0.25292621335881,-0.18594087409074292,1.5903998668770774,-0.13378447927178602,-0.03302763897465755,0.28977224142376834,-0.2697266724041482,0.763733099510329,0.1325019949777895,0.43752775575219854,-0.035400232605336604,0.04284380462478586,0.007019188993352828,-0.0040730243855489415,-0.23793947876288904,0.13998431733535688,2025-09-02 19:36:10,A,1756841770,10s
0.13041949548451995,-0.8070897475866563,-1.5464443652335755,-1.0984119600386337,-0.731094159639651,-0.2568536141511644,-0.13367935754328428,0.7256899313983294,2.094879343628734,-0.9236507374177411,0.18183348695363086,-0.3567725911330799,1.3122706179691177,-0.5285782301638701,0.8736840467892025,-0.2847190528982725,-1.2863738033961611,-0.5605089529095585,0.4354734806975188,0.33908622008694084,-0.026131373011355964,0.2485533994300305,-0.1947412617918839,0.5258130913422994,-0.019033468123676494,0.17089781881778493,0.06490916245588113,0.11507115416571759,0.07688072406948439,-0.003306014963588606,-0.1095688750838288,0.0387428737669179,2025-09-02 19:36:20,A,1756841780,10s
-0.17443745546632644,-0.29316101458669147,-1.7526393786372634,-1.272966038726754,-0.7635560407103723,-0.29743379766557726,0.47577181709397,0.36729947416266573,2.1144059929963324,-0.6327262503944107,0.21697690201222597,-0.09513058475641158,1.2153597125322813,-0.6727434491082401,0.5292908266031178,-0.1302416898111114,-1.1824097595467233,-0.4006037789429215,0.559032274122076,-0.06094326735060067,0.05052602682571529,0.33035420550685257,0.142395605679514,1.0219509352637604,0.0021442493481758115,0.22145856466798772,-0.017274477731737656,-0.030642680884932147,0.06422072500150926,0.060430579421010586,-0.22799838243745946,0.026724370610411934,2025-09-02 19:36:30,A,1756841790,10s
0.2800480399892786,0.1540860371266326,-1.9150567980453286,-1.887606336220334,-0.3995717279039654,-0.1333397415111151,0.8055498718450997,1.0043986726469525,1.1688977303929158,-0.9675607772533241,-0.010128736278551516,0.21988932698346467,0.22753863479334824,-0.17190568367152106,0.5402483702273567,-0.6824265166501442,-0.5339802442024524,-0.390810191264026,1.6577295651242345,-0.23905570049213232,0.10835019801686017,0.21237655045587128,-0.38849779333434925,0.8381052932214748,0.3323119797557984,0.8990306073995709,-0.1816917593809418,0.5415327870782339,0.21897035175368154,-0.1128874251332383,-0.4280541526983181,-0.11467161089566327,2025-09-02 19:36:40,A,1756841800,10s
-0.38995584320247656,-0.5448824126636307,-1.795757863740826,-1.014197722256228,-1.0267536010071108,-0.1683881689210595,0.021366936509871228,0.5791903875891665,2.189604869280141,-0.5055482709579691,0.2864053897695612,-0.07105588590402272,1.1699753213133899,-0.41025140414086886,0.5016532411488515,-0.2960292283012039,-1.1868906679012,-0.05747495560374605,0.30585187922784235,0.014872095448057983,-0.7081848596433703,0.49010222008233634,-0.43946126640782324,0.6556564641990789,0.046540156590530984,0.47354578332810016,-0.09439254048144533,0.398827749209468,0.18045642984791763,-0.02932410593011162,-0.23259704815101576,-0.02496580487513048,2025-09-02 19:36:50,A,1756841810,10s
-1.0711176449610105,-0.1442595588993247,-2.1163314824461397,-1.0318667858917572,-0.8491640600961483,-0.04235997874938014,-0.6739267523365646,0.18892485731745012,2.2716529956459266,0.5752856835354863,0.4680899013379763,1.0399856606971574,0.6657753152138226,-0.26213991308743667,-0.14975711540433137,-0.047070900943633726,-0.8928393591040539,0.03251175967488221,0.34874372316656727,-0.01955049415776127,-0.7332969386137396,0.3133821180840304,-0.5456468142537857,0.680368259383135,-0.21050847240116835,-0.2079050096619319,0.20730540633544023,-0.03038697117791201,-0.14391933279723731,0.0008927280967954693,-0.105619722565523,0.1207942309100341,2025-09-02 19:37:00,A,1756841820,10s
-1.446936191549502,0.5503958642162138,-2.4485513089906408,-0.344324214588674,-0.9267907999591598,-0.37233506583032583,-0.41484156650320436,0.5628391729255234,0.6722177756758744,-0.5812401862483304,-0.00024374351302756597,0.8031350717140363,-0.5593547132290091,-0.0207730427684304,-0.06557348849507307,0.038868073397067486,-0.6264929535859317,-0.36162618745013425,1.1531349398131243,0.37109479253310007,-0.13461809668275856,0.048267742999386035,-0.36979382039208325,0.9446029417194873,-0.2423325615883431,-0.2569014298203774,0.0674037987542369,-0.39742723854796447,-0.20572335741080544,-0.07015604496024884,-0.3218440136485178,0.2738454816218037,2025-09-02 19:37:10,A,1756841830,10s
-1.5922984326774232,0.39609131095336986,-2.211207392793792,-0.16363443208575917,-1.2733051894601146,-0.23432393935684712,0.41184396042869503,-0.10852361963540812,1.4793472282575866,-0.826727080963605,0.09930216046908705,0.1232914240004807,0.7510548132368123,-0.49473548052535116,0.31373586784766033,0.13672088057375847,-0.36208030477410375,-0.03413288071260016,1.051921570052368,-0.1477478692236531,-0.17750374540686564,0.114965934907115,0.27902220797399985,0.9203143346417308,-0.20861182244211268,-0.0007478898383214126,0.039174984919551396,-0.284302299453548,-0.030058664464003383,0.12224482683603415,-0.1521347544367579,0.17832920289450033,2025-09-02 19:37:20,A,1756841840,10s
-2.346264081721851,0.7237751395447908,-2.144727762432222,-0.7721574490486001,-0.15379242206271793,-0.07343703973298278,-0.14718308135082464,0.4937620052426721,-0.19814292729264682,-1.1075464223727556,-0.22187327880059787,0.8431560063370213,-0.2845806696206739,-0.07851540349438982,0.018268455045040693,0.19953895727304388,-1.1055208667320902,-0.19768539370367957,0.522755787432549,-0.18144256160671418,0.15520738354699154,-0.20902590567103804,0.2577095410646006,0.93282379991901,-0.18417094455730415,-0.26132586745665826,-0.05014230912530083,-0.1587736376106056,-0.11358948738621188,0.036357339577989124,0.029885839743969588,0.055843280258713546,2025-09-02 19:37:30,A,1756841850,10s
-1.815223226448214,0.6025878503142148,-2.1864603482814884,-0.205363123862138,-1.1946261591795841,-0.29556548450944364,0.2331390321276336,0.02497067806349405,0.8660327845561571,-0.825512141716272,-0.012257569291117322,0.4799063404674144,0.2978204354462157,-0.1961798620159232,0.2313865403701675,-0.09555082470543633,0.0004801383783931047,0.0990826955783665,1.6976497032943478,-0.4241402169606762,-0.033245142333526066,-0.11759402863381156,0.16408553259453165,0.9318202855588229,-0.24264754618682124,0.06733089978901105,0.008152740196313223,-0.23822393905039307,0.02243537913732791,0.032973662712553024,-0.432773402781392,0.1280204364411521,2025-09-02 19:37:40,A,1756841860,10s
-2.138465889449076,1.3274746385581118,-1.8806157523339717,-0.2821872859043256,-0.2802623865964472,0.03006802196194897,0.5347752089793447,0.07324513722695909,-0.16378337735860002,-1.3443212113238423,-0.2369294744589213,0.522060229612815,-0.4200054752755035,-0.04071456588104188,-0.133124814411441,0.3594242043911268,-1.2116501156077757,-0.168645450367332,0.408249892102491,0.012889132514412288,-0.5883977458810382,0.05247647430412473,-0.28892569989343697,0.6307085787773888,-0.06673842982976137,-0.23999083649429814,-0.22601203343214524,-0.23758250268001582,-0.18167075242570543,-0.2208844580269601,-0.23694991833088183,0.1646396421283259,2025-09-02 19:37:50,A,1756841870,10s
-2.5034445919764523,0.7781024842520223,-2.9518359604743343,-0.21137076955566814,-0.6766311388854785,-0.25887644892995987,-0.4797106383688508,0.6425047867394422,0.22395144962539573,-0.030071650703141384,0.039743340101729537,1.5224180488410075,-1.0182308297118583,0.07644740111721521,-0.9473125984628041,0.3218062152902104,-0.8195641782318025,-0.05681193139814125,0.2687274300153717,-0.24905515653088192,-1.0231907946833707,0.14832668678358643,-0.3752459696044078,0.9033596376087346,-0.024956603628161593,-0.03344913116833666,-0.14714920990082248,-0.1684571101590728,-0.004375854470641439,0.013555940971762324,-0.20619760961452804,0.13153021160761327,2025-09-02 19:38:00,A,1756841880,10s
-2.480411837435977,1.2612748172178645,-2.3659248161614324,-0.574642845124098,-0.24768932215972167,-0.03067428455727472,0.4875117416756471,0.13234831026809238,-0.14639597407532262,-0.7467808762022937,-0.14507495165888595,1.1202969452407658,-0.43084546494273473,-0.08986146888649937,-0.6365044853355876,0.4442349501926797,-0.8661384981682201,0.21495021231120387,0.22095952728447166,-0.6060332247916441,-0.9320772210681058,0.007544917800741932,0.008812310479145826,0.5497584174641995,0.08936215685446096,-0.09104390006075416,-0.20239718158712147,-0.16152654341919195,-0.01567686339947085,-0.023819018879716596,-0.19365592433523973,0.007940486899740808,2025-09-02 19:38:10,A,1756841890,10s
-2.469758805603122,0.8060360895026748,-1.0759620243696266,-0.6173442506432362,-0.11521966281624328,0.28849389161872335,0.022129493397056388,-0.3264526531200069,0.35674308846836217,-1.4152656640013304,-0.16402115098429743,0.3663676363240103,0.9662229555505774,-0.04857998300343391,0.7163221865617073,0.09528224951365373,-0.11446245644473542,-0.1124618358173389,1.476429878953087,-0.5536466720859659,-0.1443428496255842,-0.14633337503967025,0.0623588891753727,-0.06147757430049858,-0.2064839625908987,-0.09040286947560768,0.005612617210326629,-0.0634709518264343,-0.02888170233664493,-0.12669845436368118,-0.10094757303629641,0.025392377485224927,2025-09-02 19:38:20,A,1756841900,10s
-2.8379159702959673,0.8069201934865194,-0.9229838809220673,-0.5411716300751626,0.19619231338216153,0.35173299599639046,-0.1243494291570094,-0.5139509453947422,0.37817514075919645,-1.3607258225304304,-0.14826827814645677,0.44259321714825567,0.8174214327923575,0.016085822500898225,0.7424144456226628,0.2292958435831082,-0.21111800637750186,-0.5829011095031729,1.50341561089751,-0.154083611356664,-0.24737684979877264,0.2090361838700091,-0.0738377797820393,-0.008422068107066088,-0.4070477268195617,-0.10290948281967176,-0.11659534904842944,0.17838305709031857,-0.1683989228412769,-0.2402985190737342,0.0025566995039752274,-0.09836070333728376,2025-09-02 19:38:30,A,1756841910,10s
-3.016701120647617,1.0210491799020693,-1.908777965161365,-0.44614795758495185,-0.041130740947871176,0.11017558378460342,-0.7582274212011475,0.026411321329349244,0.2553515574666813,-0.3725356890811726,-0.019745084668804445,1.40603370550664,-0.1630286799137228,0.10382177486909507,-0.2697727262421784,0.42246151361015444,-0.3329959605458592,-0.4035553884825364,0.9166090015569591,-0.029142797156120472,-0.1419847761696481,-0.26026897766801876,-0.1908378680370204,-0.09309443129591949,-0.12537709585161483,-0.2740440907515231,0.06076211855324338,-0.0905004301970925,-0.1415985364124813,-0.12901406742618798,-0.0073292670360273005,0.03429563019147119,2025-09-02 19:38:40,A,1756841920,10s
-3.094606632830296,0.8238820464501603,-2.057936920990048,-0.03221437742175762,-0.5653834192396677,0.1348922756983984,-1.0561087501172046,-0.390465085024245,2.1564098043086353,1.0977893143820172,0.5556925323401029,1.651832891019753,0.5168448956862669,-0.31111772996272624,-0.9165985847217353,0.6081179752184533,-0.42305793470638764,-0.5676875145392057,0.217904992244022,-0.07759917838872812,-0.8109912886727173,0.19504777127489334,-0.49115354103631714,-0.10462800038852221,-0.0933735570726724,-0.3185773363658108,-0.05619758562609209,-0.10934789969080377,-0.05438373074170444,-0.12369365905691047,0.030367581273626768,0.10275877382358745,2025-09-02 19:38:50,A,1756841930,10s
-3.2948196352474346,1.3355086482945528,-2.1716462806173675,-0.3729206492852465,-0.13168081523855618,0.09952366231595179,-0.5733445164972385,0.0748932665295002,-0.14247808661540798,-0.19857111329477206,-0.03193863228510416,1.6214321987497224,-0.6929909726024212,0.2545305174010461,-0.7515277832613271,0.6527357669373798,-0.8633682432710603,0.026994431537921287,0.298770264127281,-0.1949211026307834,-0.8593501731815761,0.05643709656797848,-0.4459229835486994,0.35079405235458133,-0.028260618714676524,-0.0314384778655485,-0.10742876239241368,-0.06964780792716688,-0.15573366993276944,-0.09789128762820608,-0.019456669282374744,0.09461938898374388,2025-09-02 19:39:00,A,1756841940,10s
-3.102738939330174,1.000083127508009,-1.2274958558026021,-0.2181484249520185,-0.462848848392362,0.42175939600726975,-0.5140297443988769,-0.8557035912420587,1.5064455267124346,-0.19950850594952935,0.24510580341109586,0.8313246105174793,1.502587372615381,-0.4632255260730669,0.10481020868979303,0.6976952728025068,-0.7171801622310591,-0.4275047034533207,0.5836127399933749,0.03158387700959356,0.3432124242894618,-0.15406170152238466,0.025984942891128543,0.1203184790716449,-0.08287422334549965,0.012957316827254362,-0.00022744941027182073,-0.04412636991096148,-0.04862596861871206,-0.06018092455676039,0.05046056781326603,0.07340379256743725,2025-09-02 19:39:10,A,1756841950,10s
-3.2806179167252187,0.8826964875357253,-1.60018091700362,0.2060446435236769,-0.582399247057367,-0.02684665070646808,-0.37072302406182955,-0.40247062613172385,0.42921490434671916,-1.0137590205546276,-0.07010692757262789,0.6385446377162561,0.7850259575483686,-0.09779662578184431,0.09256302448885338,0.4429908045886568,0.31976844065537907,-0.12179758926643594,1.2392043919435956,-0.5102476884983035,-0.8685204090689993,-0.055419470091416255,-0.052887847298914444,-0.42760186084798074,-0.003842231799769031,0.11278601607534974,-0.007049263929912035,-0.14038372383754028,0.13322275275228512,-0.004106821104357038,-0.04220981526388951,0.0972718615662153,2025-09-02 19:39:20,A,1756841960,10s
-3.4925236334857015,0.7811284569403086,-1.4658763962259378,0.009325019210784071,-0.3921218595709455,0.06927423184888133,-0.7305388843888072,-0.46106038668275234,0.40450990123370184,-0.7829774486023782,-0.04316560693549539,0.916895684103137,0.6523987444874104,0.05063651075015025,0.3251006039253179,0.5048059476437954,0.13230449920070725,-0.48116824845267436,1.6151388179778772,0.01093601392833899,0.05195119495769696,-0.07680592634819651,-0.030056528673237222,-0.04801102310261211,-0.186262396899089,0.18383590355806126,-0.0045502599595927925,-0.03533351183858269,-0.018370443740954003,-0.04461446560452204,-0.011728871827996003,0.06329734565490809,2025-09-02 19:39:30,A,1756841970,10s
-3.676312661391743,0.9343074898145742,-1.9929496497244767,-0.379984911326643,-0.3083448086105347,0.34302589696639196,-1.1228683954799188,-0.6905294355545845,1.8173592045267686,0.9588484775986242,0.4628043792399704,1.8202106527384605,0.9478118167576308,-0.3321072553749575,-0.4827964423655396,0.8630666708638618,-0.3679862104374496,-0.5743112661642541,0.5798835848969491,0.27720366470425534,0.633176834762222,-0.2038741537056808,0.07565985739855838,-0.02259043378283824,-0.10571615407191792,0.04405498789665293,0.010208077395972261,0.11579570712355529,-0.0979906145621607,-0.02709488450429889,0.18078925908322083,-0.03604119389211006,2025-09-02 19:39:40,A,1756841980,10s
-3.7827658050776045,1.1870579303486135,-1.1914088944887482,-0.10329462241147394,-0.01605565274919482,-0.26219342380581045,0.05684730619126249,-0.43451705105259303,-2.0482153150088647,-3.0019678841015223,7.940591829866629,0.6103317386231246,0.07614911025446872,-0.2789842440578759,-0.1277780821023509,0.9524930008663858,-0.593372776479899,0.3243850543830471,0.1118490017847622,-0.5673569774225984,-0.6099380856864945,-0.19171283313033788,0.008855398461930529,-0.20284756316660182,0.19449922208668552,0.3038671663290723,-0.10480202348751362,-0.008905623340397765,0.020075010945218682,0.029583140748243378,-0.039129927524919554,-0.06897352114710038,2025-09-02 19:39:50,A,1756841990,10s
-3.6583640398316137,0.945877616639189,-2.2112165043421217,-0.26281878150780846,-0.5156955792863618,0.4827082120667424,-1.2196422318999107,-0.690223404884869,1.9395872976470416,1.6609795476913902,0.62832124479041,2.340660421314572,0.6278379258829212,-0.08469524586488278,-0.905025375236805,0.8631852752388545,-0.3773718078867152,-0.1259139815972521,0.5219284112353967,0.1000464185796268,-0.1459192474714823,0.08757228148645572,-0.5078682915682347,0.18009566943060706,-0.0890369156140046,0.2837377766241031,-0.04039158395381703,0.12603313091731527,-0.05551487625062795,-0.00595589471275038,0.048584208734357294,0.09783638528779451,2025-09-02 19:40:00,A,1756842000,10s
-3.879428907409214,1.1581927377940087,-1.6836062325753156,0.5572128760800897,-0.6691599564918979,-0.2522486244782318,-0.369025185120367,-0.17468014732061554,-0.6747984396472366,-1.4679651403043747,-0.30460088675471836,0.5659409820272083,0.25105048456948914,0.16553864502975724,0.06392835529945633,0.8803563454038759,-0.8136691863285266,0.3609546057064968,0.3761867517120538,0.15435930989988766,-0.36465634389193397,-0.40176648748631794,-0.09871965648206787,-0.19506517896072786,0.1954685067986405,0.3278206623491703,0.042999720775624826,-0.20265011856804735,0.09687657326429139,0.06544915995070355,-0.04800870613331599,0.1665668009666957,2025-09-02 19:40:10,A,1756842010,10s
-4.214975224813427,1.1570472049293767,-1.708173953854499,0.48693289657506733,-0.018296739713660276,0.0349591337452864,-0.9310408447418242,0.02336606089658362,-0.35981591125731976,-0.35509580645801053,-0.06488545925727152,1.4671200897467942,-0.3953688782451198,0.5300951644093174,-0.4494393736856936,0.8534790739230442,-0.8098032078814057,0.1668668654871646,0.26499526669041235,0.1424764862391939,-0.745821193214739,-0.18925257286379682,-0.5760208146899093,-0.481950469319008,0.04443373074107493,0.10063253243019689,0.0004050662584210159,-0.04206341129037916,-0.0013591251908856162,-0.040611326320812886,0.0439660907227522,0.15531152615030902,2025-09-02 19:40:20,A,1756842020,10s
-4.180260158232861,0.8043809486368141,-0.5161347163233635,0.5549842354740804,-0.20423646342429932,0.21592464408647788,-0.6884513177076051,-1.014791000592602,1.3546624241238123,-0.12680608814356362,0.2562025052959584,0.7259246566916823,1.6853631465588892,-0.00781271603337484,0.42844095337017946,0.8958033808353192,-0.7732044462020271,0.14166079800865414,0.64419639206753,0.0094420978870088,0.3160678363905993,-0.23675867305387446,0.071250460149743,-0.3075577180777307,-0.04232300191734194,0.3866819290915929,0.10285315528345641,-0.03567468265844974,0.045645242033094315,0.019873892175149756,0.10116439621059052,0.09497535998157902,2025-09-02 19:40:30,A,1756842030,10s
-5.22693217398846,1.0452114742416638,-0.49020715458656805,2.4238639643628157,0.16463367792350572,-0.6442313803690914,-0.35126190781181915,-0.10593243155066616,-0.15061823963646145,-1.3286607216396065,-0.20097201704476683,-0.12044172266624618,-0.464895459322557,0.9016396338776134,0.5723823240393061,0.699313477435939,-1.3284792028489634,-0.0361530114698412,0.5791608339548134,0.3861145567119811,0.005429284838508674,-0.2448716090625145,0.032549020435069645,-0.4916696388425926,-0.12480933346717492,0.21465171615831385,0.11873672375248734,-0.1406512772700568,0.012868576393314126,-0.08351306819623733,0.21412234401727262,0.0540239931211492,2025-09-02 19:40:40,A,1756842040,10s
-6.847407059448067,1.5914101592689065,1.1024827512120359,5.722343022079326,1.4111126792839292,-1.8295958478792462,0.6314146492743997,0.46496389546627154,0.9814320842863926,-0.8894974915386303,0.014115492608752195,-1.2455674449986145,-1.7248683757746006,1.3597386751533922,0.3339675106116519,0.33180904623718005,-1.7821619116661989,-0.5327980304076545,0.748824697995215,-0.5347640167051606,-0.18193593461633048,-0.07374752822028231,0.7896965210804754,-0.33943159091117203,0.0025990265404915247,0.1793922217948471,0.03388618951004162,-0.3727666358503873,0.05574788989051814,-0.014793158445984046,-0.13818135949176655,0.00408624849109586,2025-09-02 19:40:50,A,1756842050,10s
10.406116382191016,19.54941380038542,4.793226448675991,-4.145076381575696,5.273941761436736,3.8970208617798483,-2.2913930949478187,-3.1801527373812375,2.576532896420675,-2.9982021505386003,-0.1684222893658844,-2.589058902379928,0.06431453925705122,-1.1512306120096467,-2.6984436970458656,-0.3798819725972373,-1.4084094191444119,0.7588260663796842,-0.09947367590643588,0.2893799306395299,-0.3337841821149602,-0.9102411169859812,0.2682623561430754,-0.47716755622807044,-0.27721760579731985,0.4715694761089109,-0.10702065473256303,-0.2540192022725675,-0.2622192247098376,0.11368319527816921,0.14748778900083234,-0.10199979281986025,2025-09-02 19:41:00,A,1756842060,10s
11.95333828281373,-0.7458689528052401,-5.384171854292781,6.819416026034149,-0.643224910564358,4.364925079033424,-0.5211698586654869,0.7953479603949226,1.5417671642696655,-0.4557702677995264,0.41262134608222906,-0.13420430543064185,0.871236196245737,0.5301303060065528,0.23122937164519552,0.943033780020633,-1.2315953755254803,1.54296520631612,0.25165202207594023,0.5095643442959795,-0.33731242062965566,1.6042553705461484,0.8799672474598684,-0.8127044816619595,-0.04247996755107172,-0.40387296276602486,-0.7606611315236541,-0.7327211255551397,0.44328611351033,0.43599914405519813,-0.36970087361694765,-0.06398325871578031,2025-09-02 19:41:10,A,1756842070,10s
9.551635762555259,-3.8717388106374484,-6.378069005401211,2.427670114981795,3.820428406654622,-2.261627372572404,-0.5908220051072202,-2.807778347576552,0.19419899102544738,0.20203400933663693,-0.15883807668833935,1.750519676412425,0.20492123794415262,0.7422984963450989,-0.49894058542793435,-0.7960139479531303,-0.17916674526692458,-0.1373969962466421,0.7495961058314305,0.5219277680106421,-1.2609369559392498,0.1409978592189378,0.16940697609348748,0.42713963906665814,0.6243848182530772,0.04264486865155859,0.5418197684451976,-0.3814717764024936,-0.4650877356991324,0.35845364860105916,0.16488000370066935,-0.06803738650862687,2025-09-02 19:41:20,A,1756842080,10s
6.352915087920231,-1.9167432537980618,-3.6035025753058005,-0.7372713474183534,2.5604854243136357,-2.6022047937526334,-0.17243005763285135,-1.5259207202203429,2.106542562218527,0.7702268742858976,0.21940515988705087,0.6916983410736615,0.5957248092911053,0.5022441527015372,-0.30168766272132697,0.7538595238306696,-0.676099223075708,0.46327546200303094,-0.2989906751061054,-0.2189003055178273,-0.5618040862517913,-0.06354960045293159,-0.6339366155111325,0.20298583634977366,-0.10179160371091112,-0.23540314500415693,-0.33821886283028435,-0.05643613617597038,-0.1147485854221426,0.08989196933684176,0.10732312450540225,-0.011548542480395383,2025-09-02 19:41:30,A,1756842090,10s
4.4089086225181155,-1.547761701464747,-2.680519887473138,-1.4796693357769726,1.1760602067065498,-1.3166800623630435,-0.3363026320045755,1.073698659555135,1.5103652100012626,-0.632978269795002,-0.04600627322539132,-0.3698944789757723,-0.2826422115997194,1.0435656613677131,0.9223305849590677,1.6037378642058429,0.5590332322884072,0.04942586231116048,0.7447500940565078,-0.6407497902194293,0.11108401973235638,-0.7480790851005796,-0.9809582532885411,0.2837395100642387,-0.33852652741354866,0.04064108157193985,-0.39182604449849906,-0.11371970112268495,-0.07441451062765353,0.2451770800030335,-0.000767398406759647,-0.0823910581803152,2025-09-02 19:41:40,A,1756842100,10s
2.7595937696385024,-1.0571344095435318,-2.65015772145535,-2.0060093652218316,0.9297782490489367,-1.1458709042209376,0.4727768335959121,1.3825133992989163,-1.300224615972012,-2.7079189033375686,10.552605406370889,0.049618196893867865,-1.026875720552575,0.3487957004709985,-0.2603052789593202,1.008304041658172,-0.3688425575892808,0.5790769077113392,-0.3334313448570187,-0.5461563868446544,-0.3406257819019447,-0.37835649236499025,-0.09884279237096859,0.09241457852777343,-0.030373198533558497,0.009898642791947364,-0.3432207133904762,-0.05416475844053799,-0.04628329356841648,0.21125397621956657,-0.025054797064948797,-0.14693373230920398,2025-09-02 19:41:50,A,1756842110,10s
2.3312117533545416,-0.9852736210307765,-2.1293237592086864,-1.3906848932114937,-0.6715867081488395,-0.47282537769609423,0.7715082110763825,0.7956650071860192,2.1848158945839673,-0.5921464976452107,0.2236052724170248,-0.7333990547622985,1.3585251323204761,0.13097024209632202,0.3606573519809464,0.17415676834757993,-0.9049276621308017,0.47160841347123966,0.2653259922956003,0.37696121135910154,-0.07244539329361654,-0.13153840834558211,0.18649968436913936,-0.07737069654450272,-0.06090045769249355,0.126554573788844,0.2274632321042349,-0.14387241623144614,-0.11546710553852652,0.16818847364601588,0.10062639688716733,0.15170792032891744,2025-09-02 19:42:00,A,1756842120,10s
1.9445219486590626,-0.4224042791731121,-2.62912032855979,-2.550585125556978,0.09312267853035405,0.09683588902677706,0.3266457602224624,1.112508888277184,2.5817291716130035,1.4158975184774794,0.6223822214621529,1.0753965851295562,0.5272243626414334,0.27169888094918504,-1.0501923388439869,-0.1535263773493147,-0.7963323621632531,0.2728303574578587,0.1830409685737517,-0.5229455008907703,-0.6304437788603631,0.11324466560053283,-0.24265431291712586,0.30691970614433484,0.2619935552578627,0.324218146323738,0.02358632304996273,0.1420423568567305,0.028231373182423636,-0.007596116659722235,-0.09198847645977586,0.07909321045021697,2025-09-02 19:42:10,A,1756842130,10s
1.1420888217952385,-0.6193980541034715,-2.3459088997635,-1.4423264537851714,-0.21404434196400277,-0.5357192860710761,-0.00825982437061887,1.9041808477571676,0.22108287913058558,-0.9025273588365664,-0.12129713039991223,-0.01926992178027091,-0.4768507442082207,0.8365322980916969,-0.18477119539146297,-0.2688983182428509,-1.4023571596250957,0.0672717758059225,0.26590759589383,0.565005408637923,-0.5044245185498839,-0.1209630660534314,-0.558770709300283,0.05373535466119977,0.09117539575666007,0.05656427443309103,0.06481750154603651,0.13290753491125337,0.041765329395632086,-0.05865240974469998,-0.10622855117593542,0.09198459991962311,2025-09-02 19:42:20,A,1756842140,10s
1.2214001721736791,-0.6858753944992024,-2.1204001914695443,-1.813714690073552,-0.40196045387344065,-0.6796633122777952,0.25960360053069337,2.1908977314838958,0.005479101267477234,-1.3852000441712233,-0.23517313436702703,-0.3717728582768354,-0.02044529186140347,0.5518378115821909,0.05184547463199146,-0.341124595910239,-1.5384140104160777,-0.19381236812866204,0.49573398747924957,0.47343276013721863,0.09739186279350405,-0.20592591191600804,-0.2630443938420695,0.4342739722994572,0.46379586325830024,0.731463606533705,-0.056002807587303555,0.3990687418015605,0.3190425933220655,0.0015886535071467165,-0.3479028586965659,-0.04706790402581922,2025-09-02 19:42:30,A,1756842150,10s
1.016026202652822,-0.2986428893406981,-2.158082564818812,-2.0772621361085477,0.24047429421896968,-0.11311689185657915,0.3953893806365322,1.6610764043799044,0.47569104578019844,-0.4865854462125725,-0.02939107722394131,0.2780491815381491,-0.3992796229946332,0.8892321805780724,-0.1415398892396738,-0.31884838060353055,-1.224843819569069,0.045608426987991155,0.783600074722196,0.38643596395467344,0.23682344838906852,-0.06935525084575925,-0.044360048149223834,0.10155367840715875,0.14058032613279864,0.43677271872683543,-0.08810374914540553,0.40073327793350794,0.16359292687911353,-0.12719154334313001,-0.1628639826867853,-0.03620042366888879,2025-09-02 19:42:40,A,1756842160,10s
0.33858620401638545,-0.7246274639284234,-1.6973649105220519,-1.0075306204286685,-0.6504607673269657,-0.3328086620909237,-0.03784264823271934,0.8024155428949894,2.1001623396559728,-0.5150169256102766,0.2632922770524174,-0.6615093179103172,1.341983696991189,0.14091589909752664,0.309029633389638,-0.07442963909661209,-1.0752813625812099,-0.6212529620921534,0.427404912910465,0.8235220374966061,0.07425171950029726,0.06282249097216581,-0.07828650917554239,0.0017463103355945156,0.12908865268733133,0.0909352049273495,0.1973639277159954,0.18911551632365228,0.08533053707270867,-0.02102318238755505,-0.0752922770764954,-0.02577271830947024,2025-09-02 19:42:50,A,1756842170,10s
-0.13397740454628282,-0.08411845906792473,-2.239540055764106,-1.987434039923875,0.12015520631613563,-0.09996267965467566,0.08478504406365443,1.2078071772070176,0.5451628591881013,-0.21110668363622662,0.03566238684615053,0.5916248251928976,-0.03843356795664763,0.7178747433690542,-0.3644181421164175,-0.2846392763589909,-0.6005033912043443,0.15820978299237956,0.8624104280860385,-0.23080015363343404,-0.29169514353863374,-0.13100903694881347,0.019806004651680767,0.26969303947734086,0.1134220131694857,0.10833764313277437,0.06330150049913569,0.25942170607037646,0.1024241920019319,0.028186572272305147,-0.061373029275637724,-0.0781607969439305,2025-09-02 19:43:00,A,1756842180,10s
-0.6356653756712373,-0.322469868135937,-1.6949487166957906,-1.1270733400248554,-0.4424105586806781,-0.02770106984169269,-0.271100412857449,0.49419612161164955,1.9682668831185277,0.054684383056179724,0.33680146470902855,0.01812158087600904,1.303764347276502,0.1280168902730505,-0.041972721780948984,0.03755467419540926,-0.8947431906394196,-0.5367618780337398,0.4730239606454019,0.3918662149033918,0.21548788574179484,-0.07538983230465894,0.07697625243800889,0.1558579142276894,-0.18832028438308318,-0.3543178821944091,0.09372523772771033,0.007339196002787029,-0.04092947395349415,-0.06793412082699506,-0.009266253387200005,-0.007747184542924092,2025-09-02 19:43:10,A,1756842190,10s
-0.4937323437218978,0.028554780670295724,-1.602158710322663,-1.3832356155374237,-0.3202744851417513,-0.18524399170965625,-0.04480097502001147,0.8580737539097001,0.7731368892841674,-0.8150745409870132,-0.01680975534764811,-0.15541248289372636,0.7121612355384481,0.5902032117691557,0.26867720416526997,-0.4063457322642863,-0.1534291392873753,-0.0027386171467771773,1.4959314735522096,-0.13904806702281583,0.013016465333307468,-0.25550422212300333,0.01587350359907981,-0.024886047857377996,0.0022175191694306816,0.07102003806338301,0.14019466856175203,0.2128907420918265,0.13933277788411993,-0.033340468786175796,-0.1370919522757841,-0.03135334677743263,2025-09-02 19:43:20,A,1756842200,10s
-0.6877444631600808,0.42026467023619546,-3.906477307484352,-1.3188376548728855,-0.32610420810652735,-0.21311093999380762,-0.5177092334490067,1.680337298899321,1.3944672004345955,1.8059626826141124,0.5073323993288961,2.0103400317130196,-1.4294369355779273,0.6385134896377788,-2.0836712596925686,-0.22324886459094112,-0.012627892291856334,-0.5341704706251443,0.6446908689787423,0.04624549419050002,-1.008595122606979,0.177370098219699,-0.6425985149363328,0.30885553006118194,0.36962141844165725,0.11995777476419112,-0.26829360838540484,0.39196904884335154,0.2541519334210417,-0.0030352121327384663,-0.2263793793387268,-0.11251218730019223,2025-09-02 19:43:30,A,1756842210,10s
-1.1798385815561103,-0.11112637844198445,-1.7510433968713046,-0.6837739670076383,-0.8296540500325315,-0.12388649196781239,-0.3969898111650343,0.3193166801474551,0.7453174150710472,-0.33225384049281054,0.10307680408195517,0.10452068650783568,0.5679829567602281,0.7551209065871616,0.10886168689067571,0.08524510654503623,-1.1846607325207934,0.47536550949428136,0.5790661272315099,0.48473338285001966,-0.24931571996633703,-0.08334731210356047,-0.36403689677581536,0.5746804224858872,-0.41551688144873977,-0.2879702694524927,0.26754823517050563,-0.07373161920030727,-0.2750583190353808,-0.08813323335841465,-0.19955600452716216,0.14488529661009575,2025-09-02 19:43:40,A,1756842220,10s
-1.8054753097973577,0.5124847120414671,-2.738622482062434,-0.25607570294155585,-1.0392824048088856,-0.17914510041053547,-0.4284980565737294,0.08854442076632354,2.3269581978276284,1.3924342700344052,0.6405532208527049,1.00500452093,0.44546011351667486,-0.04783579743054769,-1.4409379748154432,0.4434320950570458,-0.3894471960851289,-0.7475191595919384,0.32219084374851326,0.1388490738145489,-0.9977315402285574,0.41654536601537046,-0.47131301389311003,0.8279794297468489,-0.07378652582366065,-0.3425486117730754,0.047016969369318325,-0.220640666576016,-0.11543307802261452,0.06154832645958237,0.08382164899225829,0.20980041396042654,2025-09-02 19:43:50,A,1756842230,10s
-1.8385040623503313,0.9374664554588743,-2.797179316751812,-0.10176564332648834,-1.0478875222358142,-0.40685064514319275,0.43284518741104866,0.1666235293314884,0.9555523699658243,-0.19327084804001468,0.10383299745228822,0.2628466281137363,0.2420696125201012,0.10600688783921196,-0.6651453731740288,0.16890894702306958,0.5137143941307611,-0.22397780835994782,1.590805012060552,-0.29178807334005574,0.09294651309996174,-0.26993412677650924,0.6828457063326591,0.7103035854808077,-0.027629641428943398,-0.06519237015555945,-0.022676524940706138,-0.32062513064030873,0.034180387180929514,0.17579796688501803,-0.16972871267006215,0.08599706620535097,2025-09-02 19:44:00,A,1756842240,10s
-2.2403748104399774,0.7321791142890082,-1.554503857547029,-0.25345496931770667,-0.24299395722208905,-0.03906990637111729,-0.1719961167680287,0.48116425373382604,-0.6264966647921831,-1.4002374172359375,-0.286592960898607,-0.15915027973728257,0.3600544698771111,0.6863449336231441,0.07800806986343076,0.16872950043180193,-1.1047644422771916,0.2766285223967547,0.3664407095655924,-0.05815363260714463,-0.07845522157002706,-0.6133827442167367,0.021305289287653337,0.03818331740506259,-0.127332584996338,-0.45868578453394926,0.08481464473927859,-0.17413004777173618,-0.042283375131060695,-0.062452630637251955,-0.02952056834503268,0.10750520464079542,2025-09-02 19:44:10,A,1756842250,10s
-2.4082582858197767,0.5516647332916539,-1.736218116942862,-0.2659839449600796,-0.35079546450190957,-0.051576895764611816,-0.5657833129160379,0.13179702093444556,0.5566163629044445,-0.34063984687682874,0.06868853068671658,0.34982845337583923,0.6023340571868825,0.511406506486951,-0.23096723177523393,0.022621251623720848,0.12443277943932161,-0.4287697123481711,1.3843283504751682,-0.27190645682387843,-0.622971915707031,0.043289462668419106,-0.2210526590054051,0.08396061683080852,-0.3271444115558703,-0.337606841594294,-0.04428331486114528,-0.049843147904903726,-0.017570407096173447,-0.14356924884221048,-0.0787858823824609,0.08345461870739267,2025-09-02 19:44:20,A,1756842260,10s
-2.0345875051010482,0.8123331405056274,-2.6893733921944887,-0.551284426579652,-0.6594961685996317,-0.00046486299039339644,-0.9563427932357278,0.21389351150007893,0.942321265956734,0.9249523150971605,0.3009535396480104,1.3900658972453974,-0.18441844090472156,0.6679118676776875,-0.6970402988393767,0.10224399368698998,0.291117095139377,-0.3362593454062973,1.8615473189665483,0.42678622301586544,0.7182606450424409,-0.3604891267886216,-0.18073651181891934,0.5214441977958466,-0.30844146702337727,-0.14571103901198462,0.101478731907294,-0.1005533023777212,-0.1737713370492978,-0.0638976623846049,-0.24553929473663574,0.13363923471252287,2025-09-02 19:44:30,A,1756842270,10s
-2.3041118291029834,0.9341403017636755,-2.4052924728872007,-0.09193618438589062,-0.9297248724252641,-0.19229103044761614,0.3507219317247208,0.22929283159010477,-0.5257826043888286,-1.0938606481424,-0.215201125728477,-0.00403161724197088,0.2096794364946022,0.4857044979401411,-0.4293611885079442,0.5200162389724101,-0.7586887201024625,0.7030853718004481,0.21664089777494525,-0.082614853122407,-0.9570258987229971,-0.1385358488669075,-0.0246552196481728,0.45720432916046133,-0.030980560611258177,0.004889942292778348,-0.04238504250339925,-0.07069080496285789,-0.00977277929248615,0.07343615028040036,-0.14346196448527604,0.06601467695168868,2025-09-02 19:44:40,A,1756842280,10s
-2.8976029428795593,0.9120815846907809,-1.9861877502873801,-0.47662636990714696,0.10114102938030389,0.18847812296822727,-0.765773025428101,0.2874631225593918,-0.48934994389678477,-0.3298717515210086,-0.07601645795808425,0.8571242503288585,-0.179173060565467,0.7483873038319658,-0.6308980976098224,0.4576362748644606,-0.9546651349408838,-0.3188928997896285,0.2585358506888311,0.3039045859996593,-0.8143023165599605,-0.004378154817297944,-0.7193133723368657,0.2907541268123867,-0.20091244599657884,-0.35452036473244025,-0.02876172238628188,0.17927132941373436,-0.3080052380312608,-0.24083231794341387,0.07474747617539323,-0.01703259767674677,2025-09-02 19:44:50,A,1756842290,10s
-2.757067177458841,0.5732008511305979,-1.0296917297139454,-0.2284485718150349,-0.43481638677009965,0.2044671786190544,-0.7271403369807331,-0.6249299619260228,1.2931540530929293,0.03784758968580514,0.28598624289297625,0.1762108489379041,1.777267267935933,0.1659491497422619,-0.1037813495110867,0.4927754990327314,-0.771039402189366,-0.34845591688230826,0.40752261642266735,0.03887171731717223,-0.3576768717496839,-0.01868096695855608,-0.35724699535799553,0.047770959802722994,-0.15613917577027464,-0.2722905457353135,0.0359968322134923,0.02595612806145795,-0.07830919281422057,-0.13709217912071203,-0.024771649939529215,0.04453525102586516,2025-09-02 19:45:00,A,1756842300,10s
-3.1280729373791862,0.8551413703956112,-2.6908492248622857,0.2012297351544942,-0.8647748953487353,-0.32844430174603073,-0.5273889162614677,0.4019829137658357,-0.3032688807605055,-0.21096651623026186,-0.032279645655267135,0.660438557259707,-0.31348691701121684,0.6131322788746507,-0.9270795722019285,0.6043877893423016,-0.576229756054688,0.19889605842970257,0.20101502042081296,0.09452513894008559,-0.9554486356643547,-0.12136187602559045,-0.28526850284645683,0.3869025989596008,-0.05908015513601875,-0.09285361592203248,-0.06571125615294104,-0.08898398799253308,-8.895460557700476e-05,0.08319580973015032,0.028363094527785352,0.13972505380812256,2025-09-02 19:45:10,A,1756842310,10s
-3.0773075721711463,1.2952647859987543,-2.514762026092646,-0.15097275111994501,-0.5804384548834403,-0.12784140334705468,-0.05846969684201484,0.14245272854522079,-0.6059643248445521,-0.6045011840638329,-0.17436935852057375,0.5635097521156605,0.1310080364493507,0.3403579869095809,-0.6836952026479823,0.7525877017086422,-0.4902340374048753,0.21217613195329615,0.44971607919329387,-0.009341791684941836,0.254337027126419,-0.6444043930970026,0.5266709825967776,0.31821989796959715,0.09345619852257607,-0.022742135872761794,-0.06839016195244305,-0.21863991492736473,0.03721282337126883,0.17537967110766897,0.0018261098633750288,0.04639769439888712,2025-09-02 19:45:20,A,1756842320,10s
-3.3162989578230766,0.9354821144796417,-2.197014337617437,0.27230716466059374,-0.7609367798044423,-0.12645433481640062,0.08442831037807372,-0.05088202604135699,-0.8021148917112861,-1.2521029515955147,-0.2838391231372035,-0.07181833400303458,0.498325327013762,0.5137004028236073,-0.0565734248996986,0.6755475348456507,-0.6948121155369538,0.5702784023338048,0.362893097230188,0.15219285214301315,-0.08500230924088832,-0.46270600381842525,0.33158224575188044,0.15525831565365916,-0.14158727248862987,0.09605799500068878,0.005444006760258345,0.00015433747133758064,0.00877092100781503,0.13885121510375234,0.19098632813227714,0.08832721717760082,2025-09-02 19:45:30,A,1756842330,10s
-3.249134130841458,1.1005613886067251,-1.5158856623786126,-0.2646988909734511,-0.14504022559253532,0.07238050885425337,-0.45859494939236534,0.022300642985166288,-0.9963883836345167,-0.8851125002819706,-0.25354752615789716,0.4110807128695619,0.5199945314591388,0.645268462494954,-0.197758665897923,0.6309470564241922,-0.8727890434898582,0.35281347151134496,0.5084641198946009,-0.2731093557689247,0.21030440881678072,-0.6922014265340407,0.19542799510738115,0.0902140464174032,0.0705615946732455,0.03724510847010029,0.06176751174513803,-0.18693458537677907,0.10191394378792581,0.09749553945431447,-0.04336744389456886,0.09983671138243926,2025-09-02 19:45:40,A,1756842340,10s
-3.647041963433835,1.0061923676447972,-2.271982757929638,0.25892257219784126,-0.5914401513849453,-0.11014706723920503,-0.01477153967213739,-0.0783933068069194,-0.8222648966660057,-0.9798030804862004,-0.24408845467320203,0.22241888345129712,0.37158442403993713,0.364506417151163,-0.3378498331102929,0.9170787897521231,-0.6304025743646458,-0.025221412040046826,0.4541789945037515,0.22734272270753272,-0.008882152051880825,-0.2090207383273327,0.4457426404329185,0.39152791044383684,-0.07834387691632677,0.22501049642172194,-0.23338099668237094,-0.024635319023992065,0.10298068291262957,0.14310473678514662,0.09191606885041188,0.024020799336779912,2025-09-02 19:45:50,A,1756842350,10s
-3.5444550911890484,1.0963340161866322,-1.7059497629517155,-0.046050549824699215,-0.21608024915299437,0.03126376767699404,-0.6472231250481707,-0.06014656488381312,-0.8758769660920743,-0.5792286017349016,-0.17490387532544327,0.5948446428058357,0.2568530854273395,0.7513657154224187,-0.361397846472361,0.7622392029214081,-0.8013024042419981,0.21744128689869063,0.3724872423853266,0.10478821218637346,-0.32354758070347345,-0.4634823054296741,-0.31351196885140054,-0.05811254262809155,0.05436690407158317,0.01520011537495975,0.09982822353290627,-0.07170985813652528,-0.08901490297032162,-0.058224674639814254,-0.08350448628368706,0.04814541062327194,2025-09-02 19:46:00,A,1756842360,10s
-3.9234141412124806,1.3070790489593123,-2.4606064360003668,-0.2602231486530435,0.1130115717895405,0.15030632341424505,-0.8111586918260969,0.15100403469201573,-0.6354867509618041,0.23825239077880564,-0.04303939922562311,1.4045206975610522,-0.1309521532471237,0.4898425087542115,-0.9842470320010613,0.961356865908345,-0.3625010970117902,-0.26438403385474424,0.4888068771548181,0.22458664252217309,0.6301765425415364,-0.6307440298946704,0.5496622295782724,-0.1330913429433518,0.04735486703286916,0.009115942448333638,-0.24704415078858186,0.012519435214046864,0.09046397612849719,0.09178341989820747,0.0959007916869827,-0.11203388048528183,2025-09-02 19:46:10,A,1756842370,10s
-3.849702911017891,1.2566808380178682,-1.7225000709318514,0.05818669972219895,-0.09893370113933675,0.07567433719836678,-0.3702446475949809,-0.1505576534069279,-0.9096239158173647,-0.6354394676745603,-0.19997960103956366,0.5339489938378128,0.30032939599156855,0.6231585650435079,-0.3195524897428101,0.9275615827555844,-0.7315518388639699,0.05107600411867332,0.5293193984344089,0.19324209793499697,0.2506132691215457,-0.4695158169555636,0.20591430041743697,-0.007935709432172105,0.07299780785692395,0.18548486317556,-0.06755942842554885,-0.05420549413378515,0.03119881778357753,0.07135344360801056,0.05171739434617868,0.04654795525191242,2025-09-02 19:46:20,A,1756842380,10s
-3.4942198925014494,1.253620333112272,-1.5669542710740687,0.24222336294079985,-0.6524774513125429,0.3159650190918368,-0.07743783326829667,-1.0630994798854043,1.2833541541074573,0.7504664509221155,0.3983417213731721,0.6334597129710704,1.5671582928071515,0.06686909973073378,-0.6463061466820198,0.9854912705248742,-0.3567014027958464,0.010815311528579539,0.4988230125740623,-0.13266963792337752,-0.12370338042048507,-0.17731292098037604,-0.04338947653498597,-0.013979081665526782,0.2275450232130829,0.3012961141460945,-0.015573466254573424,-0.1497881818088658,0.13073118811403397,0.06416276181497521,-0.09833754799567326,0.12646338836510382,2025-09-02 19:46:30,A,1756842390,10s
-4.048978170934309,0.761408798080685,-1.2327961995260597,1.104713343771876,-0.839496195715724,-0.14629344368347233,-0.6405855593168722,-0.735188824145442,0.5760262068357908,-0.5453087433145333,0.08224502244703912,-0.27901537381681407,1.5265631543613247,0.2673213952230144,0.25165095821726496,0.8117606416610612,-0.13866281082841625,-0.4932940710204023,1.0593109456332601,0.6279383385850633,-0.054078120411870205,-0.07958342536562327,-0.21395765750497814,-0.16097210478390703,-0.08681634149203074,0.3067077116728871,0.030769846078704883,0.00368814269177527,-0.032569932894851154,0.009711240074690014,0.005437168329386463,0.16408190901624795,2025-09-02 19:46:40,A,1756842400,10s
-4.3369416490343,1.3791409997676614,-1.421316666530303,0.2879655192423988,-0.00024502793271664,-0.05178729780400346,-0.5460905358428311,-0.09384404805959828,-1.038148626568698,-0.5363249955735861,-0.19486609667438864,0.5909511884151811,0.41405530918106603,0.524366105794551,-0.42319617769096374,0.9886181621202208,-0.7352290251787081,-0.1447007156009002,0.620344290228945,-0.04735083726867108,0.26683534805394693,-0.5004440870493417,0.14541404663621427,0.25584719705036835,0.25725270847011733,0.4427015051764743,-0.08367844212616544,-0.15366652776311465,0.1385974728704569,0.09790693151858727,-0.08340049165715933,0.06318235887090723,2025-09-02 19:46:50,A,1756842410,10s
-4.732735092256009,1.3305249245115447,-2.1172136109576587,1.0954441638278496,-0.11555161601620531,-0.23082847182660882,-0.4198128248712491,0.04717617635580634,-0.49605445170296203,0.12142206364512,-0.0248804621483602,0.794647290822025,-0.3345105746732981,0.6050756193821066,-0.8332780567093583,1.0495247931457854,-0.49780195933265536,-0.3122073637558751,0.6199738796354488,0.3618522774324258,0.44693085028914137,-0.3966108908487759,0.5154689712980977,0.14635649811511617,0.06884896277707449,0.3640418913250109,-0.29084058517611183,-0.06732543402330109,0.18789617203512754,0.08037963343135805,0.0468377516467379,-0.011672152109555831,2025-09-02 19:47:00,A,1756842420,10s
-5.514921591014284,1.1290436258062269,-0.6360355040734761,3.3961013747530213,-0.10207049562210889,-1.1141117111856846,0.012333177878914236,-0.020842609777933247,-0.1183886434724775,-0.6938339581721484,-0.0778234942888939,-0.9566067062008626,-0.637068141256875,1.3182255418775917,0.04345198859277945,0.6264274291779062,-1.17359262929849,0.0015020098771457626,0.5530323876308199,0.18439036458500563,-0.3449018582216143,-0.22543532466251365,0.14704138144820628,-0.11598415577995741,0.0018650351695555635,0.33557845606198944,0.12528955837708947,-0.24134988833356422,0.09191477532279464,-0.016908139457119005,0.059067103166414454,0.06015112123664742,2025-09-02 19:47:10,A,1756842430,10s
-7.793309403235091,2.456322783467754,2.184267196895633,5.1136353243256405,3.768816307704725,-1.1978509297341737,0.3407525696682796,0.9419718338484938,0.5282121073241605,0.3238295692940393,0.1770064669268396,-0.6965124062629086,-1.3336533130758006,1.4585023302241398,-0.4773660755013418,0.3618415347560691,-1.7847790338239011,-1.7141364162009747,0.5810049568332925,-0.9921458425624213,-0.6725841135733333,0.43233181265465676,0.09163724046196965,-0.4993215803030029,-0.024496690258997967,-0.17256731967378353,-0.2079965003698113,0.20717558669214528,-0.20692476211092783,-0.3163616987309259,0.045013037375433294,-0.3499169941004902,2025-09-02 19:47:20,A,1756842440,10s
10.9206939775666,17.390377967701617,2.5849525689761896,-1.9200100852937978,1.2807219745085592,0.31653842894961004,-4.181652892559556,0.6860821743677348,0.6162904839816054,-0.10967254763415271,0.108326399889152,-0.1617414133065701,0.03197354324589368,0.8233520725077067,-1.0421542151755452,-0.38426733051340795,0.032754390689801675,0.6455587860104456,1.0464169619550057,-0.300445247815383,0.8556720108847282,-0.8951214848238466,0.5659594030368407,-0.7228638920145483,0.5059793528471205,-0.6753205775705805,-0.22538137848802683,-0.194473737111566,0.06209085997362635,0.1183036330781448,-0.16576788145996563,-0.5736985508594614,2025-09-02 19:47:30,A,1756842450,10s
10.849766256246431,-2.080461800225388,-7.007655282028228,7.104391106337148,0.39011526929867063,5.5386821887152715,0.2649680960173245,0.9484338063937764,0.23285350234630672,-0.15346996924894932,0.3056621025705389,0.2304459216628644,0.28959949096304094,1.3168645055572696,-0.03138315581136726,-0.30923675091439506,-0.0011591703652688791,0.5199556633333552,0.715243093702953,-0.09690851230706016,-0.902243557361871,0.3093445776827884,0.06679361739712188,-0.1606321975934795,0.12171794597632235,0.06382653693316245,-0.7076400166306533,-0.3289969441741887,0.25430128229039994,0.26474551363011883,-0.09832935723113531,0.10157139476640452,2025-09-02 19:47:40,A,1756842460,10s
8.962099476624527,-3.046693067259734,-4.9859778523640506,1.089795124784728,4.687930381564713,-3.7093573852512662,-0.5874632618166283,-3.3284183465554067,-0.7569869501032023,-0.10920551377030852,-0.4305013457059819,0.746154660070402,1.3730669442974537,0.6058284440149184,-0.46742228309701384,-1.222404101862052,-0.42398455960371856,-0.30246583810954253,1.0699628609568694,0.2819435139515544,0.03698370670156669,-0.17258218619844087,0.5270770640550906,0.17553871410701224,0.43502667198957734,-0.09338154947574923,-0.09155554619069858,-0.09870261168534343,0.09143735161006379,0.07094378770942555,0.03279447934438944,-0.011480221944298204,2025-09-02 19:47:50,A,1756842470,10s
5.876186001231136,-1.5713418891364996,-3.2066745785907784,-0.7785904457432433,2.1097146716997006,-1.9903332563037446,0.5094151980808171,-0.3980023201094889,0.6624447734309302,-0.3069031293285468,-0.15563208342437368,-0.7455466660294972,0.3329690953706216,1.176298145039054,0.3701832508105183,0.9042442158796129,0.33400411499448396,0.5451580688277715,0.7721995960991052,-0.3966424361611942,-0.1229885358159387,-0.3723056089178018,-0.2067970046900338,-0.2281361063605811,-0.34725441829145653,-0.13144805884302424,-0.26001396965821066,-0.11967417744246289,-0.033358245318004874,0.057455335277418966,0.027228998345117647,-0.03231192514481372,2025-09-02 19:48:00,A,1756842480,10s
4.641475596414265,-1.0371723224130311,-3.3050395158311234,-1.3782299614285733,1.1724813959063107,-1.2517188043176803,0.44667724043340734,1.2725816972569353,0.9324211291495765,0.1393226241800399,0.013950712262763561,-0.6094989021444653,-0.7982380312001753,1.268625602110204,-0.1423212896247469,1.9069221494108108,0.35028471478633305,0.17728232526640894,-0.008489224636435958,-0.6552430915389776,-0.5994725869686992,-0.5658114632975352,-1.0660419736988376,0.3708215567890358,-0.02886674691532223,0.1109767550308897,-0.5781946555460119,-0.1313078879435768,-0.041962375424929504,0.2625501916293965,0.002077382007642615,-0.0788190898683091,2025-09-02 19:48:10,A,1756842490,10s
3.0442108731244804,-1.0670987038836353,-2.128495190910098,-2.11679127828533,0.7841114160742291,-0.270566103560941,0.22845525746280923,1.0189675682772938,2.073827056625658,0.7222870790182574,0.3873305957979247,-0.5316345756849643,1.0648302738524913,0.6332885667958517,-0.12420004889761166,0.45519324433243724,-0.6307575282693297,-0.21731995503970403,0.1277077675133706,0.05558548508662258,0.47259061228742083,-0.4284802625922044,0.08113624597847018,-0.156985964138875,0.07113438900752805,0.01633037768839016,-0.07143160327708024,-0.01087062456892525,0.0721558074841754,0.1036879905191765,0.17746837839618299,0.01906206910147002,2025-09-02 19:48:20,A,1756842500,10s
3.2258349472931003,1.215082898959214,-2.617981730339935,-2.619979341427721,0.6817846403389322,0.6091271260614876,4.224801199676539,-0.7023806472029875,1.9626086453083273,0.6548188861976088,0.3462064284657059,-0.3436020895422169,1.1231103673307974,0.10908982018599543,-0.7210376828162953,0.5841115908979623,-0.6159686589173996,0.8135298677303507,0.4019287503386415,0.010148849063595592,0.5410933597461156,-0.22482096784258906,0.7415133040349373,-0.12232866766628356,0.3224903644412977,0.019954850508983615,-0.11363068836506063,-0.22791678645008434,-0.28099460577460283,0.018347155278940736,0.2721920579805538,0.14286353000938823,2025-09-02 19:48:30,A,1756842510,10s
2.0698486623968377,-0.49051755181946627,-1.4391587413523503,-2.20849895244009,0.5652570082090345,0.014815877299250508,0.8556516217089242,1.282422300384133,0.5013658489715452,-0.7569162978769784,-0.05412832291516405,-1.0353000698674828,0.9866782229247267,0.8267688517036443,0.26810266352360096,-0.416998471276875,-0.2638358002180034,-0.1732061607318604,1.2525708053126907,-0.3266925777049046,-0.3121334185620709,-0.1422710742364891,-0.0716660847510385,-0.27315501470066184,0.3019506490169109,0.38109471201275896,0.09338300425623153,0.13282022841189844,0.18542770424837016,-0.0608830803220939,-0.06369562833801767,0.04798237927752809,2025-09-02 19:48:40,A,1756842520,10s
1.2895438145295839,-0.8554662125426749,-1.8968334125939699,-1.7021494406835083,0.1459602070077946,-0.08913600491253455,0.38103841308342346,0.8012419657463172,1.8748362451137002,0.4940379548648698,0.3819812102079272,-0.7440505967686716,1.3729188011003817,0.5439787118421233,-0.22265711269365496,-0.10045390549612819,-0.7795682478136956,0.013630958118237538,0.08323138722441298,0.1789588790942986,-0.43518451536921093,0.11448216517695421,0.2672339876246231,-0.3746074069622975,0.1095703504554172,0.028606287782444537,-0.02902899374221804,0.28870443669304996,0.231635285376538,0.05379475695052879,0.09373879062140343,-0.11665795453362898,2025-09-02 19:48:50,A,1756842530,10s
0.8148712093641207,-0.3194482721609666,-1.7065393752129536,-2.6411075393956205,0.9205633495797859,-0.04560660557402175,-0.12027802193240353,1.84395305775484,-0.4969677942703401,-0.376879817769488,-0.147760050527875,-0.18161406499895744,0.14770352440700446,1.0337688372183311,-0.20074053579543238,-0.256490791755683,-1.2809601716109225,-0.2873833081159538,0.3402371695007806,0.21572492081756128,0.3909547434667146,-0.5787459790107542,-0.14607511233609385,-0.10037713161167572,0.32156666804398215,0.026005197571528936,0.1706942293691868,0.2173800316274044,0.15248406825460556,-0.07398478306418023,0.05037075667760677,-0.019819848274129415,2025-09-02 19:49:00,A,1756842540,10s
0.23899048782071372,-0.2671873783508675,-2.3974943957945443,-1.9975738095176536,0.42661213643963225,-0.2022263150225211,0.8991054143094857,1.6157094601855646,-0.3806241060361055,-0.69614717022042,-0.19328272200181154,-0.6346479704947117,0.210933218255781,0.6798057196678446,-0.36393644560531435,0.07303903269284759,-0.8321739946466169,0.05865084675523072,0.14366857395366986,0.0024666860730515276,0.014825764462141327,-0.1932185366302603,1.031629077350894,-0.09684856261204633,0.1403780805486067,0.0877824105962356,-0.28882612842744987,0.2198894934889964,0.39120016530825236,0.20063990842421,0.15222472986064872,-0.21372303749072957,2025-09-02 19:49:10,A,1756842550,10s
0.06801899854479242,-0.5268992557994683,-1.7027364126532045,-2.3075389441005925,0.19285140492219072,0.22323041815485037,-0.18892159182033613,0.8277718815100744,1.644137604828894,0.9357108105693495,0.42171793278814795,-0.12276631794182988,1.488190056823113,0.4089231379642272,-0.310854675389724,-0.02046574006324219,-0.6992029273284485,-0.30441437101783747,0.42385609668838214,0.03613105390187633,0.48119176890083876,-0.24934484966736833,0.5024410965527459,0.18545409781276787,0.12838791738860594,0.04808585215880599,0.15584251901302884,0.27751840967395736,0.10743971611807393,0.02861752125245728,0.017667781365123664,-0.15785586588997358,2025-09-02 19:49:20,A,1756842560,10s
-0.1953373555006461,-0.12299820686642063,-2.044382914510606,-2.1170708286612765,0.2694266115789309,0.05502056991075779,-0.03645342833895274,1.1562896164818228,0.5685157751658789,0.23868749164901487,0.11692550064545637,-0.11713996468472282,0.6615711735209614,0.6618190794782527,-0.27335287768929906,-0.3622078088874109,0.1683206516659234,-0.4901184548800061,1.423167677645588,-0.04357932966133973,0.23743900962914144,-0.1572225613300475,0.3778194894687884,0.0407393048630767,0.030036919646956532,0.11274173140419834,-0.06518578210511823,0.36313361115584314,0.17300252534969238,-0.026804242149424767,-0.005359716926985446,-0.1586025100815175,2025-09-02 19:49:30,A,1756842570,10s
-0.6612416888071673,0.3505826830716474,-2.076704010584441,-2.000151995996266,0.8158227523564225,0.1824791816860647,0.2479778101203769,1.3653278776913425,-0.28551783648282936,0.1939990201452148,-0.003078094141491985,0.09793683501669473,-0.27398023387903175,0.9608516708560215,-0.9111219573191256,-0.08792037876481333,-0.8936897501706631,-0.05603615464217832,-0.004396786407554632,-0.19893602472993466,-0.802672671963902,-0.0831751096386739,0.06709107483829187,-0.17751812676608641,0.2654982980675431,-0.1501050087695794,-0.20097711023287868,0.43052444384813476,0.17817450822160907,-0.11340464060884571,0.048800034265935203,-0.2362935709018909,2025-09-02 19:49:40,A,1756842580,10s
-0.6543040228665454,0.19629551900334177,-1.6303041349571359,-1.4992387181264282,0.07292566857842113,0.08958229662505582,0.7848992362121153,0.5217910298671339,0.2944111537604411,-0.5217291440537511,-0.035481322173781256,-0.8041832394719144,1.023834084132639,0.5636354935017314,0.10837380711013496,-0.24644902675292346,0.05362965776391421,-0.38836943153932146,1.387937872473953,-0.09015509066191572,-0.12396381126721848,-0.06153544369934971,0.27125287116730873,0.06795952287223049,0.09808455662368876,0.057656673286738624,-0.03360765411686757,0.34643677092443936,0.127112122848314,-0.053239573981723,-0.09504237417701286,-0.22532277399457154,2025-09-02 19:49:50,A,1756842590,10s
-1.3156009653628895,0.2768162983655086,-2.5768575416420267,-0.9877946205443606,-0.28386148043683307,-0.13784256695929714,-0.015619255858627197,0.9300746199859943,-0.3876967712999595,0.38119001000840774,0.03195038684329096,0.17426114851735441,-0.3793739322836839,0.9794028347633572,-0.9057852820834524,0.12595788745417325,-0.8009740686263612,0.32432356459624945,0.21187810201801227,0.07799244764516879,-0.8956595943122182,-0.05187603990701762,-0.18691523873007257,0.5667326244233306,-0.10532312477758367,-0.2960500154273429,0.02541456099382205,0.04125712065349955,-0.050107364299051035,0.024419409048495197,-0.1331476395389652,-0.028570540614308432,2025-09-02 19:50:00,A,1756842600,10s
-1.6225285514366494,0.7045420654314426,-1.5297863691548568,-0.8131144670744495,-0.22537141860089874,0.060743390659548854,1.0443372634546952,0.018899066611852387,-0.53921481858657,-0.9344457617824072,-0.20364889733171695,-0.9070393374073923,0.9436816906498715,0.5269567363956422,-0.0017015195437070202,0.2326859234996425,-0.4040039181552407,0.12687834882163693,0.8466182096642815,-0.37754119587170765,-0.5879515261175925,-0.10533115045650987,0.3223982166070166,0.5077201672928273,-0.11333530932494348,-0.30257244954629375,0.013256270537115636,-0.21915625184234694,-0.11734120840091057,-0.006604982745499643,-0.16433662544126001,-0.009336222305177253,2025-09-02 19:50:10,A,1756842610,10s
-1.7381720807958947,0.11613389290566849,-1.3247953143771847,-0.07198460303215597,-1.1246426568249286,-0.12481742903504346,-0.1763752301091348,-0.13286489365597762,1.08586653881744,-0.1559883491265201,0.21545935640346614,-1.1887986764801075,2.059353712132651,0.11872164859501784,0.1270686458917828,0.28226021635966186,-0.6320585724435355,-0.1601501786458765,0.40271760707001625,0.24234448690377125,-0.11688994411244348,-0.22618307513129027,0.08331335398572245,0.2948855304141469,-0.15183477532913423,-0.2970684105817369,0.16256487224662883,-0.18070987473637745,0.002361482354895112,0.03226452541472808,-0.10531719305702911,0.10538487412869461,2025-09-02 19:50:20,A,1756842620,10s
-2.2549594177690055,0.9029679760841858,-2.3619055159650273,-1.2101251182038373,0.07542270138216405,0.18691309635778444,0.03035855735067824,0.45084764956843754,-0.5243881040609354,0.4106697394544342,-0.0011994855051911514,0.422086429978499,0.1678055122976897,0.5084178387653409,-0.8462182179892895,0.354640642772884,-0.3534949973889526,-0.1984343462986892,0.8099041542630617,-0.33126547028273395,0.3790081431049964,-0.27850448926364246,0.6824469031779669,0.9303976394058303,-0.10070531900115823,-0.09878698725706787,-0.16763381032015395,-0.008439201612706703,0.07690756115400144,0.18168017717276064,0.09025530106753306,-0.042965920345807374,2025-09-02 19:50:30,A,1756842630,10s
-2.026489456276495,0.6175274914029719,-1.8984987826998383,-0.08457772701135743,-0.6210094953498427,-0.15099642119527515,-0.036149882851996155,0.45398274417716883,-0.9042996578575256,-0.8223598398214822,-0.22838681793562102,-0.8127834277635225,0.3510743239739906,0.8762905416687937,0.03097765377147393,0.1995554147496908,-0.8980895760528025,0.412541373740496,0.31382450166337755,0.6091622735647462,-0.1069488950095934,-0.5640344498959297,-0.16610233803999758,-0.055962076034977014,-0.2457793500253365,-0.4251533097250708,0.1848085083475889,-0.07864398225436244,-0.14005813540095824,-0.06822044859789753,0.036775538583961195,0.15380039768121917,2025-09-02 19:50:40,A,1756842640,10s
-1.8175057693068066,1.028911777220262,-1.8106355872363542,-0.7124640915016832,-0.4216324756329029,0.43414111848256537,0.4126507050152571,-0.6353709385660737,1.2514496450905774,0.9639568427188561,0.4007606956050672,-0.11725641680835694,1.5830538443336672,0.14672694725076388,-0.667616475285087,0.4006281941861103,-0.33834637545443885,0.20390236760298394,0.23319218821784315,-0.05980070161073307,-0.2907264252454137,-0.23841372560276722,0.008544402878194846,-0.13022724667520513,-0.0514309415272848,-0.3598460994821221,0.05662261843626659,0.06813157404884039,-0.08783352942634329,-0.08923378969149053,0.07311153697372169,-0.0068073877231834105,2025-09-02 19:50:50,A,1756842650,10s
-2.380776913031359,1.367685119983145,-2.6040449719443486,-0.9021936292248421,0.23283768560873933,0.34692371844712794,0.02022374725782054,0.3046912126140409,-0.5906515356728534,0.9481551383664764,0.09295757062828862,0.8626468743339735,-0.4629963854961218,0.6769283997321067,-1.5345080177765447,0.5186581065262129,-0.44545792199781176,0.040114134101161956,0.1251597227769712,-0.25927419695384557,-0.8750737409427652,-0.09239314338000865,-0.07941205422367592,0.3544295411659097,0.05020554697756809,-0.21937459951401567,-0.26840974429521197,0.0651050288788997,-0.08552338645623354,-0.08446400651114332,0.012474276155925739,-0.04583346318434776,2025-09-02 19:51:00,A,1756842660,10s
-1.9634985067323776,0.9074244692224321,-2.651610105473084,-0.5460526839906638,-0.7349495389071036,0.33796962608720305,-0.34657489529959573,-0.48115801521274343,1.488221528747413,1.786711208372153,0.5758714804874517,0.5153758901164183,1.167894530833618,0.19669987323482488,-1.1872404364329328,0.4475535123949448,0.04600608880663072,0.43248835169267724,0.05807065318431505,0.09726690711188572,-0.6621107725045354,-0.2513675786089097,-0.20728263890892465,-0.1487741124478668,-0.05466125085837215,-0.32408130869452234,0.08114588877915001,0.12610367510677162,-0.1333158565614443,-0.009845113318096314,0.10068592464831308,0.005535345680060588,2025-09-02 19:51:10,A,1756842670,10s
-2.7437054776349674,0.922776854276304,-1.9131831437665774,-0.7604663923507404,0.3419831350244802,0.27248688942693167,-0.719152376066912,0.3367504001117659,-0.9881920543232326,0.38595372297633274,-0.06408038601883626,0.5069929866838692,-0.029168927546046424,0.7479301943040285,-0.6542024098979432,0.4905682451632972,-0.782958882797767,-0.5261135087702057,0.5728451685600854,0.33032559407744916,0.5195298719643057,-0.4554286540284503,0.05575865659927922,0.49313266120020566,-0.1195116077223886,-0.27053043382616376,-0.13075306760855812,0.016120552591934435,-0.12394447482971563,-0.12492406591153878,-0.10918545427013973,-0.09118409388867493,2025-09-02 19:51:20,A,1756842680,10s
-3.2655207993477795,0.9070891137161173,-1.0249349285247278,-0.22091998804170795,0.2857433313108709,0.10171129108840761,-0.021404117107961723,-0.0922750085753819,-1.4714848784078636,-1.1586084790509112,-0.36986834584383016,-0.8050342964602634,0.8429933487071357,0.49616595813862513,0.061711084922541105,0.721327670893881,-0.8684125788829073,-0.465246727109805,0.31332856033377127,0.05085355767224592,-0.22552972862541287,-0.19417882626718128,0.36120396424103984,0.13915401660784316,-0.08638062577057937,-0.16862576969124188,-0.24433234633674197,0.011909160822384468,-0.04510163000585186,-0.11650460188118758,-0.026648483161139477,-0.15017742129911585,2025-09-02 19:51:30,A,1756842690,10s
-2.8498175284803695,1.0255800116814655,-1.4889124078631981,-0.865643633728651,0.05868627215652604,0.44149873369956255,-0.125941881767848,-0.4009918621366277,-0.34353592420336937,0.09029200431395518,-0.002705608922934037,-0.03773923936523822,1.2909772821052197,0.4066491487089369,-0.23959166623603403,0.41592792484752655,0.6042477490257846,0.08151082617883529,1.2550778709035566,-0.7174827757611364,-0.3651240586919995,-0.3142165562223806,0.3784849164159986,-0.19169583203517168,-0.0946744014449305,-0.026129085288497982,0.006339635069179553,0.024166939696257807,0.009243652881675357,0.006399170476358365,0.048629116652066456,-0.05889639390797869,2025-09-02 19:51:40,A,1756842700,10s
-2.9655771526582364,0.6773642658217383,-1.2146639477788483,-0.31209830987199927,-0.32405727633856535,0.5149986906073986,-0.25516004499325073,-0.8425816378724647,0.7904775802241344,0.7000725551745164,0.3211434040762866,-0.2913341354475494,2.001675463622261,0.19929703035148288,-0.2292856324049389,0.683517276925707,-0.35848797589154396,0.0944310349610863,0.1847558120675172,-0.20359301392726817,-0.4925554557274292,-0.06435390663101091,0.04149554351701819,-0.26607258953582197,-0.15788909389568878,-0.15472238176161315,0.02640111758838604,0.04973963446878775,0.014956474781941176,-0.01936910876372898,0.15587427487814312,0.018726829926248526,2025-09-02 19:51:50,A,1756842710,10s
-3.389641022737315,1.0141808904187553,-1.0979087213805452,-0.22193605860358773,0.22507735658356803,0.16982267382636207,-0.6297559396844941,0.011057224504417118,-1.4420765368884838,-0.5750654979266602,-0.2645905312879778,-0.29790450088217796,0.5979737870341988,0.6706247827715429,-0.08062736382584394,0.6851136053458485,-0.8101460943929626,-0.4176760560462457,0.3811368834873574,0.3787157393185393,0.1359858578341956,-0.5458865827251509,-0.0919299163691684,-0.28601252866882076,-0.0020244530270462162,-0.28527651369947415,0.04621126644643538,-0.10824386276481784,-0.05677120852340963,-0.09046813405816177,0.10115937348352218,0.03200911957865608,2025-09-02 19:52:00,A,1756842720,10s
-3.314560138043967,0.6125532032573043,-1.298915420144923,0.1733058185517309,-0.6070932293421815,0.19158981431269714,-0.7837432921274123,-0.6318761315962852,0.8486300323417258,0.853247689661823,0.34054950706082915,-0.2517063284933253,1.7774184921185254,0.05121566227570867,-0.30794541035641754,0.828739647820542,-0.30283695906841523,-0.5845972791855434,0.491211658862268,0.30916481479707164,0.3450930280598303,-0.24607907005188923,0.29694340473114245,-0.1176628865591421,-0.05178945540521001,-0.06581884145596785,-0.026180810191815073,-0.13310362548466656,0.12757858824063595,0.01605640245691991,-0.049604607572095824,0.03018139870265089,2025-09-02 19:52:10,A,1756842730,10s
-3.340584924570883,1.7372752130434495,-2.5065613886574116,-0.9356130681265531,0.3999046975125811,0.500468342658069,-0.1271286118582638,-0.054581908880909545,-0.8752106951351234,1.4718180652576935,0.13523482052636712,1.4023411388496774,-0.4219083097967182,0.5858691331931256,-1.7657686118710183,0.9477307542472584,-0.15833257697603023,0.1092375004076947,0.09221862824462686,-0.45298274762206137,-0.8358261749311129,-0.21577611822030152,-0.02237319824271002,-0.0310145421399614,0.26186645634167427,0.004828352342262205,-0.19178238881803927,-0.03377613652901512,0.021898420606030554,0.04810337753597731,0.05993329986592802,-0.06972472347583701,2025-09-02 19:52:20,A,1756842740,10s
-3.327839825727098,0.6945214216904388,-1.0269453513470588,0.02452754480894627,-0.5088562629313227,0.43725143757545226,-0.7096854096918699,-0.8722158260322752,0.5841145915747289,0.5487566983683906,0.26198269357175374,-0.3793548136513085,2.1145310877486487,0.053980824042363665,-0.031242374348887554,0.8751620930423307,-0.3227757896157101,-0.290117902901305,0.43504387862886806,0.3258736385946795,0.2427608810617306,-0.3123902884538085,0.19732767713187752,-0.2826150704040832,-0.0034147779766547353,0.03403741477026757,0.013271062039682521,-0.06375790283495084,0.054526590003239776,-0.020017026854981298,-0.030765995063883993,0.022187179186683056,2025-09-02 19:52:30,A,1756842750,10s
-3.8468401338581533,1.25040274389329,-2.0314392761579843,-0.3255659416085536,0.2724622591522712,0.2056042666777032,-0.8107749363240703,0.03762486921012935,-1.1493651125082025,0.732962017356621,-0.03312544235697974,0.7779473991391646,-0.09759181046565675,0.4737789051459822,-0.9448117618405875,1.0096345783724237,-0.4320807047870014,-0.8191897260129513,0.5806086425663054,0.4580941217081655,0.5462299783572537,-0.36657488629063406,0.3198786085475571,0.3192487826566134,0.1464461141648255,0.12262483367768917,-0.230013239597901,-0.07755547163646043,0.012502788421369248,0.010602686221192056,-0.11210385003354288,-0.10819629091740854,2025-09-02 19:52:40,A,1756842760,10s
-3.7867369016957046,0.8411930305413553,-0.6351563228892136,-0.4379516786514402,0.07458446754383327,0.6316266884882945,-0.7684136504730149,-0.9891779083350887,0.4292846947184199,0.8488141412818133,0.3000927928893295,0.0142548652079445,2.2030236066349533,0.0378570717298432,-0.2293219945137976,0.9733751742554353,-0.3496854217913265,-0.40667647474236496,0.30004712846371123,-0.1662503275056147,-0.37744348315293835,0.02654461085544319,-0.08394713343348804,-0.15082588551848378,0.06292117861937128,0.21701144878115,-0.06400080033620316,0.1403125539560049,0.04605113023494876,-0.0033749615973053273,0.09885227441701937,-0.05429059647666618,2025-09-02 19:52:50,A,1756842770,10s
-3.72420273328678,0.7930558310692001,-0.7551125902626108,0.2407503931626111,-0.44577876590979393,0.3183604679351984,-0.6922529653799319,-0.9247191068913694,0.48201589103320774,0.574794112481291,0.25411756207385544,-0.4004539241822378,2.139905234941998,-0.051269556273194426,-0.07335556481748022,1.027268046286261,-0.32796374056890565,-0.5722877868474338,0.49189541488786986,0.23447535233381997,0.22479670820640377,-0.2599414785836931,0.12932325746406437,-0.19043333668248993,0.18142714173056593,0.2232574175883281,-0.016779654609698068,-0.1410847764680723,0.18448242978274487,0.038051682210989875,-0.07046356108977027,0.04193940996109054,2025-09-02 19:53:00,A,1756842780,10s
-3.9182473631435544,1.1478724680530203,-2.1759890176145236,0.023698202618843273,0.017980992959587376,0.21931428900672012,-1.0343292878304535,0.012830601299587739,-0.9234140665424307,1.5017566262475357,0.15689572955889303,1.123360222487283,-0.5026902313441558,1.04225333391379,-1.1607499527017215,0.8918727758509967,-0.31835812168065414,0.5122540885026698,0.18059985312057766,0.1829114171650535,-0.7056541894803058,-0.31641032213745457,-0.4481424172380967,-0.42042131183388515,0.05033797291029301,0.08280817984793622,0.0757447195864848,-0.032959064656346376,0.07182499371976658,0.05369517090883151,0.08268724059032759,0.09590075776409968,2025-09-02 19:53:10,A,1756842790,10s
-3.906173704743487,0.8103842268688257,-1.7500611098697034,0.9857346464361298,-0.9271886946330449,-0.13350800220170247,-0.9228601812048,-0.4338167884536215,-0.044540541168239696,0.9992002941587831,0.23047466715537404,0.037130446808201156,0.6011569382428991,0.6076769090693088,-0.3470377969438846,0.9276899434507189,-0.3705186500912216,0.1660130438306393,0.5566341511320458,0.938663656398489,0.1173037310605856,-0.3904975396878156,-0.37620081633468244,-0.05413833161986659,0.04382058236669233,0.2822238522919913,0.21649054963535908,-0.2306500482253034,0.010935471113858551,0.0906716297836269,-0.10013294879206137,0.2645932942210448,2025-09-02 19:53:20,A,1756842800,10s
-4.396496617408714,1.0711104730184082,-1.4436520169986873,1.1163792118964635,-0.2978404144589935,-0.1960535372000737,-0.48069310335834126,-0.15108963336656925,-1.1284177490645972,0.3270370611965509,-0.06371925853966497,-0.16118762404428144,-0.0015136596952929787,0.9906565939051188,-0.13962960482542333,0.814528529631153,-0.6249399274440697,0.5971328536828809,0.5186105620696967,0.5242332356813284,0.15047018422448774,-0.5792339514690216,-0.09299794095177266,-0.14175208184397342,0.03929258954232867,0.35584157825403057,0.17869156188574134,-0.17873995168364318,0.08311551204978115,0.09229294809491703,0.04306657372602304,0.19599429579180946,2025-09-02 19:53:30,A,1756842810,10s
-5.6223716980369565,0.7862510771618251,-0.7032696107805817,3.8629342665485096,-0.38729290521871146,-0.9920226171998718,0.4523973630720998,-0.7446091650861845,2.023797342958014,1.7400698185796837,0.65908956598836,-1.3522765858389416,0.26113404157046216,0.8197300751650752,-0.3091035104192627,0.6380227595868326,-0.5475365893919881,0.17184521736149178,0.5451622962118761,-0.3580926999133201,-0.4355001831364094,0.3325288449739946,0.857192971028349,0.3909719045006541,-0.1426235932793102,0.6981094216385012,0.04355280684013333,-0.19515646515036555,0.24282535879555953,0.21878222317971616,0.02975501926928006,0.10212973333524633,2025-09-02 19:53:40,A,1756842820,10s
-8.681072900421363,3.3962074561023203,3.9991751679193026,4.967769704325691,7.848846623396247,-0.8349128480645109,0.6704317683262612,3.0317213467046984,0.03232985996881207,1.917433460660556,0.3569590478809674,0.5163915246770384,-0.03293614552286144,0.5071836079510482,-0.76998051377653,0.49790454977247783,-0.759920440731583,-0.46551396064747896,0.48820965756894935,-0.5014837220558616,-0.6547408640659422,-0.19721695263001054,0.038700301392229346,-0.7057114452758214,-0.002962384534659585,-0.24965843984771408,0.2386773808733441,0.026863451754425585,0.08428890525124585,-0.7962850865907133,0.6767538500176764,-0.9990787905989108,2025-09-02 19:53:50,A,1756842830,10s
13.375190884771717,18.384890173490163,1.44405689701959,0.9362308644031544,-3.2388398500094326,-2.5936955401531394,-3.548975224685533,2.2228210062912908,-0.49416871810547697,2.36910649242458,0.5727917738251708,1.2625106635394991,0.825033000926437,2.3623459108680773,1.479917072175349,-0.2029043043157376,0.5725789177397738,0.7832103294664668,-0.008668149183323962,-0.3234251386296658,-1.1606229172168496,-0.4289235353657363,1.0155230451500903,-0.24482935809658274,0.41797113497642524,-0.4009638508780169,-0.5673104625786345,-0.19261567508864164,-0.4372587890403302,-0.2705623156754294,-0.13343564351230175,-0.08249857253383514,2025-09-02 19:54:00,A,1756842840,10s
9.976110485941337,-3.1386267219016313,-7.429055398532079,7.087379249484899,1.7732455947776535,7.176840334477349,1.1066175826651883,0.010829071136132934,-0.5544059228902166,-0.0649281453928737,0.2214263974598789,-0.03311113243499223,0.919225795970832,1.3822906000108648,1.008771485195993,-1.128414561973949,0.19056427135213286,-0.3726002250729687,0.39711541654827853,0.04166308259230034,0.13668106048086998,-1.3267680707116716,-0.1875201138084422,0.3291090075258282,0.21785740443748922,0.11995765420451276,-0.31377895224607644,0.07913177863193266,0.06679960010385116,0.1048428969219345,0.04986677527041563,0.0022577849272465305,2025-09-02 19:54:10,A,1756842850,10s
8.607490813845272,-2.829508521333306,-4.473160121309332,0.5533728369285539,5.040356871780956,-5.18503971002307,-1.1251024219363568,-3.847505511937194,-1.461205954170316,0.5101824384748321,-0.4971869223995438,0.2458718443626018,1.7276404502579676,0.4070617258326428,-0.3975406784423468,-1.8123268843204356,-0.5975313052488451,-0.24364034903523837,1.0965107983901665,0.30087331053138267,0.2952639414312143,0.015294506187857318,-0.09003640334945952,0.17437802109810574,0.17852608706150458,-0.07644797338332239,-0.5780632322329713,0.15389900986728874,0.47716716399104403,-0.06980647830340274,-0.1012730997116011,0.13037261340974085,2025-09-02 19:54:20,A,1756842860,10s
5.05863437588431,-1.4589105925914425,-2.8308253586552024,-1.1456610159286666,1.827900864207606,-1.5255281273244232,0.4652402739195766,0.6721709617124368,-0.7124859252433604,-0.379610985541808,-0.3457763985308204,-1.5306271881437115,-0.279259701114096,1.1914135081675048,0.6554021829468853,1.4024128733920525,-0.7357696460662374,0.2026211793895018,-0.23565674953274274,0.2656549662147484,0.4005149873821911,-0.5106967472429538,-0.7068950367648306,0.2985461223711086,-0.2520035334953355,0.1637761123292558,-0.4611159990714,0.1641909968527484,-0.022430945549282953,-0.054868721920336254,-0.12857695471755265,-0.13936018144519402,2025-09-02 19:54:30,A,1756842870,10s
4.315589770610568,-1.7508902821119114,-2.1323410572109305,-1.317694538553991,0.7728676771340511,-0.9688077628060119,-0.09595627633877753,0.7820383242282675,1.7742009506076344,0.8482331905543861,0.30895896141869655,-1.766302224496655,0.8454507321865701,0.8725932014842327,0.7912624504512661,1.8740045596537558,-0.06788268367214133,-0.12087834061698609,-0.568381839064976,-0.04147382168696821,-0.2187906077860731,-0.5861744279800593,-1.6911933999491235,0.027910522669899802,-0.20867574421196824,0.02139018065770371,-0.3624933194228672,0.12599816624914373,-0.01587221181927552,0.12111901019604297,0.061897092295398595,-0.06566989605001156,2025-09-02 19:54:40,A,1756842880,10s
2.5453853955614076,-0.8921066211046567,-1.9081127858896205,-1.881499049661286,0.18899192224578323,-0.3914369374982566,0.7567248091225919,0.9846533331744446,0.21561476805362095,-0.05006060550903763,-0.03654046075792218,-1.5109748464910453,0.7168181105049927,0.7887282097993591,0.45861402292036785,0.09736629505457542,0.33378283345632787,0.4814810096486043,1.0760468544059818,0.17517519690704428,-0.16608306980932777,-0.38641965743912365,0.22787959080586925,-0.5153007443185641,-0.2231961968128241,-0.13646235704230414,0.20555156921494416,-0.19147253650322377,-0.11330016196161172,0.10457202357029974,0.046091480226535,0.0683017968872369,2025-09-02 19:54:50,A,1756842890,10s
2.0491391901654366,-0.9180673970994138,-2.792971953939944,-1.4755463701899514,-0.6315320556398609,-0.49426314818363176,0.5927829175344286,1.5216124159991344,0.6058706954651306,0.7193191953473469,0.1890671575231369,-1.1261955717729206,0.276749825107451,0.7150694592108925,-0.32088205342957077,-0.29516156649587016,0.5310064313869916,0.6412743205943866,0.9259036699404259,-0.07856030897492723,-0.9900370932044595,-0.11757734331773145,0.08800963926164165,-0.32653571102834333,0.1020004577817027,0.2193550604816879,0.27461424435918014,-0.11807701843368433,0.09921752571826555,0.2650785632386973,-0.04695089492664729,0.12813947798709743,2025-09-02 19:55:00,A,1756842900,10s
1.502311980872813,-0.908005433477373,-0.5843027826543764,-1.921631315607734,0.033024133093669965,0.04950884605263456,0.4028992940662721,0.7970240457576122,0.9004149066045958,0.06802967311955246,0.18078959635784347,-1.8968653788871237,2.082014919365246,0.28379238285686753,0.5890836674999288,-0.2624544542999629,-1.0763869728886928,-0.2652433287157083,0.22740792724442274,0.2709983108573808,-0.10880985847289514,-0.1558270759111012,-0.21571598218237845,-0.19171398493545547,0.2091042600046285,0.04780204264756365,0.19600535138863398,0.09897044802841058,0.11522484385310523,-0.08009431834171324,-0.15457473692334164,0.0034054949065755176,2025-09-02 19:55:10,A,1756842910,10s
0.9817253051165633,-0.557104618713273,-2.3414455225091344,-2.032231584561137,0.08550751855460878,-0.201738422201803,0.2569917682749089,1.8398549225133922,-0.5755473320111353,0.4284401210662635,-0.017318762137221704,-0.7911213893188209,-0.3009070867117996,0.9060134863003324,-0.3716116221125898,-0.34280385773357885,-1.0163032379668966,0.07642913794514249,0.07090201716599058,0.6499504203000587,-0.5727169013847376,0.0167737170607257,-0.46759199877166546,0.04643327619927066,0.12886681346157336,0.14826885759074213,-0.0015346090420305803,0.3790890709774117,0.17073640269427787,0.01641754845775498,0.0012983576145757605,-0.015578693374361114,2025-09-02 19:55:20,A,1756842920,10s
1.0000546341316705,-0.646581646498778,-2.352644379369075,-1.7323746614199267,-0.6659948679643809,-0.1747968365871404,0.13569774256804354,1.1010522016019322,1.5681127263400612,1.5379297005853023,0.49471321701428694,-0.8819567405524467,1.1053264781757492,0.11506364784379276,-0.372375743674119,-0.20294902059856407,-0.5058354684128828,-0.31588460417027164,0.37908312371139674,0.7481545136396315,0.5312373996537482,-0.17039502357185762,0.13295689718523246,0.2184465121116388,0.23090992401337795,0.2754322229173786,0.1657180280194302,0.26759940108483904,0.18558204669126385,0.13335325734343723,-0.03258980522136601,-0.013474229860985025,2025-09-02 19:55:30,A,1756842930,10s
0.8572886099798409,0.33451268084290187,-1.7317124695554367,-2.0072923647964274,0.13638661117436698,0.2957017100109905,1.6919869734009867,0.5117237851671197,0.02923833646722194,0.28467924435732384,0.03221029473780523,-1.1435623379567803,0.8323674882174559,0.4722164075050744,-0.07670283232125362,-0.33602878188451524,0.2712252246153391,0.5861141464245044,1.1592337876570673,-0.5920268524448291,-0.452563161984139,-0.19637088383067663,0.46518626247351236,-0.2576363268330238,0.18110806292696102,0.10550905589367122,0.09253785410377499,-0.006392426634175648,0.1551170749253508,0.012910308856365687,-0.1456972035610722,0.0033121360251057736,2025-09-02 19:55:40,A,1756842940,10s
0.22669688351543552,-0.336046976005268,-3.1945182024818584,-1.359464137696994,-0.40452233646402713,-0.0834146935149531,-0.104344484366902,1.216825126090753,0.8263419481694692,2.0023130057692646,0.44637870904523874,0.018945779128588452,-0.4268491123266217,0.7443701793073157,-1.016511495456319,-0.5243336295351538,0.6595280750566243,0.026470111940710715,0.9668366132750333,0.26287828138019925,-1.0401280650494533,0.13304953735689182,-0.3800824207153214,-0.09632371689648665,0.029405525726152522,0.03737622806758783,0.05055045062422277,0.4366900007682743,0.10290005137869868,0.05337383938919336,-0.00044509941555605497,-0.10264693422988734,2025-09-02 19:55:50,A,1756842950,10s
-0.4062353206254799,-0.09323237370327418,-2.477360473188955,-1.5903212931174964,-0.20822208105963108,-0.19589371656121005,-0.06186091088423671,1.1390284654270295,-0.22238885915999812,0.9357760387918361,0.1116424900580695,-0.4881103015831022,0.06099014090103783,0.5915648412612935,-0.5875854279412706,-0.35828403323803987,-0.019361722766046533,0.24009473632295772,0.5169458616678322,-0.07573664796982477,-0.7015440198535581,-0.18446148253174863,-0.0673899345636464,0.20552821421394976,0.07113912090702547,-0.07406418634593011,0.14361349779770455,0.25790245381507004,0.08525944047399228,0.09187165067825757,0.008532824769947244,-0.08702759185629724,2025-09-02 19:56:00,A,1756842960,10s
3.085546851085192,7.212270143578484,-3.1877065654091012,-1.4424329622653773,1.5970239074179973,2.0254455730046432,10.83810651349154,-4.025292053045249,0.24352280704241364,0.7953192358079701,0.024103370884804205,-0.5500588741437801,-2.426780044247765,0.3112774109774981,-1.608171539710898,1.0654766784838459,-1.2749111436725118,0.43963092591369785,0.8905198402448954,2.673608955733897,0.9741721493898187,0.16283781667423256,-1.0200586990359746,-0.07485803085691908,0.32505431099440873,-0.47358869968487316,-0.44441810119891595,-0.06671026839136651,-1.0217185083016866,-0.647931059736878,-0.36762694609214613,0.0753909406324826,2025-09-02 19:56:10,A,1756842970,10s
-1.028909053710133,0.38504642488950247,-2.536906540105461,0.33573043666062996,-0.4987446284550713,0.1872472911243265,1.8193067262265923,-0.07219529560966984,-1.0400271982351297,-0.47478035880609587,-0.21507560301226228,-1.5790086574868474,0.09230950614333257,0.4653957885438288,-0.1759211480271345,0.1577591243310525,-0.5073253399389218,0.773004618137702,-0.09038179111827825,-0.33377043247095656,-1.089160645889506,-0.3323176612227324,0.4831801999513723,0.8614372884056852,0.05912489880653219,-0.25267528533285,0.1061522848707446,-0.13959427000438673,-0.07897358280155321,0.30120205164824804,0.32279840902191226,0.07252975465660312,2025-09-02 19:56:20,A,1756842980,10s
-1.4147019985622886,0.17103881080597927,-1.8696866515639887,-0.19947880318820366,-0.7243977755904256,-0.48977172869167784,-0.3247475413391954,-0.424978272882126,0.8246013217860308,1.0722769159519685,0.3278115174591682,-1.0009873135535143,1.7178446843527695,-0.3094683958815134,-0.5318608748388585,-0.08497231829927862,-0.19448405807878466,-0.196570378586966,-0.019629674507254394,-0.21442335946403068,-0.7738898406708602,-0.2431355449803234,-0.21999305986507042,0.5209998063652101,-0.022126025365995408,-0.5118042345440337,0.031020703687036535,-0.0028064737709854893,0.03532739634015641,0.03900761661510656,-0.0008891795742210873,0.009641224854554875,2025-09-02 19:56:30,A,1756842990,10s
-1.621606060872766,0.7858342582965033,-2.110277281827211,-0.30011042033568863,-0.9212577952347228,-0.11725440291472056,0.7872565874327677,-0.07408439478612804,-0.2317010286523131,0.06573021912850899,-0.010514849662329193,-1.4417716817244488,1.1960368433651571,-0.1825777461973111,-0.18891475825496534,0.2617202738282066,-0.19355983229306437,0.4803869284327554,0.05699629729526554,-0.2307748917736324,-0.2517386962253164,-0.4031801389040723,0.513616245452236,0.5307375475202996,-0.13023692718429852,-0.2702456500558543,-0.23565454026193106,-0.011475213486962387,0.08945322362507381,0.1203708742396655,-0.004573854695446353,-0.011455646432534156,2025-09-02 19:56:40,A,1756843000,10s
-2.0843981276360415,0.8932254908278309,-1.8240161659073493,-0.6833791548331887,-0.10099095216259978,0.16554690192052887,0.5870350962162543,0.28519249759022486,-1.4146857243060806,-0.240600863842252,-0.24107674267621299,-1.035078261207815,0.43722754610754055,0.16103208921708478,-0.2183360226851044,0.3141887505940521,-0.5626578408733087,-0.025183730994288094,0.08106280263373593,-0.31261317874759964,-0.4413335920354115,-0.2629667910420563,0.12853704896431759,0.786532450751372,-0.11399210842739797,-0.26005446655815695,-0.24939191511380662,0.0826682453593924,-0.0591237491971217,-0.04759476821246535,-0.05792926237461643,-0.12276578954183412,2025-09-02 19:56:50,A,1756843010,10s
-2.071275334308858,0.5126367343952165,-1.9841060302492903,-0.629887312805865,-0.5366758267859726,0.05965751849314036,-0.16499692700853347,0.08649469073407365,-0.3434691648684559,0.4957187555941676,0.0435624548306722,-0.8315561618173583,0.9818635975201252,0.16410159755776985,0.03194696760705495,-0.1924705899374347,0.5984896451857621,-0.019595182374253343,1.2377734566097893,-0.2986837471687405,-0.12644062209924567,-0.19788097515507705,0.20641902282984137,0.3466702046702131,-0.2861474156814045,-0.12747878074447075,0.0396422379722793,0.08631192417769959,0.09114859541696485,0.08081986953386668,0.050646724676020806,0.02290315727032474,2025-09-02 19:57:00,A,1756843020,10s
-2.508167559722918,0.6062528958963449,-1.274517591753063,-0.4131579223289218,-0.2173731968237767,0.05893466388327064,0.12011201591342074,0.2520330505494793,-1.6512495684927697,-0.6859281285615824,-0.33233840958098654,-1.4330126444743296,0.7226636852481219,0.2970901700936873,0.33413577581884685,0.1863848040715255,-0.796375861490231,0.04121607457833803,0.20556536224122288,0.061031973057230876,-0.19693205300263547,-0.2606437575999953,0.20674951898533045,0.4586168568807762,-0.1605265485829287,-0.1709798904895749,-0.10603187561196603,0.06480088912828436,-0.03376288084827187,-0.049083208820410854,-0.026641380295692938,-0.04140463284555151,2025-09-02 19:57:10,A,1756843030,10s
-2.598940126841478,1.008005367864624,-1.4697329397681804,-1.2058647503149342,0.6521099526514492,0.49435146213374903,-0.3144994551750173,0.34049273877654607,-1.4536310059358915,0.618619559869908,-0.11700718716086256,-0.123715220688093,0.15623120154442244,0.4336010362645441,-0.3325386518478909,0.2351133145028861,-0.6078988294312395,-0.1861106114173636,0.2813211553495321,-0.14020767312333082,0.47781823770018056,-0.5893490999959836,0.3508401151832898,0.11540347953910464,-0.10133054213710567,-0.3956219932411717,-0.11520561778090667,0.02095350162075168,0.01368333034221204,-0.07052732115308764,0.006819629115463692,-0.11320494066323782,2025-09-02 19:57:20,A,1756843040,10s
-2.6805748215082317,0.7938701200412127,-0.9952695642000619,-0.33384723765764823,0.12316173872668112,0.2090420832612401,-0.24850980859327285,0.18917664260134076,-1.6254774472887163,-0.5272377852536653,-0.3024490215544212,-1.2805594714869286,0.5235286151589282,0.40618497311150814,0.30412553217848337,0.258120635274807,-0.8062073215083436,-0.22814109019976192,0.11295388960539474,0.4524435743025544,-0.26809137215277373,-0.25074953189469046,-0.0900813985638512,-0.19404509594852043,-0.2175691728868245,-0.43296168760235876,-0.09278378006092655,0.09236790073376375,-0.10248724965183316,-0.22391211447024661,0.04435463647790622,-0.04043952241461088,2025-09-02 19:57:30,A,1756843050,10s
-3.0041012502595996,0.6404033123222377,-1.4419288639495242,-0.3730755021453013,0.022632184293467906,0.162750538548927,-0.5166921390857294,0.28681645643744846,-1.463179584565015,0.14394186617909646,-0.16201283819233758,-0.7302509608021214,0.2186633309921477,0.48075363649329955,-0.09461582688858734,0.2819492788913862,-0.6112604437117848,-0.13935057995680156,-0.049821846115799165,0.2811232232094447,-0.7721680855812562,-0.1771741514572901,-0.38297069238406833,-0.1534620633724971,-0.16611287664617666,-0.41782624539221214,0.07333584563763727,0.13825704437111486,-0.11913303767527901,-0.14503556753665744,0.12948950786679123,-0.05600003252184282,2025-09-02 19:57:40,A,1756843060,10s
-3.114876870836488,1.1446442002223594,-1.3674289101957557,-1.4311071201552155,0.8541369178416419,0.6153471808154042,-0.4499161596554782,0.16061375687963264,-1.5900140109991827,0.9287918111169213,-0.08968856244368652,0.2618569383337115,0.1371554804254302,0.32795516056030366,-0.4883289303346781,0.4298301209597461,-0.5337164282022312,-0.29312498781767526,0.3498173232224369,-0.3259600413326846,0.5343337389708124,-0.4700373731356814,0.5120807213837947,0.29792165262196313,-0.0829317456326414,-0.22397484227557546,-0.16676231619946874,0.05060360475924506,0.012069593802061436,-0.009827931924963007,0.10044803495028913,-0.15060594503680302,2025-09-02 19:57:50,A,1756843070,10s
-3.432276724795763,0.9806461677199716,-2.1218374587087268,-0.20127538494320477,-0.05981570823373827,0.15923265130606049,-0.3644234705956236,0.23463737473083052,-1.3106795812428942,0.599589569833932,-0.08138441064405313,-0.31948718197500087,-0.04048339767883436,0.15177966360202697,-0.7052912546051743,0.5917148532015555,-0.13861051811310252,-0.2657092142138545,-0.21672827991507676,0.20362765287030565,-0.9488854629304633,-0.09150963205358233,0.03752531442420107,-0.34452737063232025,-0.09909182977760127,-0.37980301175017506,-0.16633853082489772,0.10647816565374944,-0.068818390831994,-0.08435728324435962,0.17655615558264398,-0.1476530793748932,2025-09-02 19:58:00,A,1756843080,10s
-2.829051186868023,1.5467771674047994,-0.7454594008581376,-1.0672930793379833,0.5252828465406347,0.7508178852252836,0.44835965169290665,-0.702103939908775,-1.4274392997825267,0.12102317533029934,-0.1824159194259409,-0.6064801719097601,0.9588436762761602,0.17316408830454236,0.17518651114540879,0.41679400950397155,-0.1208776393180305,0.07988143696679094,0.8072152331949065,-0.3962067572331273,0.10955150638296499,-0.4007409113401583,0.20488552580769936,-0.08205735542742958,0.04403161965165318,-0.02230647529471687,-0.008033046266772918,-0.03391896317328052,-0.09892799545708249,-0.09157544502926371,0.017290706886796868,-0.030982117659908458,2025-09-02 19:58:10,A,1756843090,10s
-3.0850021966628915,0.5754261855699302,-1.9540174067346578,0.22583871607103834,-0.828105013463455,0.38714303656169013,-0.806679726507469,-0.6551205299639479,0.8967771834770042,2.1463139655241004,0.5581227049811408,-0.14311305294385446,1.0320344607136458,-0.13579842942730125,-0.6732155950647911,0.5407836451442418,0.005996087318468543,-0.2947051862636321,0.03168146238175268,0.44276640365292863,-0.7906114963249338,0.22492430177370337,-0.4729307274825595,-0.010901158573598265,-0.23795170362800527,-0.16722427475662083,-0.0256226403405018,0.1106461923004209,-0.07705222792293365,-0.0753759187019979,0.131079096141042,0.08636482882852069,2025-09-02 19:58:20,A,1756843100,10s
-3.612119288130489,1.0295431437355567,-1.481404815476089,-0.27315886812303536,-0.09223767396033418,0.059296587605524524,-0.5227451223093224,-0.08112624208580604,-1.7257739226147548,0.2309851543292276,-0.20529391751284937,-0.4959559863487868,0.29827644942173587,0.058849342196500704,-0.15646043355497444,0.6243302031412699,-0.5116689846168534,-0.6049091932860733,0.3489417477282974,0.30302153540818727,0.16168415103302305,-0.2625833168328478,0.04591632124426451,0.5864990908929693,0.07976638623617537,0.09546733711286944,-0.05196250949646676,-0.048983960325153016,-0.03701934567191007,0.04989894520443154,0.04549511910746232,-0.010650778443888306,2025-09-02 19:58:30,A,1756843110,10s
-3.141007447478889,1.3714121854046544,-1.6914863484107683,-0.5956397618894211,-0.10661928833852337,0.5919399917389433,0.0063388749079313555,-0.7061951594586559,-0.6216554750980195,1.129338476205042,0.09182760871573652,-0.03654855899136979,0.7564113527008921,-0.039409222759263486,-0.2085284903427801,0.3976000754556267,0.8354473615118229,-0.15054500632111695,1.3650138957959224,-0.14994328985287464,0.3380212300456428,-0.31721944205021874,0.2746690336674333,-0.05360644953152674,-0.10242574090745013,0.14079865530762228,-0.10980914139030787,0.10661622472488032,0.016984782834561125,0.020645774355270298,0.09368702197817044,-0.026318180937430338,2025-09-02 19:58:40,A,1756843120,10s
-3.6239263972375912,0.9020197020299305,-1.7176552390389632,0.22600763845124766,-0.34293344014140675,0.1954577014300204,-0.6596247296148308,-0.42520017216857303,-0.491388334023163,0.967397914522009,0.09530378316092569,-0.36356970321043325,0.5803524038114061,-0.04464843812314554,-0.08872322734793045,0.4303467359680484,0.8336773556263317,-0.8892048365703669,1.3202555889863694,0.3574445175307776,0.21136861815906927,-0.17127019530639054,0.1047203027044333,-0.14079527745788672,-0.09695007250934752,0.05811688817016514,-0.0894283143942082,0.017967444199333958,0.03535678988747028,-0.021643198946281816,0.032318429252160955,-0.02893561433804242,2025-09-02 19:58:50,A,1756843130,10s
-3.8456572143405183,1.077284439570578,-1.0114133799630205,-0.12269195583075451,0.06710644553475771,0.22271458209518039,-0.659292525424304,-0.202061372587675,-1.8837964939641696,0.2586254206683969,-0.21559566994888232,-0.4427821045965731,0.35674425983628755,0.20362923430391386,0.06289172354313222,0.6235016391181782,-0.6309168787349654,-0.4258028398531701,0.3690444744960219,0.3243908682172269,0.2452137837435268,-0.3757464553901018,-0.17011054488217994,0.18622920926582692,0.05849494294646809,0.10503072345263925,-0.05816629014820404,-0.012875284706615022,0.006693010766890651,-0.04269887474265745,-0.05609846627032841,-0.01035925277119977,2025-09-02 19:59:00,A,1756843140,10s
-3.888730060819224,1.1618300041568324,-1.0162580538571864,-0.26101289207103356,0.2362662508340122,0.5346235730243829,-0.5397953474476062,-0.6258284745467839,-0.8093138824972606,0.8128781822942579,0.027640722427576665,-0.2726435771893893,0.9307148667678458,-0.06708761206287098,0.09756303844160147,0.48975244184637523,0.7239870781628647,-0.7953494824072138,1.2913090005123713,0.010036508262904574,0.20434836639220177,-0.15453670806387965,0.11271569760563585,-0.4079880882197648,-0.07096496288913635,0.15932527752928244,-0.16256345053534554,0.15094547919718038,0.07539710482337035,-0.06987299308744777,0.14232296429701927,-0.07738503924982089,2025-09-02 19:59:10,A,1756843150,10s
-4.131561855500931,1.193509379637294,-1.177241917328281,-0.23487809306419913,0.3387103772712891,0.43206987728200896,-0.6273600673771733,-0.24126113614884906,-1.8058063755745617,0.5887236666438951,-0.1441229203944974,-0.1428099476767016,0.21945400504612614,0.2311386186745878,-0.1155107028065136,0.7458184705881464,-0.4722059977889884,-0.32212446859126387,0.13893035859010666,0.26633909632972996,-0.22048461331960825,-0.1539536165645372,-0.3005208211134308,-0.1818636836906915,0.04071680587659524,0.128790083235945,-0.07221408120684564,0.11966866276101476,0.0025127708343183415,-0.05491716666570196,0.16191583344487145,-0.044068048428118775,2025-09-02 19:59:20,A,1756843160,10s
-4.223512887599306,1.1056779457004793,-1.20257949274158,0.22507104824988697,-0.0739562190592036,0.15718980158272788,-0.4643515111934848,-0.23820064813178782,-1.8319170340811968,0.30804844148962707,-0.2028658004082053,-0.5245385644387831,0.301044149243899,0.1010366648717986,0.024388652599145143,0.7804169014385614,-0.4465755225743302,-0.21326340644479289,0.3088658480556087,0.20710913521445498,0.15832672855039606,-0.287292573210887,0.20107111547712225,0.11606707669503596,0.10037536488384735,0.334426980982386,-0.08974844173228819,-0.06010582514454963,0.13821882764520202,0.07599981739243454,0.017764153233143808,0.005546840653493397,2025-09-02 19:59:30,A,1756843170,10s
-4.3019533444734686,1.3166947774859024,-1.7338156406884975,0.5846462373819836,-0.19012542532329468,0.002029342283467599,-0.2900838521596656,-0.11559910353877452,-1.564026729722739,0.6739636335365212,-0.11910775529507091,-0.31342834614926623,0.0019548620024607477,-0.0403974011431108,-0.3917255767353471,0.8381852881191038,-0.10416382491105036,-0.1477075415410536,0.1685904749422548,0.32674293536375315,0.0899221130694724,-0.48640498671778454,0.2748179931644243,-0.21329073272434648,0.2586411242077517,0.2433064569293155,-0.07808998918326851,-0.1043662881898264,0.16881438376785432,0.15654901184177925,0.021339379514640405,0.03656512836342128,2025-09-02 19:59:40,A,1756843180,10s
-4.30440809865223,1.3080538193778262,-1.25047578848479,0.4098026966655298,0.3226842486642206,0.4283676793269176,-1.196197041039812,-0.5756021723544767,0.40091343221785114,3.0481501101911883,0.6013593073994203,0.9068814338603378,0.03628817663935979,0.14719950317052238,-1.0399693256118439,0.5815213752959445,0.3995217113772525,-0.730295655773984,0.7145415748374098,-0.07156591437405525,-0.4992590228637774,0.11670429863692267,-0.7010222683676853,-0.32064356090443236,0.12851510893701729,0.15845623490543312,-0.05864926921799595,-0.05225348186516613,0.08797714223408828,-0.09317385419686455,-0.0019707681258813955,0.07731648647220825,2025-09-02 19:59:50,A,1756843190,10s
-5.395530109564223,1.1214850459358259,-0.22852272053715017,2.214529229683008,0.576658498748618,-0.3206499965642007,-0.2807357370097682,-0.19632145308328683,-1.2030858649110412,0.6533217977922263,-0.03104849220302691,-1.0770602526770847,-0.58232251908991,0.7304051268889484,0.20830834333983392,0.571435115577989,-0.8788374329937647,-0.3797326367449023,0.19187600582784645,0.3087253728694593,-0.7009071183840522,0.2744189417027435,-0.3543701644489662,-0.2648387299276734,-0.1094696601722087,0.20348043985448552,-0.06582509580839832,0.0020741179535381706,-0.004169778860574039,-0.0792347400614489,0.14957546687614495,0.05998008023680173,2025-09-02 20:00:00,A,1756843200,10s
-7.07906451056379,1.7186377737581304,1.4468110125388973,5.773232115363858,1.6673079175790875,-1.699172615456232,0.6454809820724824,0.5016711704748694,-0.18498478301685783,0.512302045022631,0.06282109168493541,-2.6374166626317908,-1.5566246974075701,0.8606388046747545,0.21794373073176107,0.2510693681359031,-1.2590417670194214,-1.2877792305541056,0.4158986849955103,-0.2618659097812022,-0.4556906066078349,0.20600881320154207,0.5434596351013102,-0.15576660500627335,0.13555225686794184,0.1404864147906904,-0.07609455757361995,-0.24907935458913272,-0.023972399954193594,0.03655140962361227,-0.22138890613026185,0.001357865452835465,2025-09-02 20:00:10,A,1756843210,10s
9.481009851928238,18.02185825724572,3.916174118061976,-3.7074289095358486,4.611831763941315,3.0037637705547082,-4.381101878662167,-1.3761204146979504,0.6188353501812132,-0.17900809741865176,-0.011051613375196119,-2.203425208942005,-1.3282673187410667,-0.4941282640353715,-2.7218091674903655,-0.9804712764861401,0.06088196233752222,-0.3147127533769446,0.6496541299364834,0.5269109543038838,-0.5149419347361102,-0.7025285075625621,-0.7153610817678927,-0.4560780475815822,-0.39794731255912696,-0.1259107681888286,0.05521416071218612,-0.10062080921707199,0.0036901108953767948,0.14417900137917472,-0.16811015802813142,-0.3496119572645986,2025-09-02 20:00:20,A,1756843220,10s
11.525752775088627,-0.9433157173783483,-4.266277994478439,6.618993609116285,-0.3289272092722716,4.741783421721937,-0.9841827628560406,0.5471939185185563,0.2454998477938477,0.8277089158764876,0.42550855722142333,-1.569193175302834,0.9677267009563667,0.5366214135463605,0.7839327026529369,0.4313665822333009,-1.1933467066644623,0.8697300264774122,0.12503739389066099,1.3225012506049214,0.03010229383070754,1.2029263095262472,-0.17839663917831458,-0.9047799922968538,-0.22041025329712782,-0.6139749838304277,-0.4725887409158574,-0.5991621275308625,0.2980030306933364,-0.002605441426635652,-0.5664667212858842,0.13282691005785796,2025-09-02 20:00:30,A,1756843230,10s
9.234626194806019,-4.130292075317462,-5.489286382556185,2.132225217178637,3.8287532343056383,-2.0554400947027367,-0.9520300852893059,-3.0167829678194886,0.20127302930092825,2.4623969030915074,0.2033564304676018,0.35126741053660904,0.9680906523120189,0.2040638857159759,-0.27093122923644686,-0.8458793202279263,-0.6900909250418108,-0.45145101260481624,-0.2766289095936632,1.3474697838549787,0.12629937273241953,-0.17478411247860895,0.4001985119858724,0.11166265222038266,0.5104476402325381,-0.14264946944980925,0.596035062609389,-0.2344867615295728,-0.2054167669453148,0.33535880897256554,0.17493731993421352,-0.1448930036857416,2025-09-02 20:00:40,A,1756843240,10s
5.729743199016294,-1.73228455156343,-2.9098788033031906,-1.504719782678732,3.117266222497731,-2.140236425180189,0.2562716913233508,-1.2412195281652947,-0.389738444665333,0.904725380278089,-0.1818749416841358,-0.9723703993413155,0.2928443248689003,0.4589763286803604,0.687800531504701,0.31502124132769976,0.4589073127163829,-0.14637898407316918,0.6406271481517882,0.09619906874888347,0.1816832838006697,-0.1904657706835435,-0.4732952928584378,0.0055851574675064766,-0.19584126239306718,-0.17466425735803304,-0.22847860493075217,0.04712221994533605,-0.04040256067234809,0.03982000441407513,0.214233693574386,-0.055271161486690805,2025-09-02 20:00:50,A,1756843250,10s
4.379710078616948,-1.1106273004342129,-2.5790094131343966,-1.960561299711635,1.4444021526475503,-0.5535462256763636,0.1442342187422752,0.4143661888457443,1.7855004955467653,2.4264749805983494,0.5032826821423662,-0.9363875326507687,-0.062049179919740176,0.29058171572157676,0.13393897784253786,1.773798502251695,0.433393664258397,-0.152050099053132,-0.7043863297155936,-0.13368478055907904,0.046128612235764796,-0.5602194968959658,-1.1079788924470968,-0.037427807480006584,-0.1719516451087692,-0.25942452714768893,-0.4902397702519754,-0.08820046266432684,-0.11448308529471364,0.14382739952270454,0.2736575404186274,-0.017756055646058075,2025-09-02 20:01:00,A,1756843260,10s
3.1009003863381266,-0.7747367582928961,-2.3382249088022813,-1.6836635104788111,0.3930188020814852,-0.49982962262644953,0.7673672339685077,1.04034289857976,0.3734459811178203,0.8840777350471866,0.07131747559986465,-1.6021520159484233,-0.20285931938237775,0.28654364966108237,0.49824242400830826,0.3417176840432563,0.710132887263013,-0.08563527904089564,0.8953213770194839,0.2231770191883195,0.26238966796193414,-0.3203301992000075,-0.07225137804318243,-0.07545679076973337,-0.026772226781076207,0.12111348867252567,-0.10670191031645082,-0.07229536746615257,0.01661669581863964,0.17779407134737527,0.0004874221437952625,-0.016033435902531683,2025-09-02 20:01:10,A,1756843270,10s
2.7916779588025005,-0.5622172789704554,-1.9735650752274798,-2.3587919555976864,0.4148386236665556,-0.05498715951043292,0.5683879094515975,1.4887691292690608,0.26987031411642676,1.1317932435320868,0.14836001543930327,-1.2516103846162858,-0.0378479211044771,0.27547587009757,0.26795463378384665,-0.681021334759371,0.1811134979976055,-0.25907709030852977,1.1286250843358279,0.3860950206597308,0.324351737084154,-0.16976044139548813,-0.34797124495175075,-0.27229892068686934,0.41834451075687457,0.6587499953665359,0.0982315777312125,0.34881319675397354,0.17049096119419693,-0.08012335408594505,-0.09957955113229752,0.06996803091374526,2025-09-02 20:01:20,A,1756843280,10s
2.1050754701378516,-0.938764650097222,-1.613507061135207,-1.5524835733949658,-0.035218343606170245,-0.12612351029985067,0.8180466392871101,1.077359429271277,0.007812484930775746,0.3605900325184694,0.010483977812298016,-1.8926072269769212,0.32562625992088223,0.3281650891500387,0.8275013491354635,-0.7289231995615818,0.0387981307045757,-0.11410902310776061,1.0472802689762204,0.7619371951456152,-0.19574537302224942,0.040287091452519116,-0.3973959071337455,-0.4857083109626657,-0.010775125569371755,0.25821989714578125,0.17046818562575283,0.3095929561794302,0.12326582070339992,-0.04916193782082937,-0.07042200452054521,0.018619554386412922,2025-09-02 20:01:30,A,1756843290,10s
1.312717933813324,-0.6640027445056249,-2.276512908282682,-2.085900783557518,0.005128638690342174,-0.20131075185280073,0.3576944265539241,1.262268564144341,0.1874941131296419,1.2803769391434172,0.18399012355440966,-1.075339513433571,0.10905110238532038,0.09243516440690111,-0.10060506716691173,-0.6595931462545302,0.5840427665008794,0.18460499593724405,0.7464598027740652,-0.28274468704484956,-0.9910290858747803,0.21895903512929674,0.009671182923659231,-0.10334050287500987,0.2570673446557676,0.40409297105642145,0.08547232686539977,0.3041393591233245,0.23770979343508541,0.13569808916534035,-0.02199546966726381,-0.06531385869058844,2025-09-02 20:01:40,A,1756843300,10s
0.9580371274609184,-0.5563905310559252,-2.185837258148061,-1.9226089091828604,0.018479798558605792,-0.07775053527551673,0.24682738646039296,1.3446379249295128,0.1714179581588446,1.296947670100485,0.1671062211795898,-0.9992917290430872,0.04406755696354363,0.009021548330483149,0.07190016350102994,-0.6911529824373902,0.5235805908607795,-0.3444673656753178,1.0964534460694904,0.10286774155275187,0.32110663148785124,-0.23523086586106012,0.2769354839167921,-0.080656531989805,0.16875373346492567,0.27266828085070194,0.07899774778920018,0.23282384569465508,0.24275368115666354,0.06799633450254355,-0.016239927146010028,-0.040309322095591515,2025-09-02 20:01:50,A,1756843310,10s
0.7942225962843911,0.09163750684012134,-2.0218531653672436,-2.533706038052486,0.6737983581552092,0.18900989748363828,0.9448043683051189,1.4331329155902819,-0.9449170082018707,0.8613617431557857,-0.060714374974747104,-0.9111198808268911,-0.39522465185478173,0.16815360331703783,-0.314597205139844,-0.4909986267179537,-0.5905268650979619,0.5826704578718451,-0.30480246729119054,-0.30649050145011725,-0.5278683408087035,-0.2006517215470691,0.22613746001960247,-0.24449575667979595,0.49800684079928875,0.3666982804478181,-0.21841529126637996,0.48197225453683906,0.3408559574103046,-0.017266527061843725,0.02356646847256595,-0.13293920164015627,2025-09-02 20:02:00,A,1756843320,10s
5.998025138645245,9.778644393134606,-4.071608241764268,-4.006531364462882,2.9473050740479674,3.861460174913103,18.946451969928958,-6.918572744537113,0.9259062143459322,0.8103224830182262,-0.008983141117764245,-1.1572618154366283,-1.3831455408693496,-1.4131902462679808,-1.844834056371042,1.2166917238415134,0.5000406266289524,2.944602466091423,1.4872411124273124,0.23134270179059244,0.7357387185921693,0.6013433622943888,1.041571085474893,-0.6688102935849185,1.9394280939189659,0.9397057440785538,-1.590768606670796,0.15897969324223124,-1.7845897998485258,-1.2918443015992351,0.5402518347697298,0.3769611906964916,2025-09-02 20:02:10,A,1756843330,10s
-0.47360412344039543,-0.5612451364382732,-2.5443500320591377,-0.8286605793651427,0.49125447445282344,0.3810474628030461,0.03564596817063008,0.907059214826614,-1.1649850715012289,0.5741309011524882,-0.12858002507384292,-0.9235449168453581,-0.3513962084758198,0.07742900358259494,0.17031860700403365,-0.27280664041785585,-0.3744473671727541,-0.3782951268856287,-0.1698851645972613,0.3475611147030474,0.12026867918955508,-0.566510306966733,0.5158227163740324,0.3841156518377006,0.19276008325207727,-0.29881557300703615,0.13292032444342367,0.16324055419315395,-0.007950442462845058,0.09391531418318304,0.03220575902481079,-0.2920792003954295,2025-09-02 20:02:20,A,1756843340,10s
-1.1610249284030305,0.20006965355046558,-1.880558113004924,-1.2749527419979931,0.7653458945528293,-0.2983398147748856,-0.4368437128278902,0.07179398354575932,-0.7285434192337622,1.5951605814172627,0.055020800793012206,-0.1941884546801431,-0.39333642314878614,0.010833158734004143,-0.2314128690389155,-0.2873384809403744,0.009802781524428412,-0.5225086880744797,0.7594187737055337,0.028529490778979594,0.4907515449027741,-0.2007877514434512,0.4434826640181371,0.6911963806210218,-0.34162192578237977,-0.5512541540299698,-0.12810137405673885,-0.047389299536582115,-0.09675837092877397,-0.018566103714474057,-0.052769460494087976,-0.13746984166983153,2025-09-02 20:02:30,A,1756843350,10s
-1.3775348837100572,-0.08835257233393355,-1.169691416085463,-0.6493546787324553,-0.7593220509850259,0.08754717091908945,-0.09408960960315135,-0.13574275149996254,0.5539110104191002,0.7934509950438221,0.2092332225056679,-1.800970264162557,1.7006240008779925,-0.630060899940756,0.7154579898326047,0.002179767861024929,-0.1293161487867971,0.11319651679491803,-0.0973870323213113,0.019436315515299823,0.05631808145869139,-0.342530110505633,0.2432778016792621,0.15284572766542576,-0.29209274040493005,-0.4547028316930513,0.1678472333359776,0.03009538863543076,-0.0453237298127108,0.05913814660131165,0.0647821100011112,-0.08337740299391597,2025-09-02 20:02:40,A,1756843360,10s
-1.8857906908337165,0.5265189472784448,-1.3853033104342207,-1.3792625424039586,0.402723907650193,0.3288686162216648,-0.083445695095106,0.5866725273378389,-1.6193049267479862,0.3139063925297072,-0.23160093056106573,-0.9666306517020776,0.207452639355441,-0.10074341855198682,0.235271181221284,-0.04374624341817851,-0.3320655275553727,0.42225154768282475,-0.27084952080866226,-0.5523726344732088,-0.1873652112912204,-0.5458755411007197,0.38922522499097173,-0.019385594019275695,-0.2115887290194069,-0.49176320145495583,-0.09189549173238437,0.1334932441539441,0.03733109862439803,-0.005002667593685141,0.14798686263244212,-0.16537897080658395,2025-09-02 20:02:50,A,1756843370,10s
-1.4843471671458217,0.7634756731937661,-1.9646619908598704,-1.1164917479633387,-0.15697128378138242,0.6883158832239418,-0.1310128649525003,-0.32211917529503453,1.0343788957989652,2.772014208622643,0.6098153508088442,-0.0495451753119301,0.6383920989441644,-0.45063549020947125,-0.720784831503565,-0.09141271012264333,0.1417346963959077,0.403585147756203,-0.2734190842169386,-0.3224813918622538,-0.6016699740090561,-0.04031203202521255,-0.0359759244260874,-0.3032520317343909,-0.10453634274465434,-0.45002695604849446,0.00732171350689809,0.07632953305515876,-0.02340066222332885,-0.057487420568289246,0.19137368295364354,0.04683814943620425,2025-09-02 20:03:00,A,1756843380,10s
-2.293510165058181,0.4538420900762874,-1.2809889198717501,-0.7295662312459499,0.08959642380226351,0.23082845045595154,0.2033338243641802,0.3166346251924016,-1.68530299228375,0.08230633537827067,-0.26389008391478436,-1.2232145891883424,0.18657509616651424,-0.14289828648891292,0.3503201904018164,-0.042716948837222324,-0.4929656212098913,0.2503669002860529,-0.16685390755479487,-0.2823925816297949,-0.3881334162341543,-0.26676001694567836,0.40195540066478735,0.06839024036900299,-0.13484886750941555,-0.3154511618047932,-4.4428839545774266e-05,0.05292441810427408,0.04112627518743446,0.004438405390248061,0.08329314801049426,-0.11591530775671872,2025-09-02 20:03:10,A,1756843390,10s
-2.3078503054248185,0.48088958815033533,-0.9664548576505935,-0.8243639089705441,0.0624541240543366,0.3818933291326732,-0.5256621137684047,-0.06187950567321329,-0.5423352369071709,1.1197051691681088,0.0860094500904022,-0.7700719824995742,0.5235118481926566,-0.2918747100623942,0.32793521217034294,-0.0909332939739175,-0.5302820138144737,-0.4763639514826027,0.1737551387016449,0.36234736316889654,0.4027420480246378,-0.2440325742674916,-0.09363857505538575,0.24341738083469674,-0.29818188311710847,-0.4987213256072472,0.04719054175631171,0.1287486125454448,-0.1686857263368324,-0.1890293085722693,0.012211051578760715,-0.09807424061959218,2025-09-02 20:03:20,A,1756843400,10s
-2.6565845433609994,0.998573299459183,-2.4472473108762145,-0.19519864715998217,-0.35178090421835484,-0.09963712121831501,-0.3395505981359731,0.5279997041967366,-1.030856668213025,1.306767170523424,0.0077202964747901896,-0.34566011829926807,-0.9895737464191731,-0.4079180319093954,-0.5509965859853708,0.13655375572866038,-0.22687628230110277,-1.0356387781471592,0.20758065313419133,0.8687611072912552,0.5376081027687772,-0.19028531993461653,0.12057483520186384,0.6980310404713742,-0.12997372487470527,-0.40930226389188207,-0.21012655040663442,-0.05861219706359944,-0.11017132007183142,-0.06119043035262082,-0.020176606051891456,-0.03322579828120609,2025-09-02 20:03:30,A,1756843410,10s
-2.121194510015245,0.7769050275875894,-0.7871689991725623,-0.36937392308484285,-0.7605723842063474,0.40174991847693,0.5438541409169639,-0.7914945093750955,0.3348214662596414,0.9104244445701553,0.21955473947201537,-1.505846974105182,1.6395974282619954,-0.9060028309672524,0.37603267114018873,0.02282614598528014,-0.2608746461263691,-0.08096196293221265,-0.02401444761715348,-0.16141676220378773,-0.3258705235310659,-0.08252627033098343,-0.13615403327908854,0.2362217703224158,-0.01878873825634644,-0.19551337887286244,0.060508398763381516,0.03965369328723863,-0.0038433706850103007,-0.0676908273427137,0.056708761416672186,0.04707666273437339,2025-09-02 20:03:40,A,1756843420,10s
-2.4767464300494555,1.3285682243337626,-2.2530356352446557,-0.39342501453118894,-0.3971927770620623,0.21302759992366732,0.8473983911245135,0.02049002287594079,-1.4072341661827987,0.6498262037222863,-0.14061486956628524,-0.759439766224096,-0.2837301928431904,-0.5689955121576789,-0.4519632616076494,0.16317733429240933,-0.04673071109947693,0.30792950758560605,-0.29177646864564827,-0.200782358887175,-0.7033936433192509,-0.15000244034297192,0.2930648555924471,0.1629196377040391,0.09840493762968351,-0.1333186713121706,-0.2647548026268792,0.08738232359628034,0.07263347203409874,0.022897671729583298,0.04533818774177853,-0.09127170465257285,2025-09-02 20:03:50,A,1756843430,10s
-2.5409857894559726,0.7111663333662719,-1.9493214422330367,-0.07623364900336912,-0.7544468706396193,0.1732597793753385,-0.2615388817460612,-0.32852798567015207,-0.4513177744484807,1.101146150383916,0.08324720086278088,-0.7513562059521711,0.2732063300640543,-0.3998336015340209,0.33404725294651866,-0.21992958177117378,0.8514932485993427,-0.1025351086479815,1.106237840373526,0.25785034817937613,0.1221933428917577,-0.21502093969890293,-0.04346196219948594,0.129933122169693,-0.27677046665843474,-0.12271782958394467,0.14348069775869618,0.11526009008082806,-0.09810233582293067,-0.008545879386185059,0.08644439378161942,0.039649362284716605,2025-09-02 20:04:00,A,1756843440,10s
-2.722704206471627,0.6549443057961225,-0.8353893584471485,-0.04353543852604778,-0.5496065359573489,0.37509570332866377,-0.6181808970079399,-0.8140691869200277,0.3172569081302493,1.3250035657286467,0.26991807468340734,-1.0021445576304433,1.4443532031172026,-0.80685243158197,0.4420483548039138,0.10243062318396186,-0.10737586021734698,-0.29394097093875604,0.0452847481249411,0.35737496292870696,0.3942192899712194,-0.41097168826287833,-0.0709462376774425,-0.2790565499622521,-0.1867115517092886,-0.4437182104560008,0.11950166268563829,0.028852235501054403,-0.10752823177743934,-0.12314509145830675,0.12124294824289575,0.006805355883796217,2025-09-02 20:04:10,A,1756843450,10s
-3.3943078132308977,0.8603335228127387,-1.5234251170247293,0.13091181503994048,-0.3648629206735989,0.09431027450879552,-0.5945629367247462,-0.019060898761010154,-1.670943167776136,0.43124334406567016,-0.20078831391643917,-0.7725475942891762,-0.24118254487210397,-0.3944395684693784,0.2194623228680245,0.28155330394643313,-0.35161282855719256,-0.5426964863322888,0.0068611930815936015,0.7775152061882282,0.007849078394766704,-0.18204708063763478,-0.27775398433413834,0.17646751621830278,-0.2608871564186116,-0.28204226214051836,-0.13165406914004996,0.14171840731318777,-0.17821584756496955,-0.1576890902790242,0.13618878651282232,-0.03361494052953018,2025-09-02 20:04:20,A,1756843460,10s
-3.2989306368320945,1.3935993300997072,-1.415145383511058,-0.39665009399454715,0.026444203602232735,0.28382432755250836,-0.4255251413098374,-0.036028542768938465,-1.6911993661123743,0.7994137472715226,-0.1496177161231,-0.35916494657946013,-0.29249746402689825,-0.5719829747406676,-0.3224898901849448,0.35172516652290026,-0.23015964133927222,-0.5340579869697758,-0.07288402147993213,-0.024098235380452148,-0.3006196997855162,-0.16368974612650003,-0.13807455497569018,0.30376740244397354,0.11348832324541461,-0.13848920682915267,-0.20587357284111127,-0.015576368678498874,-0.025673166181685136,-0.09691743725491773,-0.004539207616741057,-0.03931511309709321,2025-09-02 20:04:30,A,1756843470,10s
-3.224033249751405,1.2282496517794965,-1.201873402935928,-0.02279725647622585,0.0206801034390888,0.4604204444077062,-0.12010237577369667,-0.337826825582269,-1.810466911475712,0.18728793949941408,-0.2676011331911089,-0.8845253451027972,-0.06157296960717814,-0.35877398287849394,0.4470643670325166,0.2988996665672815,-0.3875684874777824,-0.16587768184100868,-0.04808419901681686,0.6537856732680777,0.17551416820855945,-0.36018478253014885,-0.10301722612548046,-0.34561559464544,-0.1977979598569617,-0.27727181413368773,-0.09242426021776161,0.13811724291468178,-0.15181888227595638,-0.20403664507682995,0.1721088706884,-0.022452036431241294,2025-09-02 20:04:40,A,1756843480,10s
-3.4277402321751107,0.8617378306462915,-1.0861560090672275,-0.1840976307949129,-0.013340463942029151,0.37676950590912345,-0.7454165494984775,-0.38675765689097674,-1.3422479091258692,0.7428023449537533,-0.09012766279623184,-0.525228868082361,0.21858622200678035,-0.36577582453830865,0.3622859789587004,0.15495153349680515,0.20736299969089822,-0.3547759347333553,0.3447770454972537,0.24509208583996733,-0.4839945289724081,-0.06509227837948127,-0.49738419283328744,-0.3759721447955723,-0.15220494507177637,-0.18495926613188887,0.05445489354539763,0.16972961478604878,-0.1201691806108332,-0.1567618346590669,0.18627537863786778,-0.018203281453995867,2025-09-02 20:04:50,A,1756843490,10s
-3.844587502807944,1.2757696314877625,-2.2454147704389715,-0.041651743451449307,-0.020943445887840008,0.07943014634923051,-0.6494715161926593,0.0786702611905744,-1.3657542584009916,1.5396186379008419,-0.014617222068365925,0.23086143175409707,-0.8501903710317654,-0.6706812361802926,-0.6026124007766522,0.5367417704144857,0.06828749052489864,-1.0056368434615275,0.10178448817678468,0.5051073269443335,0.6539274721634963,-0.2921681747584009,0.3750105108043691,0.206936156437743,0.0947312196193567,-0.08717235716868602,-0.2370469241362164,-0.06840009175839894,0.0631340400222708,0.034766905824648336,0.06376242195021488,-0.09731040232045815,2025-09-02 20:05:00,A,1756843500,10s
-3.6050416449754077,1.2384500978776465,-0.6905360523150057,-0.7294364254118664,0.2503532736146558,0.6409849249779073,0.004430143518977787,-0.5146111773577217,-2.206013383183885,0.23452231427304895,-0.3011553754664832,-0.55173573839736,0.3377476280747195,-0.44242485857675534,0.5441112179163687,0.43460776910498367,-0.5241328351039153,0.023213867198400098,0.037079561996911155,-0.15391838032534919,-0.06036989215749251,-0.14260357107640104,-0.21962145380840598,0.21888970026208365,-0.0021281482706042225,0.1886413349896497,-0.07527052879614898,0.09343558349968396,-0.02341892744606079,-0.020352381082234163,0.13984967614885654,-0.007307854643896504,2025-09-02 20:05:10,A,1756843510,10s
-3.853677399172853,1.0113706274903607,-1.2166160837666318,0.2284871341410343,-0.2506634238934775,0.20610890319481476,-0.37107437367313845,-0.20907257351188202,-1.9657630082050748,0.04708292030737019,-0.30952890647481296,-0.9172687672465515,0.1595173291713155,-0.6176589386452606,0.469034720788164,0.5182790472067772,-0.17454543761107177,-0.21203611638305778,-0.11558171151961655,0.3796112871992509,0.04453312640031766,-0.31786878334072366,0.21034878843868618,-0.36103721861192983,0.03863844919754431,0.054403741777465466,-0.11607027201594591,-0.012903858128448631,0.13869786685052934,0.01891863655780234,0.07731812098686687,-0.029202343415313123,2025-09-02 20:05:20,A,1756843520,10s
-3.6861213583635704,1.5713312878002306,-1.8909772455769973,-0.6161416242926733,0.2826241727357023,0.5254378269321979,0.11668742657682117,-0.3413536972476153,-1.669688919366452,1.475026394474995,-0.06318036097669834,0.38420828361742654,-0.46017928317197854,-0.6681683636187952,-0.6361869308467216,0.661545545848445,0.17288632516457111,0.19483962902042237,-0.14559758729753128,-0.5489788458959806,-0.08519100969392114,-0.30073934034562816,0.650907768791195,-0.09035519522975513,0.3465893548592434,0.3142801332369039,-0.21087430392673914,-0.07556446094665384,0.24117893878197783,0.15761818714856127,0.07550475208590135,-0.061145059211741654,2025-09-02 20:05:30,A,1756843530,10s
-4.103012691801237,1.1873001806184589,-0.7213151364291407,-0.3077408405843969,0.7403470131945866,0.6725101917702669,-0.6283115464435265,-0.4248475908669878,-2.0175281177161057,0.6639658168775541,-0.2226756144099272,-0.1436336857097335,-0.08106210250590652,-0.4123605860931442,0.38538930866328197,0.5803368414603095,-0.3396972379600165,-0.5159475802276348,0.010846249305587636,0.3463041126323521,0.38498151244094586,-0.28355582164297477,0.05393576477121669,-0.4585202206248575,0.02895534689164994,0.04634338175576438,-0.13746578038542046,0.14306354131685367,0.008768865885781246,-0.10767238711338152,0.1909364733623365,-0.132782044800146,2025-09-02 20:05:40,A,1756843540,10s
-3.8948729269438345,1.601943070851174,-1.0202708748161202,-0.0683938731994127,0.23278808745057936,0.5716445960572589,1.2513100207563248,-1.4486423901079566,-1.01023407767225,0.4042065150799546,-0.1343861496014969,-0.8839794997658957,0.8453308534951026,-0.9824534497049541,0.6126802562335013,0.5189499040366007,1.010452520487625,-0.1826144911287091,0.9201051364085151,-0.43539948712404675,-0.1342229478153772,0.13244393601446316,0.6601331796461646,-0.406431544870677,0.09620314460861117,0.5064362922243177,-0.1876299125112778,0.13739604795407812,0.031217386580374647,0.008620419358946835,0.26343012347611205,-0.11238141285242827,2025-09-02 20:05:50,A,1756843550,10s
-4.038055684147971,1.06694440354465,0.31002465813509594,0.09962470668146312,0.207446612830466,0.7376726699708889,-0.40484491765214325,-1.3346210576184214,-0.16236985545646584,1.064937469742577,0.17186516583739095,-0.8336071015941516,1.8542167787102897,-1.0152518204081276,0.7792398788874062,0.5400220354976715,-0.09129784137332625,-0.22869970744486312,-0.10791911318947094,-0.268362096012197,0.015615724569408754,-0.2683165396004771,-0.10602977005757555,-0.7606599488564292,0.22473820646895595,0.16401180851190494,0.08783902515503808,0.046842941085192116,0.07914280251812322,-0.03599637527986391,0.18529446303949115,-0.05465777050838819,2025-09-02 20:06:00,A,1756843560,10s
-4.470435321330253,1.2689608416069333,-1.6805645293321434,0.6254643138217051,0.23931125490550922,0.20418167481745125,-0.7665563878639019,-0.09945331637158027,-1.2866275444542274,2.1066995187785365,0.12517495187833388,0.5844875597737437,-1.1279116973315069,-0.18444287792472444,-0.612126331618648,0.5157119163630512,0.05215121450594039,0.2333487774682283,-0.2762896039158528,-0.09765337587882261,-0.6384919769662656,-0.1017070923541889,-0.25779770424644904,-0.6092589288973941,0.10057245922682068,0.12337476092112983,-0.12984014530512106,-0.05458786386269515,0.24795700463038817,0.05058195757178451,0.11914564075181787,0.07685085619336107,2025-09-02 20:06:10,A,1756843570,10s
-4.885510601875458,1.006171659691854,-0.26100819751376775,1.365535562054881,0.4646752876101754,0.2300412160534531,-0.324118651186212,-0.9736794178156809,0.8924608869629872,2.887391289516569,0.6036985435283359,-0.13080165425369902,0.3391542650250698,-0.4847263556025172,-0.1581522196611515,0.4332581342949437,0.08109953334077862,0.34801061310885956,-0.17706848883599102,-0.9062638864113046,-0.5710069949496349,0.11482555178068464,0.36588332341905777,-0.6346220461531258,0.07770563660259397,0.3038491620904242,0.0693029997435707,0.046850489141329076,0.2010513201859556,0.0801642220742929,0.06065354714863664,-0.08014925170768016,2025-09-02 20:06:20,A,1756843580,10s
-6.568435280204507,1.1970598899480085,1.3977376836471287,6.101580884564736,0.35058285057218813,-1.621619944458479,0.4889033956028263,-0.5660155890503293,1.8395593520136506,1.3610656045292209,0.4850203801254375,-3.0813336370196955,-0.5432217303344765,-0.42852201840781584,0.6975352452185161,0.13283252605928608,-0.669215257685294,-1.6499854254366946,0.26838894031450805,-0.0030520713549276007,0.055927086000304965,0.32619025236866656,0.8238323539755713,-0.27692701954029586,0.12089273060362193,0.21272269515429626,-0.04942596793363439,-0.4450090978556444,0.19372441876420077,-0.06717894192292659,-0.18801957912707704,-0.04212950183344741,2025-09-02 20:06:30,A,1756843590,10s
8.946686037323358,17.54999623600984,5.037657114965732,-4.202198702255192,5.338463604217255,3.6196681051981883,-5.403574471521088,-1.7800151163017872,0.2818805436988315,-1.460073523246323,-0.3316970541775417,-3.28498566937044,-1.220772181373437,-1.3879300829507402,-1.8926433997230605,-1.4266198991829768,-0.06459032904747476,-0.6885903106339178,0.6532802730262007,0.9690151052780035,0.19787678425420316,-1.0958165738890515,-0.41729403333705184,-0.18488714781718094,-0.9095444136527754,0.35874722556166205,0.41184455190046915,-0.10552641021416526,0.14438155862031893,0.38126228817279767,-0.23589508059990966,-0.32982139429992396,2025-09-02 20:06:40,A,1756843600,10s
12.716154956842164,1.0916704140578797,-4.8916193715032135,6.2707297020712325,-0.26734074491345794,4.459320135367829,1.255219416215278,0.031310387309974874,-0.43942157718839275,0.7160285661649555,0.16935534004246694,-1.3959404730566687,-0.9877080174776041,0.11078841588651182,0.734190733693403,0.6499167681179737,-0.10266904253692873,1.5222836392041013,1.1318327410545148,1.5376960138188802,-0.08940228371622437,2.3681546198765067,0.11360351718111109,-1.1156037187381094,-0.12044550154699436,-0.6052351646818258,-0.8621160285295907,-0.5133092985244361,0.25745272356371723,0.17931395264027294,-0.43834892797879876,-0.1993684342794794,2025-09-02 20:06:50,A,1756843610,10s
9.78211321837585,-4.478964648679948,-5.262858206100619,2.8589031475330944,3.7372180008947,-1.485136250771019,-0.48759482765064904,-2.6318158328025865,-1.3388753779845939,0.7352146413808871,-0.3361223499525858,-0.42320814255929723,0.41407956345003705,-0.18847903160089902,0.9527558201238189,-1.213331460294018,0.13907218460139384,-0.7358556967256786,0.4448845899630964,0.7982118272709453,-0.29255965017960345,-0.2316330896352096,0.29514841167692674,0.40673073837857204,0.9359966949766327,0.4337696731371169,0.9301311876062718,-0.3237057300431602,-0.2882437988563647,0.3599639432336715,0.014353036047778996,-0.1413786787966516,2025-09-02 20:07:00,A,1756843620,10s
6.815624827151546,-1.7867520352886412,-3.2405703973428466,-1.1216044193410015,3.2628214085244363,-2.550321855524654,-0.16815278366670539,-1.9565181394614297,0.7742688084342774,2.558326681021146,0.19574916960939123,-0.24444094206052777,0.2595723439931576,-0.6670428475782756,0.15260326747509437,0.2976081789355262,-0.15305223779538962,-0.16056917195749373,-0.37324399389774937,0.12205629686009702,1.0556980885998866,-0.17738157788071082,-0.003006036007317395,0.2945697480180107,0.06338696556361412,-0.09724038699057423,-0.4614334058170968,-0.2499010485807054,0.17722965537671634,0.14534657667664536,0.02472557641018127,0.06617519315857782,2025-09-02 20:07:10,A,1756843630,10s
4.3975358238812134,-1.4047633521576597,-2.8843098428798846,-1.598959622373112,1.6394720571029635,-1.006666825840006,0.17906460087081233,1.1298839347070913,-0.518620580984619,0.8099436350146347,-0.20679730450646847,-1.3742104144283873,-1.567855651897775,0.07894838951291586,1.0086408612301174,1.7363507234266038,0.3056405685447184,0.07811185076987232,-0.8171873537979979,-0.057882945069577925,0.6593775954444251,-0.7506966558045289,-0.34625490920676616,0.38197038011005674,-0.15106464973003844,-0.026742695977499415,-0.5686878054229494,-0.23007170535406737,0.009826086475845354,0.38881614637367223,0.11733063053678863,-0.17789345442153665,2025-09-02 20:07:20,A,1756843640,10s
3.2998444517875263,-1.0833917264594675,-1.88602999060515,-2.0261100966908456,0.9873316324279473,-0.43679940553668317,0.2510783259236547,0.9680079977100372,0.1748032486840032,1.0142951797239121,0.0089781858215901,-1.317289158891257,-0.4863611455110685,-0.281774337885384,1.0093620400335384,0.28333420943742593,0.7866263376690104,-0.48051334849962796,0.6255638918799458,-0.06006642219629091,0.42906137271907974,-0.2826680938491398,-0.41897794718022646,0.020684044485021393,-0.012987990875684093,0.17691497275206738,-0.14600111455525183,-0.08958505653880904,0.04602464963374063,0.1069509896443087,0.04132223395784604,0.03121436979915478,2025-09-02 20:07:30,A,1756843650,10s
2.21370733354642,-1.0389004366329058,-1.1188179954219515,-2.340287083515205,0.6887012957001297,0.10161152676084935,0.4628758725012302,0.9479495496507984,-0.13868152020262572,0.5821182339412356,-0.027681362797077464,-1.5257388667452663,0.07552297022856216,-0.17006017477008759,1.1483009383211107,-0.7130856754740997,0.29987063535122116,0.16852356393938908,0.5301097712240599,0.024947778971769974,-0.7021710804235421,0.2063056307480886,-0.4515820056106466,-0.6624934620852981,-0.04832382389514217,0.21590491353418922,0.14315529377760236,0.26518038771859576,0.04708503390224693,-0.10072710641854518,0.12180173968145393,0.038499307074693734,2025-09-02 20:07:40,A,1756843660,10s
0.8871435918374183,-0.9473711943059524,-1.0653882954174463,-1.8955278107336038,0.47307229814736573,0.025114547713347125,0.3231483402136488,0.813926585690815,-0.2238265966054022,0.3826228922538709,-0.0711466411364714,-1.6278748122237785,0.1960459233702478,-0.5214021941917824,0.9198276214718818,-0.5764592907567848,0.5640429463730912,-0.20377965672341117,0.47883780699107803,-0.3093279102473541,-1.0238839271473652,0.3819377356885741,0.3039432623673419,-0.27994983244740257,-0.20099737047369667,-0.19677878325786247,0.061069427562379715,-0.007535960613446886,-0.056982796032320905,-0.007445609292750343,0.1352439362485636,-0.10971277463527294,2025-09-02 20:07:50,A,1756843670,10s
0.4197277136116693,-0.18427911509017428,-2.3056750390259335,-2.2160244842197883,0.4750412782831122,0.12070003354768526,-0.08395819761431278,1.3444670772368523,-0.7571247761473413,2.002670602251338,0.11230234787554173,0.15524968492600466,-1.448813711246977,-0.23665503433091795,-0.5348421135324182,-0.4095785307451697,-0.27351794232718074,0.3113781095496217,-0.43475846009196023,-0.2925154882532138,-0.7435723190941335,-0.018492469135536822,-0.11156303413033365,0.26213103734552384,0.007510595731788173,-0.39581420246266413,0.17308117468195594,-0.21648959567219414,-0.055497786584903855,0.10525467137663032,0.08177669962610833,0.08646099697770333,2025-09-02 20:08:00,A,1756843680,10s
-0.08761352102592249,-0.24234525612495564,-1.7626489259886067,-1.9031075759375997,0.12529834859467665,0.08600950743556594,0.492204336112485,1.0522036304043965,-1.227328082036102,0.2769050109395181,-0.23601987060739993,-1.195885319011214,-0.46766323562039386,-0.5678399070201735,0.6817996007406324,-0.44762267485068813,-0.5208234461765859,0.1612244862273931,-0.2184667117135238,0.3035633733031999,0.10816744266057769,0.0014607138024775594,0.3849483570405405,0.41399825673122986,-0.1052882829072442,-0.10294608924601496,-0.05152896928754822,0.13771186486427303,-0.03981187230479568,0.07370643285693651,0.12211435400151754,-0.0882946092645978,2025-09-02 20:08:10,A,1756843690,10s
0.14799521421637366,0.1513574859709145,-2.3678373764367975,-1.863444986554969,0.05346776849758039,-0.02988908369003366,0.047595956962912744,1.5292623942706953,-0.7820396479815145,1.4313042355218608,0.007634768868881256,-0.3260673349134282,-1.2742733481958342,-0.609193016354848,-0.13499591232248462,-0.6175106747342676,-0.472673644451524,-0.5203770753855482,0.012947072040493108,0.49980060566328105,0.740769407308872,-0.24056586350138273,-0.04189920767035534,0.569583996125409,0.26151931101272896,0.021395127776106585,0.02090140364325357,0.06382776958348865,0.1295473700351358,0.03665305214010044,-0.09464294965144257,0.01701445099250131,2025-09-02 20:08:20,A,1756843700,10s
0.42893447829632564,0.28001747825790474,-1.6698155731235178,-1.8486831110344268,-0.024511155657567105,0.17790306154713398,1.3414653036088446,0.9631825695883238,-1.2684014702393631,0.12482412339450222,-0.2617757492954846,-1.3498225120083047,-0.406532628223489,-0.728045813442723,0.5512921209848679,-0.5644546617164515,-0.6703721708137197,0.3713853820132077,-0.13752217951222737,0.01712853054938308,0.18108079700166985,-0.02549244526242477,0.2970004630145021,0.3198132238561204,0.3074312758261508,0.3882757472691086,-0.18680740724016964,0.16747052842077076,0.2674217740076518,0.021536278408878534,-0.10782167342762816,0.03077485963708979,2025-09-02 20:08:30,A,1756843710,10s
-0.35055732189695676,-0.10743126081882985,-2.3994788523658457,-1.3746883385040263,-0.15037702236609068,0.011129513978490506,0.44025522354204827,1.0599561444126786,-0.796947936032538,0.9214285307371755,-0.07440542974682657,-0.7594482266257884,-0.8261069331144042,-0.7339290310324544,0.21655872159083697,-0.4510545337351529,-0.09814710737267773,-0.08528951229217537,-0.00447324412859922,0.26667236675136186,0.31131258241675536,-0.0268067784333931,0.6271089032161639,0.37601000954292396,0.15188549611893795,0.15389669413123794,-0.05671552594518853,0.12185054861754371,0.23163560549654552,0.15783949738859704,-0.03485846730753712,-0.10500817399009446,2025-09-02 20:08:40,A,1756843720,10s
-0.8153880458637418,0.009643333726601927,-1.9549996229951816,-1.4187137073858083,0.0700020360170453,0.002682888315523161,-0.24819120085801655,0.9738447002180627,-1.0508920442126917,1.206350952178199,-0.0451048732374183,-0.3290133535221428,-1.03531674900891,-0.5115162558880858,-0.0980273945713442,-0.4776866562017881,-0.31915706840300506,0.03425544808714733,-0.45959457108957086,0.028557865748316185,-0.7403456453186877,0.01213747748975956,-0.29897645432629333,0.1384715308967364,0.07102107491847223,-0.31673845297785824,0.1258041175558359,0.04259959104781379,0.037725737543917,0.022039271067840663,0.0804652498644002,-0.004852296459924132,2025-09-02 20:08:50,A,1756843730,10s
-1.3434559673444206,-0.09738479205008486,-1.3653382459565897,-1.735386573083298,0.4636975212543268,0.30649560695162886,-0.36387114539435583,0.7430627709851533,-0.7791715665034268,0.953440998440692,-0.05297040991574088,-0.5463381492327223,-0.3064333971476193,-0.5814889709006162,0.7144647118603686,-0.6297365093213083,0.09195637277414234,-0.35131561112103177,0.2910998600718497,0.06778760290394403,0.37014136517006613,-0.07956324681233076,0.19420939841264392,-0.09072366257189847,-0.17629064285637067,-0.27375987323976997,0.015661867723888435,0.29093253304465255,0.08134669056682105,-0.038013029355974504,0.16227822269472275,-0.16886694599887384,2025-09-02 20:09:00,A,1756843740,10s
-0.4588234328811592,1.2366119230101487,-2.2362999848509957,-1.900875869759993,-0.19139278058461942,0.7115399106261104,1.9351059958118948,-0.6619060848511712,1.1122907938359217,2.423931065310667,0.45858823825122347,-0.0912241979917745,0.33500928849378825,-1.57070850073411,-0.3364210384120038,-0.059350117266799174,0.2579192773110174,0.12211610873231823,-0.01347634845957028,-0.16462983710600487,0.8364030354666747,-0.07005174110785839,0.8016369180097396,0.4672761607697331,0.28120892110872536,0.05716460734252442,-0.16217234983624607,0.08362673315690926,0.06504570755621153,0.1212369344420861,0.05841237633437046,-0.11106806932940741,2025-09-02 20:09:10,A,1756843750,10s
-1.7294432243233695,0.45031498546948817,-1.7767094635554341,-1.0164032357118093,-0.04734846258654225,0.32211361434859864,0.049561520818640264,0.5318113390838499,-1.2699288678591194,0.9468938717336332,-0.10432106518032372,-0.4137938724734619,-0.8184310468922326,-0.7053005142354839,-0.00989038965212469,-0.19569538680919182,-0.22981291937630002,0.25164138292904753,-0.42676062944648563,-0.46842609246418865,-0.8422205072830415,0.1553867173932299,0.16758535597782206,0.47095348906879586,-0.07227878666518578,-0.28279412571906043,-0.024428106127822428,-0.10678418662605502,0.013735832812532371,0.018661309041677652,-0.11684804576694656,-0.054654396205952596,2025-09-02 20:09:20,A,1756843760,10s
-2.1466890836826713,0.2767064766561812,-1.3034285209523815,-0.7869024012543944,-0.17676870828490812,0.13746456720131092,0.04333297479530762,0.18834829486672866,-1.6598472349949072,-0.0015103681156924363,-0.32020076163672934,-1.023547198918933,-0.23852220037577893,-0.8257347500120954,0.8447030217726059,-0.192529279944145,-0.4739535124759512,-0.052018909835697645,-0.1710078447969457,0.17871372226084725,-0.07037120483410123,0.04749870098339546,0.1969689842937412,0.650567021833121,-0.2727318889024105,-0.2909987992365985,0.024345411449296934,-0.018546592992750684,-0.16548609064529282,-0.012255084899438707,-0.022541566861810167,-0.09289885766098108,2025-09-02 20:09:30,A,1756843770,10s
-1.908053750434529,0.7167915407004936,-1.0950586113707867,-0.7876450437452149,-0.4078730969369959,0.5979803444244065,0.0059148952929293785,-0.9508677321847825,0.6626802369317518,1.7475759183961503,0.33540726962259393,-0.4841321798738331,0.6567961442177105,-1.1988555517648707,0.6382201382680477,-0.11570700554315,-0.19224654333384325,-0.33920506100957654,0.047074168520395344,0.6329344600668578,0.5872896125800117,0.06380962855796757,-0.2966985166977206,0.4140295922727227,-0.4213050340500371,-0.42352870309534923,0.1941438260294779,0.08776759570489688,-0.36133169676262356,-0.13854175333036614,0.10599140305362902,-0.0092023572422361,2025-09-02 20:09:40,A,1756843780,10s
-2.3286042530529625,0.5175909373390147,-1.576473456282362,-0.550330297543485,-0.6635400788602451,0.25181214179665157,-0.15068252972059412,-0.22501310953364917,-0.46655520167159475,0.9829556654285326,0.03148589868653228,-0.6064048294450305,0.1129670188595315,-0.940372563240317,0.5695578837967733,-0.45838228675613135,0.9600477272898026,0.28294908624763504,0.6346844850508576,-0.5873506739473991,-0.7229914710618335,0.1099163297244966,-0.1308799966377984,0.20053014073381423,-0.3037367843073127,-0.12599039112204863,0.13055443700693722,0.06946719352209042,-0.050169806733941176,-0.011215648521031601,-0.01730039754254549,0.004832742886360252,2025-09-02 20:09:50,A,1756843790,10s
-2.2803681256817243,0.359517191376239,-0.6935722196943687,-0.2959970978394908,-0.9221228882100826,0.3242739450509667,-0.2891987851902453,-0.650853434076089,0.34629871874002816,0.9964082449410253,0.1957269702358551,-1.1121150338153885,1.278138510984516,-1.4341591249033678,0.8508473788730002,-0.1602346159550289,-0.1358478227490343,-0.09049825273757095,-0.14070595129697597,-0.11206704846816534,-0.009076465447712722,0.05545809777729785,-0.05701618374609709,0.3888338920738629,-0.14136369347937483,-0.1567376152780278,0.06029551957610805,-0.09010842498747369,0.022814941629815177,-0.006884617535793432,-0.14165569899737315,0.04742120401301043,2025-09-02 20:10:00,A,1756843800,10s
-2.313850119255875,0.2235248495290225,-0.17197729868378142,-0.4748601502657354,-0.6155385239365557,0.5062491379535032,-0.2377201694741191,-0.6990197454942703,0.1459872418708512,0.7102017261246448,0.12556168776866053,-1.2315207370347279,1.5607547377227058,-1.3705099992170098,1.0773125304355855,-0.1620048241996828,-0.236294035687008,0.04658801902200705,-0.2663087624800825,-0.33499015853007874,-0.28941861792151463,0.10094036202239964,-0.04916896475748402,-0.016998918615902133,-0.11930116381985803,-0.12920534478056853,0.03359713386113809,-0.01330998754666955,0.06107162804989689,-0.0804599860639967,-0.15267547211780327,-0.021777192689491836,2025-09-02 20:10:10,A,1756843810,10s
-2.691311410643926,0.7437268767128787,-1.6047207801069097,-0.5032190096192392,-0.2375531156577846,0.2463235272302962,-0.10096661252894167,0.03452643665738816,-1.48821251818173,0.6181538696665824,-0.20811096223589182,-0.3918026308016787,-0.6619676717494335,-0.8537852988518405,0.4712938876534278,0.010294490633982453,-0.20956622753553894,0.16437712593707662,-0.14656235062666378,0.17594758451298714,0.32499623913506315,-0.15946284839072453,0.39229579315618124,0.2178175498840273,-0.14672138369496468,-0.10305762779653575,-0.04591597287660178,-0.01600335369787899,-0.005310942361851797,-0.018377302757062165,-0.05110904404833885,-0.04379866491878205,2025-09-02 20:10:20,A,1756843820,10s
-2.3348590595110195,0.7711366277681428,-1.4536724437764499,-0.4740766522919995,-0.6549307462390423,0.4722370380970087,-0.5066537272021043,-0.7028793264624443,0.777937132438306,2.2859584993182773,0.43982371992951047,0.07420058804913109,0.38073211920395617,-1.4137444673328023,0.06383453106327334,0.05954811510773848,0.14305508491950364,-0.4348166972841369,-0.020104121701235593,0.25504209150619805,0.4901267815441757,-0.036278269013339776,-0.0927877898366498,0.2760508645779769,0.02772424010844117,-0.12795864312760089,0.1214336229035975,-0.14048184087211235,-0.047787984628526715,-0.038718687765597164,-0.14048602437440255,0.049129432048206106,2025-09-02 20:10:30,A,1756843830,10s
-2.9173668071445986,0.9246412586187961,-1.3444294195676332,-0.5055305782156785,0.04783039921461241,0.41758398928377294,-0.5706846498738557,-0.06265838104008871,-1.4446739616391973,1.007844390411035,-0.109759216216697,0.05490352596712168,-0.9490200122408449,-0.7531908085193877,0.13622529780377357,0.0634734564611001,-0.3091657082271036,-0.23279445565268558,-0.34716247696458813,0.2255070985575293,-0.6783070521261497,0.29704968635214524,-0.5830196640555394,0.1690015182647709,-0.14429334074915526,-0.1840028204307593,-0.0987851957689538,0.08299388798784559,-0.1597773864592294,-0.20629891649067963,-0.02937741391175728,-0.024542646500449062,2025-09-02 20:10:40,A,1756843840,10s
-2.813670559013135,0.9963424455962521,-1.1782799479462365,-0.2103676139809587,-0.3317683934091112,0.2142074233294319,-0.23108271947105938,-0.22376072567071462,-1.660810515746997,0.1496354750400906,-0.29626477332155343,-0.6218216548870843,-0.5422124667341496,-1.0163220990447237,0.6502587679544328,0.1598517307214361,-0.3484855479268118,-0.3355979894901198,-0.07691203576061804,0.5573396011433898,0.20002410944425592,-0.0297273143934337,-0.13708653281441696,0.39584480318363535,0.0312370086643352,0.00964362967402352,-0.03844670600498107,-0.09117366724338494,-0.10864595754340847,-0.0775883888226961,-0.07092778382571498,0.05273322987064857,2025-09-02 20:10:50,A,1756843850,10s
-2.9294195655203805,0.6890238119854966,-1.1534119326884094,-0.10552799730101478,-0.5492986965226189,0.49647159928803947,-0.3573728290509736,-1.0229442164767601,0.5213177825585235,1.7028244609054792,0.3047879420100184,-0.2271187047380173,0.7370053552072322,-1.5949786617088966,0.3999288626259357,0.30744041918715376,0.202083024860911,-0.5116359412522676,-0.07190338874306731,0.16371924133654397,0.5250155972475303,0.03474359008145099,0.32549854038722315,0.16295653575415636,-0.04780848147128733,-0.013773084837146314,0.004866853934626669,-0.11250427875209068,0.01115063235808539,0.02496428519961112,0.024704849879901646,-0.0027653240631748386,2025-09-02 20:11:00,A,1756843860,10s
-3.127066087041587,0.723024148418489,-1.6082330156690294,-0.3202693582153095,-0.5820644915261258,0.4785801978072478,-0.6699927403235055,-0.969490075846699,0.7451511374413767,2.631168397789412,0.5076219812299861,0.5837525879819632,0.30213251298508764,-1.4809383436183927,-0.3109107687804513,0.29670726084118615,0.40333937038044126,-0.26128963546576134,-0.381887438140032,-0.1951340663996476,-0.6101032039913058,0.33529387298617397,-0.332780805289371,0.15317119012924985,0.01667068335670035,0.05084384620912202,-0.004354273987589662,0.025043260680653483,-0.003342294840357084,0.02059795619610494,0.055971797237810005,0.004244998675927931,2025-09-02 20:11:10,A,1756843870,10s
-3.2759815060504067,0.4840424378037161,0.6952167527800031,-0.21262302249112097,-0.15393728591412462,0.7116874389817772,-0.7685916259490971,-1.2488405566514205,-0.07524750984441986,0.7528773385039867,0.11409931923269981,-0.8049671231133302,1.505691458447047,-1.2044174358541764,1.3441610547685559,0.12189736062616023,-0.3869769429875018,-0.19607185667787222,-0.2562038638329449,-0.1028455735361109,-0.34307351656273466,0.13710533380809978,-0.7375205785892294,-0.44214463380053926,-0.08513010419940675,-0.04752644249307054,0.12746528491105663,0.052099004113262154,-0.09787932631226355,-0.1677119760648739,0.014439637914660406,0.003109558229778824,2025-09-02 20:11:20,A,1756843880,10s
-3.636344122241795,0.6964392015622614,-0.846629681442673,0.5138956213156314,-0.6916422833482246,0.12057617674086728,-0.20040650029348098,-0.7531342141666576,-0.7165777102687215,0.17794487453072325,-0.12404490394357912,-0.9491353488505987,0.2740719807145732,-1.2339745935433644,1.0101771806237465,0.048857511878406555,0.9120121273134731,-0.5157860339701932,0.6308014230016853,0.005122217347221366,-0.777891359731324,0.4832123620226419,-0.23854644323429486,-0.2776166832837284,-0.1732274808669229,0.19147287929011408,-0.07301371449297073,0.019886120686857366,0.04599102034210119,-0.05229548331899056,0.08484053229777741,0.0400015314531897,2025-09-02 20:11:30,A,1756843890,10s
-3.654324961098723,1.195673095541702,-1.64984416469327,-0.5376254879078778,0.041943446307296045,0.4725480313483313,-0.5540363439528143,-0.2084469441518092,-1.3719469971934966,1.8203490146003378,0.018752739662158107,0.936597349106915,-1.170394747749266,-0.7261883229100966,-0.29007350706649515,0.2211394518342477,0.06958189615516783,0.6188688038309395,-0.40515586754331384,-0.6576001851590952,-0.4714243670397534,-0.1472859395455525,-0.14359118946517072,-0.11633848389124614,0.15730217435864405,0.17424236256765854,0.11112772735235543,-0.0671616660529868,0.08782508851593655,0.08498466907479156,0.03563772994236161,0.05586922321600845,2025-09-02 20:11:40,A,1756843900,10s
-4.411045104119228,0.7449420716142416,-0.34576698325032995,1.4072140214590136,-0.040142724734450165,-0.06359054714595141,-0.3848467450939804,-0.39058251558900325,-1.4434567815721513,0.07399395446633321,-0.26721315133375767,-1.0054303649505678,-0.8969264645857775,-0.5259192209167434,1.125025614041266,0.11457210308797688,-0.5320188799322891,-0.24249814363283687,-0.20771696783178795,0.30653784540005025,0.19458062517541966,-0.05062660063816657,0.14711057259320565,-0.64464647457607,-0.13386334298238156,-0.0585338888120537,-0.00521928573224902,-0.0942775885328552,0.08081747778537812,-0.05404742170594913,0.13154854672010108,-0.009359806694632856,2025-09-02 20:11:50,A,1756843910,10s
-3.8735957522829745,1.2796369510050816,-0.8688216308284386,0.23507361180422276,0.00451826526609852,0.2339962919044118,-0.5601808113950295,-0.38146188964338745,-1.3311608896634772,1.4308762320407402,-0.05972468898251485,0.3079527141427651,-1.1652854635907721,-0.2619945946196351,0.534336694697201,-0.1395465004809642,-0.24539547305805723,1.3577752774979022,-0.11000060404097711,-0.5929427895822856,0.7980581339225951,-0.9545110132484921,0.22828312362535544,-0.6111640137808638,0.06497999697771505,0.09825469010081901,0.3981453613919667,-0.1169934939023947,0.088522241667454,0.10301970744875709,-0.0011511273909626677,0.05974645909817688,2025-09-02 20:12:00,A,1756843920,10s
-1.9389315583792313,1.0148884090682306,-0.5300489618778049,0.6528867792788056,-2.2723927628886673,0.3894528270145797,-0.8702188658480182,-0.896068816332963,-0.05871176666355336,1.0780960438664875,0.16166131366287945,-0.4168037882793802,1.5410197609820977,-1.5020276242466741,0.7095040423548031,0.08853536387743569,0.3839178273008717,2.021147190553465,-0.22119671812215613,-0.13444575828374994,0.2247203628963039,-1.4199412733877006,-0.5636304946320372,-1.3066481134101058,0.43882643607094585,0.15991442626868907,0.4390588034038845,-0.6541431801965452,0.4563526137189876,0.16141340421506992,-0.67667786383361,0.49926835359352595,2025-09-02 20:12:10,A,1756843930,10s
-3.454100134919833,0.4368673867597975,-2.2131747754999465,-0.04914406430524235,-0.014686918022831551,0.8090222342131256,-0.8112556448158417,-0.30276293624671025,-1.3291361274987072,2.104226951576127,0.07013686197871434,1.438709645427419,-1.4262265472071067,-0.5482149118332589,-0.04689169821776681,0.6027922311501801,0.20571183536503823,0.8615041043760193,-0.2192117649546097,0.5376777539185472,0.156463160782906,0.10611378327100109,0.42205395423306563,-0.6542782088463391,-0.3638721673023314,0.2096865324517257,-0.2314120411354059,-0.04456506889689021,0.2873940584837416,0.10785707203504714,0.05803163206475494,0.09050387260273644,2025-09-02 20:12:20,A,1756843940,10s
-4.047920408054885,0.8202595638319777,-1.508726238374279,0.2438125162984337,0.1952304796785042,-0.03583824128838797,-0.5364150936113841,-0.5042367893925533,-1.347735975417734,1.3393159525127092,-0.10009615569019123,0.6541067419891862,-1.2807551872527663,-0.8906381593961786,0.1881022015263394,0.7219405488507462,0.1064459554771614,-0.1320064666112694,-0.08736775931969175,0.5881795002281289,0.43357378173095906,-0.13334999992957508,0.45530557752648904,-0.2086732865737907,0.2675499763021449,0.3190121021085092,0.3435949969982561,-0.24650066808909168,-0.05484939544379436,0.10599464943652877,-0.0033527341621540315,-0.04344377874741937,2025-09-02 20:12:30,A,1756843950,10s
-4.479690785429004,0.7347465904048917,0.10777352073467585,1.0775101096511148,0.2632412291452725,0.16358663786978495,-0.7264018832831034,-0.7942422713420776,-0.2915533146734843,1.5700917721501972,0.1746794105701714,-0.002187290280800911,-0.4824269442586926,-0.5651614124634562,0.7573578383858739,0.34120815546455086,-0.2711115749507724,0.34631558735081125,-0.25399167922953253,-0.11986509849463985,-0.4358272280739081,0.12867824302212189,-0.4371814922652804,-0.5908209225254963,0.05311627190057726,0.26942745205780244,0.30104358441263473,-0.1748164036897362,0.022901420529930938,0.019389299828992394,0.1060115943611465,0.11462354445898768,2025-09-02 20:12:40,A,1756843960,10s
-5.992790724701416,0.8891351851900334,0.33194987122807823,4.789713868366847,0.049373529188203064,-1.403936600983448,0.448592742021239,-0.193680700104948,-0.24972546239514648,0.3675070746341345,-0.05499108739413018,-2.0953411625557252,-2.258739890700794,-0.01552112370182297,1.178811398939195,0.055221026692033014,-0.7397742001471915,-0.083383945406385,-0.13666510491826975,0.13745512444014657,-0.3058984390793198,0.2835412847343905,0.4935001267719155,-0.3635447416148228,-0.09831169907543365,0.37231789704992335,0.13539651359898675,-0.47506939075471116,0.13576439375158714,0.03167448614278598,0.07737606783005485,0.03983656600071599,2025-09-02 20:12:50,A,1756843970,10s
-8.839755513452394,3.3839432202892623,5.321877956959452,4.496950201608731,8.81729350284683,-0.3230992101824561,0.7098759429436904,3.0911805819606983,-0.7035768237023722,1.8285356796793955,0.1184263608896611,0.7534744119792878,-0.08328610542038738,-1.3376584057997605,1.0240132731035327,0.021241185489168004,-0.4864231540649352,-0.25047248693532914,0.24587422048078006,-0.21021588629440685,0.7899238715649364,-0.21686536572614035,0.3036445329471237,-0.9488424453404598,-0.16108081485694292,-0.5157755050699561,0.07285098793498172,0.991326793381356,-0.9931019257714861,0.5754554802529085,-0.0750597719771757,0.14379487139080577,2025-09-02 20:13:00,A,1756843980,10s
14.914497791479032,19.050369254147366,1.3405505225462633,2.2575517750954623,-5.70279264751676,-4.151556279510243,-3.698365467667851,3.1225585739530146,-0.9365658375286133,3.705216591661705,0.735583275264289,2.5054757812072106,0.09214866347729263,1.9169634508187254,4.767857262770628,-0.9793786985611596,0.7764796685330574,-0.5095903946637959,-0.5914692525479185,1.067088882263592,0.07041180545067337,-0.5120845572505897,1.3693502353310223,0.6014519343475644,0.008682035630569017,0.7132141479303297,-0.3910477233631796,0.23048670133963378,-0.52278357422539,-0.2833185965994549,0.09020844286810702,0.2776919796902878,2025-09-02 20:13:10,A,1756843990,10s
9.304135679250887,-4.304748095746674,-6.457323765018041,6.955638339188619,2.581715048574715,7.865677441580948,-0.9796796361519061,0.19309226205152855,0.39407704262063536,1.4963646077521318,0.5501781377349633,0.7125313235602222,0.5834122700270092,-0.47083646744052643,1.6093990060601544,-1.9413399288535385,-0.31124650548378263,-1.79070313437126,-1.366612955116742,-0.257634315263792,0.7707614629945212,-1.5540519752063835,-0.5559021654477182,0.5215246032552212,0.5974622532691184,0.14302591918404475,-0.25176135733441735,0.09899213955183069,0.14353741985927448,-0.24870100472387976,0.030570586262803637,0.09334960464609425,2025-09-02 20:13:20,A,1756844000,10s
8.609131233604717,-2.072930834948741,-4.466431308367436,0.5519335754181854,5.1802575068738115,-5.602046341746658,0.7112687528165228,-4.77487496545217,-2.589897102756612,0.07922473354875575,-0.8860942319436528,-0.0022503003151180434,0.16217564625688885,-1.1972455797876524,0.17910576568598527,-1.978712663069808,-1.219433014370687,1.1415182636015229,-0.8992726079711287,0.1362122065300626,-0.5428888517242159,0.8333490975690682,0.09726322897233036,0.06781306329068096,0.09162294725235993,-0.20638804557813287,-1.0109021339202078,0.09575395342319111,0.4816910276790021,0.04510874073369213,0.25792213512036793,0.16078266107819425,2025-09-02 20:13:30,A,1756844010,10s
4.694854148436812,-1.6580794151548117,-2.777353161061339,-1.2530984510253096,1.5867437457405822,-0.9957578126691567,-0.5648078735905714,0.49578463059750855,0.5331787130428527,1.1860175666593362,-0.023306724418014197,-0.6742071840559545,-1.1670791278997192,-0.3786951873260976,1.5003507820537236,0.5591819633546572,1.2220009196721375,0.07309726037803173,0.08856387768239382,-0.33403763543194875,0.8442144174198822,-0.5878740620926123,-0.7484969603820025,-0.031018959501037918,-0.45618394012898034,-0.06184301596871086,0.01406576652564669,0.07817071866421807,-0.08694485895207368,-0.01017803802942728,0.04378600963064587,-0.05929361695899624,2025-09-02 20:13:40,A,1756844020,10s
4.25479976110486,-1.1635537884848504,-1.8345485822184948,-2.0108217643331616,1.7049983517840002,-0.6580706807787977,-0.14055088005734442,0.790188922977598,0.5901767069665318,0.9204879892862462,-0.04589008102806072,-0.95350881449272,-1.1093199889389778,-0.3443705546650242,1.6432019390037913,0.9498866080536067,1.286136716004348,0.15694936533240592,-0.10210595981953968,-0.9064449865537668,0.5326988003729235,-0.663021161817637,-1.1431209105010907,-0.2989703926165611,-0.41887974784880666,-0.01688370035925329,-0.5733153049198071,0.07798403150172431,0.06940330866067043,-0.049675843830369854,0.07617669097786371,-0.023523002568911863,2025-09-02 20:13:50,A,1756844030,10s
2.3761205252987176,-1.2376311718251833,-1.8793283928167288,-2.2259104748345186,0.6585713534056165,-0.15829788317068128,0.12561501636172503,1.4881409527303315,0.5331911141988135,1.1226596023773643,0.06995546566275603,-0.527833251930975,-0.8948376190783701,-0.833066061310284,0.8245988657204936,-0.73783676164737,0.7800980862443103,-0.44314132779077586,0.49409206547278545,0.05532340933006395,0.5036806329699611,-0.059765871360338715,0.3090863564396408,-0.652907380034206,0.0870694921023946,0.22392454155555405,-0.018579069701320255,0.10714159047638089,0.2196113793550473,0.0004183607579713187,-0.07287893324499202,-0.1252366292193643,2025-09-02 20:14:00,A,1756844040,10s
2.2491444838768495,-1.4350241163324842,-0.7734244063713221,-2.4196200180926395,0.09520097485108794,0.01857101184300817,0.027771099713512094,1.1212995135914434,1.2633606852854864,1.2744133318618156,0.2959900840459539,-0.9397599449847989,0.4790554328270151,-1.0280978043387023,1.0329738780767652,-0.8773209256272725,-0.5092648020369843,0.1999036825623388,-0.6364550949399941,-0.031025591253801228,-0.29348320312434406,0.17439636843780726,-0.5744411091509745,-0.7140556957214529,0.3138100844600583,0.45563176689859014,0.274857284309379,0.30517392714797537,0.2553215861524644,-0.08062862016148419,-0.072769981198064,0.03709757448087357,2025-09-02 20:14:10,A,1756844050,10s
1.2936253096699228,-1.0832086383917978,-1.963183254402645,-1.6179300460043584,-0.4213918738291235,-0.27503359415133205,0.3157603677573024,1.2622345987738512,0.4672202119376645,0.7282341302448299,0.03680022511667017,-0.872022377682004,-0.7369920413606951,-0.922490288855306,1.0274990233311248,-0.9380547616711422,0.6587821001403675,-0.1657836578714239,0.651696885742955,0.5474331859342421,0.2280669664314265,0.306884803238607,0.20991306849273877,-0.34149115021093907,-0.1325019078790509,0.1692371828228904,0.20322471692434313,0.10978600005098828,0.11191913514559959,0.11729219849528441,0.040494049743112596,-0.02208615075311762,2025-09-02 20:14:20,A,1756844060,10s
1.1961340263182034,-0.1146680927678339,-1.458544680026694,-2.6923030650528066,0.6008066588147929,0.30536554109325903,0.3289954537776119,1.1283000110687869,0.45874224288479404,1.4016245154375202,0.1551330731614427,-0.07949938785403664,-0.8601527490258386,-0.8791831233714192,0.4158687677835517,-1.1232006307923619,0.5891896754598247,-0.17583592191413083,0.5055566080117614,-0.4482273454847749,-0.22331934013837304,0.26355926272048497,-0.2624650571594249,-0.3649527362361939,0.37515092166460856,0.28800128283345583,0.18555565834420423,0.14739721633042216,0.13245044565912334,-0.10773106681292643,-0.04822472673879587,0.05805889529191115,2025-09-02 20:14:30,A,1756844070,10s
0.3551794770218207,-0.6871113902091671,-1.9074284450951815,-1.996799848092422,0.06662326186618948,0.07484981204398214,0.4681140850107636,1.4578133811356597,-0.7920958269176165,0.27965957458797513,-0.2055254358440616,-0.6289298989512363,-0.9535490335037298,-0.8297581355400868,0.8038846352276133,-0.7974612669829144,-0.4088400166911016,0.6471471698656408,-0.5611415560682668,-0.14721107011900003,-0.0012227260816896435,0.1495667476058414,0.6163820360459851,0.0007667589292172356,0.0755254529001042,0.28229929207134496,-0.007264697102959095,0.20401096607678632,0.3151167112635646,0.20859533440450584,0.06143727739426564,-0.09767344113179224,2025-09-02 20:14:40,A,1756844080,10s
0.44973318700872594,-0.45549627602258647,-1.3096086508993228,-1.6013619915723243,-0.3738203142192557,0.13304886546162942,0.519358409844786,0.24651771808826153,1.3030092909623983,1.2780018518247342,0.28910505884375276,-0.7387905692251776,0.31479765400858156,-1.4303012136741926,0.8497623382170475,-0.7081416309551144,-0.24222289954221804,-0.05691310819386208,-0.2811950359956512,0.2333941575705631,0.5338881964862481,0.16114901398398138,0.24299577674963815,0.054071890853893155,0.1267726345897067,0.03068712933147785,0.2782121100730407,0.059108943080375176,0.061485785583971865,0.05091191552909187,-0.06389664322518458,-0.06107310196010427,2025-09-02 20:14:50,A,1756844090,10s
0.06754818860207118,0.817919855593289,-2.5628965589984594,-1.2740766840203024,-0.3014676148891029,0.04126130071444354,2.1874811519543944,0.4023315916090886,-0.5563347427151302,0.38013934742470834,-0.17758462639988865,-0.5269398803080969,-1.3946642623455208,-1.265935829907085,0.06290233998698125,-0.4676676579799161,-0.05267983686951013,0.7082331298946825,-0.6638511516130519,-0.04893540546457549,-0.4334449814207111,0.11207482106308748,0.39878730180408634,0.07598406444356964,0.25979335947130366,-0.07850989611208674,-0.06838819413781647,0.043392976208631584,0.0007824214980529228,0.08146073288807118,0.08271846939260365,-0.07109320470085591,2025-09-02 20:15:00,A,1756844100,10s
-1.2940765685533884,0.15883352674428342,-1.5671369547389171,-1.5972415695722388,0.5250615246049923,0.36923169428708924,-0.09190373802211828,0.7003730790581927,-0.9371838523322588,0.5979711693273566,-0.1774142257566984,0.015535083870781266,-1.113383806146333,-0.8905930218303522,0.630973821585092,-0.6324126454678294,-0.33498476538867306,0.06946298894516434,-0.4616818223183272,-0.2113821708807904,0.318876370620984,-0.0965688969316083,0.31714866630164196,0.3132178156128772,-0.27455489530921934,-0.4722970667233309,0.14277520217068243,0.08402097831632618,-0.13559285210631933,-0.022917896661505854,0.15211175328146906,-0.15413635937673764,2025-09-02 20:15:10,A,1756844110,10s
-1.5327709128831473,-0.3041455147579286,-1.3244871770941442,-0.13967031087731613,-1.1235318296371355,-0.4228185283255831,0.03699150564246278,0.3263151487427887,-0.7229933973928971,-0.738129753731608,-0.3243480672115816,-1.512257333648704,-0.10955379739656541,-1.1806997309567275,1.4801100318268499,-0.8215574959870783,0.15489127337197514,0.38653453820428235,-0.04156960548377926,0.09400278044934392,-0.48128313367464237,0.09801495880270118,-0.08030886727219225,0.3108858516865888,-0.4560130090108623,-0.3309926097518176,0.23254771000117966,-0.0038699032494147177,-0.15032822411542152,0.009926213602918003,0.06402808842461703,0.06884564490782966,2025-09-02 20:15:20,A,1756844120,10s
-0.44752537449090457,2.071470991192003,-0.918177188945081,-1.4976123616867807,0.2799695347479859,0.8179760966305253,2.489392893186416,-0.9342651667017655,-0.7344128084926718,-0.4073634505907944,-0.31431019385535097,-1.0120045380814906,-0.280589708616503,-1.2214000654077213,1.0599152464016692,-0.569756607743877,0.03886941747369417,1.340186434868522,0.142837209719967,-0.7677612508589133,0.15762602459445307,-0.020016954651728404,0.46555630189407066,0.110568123406814,-0.06405457015863414,-0.016145222308275486,-0.0655250703360879,-0.05107626747371282,-0.34059484878784546,-0.2343679799684978,-0.022569395587843065,0.09362278730769553,2025-09-02 20:15:30,A,1756844130,10s
-0.9789026856638237,1.1258919356212085,-3.2700150582941885,-1.0457163563903489,-0.49603717492268073,0.8392929330576651,0.5332360403629898,-0.45650787641167273,1.7700068242247027,3.0759858693518125,0.6608861785989268,1.1377472692600614,-0.5321291390083525,-1.975026964139853,-1.2582917481945335,-0.23112886393634047,1.0437478710242594,0.7430408623888088,-0.8968597912527855,-1.1696438958719984,-0.8573259427206006,0.3524975177772742,0.8573289512312484,0.49781795480464847,0.14763841989336327,-0.0036962587758276404,-0.4151673635814152,0.06444116011503823,-0.013328194990323035,0.12284135859304046,0.08053105547130707,-0.09558423485197248,2025-09-02 20:15:40,A,1756844140,10s
-1.84382570033061,0.6141949096894667,-2.0344897917207216,-1.0626467243440931,0.4867486208021423,0.2558660972826649,-0.025205033831459715,0.24973295917137864,-1.0400494868640269,0.7866246426376607,-0.1763229925695143,0.4660949879864795,-1.0793266197272728,-1.2504542632411881,0.17692656949527522,-0.5384725843587647,-0.060998391194310074,0.011657180249325763,-0.4030949392615995,-0.6830288689659143,0.6661973050432997,-0.30278999978462484,0.7557544946309128,0.5463551121755194,0.044455951446270195,-0.22708215964676565,-0.06803226340726533,-0.06853788565380922,0.09166230953730777,0.07386491093465238,0.03162900140537188,-0.10400619180324533,2025-09-02 20:15:50,A,1756844150,10s
-1.0946697597423176,2.0173047429023065,-1.1915960137551544,-0.9174879947814256,-0.004563354887943453,0.8166529523582904,3.7573887039883713,-2.2516046842022126,0.7417378466447209,0.2493773028403621,0.025291317861419915,-0.9907777344264299,0.9747068452430558,-2.277436443040163,0.6451117512502832,0.03451634319907759,0.02949645126375504,0.5801864509148096,-0.40466227481205974,-0.9777524433675963,0.0037398148778744057,0.5268975036823627,0.9489649621858915,0.6199076434361694,0.07620104394851109,0.11346708190676158,-0.45572396077892247,-0.006515103017249909,-0.19876664719168693,-0.18085071481626766,-0.06853606649955586,-0.13682703420681733,2025-09-02 20:16:00,A,1756844160,10s
-2.365331429141909,0.20502200387672706,-0.60891853651609,-0.7033905303953165,-0.022582189628702908,0.39503801591180404,-0.4344644588890574,-0.11692456460732237,-0.4051624255301303,0.10264925967040112,-0.13132625372367984,-0.4958430656494132,0.32383645748248135,-1.403301407008999,1.2183200127484404,-0.4034172260334615,-0.25669527911469847,-0.23740497175793146,-0.4622578206110427,-0.42824920489229673,0.32740396982863235,-0.10322951996084372,-0.03845519652994805,0.26351462508761353,-0.13132520967676586,-0.18553860578359777,0.07610667156589666,0.14324591726797709,-0.04615495434080229,-0.09262636020783441,0.03853905221615982,-0.14394845577230259,2025-09-02 20:16:10,A,1756844170,10s
-2.730038305019308,0.641876015142862,-1.1619028841699197,-0.8618846759641171,0.362644416054858,0.2222704571040648,-0.6271610054572058,0.2369106838079945,-1.2517207877329979,0.2709297217098498,-0.262030388963531,0.21048390959846858,-0.8400437656130484,-1.1270902741474815,0.7367006695270718,-0.35855391457501146,-0.3087366970181041,-0.317520024814443,-0.3821977641427909,-0.07029086068951226,0.5897903384998231,-0.03316897795233888,0.09755515743066155,0.09361263809731359,-0.2731214019883593,-0.36107813650014037,-0.16974104259490858,0.10137243704877491,0.028834343650899773,-0.1032888372579447,0.0771075650370131,-0.10892066832735361,2025-09-02 20:16:20,A,1756844180,10s
-2.65649635171386,0.7011469074225279,-1.1266587707801936,-1.0777037099975648,0.18970244512932058,0.6765432091466141,-1.0101464695367175,-0.27065160988441694,1.2657975625217877,2.5660900867175225,0.5397512071111829,1.1445172219911321,-0.16787921056572913,-1.6593845627823374,-0.3692579851284383,-0.23028282455528548,0.21743089092096124,-0.9468134330315403,-0.6192481595531016,-0.52902764419693,-0.5088330951451158,0.5823551380005041,-0.49387176238023084,0.0037420940929635098,-0.0727550822382845,-0.3481176830762785,-0.12866613813146086,0.19655166942665986,-0.048032323539053,-0.24979788132958708,0.009381005071632035,-0.17531666037508936,2025-09-02 20:16:30,A,1756844190,10s
-2.489444129150537,1.3062872825383507,-1.835685585362682,-1.5749017949803659,0.5096144872691108,0.8664941402408421,0.0001726575469443098,-0.40607661493385316,0.18254795873736107,1.9295967017214253,0.21266072933401386,1.3423326673328375,-0.8995766402347631,-1.3141485670280544,-0.17753022121179207,-0.42966394516730744,1.272319066780983,-0.013695209747745735,0.42511158764063894,-0.9078141318017897,-0.23947029190332533,0.36484383808528204,0.20387059701023652,-0.16100981298586087,-0.2001971727394836,-0.06320427174716628,-0.18765687436486808,0.3205901154336139,-0.1347279612004164,-0.18834056189634463,0.15498502988819549,-0.17476369480029896,2025-09-02 20:16:40,A,1756844200,10s
-3.1587598353109745,0.4770176363752714,-0.27078518570726595,-0.657935439185469,0.2548279473085902,0.47459458320744463,-0.131480389925868,-0.06707413330192825,-1.6190894455956337,-0.6206344771419327,-0.4228151409050377,-0.4170993692429864,-0.2700857224204595,-1.0769866698946458,1.2611497050872822,-0.29973729680346545,-0.5560519985879134,0.08216005427313368,-0.4962703351650892,-0.5817853119946841,-0.26835233013401494,0.2147587606325497,0.0738367609848608,0.15472151731941328,-0.14165220012513355,-0.05794655716802479,-0.020531408306286997,0.11600330145260601,-0.030485150114103868,-0.10588523150219353,-0.030710528855508765,-0.16670137865341664,2025-09-02 20:16:50,A,1756844210,10s
-3.274452665791072,0.9826202532399347,-0.7948543804618745,-0.36329853966490555,0.15071450242658946,0.26007379932846814,-0.03553878419264518,-0.21855753353083457,-1.3973760320265503,-0.3122580186187433,-0.36661821440649733,-0.14566436994361234,-0.6462707021291768,-1.2835758665501906,0.8784181484348668,-0.11959494015917707,-0.33218619047500025,-0.30477920649892876,-0.38823776584287645,-0.10322386417216106,0.29025882945920883,0.07593968869688553,0.17334621884241938,0.02104362673610363,-0.13244130796228296,-0.21483024914079596,-0.045100983930528436,-0.04737692256717723,-0.07944735740329963,-0.10063666429688971,0.12465077733575834,-0.04501783597690403,2025-09-02 20:17:00,A,1756844220,10s
-3.358200412595101,0.7799118570174668,-1.024367389259242,-0.5052732391139972,-0.09934292484978235,0.3432991982351282,-0.42182119187801004,-0.021316627995667633,-1.4297651605999866,-0.004739801871126022,-0.3038340897849358,0.19788987776057565,-0.5657022366968493,-1.2062483315999417,0.6347742758759719,-0.10068362880397685,-0.08417577837272454,0.4198540729066511,-0.6723858709881555,-0.6676673035319962,-0.4408072560225537,0.004470454048709625,0.09296194519336744,-0.19211659708455445,-0.0919276127461236,-0.08251383170569007,0.030208872524618468,-0.030422557756482803,0.02898910980834506,-0.029217825916950914,-0.0023489234507237467,-0.06025556393428545,2025-09-02 20:17:10,A,1756844230,10s
-3.5969441268694657,0.7387864002584018,-0.9497582403867787,-0.07025106427820023,-0.24049592418913693,0.17787926147196065,-0.35177459107046594,-0.14634743630221753,-1.4836536845225439,-0.5894818144393561,-0.4110888197911116,-0.2824522977521768,-0.4447839621198519,-1.3613491595445273,1.0496566594425205,-0.0038744071559115266,-0.21878523061746377,-0.21220425030376464,-0.4591375535315242,0.018704540294108573,0.14796317397717698,0.14323232450825396,0.19081794205596703,0.03337006883602234,-0.18300428303923563,-0.023273640086928157,-0.066338640532275,0.007864824392888636,-0.04292744458864053,-0.045281518827693115,0.12151948701442435,-0.051530419012641,2025-09-02 20:17:20,A,1756844240,10s
-3.5405284457994637,0.8403654947586631,-0.8465284328965583,0.0010431463856119788,-0.46277224824601965,0.10899130225580976,-0.33741193302100314,-0.18238553100362698,-1.4821248146505477,-0.4859819647722247,-0.3740973581406506,-0.21093473436996246,-0.48840979097711607,-1.3192837893249112,0.8314482880501813,-0.047247882996101824,-0.26290334642352187,0.01996859150650929,-0.5791675759486858,-0.2864148287944493,-0.6256944692954554,0.28224496625427636,-0.34134672601780286,0.15459889014281783,-0.009834315847582733,0.09980347306518793,0.03881172668644391,-0.03531667852271459,-0.03209024140219695,-0.05034801358301591,-0.0013445125129137347,0.03730895730167578,2025-09-02 20:17:30,A,1756844250,10s
-3.544731710120434,0.8846089827566367,-1.133273205329621,-0.23918910637393032,-0.3506341376665267,0.2679453465467281,-0.2887246456947482,-0.195432764150832,-1.4994120681540286,-0.3493023121119377,-0.37269375207817296,0.05616479524310022,-0.42806750510969105,-1.3370953392157618,0.9121124023353796,0.0017707644009624399,-0.11241512004609279,0.2519076402819494,-0.44372469794237185,-0.26519315335536536,0.26705116434283455,-0.04468823111636016,0.24960627611392472,-0.005358539578950171,-0.0019331493486376638,0.18469797283795683,-0.036592760773360246,-0.0756570783014113,0.1276360620331571,0.09051007690518076,0.03996925215581292,0.024812353598752213,2025-09-02 20:17:40,A,1756844260,10s
-3.464165427182124,0.8267023192058857,-0.4859101476355133,-0.5329903550463662,-0.06003847940548408,0.6098590140109287,-0.6217949731035961,-0.7931341236333351,0.004543979540853838,0.7158525999823906,0.030139185686714427,0.45270318347806304,0.5144960817784564,-1.7126646463816553,0.7670131139072628,0.005079231717102398,0.6164216705374547,-0.3337853995013746,0.1858446949392095,-0.7576910815823392,0.48593940364576976,0.09275351148914467,0.4949832830729915,-0.1853407796796871,0.030592251500559223,0.23283634584205426,-0.045010098928298596,-0.06898972514936089,0.2057589927984028,0.03451055839892858,-0.047745644521161985,-0.07807296505363436,2025-09-02 20:17:50,A,1756844270,10s
-3.5845934602735605,0.594838782998464,-0.3463956575628929,0.142877735704612,-0.3526708994018077,0.3713879995053839,-0.23160828339508113,-0.8010505531436304,-0.6404206912957633,-0.42800983290385974,-0.23829330765726733,-0.40659414681959144,0.5641010931293313,-1.589374250665413,1.2902546020960133,0.18693430571383976,-0.038181604421350955,0.073594581489003,-0.5127376448057868,-0.18582577353290647,0.10331874029136703,0.08935705688957903,0.3721936094305214,-0.5514227227688404,-0.03732238562224219,0.10019248412413176,0.029681934668075755,-0.07787670589152526,0.1089301206306472,-0.008744640324235296,0.02124282779169849,-0.04258465727132241,2025-09-02 20:18:00,A,1756844280,10s
-3.835112727418752,0.9375814008322378,-1.1263205422158131,-0.44560338694952667,0.059170048766248005,0.373606318446776,-0.61471399853252,-0.34174862500491193,-1.4402888643206146,0.07536729662308682,-0.3082585959563259,0.6686473024846521,-0.6996176942306415,-1.290869660057254,0.7272558248056176,0.24749119646335133,-0.06324654021029252,-0.12834405587186634,-0.3558850549172179,0.0576346729584815,0.5052551982138278,0.024007691146147835,0.1672091954017787,-0.06472454354404977,0.015269291307346628,0.22500039324610815,0.024257465036628765,0.0030836653586485594,-0.005096876734624951,0.02821373275619704,0.14348645802885773,-0.03751850468149361,2025-09-02 20:18:10,A,1756844290,10s
-3.8777206850352326,0.9540055131927196,-0.554552745451085,-0.004291408042364195,0.04818607628862583,0.335494810423269,-0.5368302837384897,-0.387978451806788,-1.4844434541560911,-0.1972735041799445,-0.3362254261001074,0.3290542536083304,-0.6319370660985347,-1.1322021819137984,0.8333563619655374,0.20699991076223612,-0.22012649261292977,0.10532214360808985,-0.5214377667742515,-0.22953476814255486,-0.2396211046311734,0.1421124533484885,-0.18383111405080368,-0.3739918059962678,0.07614556026840605,0.19629904987847463,0.010417340979490694,-0.09146582401082155,0.037101757349616106,-0.051448420247279046,-0.044447885150321345,0.02559260807859615,2025-09-02 20:18:20,A,1756844300,10s
-4.182195075571835,1.2626553692337985,-1.8357167517151447,0.13096168515903067,0.04720211069852841,0.17542380321492185,-0.9667415366865875,-0.10907379621462188,-0.8680516615940602,1.1032580157808283,-0.07880698624705017,1.4361419951669296,-1.670197288710013,-1.3841370707027039,-0.0996547305569569,0.40810509827316355,0.17121799292333684,-1.1041139080432394,-0.20929055428470825,0.6556370410272843,0.9624506980766331,0.03654907236711125,0.043245950130266594,-0.03461177047008643,0.14421343713744397,0.11927586321163654,-0.15376264611396964,-0.09257744030165213,0.0024926283815390605,-0.0507786555500823,0.003898774693715147,-0.0779356617096279,2025-09-02 20:18:30,A,1756844310,10s
-4.1194224149192795,0.8946973582180384,0.34527371481528885,0.07189896558887166,0.1444164998882854,0.5044972135187757,-0.20893843740345203,-1.1384694783468026,-0.7634475302358751,-0.42459534015409217,-0.26115648349294257,-0.06584636420095401,0.4211294781979214,-1.294717404495762,1.5972288564388464,-0.00925411516084216,0.6652419192901899,-0.22717169473713036,0.7137290028402696,-0.5713071625912672,0.05035480808712756,0.3253689695765996,-0.026061076726404203,-0.41990545524959044,-0.07532067292743627,0.48228831391542115,0.039332550459881266,0.052946449159340166,-0.010836346064814902,-0.10473635065614172,-0.019013026349888603,-0.08657715176543183,2025-09-02 20:18:40,A,1756844320,10s
-4.192749626852415,0.7202175841742784,-0.16872784908134675,1.1307434614808272,-0.9542211744299466,0.0853900172382631,-0.5814201574103176,-1.1512897801395914,0.6565917830932426,0.2663850830321594,0.09791742566892489,-0.3179310890621624,0.928584782001341,-1.927070183623659,1.1546621873271843,0.3420284829831449,0.11840764739787449,-0.4880268025937734,-0.29117192184795293,0.3277799260497784,0.2975577317896522,0.2544411548862828,-0.13151922149786233,-0.19890328014766445,0.08488237539631383,0.4296764989417453,0.06092444939484292,-0.11085753209523147,0.02923369076369521,0.017639355775648263,-0.07018348312399898,0.10865718332409308,2025-09-02 20:18:50,A,1756844330,10s
-4.215456602791567,0.9150079411838661,-0.36764868581914173,0.8494993027185361,-0.4871276394400761,0.17169187184220916,-0.6000474720758668,-0.8601524558498032,-0.19941716083778868,0.6288770743046415,0.0009607984001707992,0.5277828337623635,-0.4298416158855639,-1.0444236833002216,1.0029416482698,-0.12108700940048106,0.7844781874815501,0.17034506419286505,0.8100535887427737,-0.2863257365234981,-0.1519121833330086,0.330867844181781,-0.5749382365115102,-0.0639337519847689,-0.12381535116858067,0.6254066307099828,0.17233156112053677,-0.004837437183627421,-0.019072215878381243,-0.04594727091037756,-0.10026881941787417,0.17338996872269427,2025-09-02 20:19:00,A,1756844340,10s
-4.955039707240988,0.7710614608599659,-0.6930934315567064,3.2944518225628805,-1.0008254334210487,-0.6965052856252749,-0.4698683619708266,-0.8649970361284566,1.9070943566269105,1.632753038871126,0.47891912357389765,-0.16964673780913908,-0.7591131885687175,-1.2540314576552682,0.69318191778791,0.07208059259435975,0.11044368847977026,-0.2671303712539091,-0.06776211977618338,0.7846106782043466,0.7834928299026775,0.17698815318057862,0.12365670440595884,-0.22183261831470258,-0.11645924925893618,0.36264459244352343,0.1907223569777822,-0.2565158776545752,0.02020005864746195,0.06425187542997138,-0.042993962987577204,0.24489632151161253,2025-09-02 20:19:10,A,1756844350,10s
-7.1679459401502506,1.800306312442296,2.342684228138062,5.650227131081653,1.8581863946284456,-1.5274745368417557,0.5250739644305302,0.20746881378929796,0.07768889154980933,-0.2939863336673705,-0.13947041214287384,-1.7139326785063331,-2.3534618545089607,-0.4405305057245604,1.1737590306006873,-0.28224691913584105,-1.2104211077272242,-1.5092840809873307,-0.029800412829067206,-0.666783476151054,0.23971391091131947,0.4662189853332732,0.4811957136998597,-0.2229856344563148,0.14652651932065888,0.2151072143541158,0.002895564780847656,-0.4641314316615459,0.12061665597606938,-0.2717597161856514,-0.061378586658252784,-0.22968612741970265,2025-09-02 20:19:20,A,1756844360,10s
10.61237665654268,17.83422121648987,5.023123324636287,-2.392235883606108,2.8319289021369216,1.6624448912708905,-4.698068546881735,-0.8868553331547122,0.22992468757657145,-1.778536998477208,-0.37512592792805627,-2.031905420377399,-1.0471371300815493,-1.4564878820395626,-0.15203222622710869,-1.041722719770225,-0.01937557902158406,0.4418274628753058,0.24222716413209483,-0.16828137896624595,-0.11537842175386881,0.3947018225800861,-0.41444473893801426,-0.3565852099508672,0.14664127658302517,-0.31804942650599827,-0.045325661117469815,-0.22098928837659187,0.16194220817561214,0.1471137762783222,-0.317099299551428,-0.5508059243293929,2025-09-02 20:19:30,A,1756844370,10s
11.292628083859336,-1.8853113471877165,-6.84876262594665,7.765079557875987,0.17300524148504506,5.447555541152768,-0.9694065687009038,0.5740205823294205,0.4149156044913211,0.9986742438365931,0.33328321227856056,0.8139913335696807,-1.9103850154479527,-0.24235705516475328,1.0903784205256364,-0.5605241125066566,0.5740000923101359,0.02729291036599147,0.5037890248468975,1.3803884985024262,0.9557062819479312,0.9663149328077002,0.2573096834804059,-0.04347583513348976,-0.16195713421050617,-0.3078056373827419,-0.5224831522962367,-0.6915507374047429,-0.0029343017076489024,0.32752577154872226,-0.2565755643698775,0.005506092304128942,2025-09-02 20:19:40,A,1756844380,10s
9.279706093050109,-4.063248027964829,-5.315324582545133,2.202490390495399,3.82670364909523,-3.6685787949476594,-1.4119894958299912,-3.4394147083161806,-0.6421709377690399,0.8666288087272224,-0.3542555899224176,1.1944191640622188,-0.404173118693679,-0.8332446256341319,0.4617857996400978,-2.002774333535408,0.253075435291526,0.027192022074969242,-0.058324344787677694,0.4583050948868844,-0.9672681927936434,0.6224622927144099,-0.5679255595874155,0.5149251473318135,0.4839918895301913,0.22505373737473472,0.33763707167917983,-0.01702581441880573,-0.08622313528944285,0.2635988141096058,0.05671373370845675,0.01034101623799954,2025-09-02 20:19:50,A,1756844390,10s
5.5600308987318945,-2.1596315346650874,-1.9025839540652911,-0.6263911525766821,2.156177718811085,-2.2263224331121036,0.01531262893415764,-1.1180274826816736,-0.09425239230482443,-0.9715027811920167,-0.5186839982248692,-1.1488894095555084,-0.05528566201869877,-0.6823179744166632,2.219039172126523,-0.02881708390520817,0.6980520107925521,0.6042550465621119,-0.21570254735470049,-0.537692972481078,-0.15893591915173386,-0.06457053799467831,-0.8026221686648487,-0.29234134376328824,-0.42394137237075336,-0.20443027605204403,-0.06264829333203818,-0.07605662892387235,-0.04705028135945389,-0.013030952063024988,0.06375594149698773,-0.00010794183790236234,2025-09-02 20:20:00,A,1756844400,10s
4.475770064467524,-2.0821474538066327,-1.704659605776021,-1.1254550870680287,0.5151468250638427,-1.177173409149323,-0.48460379751195115,0.6773575566602003,2.014911144044827,0.5193031552746341,0.11733604024353314,-1.0427722078262636,-0.3550988726179504,-0.9390418683092484,1.8891011727802445,1.2194484120076043,0.38306705717184053,-0.13886496262477555,-1.0788990543896237,-0.09481999565824006,0.973424273641276,-0.5101386347478574,-1.2481001638408538,0.12257280904229595,-0.45445700505352105,0.033793399863012656,-0.352501260748017,-0.08261327751406976,-0.07555278938406025,0.11098503256135409,-0.004741908253423062,-0.03587783583438756,2025-09-02 20:20:10,A,1756844410,10s
2.9597557979495708,-1.2215744166817144,-1.860627296939999,-2.0448300749272206,0.22062716520088468,-0.4903599524936057,-0.10682315570420206,1.3455119432313678,0.9695347205131739,0.5619100371281575,0.025865194205446286,-0.14867867675777666,-1.1845858632636894,-0.6820745117735922,1.0812693945538334,-0.48679333893776633,0.7976863361742336,0.1667879219735578,0.23228544529840114,-0.06804412936061927,0.07753555828506205,0.13877517636654405,-0.7415694127732828,-0.2930090413177725,-0.09618337050623688,0.3757654811901733,0.03008143319688582,0.17005440311131328,-0.0008829372814786277,-0.031064984910394642,-0.09150858782086327,0.03866699263149054,2025-09-02 20:20:20,A,1756844420,10s
1.8585927434458893,-0.5095315233774089,-3.3022058813417297,-1.6034068082899486,-0.11361056047066803,-0.43436899355025943,0.045753087508582015,2.019108105616897,0.5240264509074589,1.6339733427314271,0.16588410911012955,1.1245052709791015,-2.740631514603151,-0.8712923932515264,-0.8375724893671119,-0.5472481614627716,0.057261252823638316,-0.1036162706787486,-0.9081747655654877,0.28761709857515183,-0.6796507966772596,0.3880699920404916,-0.4653272453947761,-0.1570603569548376,0.2591303632483637,-0.02774192625491561,0.03987897915332308,-0.21821454315488992,0.004138890493876891,0.09754088488209939,-0.002356766390982349,0.1434352798414258,2025-09-02 20:20:30,A,1756844430,10s
1.8752106425929116,-1.20766821944955,-1.0320444032888254,-1.530196876880899,-0.7169208302581465,-0.2626410649870105,-0.03587337359017419,0.9812102756667334,1.6867908467258488,0.4595435880751785,0.2030970128793424,-0.6666169322783115,0.24554895268834495,-1.3077076729533352,1.1477903181662776,-0.9474226530280621,-0.4646183837251207,0.03152439394360508,-0.40968155769263104,0.45537927962802344,0.5993275996648602,0.12346208587722506,-0.2535684938569152,-0.2542805189577659,0.16954896099317016,0.31880341734189765,0.40391656796009756,0.02230386219852684,0.1028083535051703,-0.004282145713823924,-0.1756419232602148,0.12794661893352727,2025-09-02 20:20:40,A,1756844440,10s
1.5842177324701832,-0.8121325329402544,-0.5729063178388645,-2.0932294838421357,-0.10236265102487764,0.20289117266219922,0.5424905276309442,0.6675952842821732,1.4976958032765695,-0.010520312299480696,0.0971151930046415,-0.8733838168746921,0.6628715532807412,-1.3902651523305265,1.3327029047416559,-0.9819353363311952,-0.457500181024482,0.31613025647288495,-0.5981473981153065,0.03686781249909299,0.3850798238395163,0.24586199996260752,0.18800873009687888,-0.545857420478236,0.2192479902898752,0.4056276617082974,0.09910055932966076,0.3758004147969559,0.17001618878247446,-0.12857923569581264,-0.06823203072627512,-0.08666551574047418,2025-09-02 20:20:50,A,1756844450,10s
1.1301329229278732,-0.9715347258163424,-0.442458828601166,-2.1625757027290065,0.13369946537742844,0.38949272148239183,0.07521297148071655,0.654756860358463,1.4589276410970333,0.3650367529751538,0.16211078919670516,-0.3533046616517146,0.5219575240144666,-1.2761033529819519,1.266484427768505,-0.9740118411863994,-0.5315487920712763,-0.156088065433011,-0.47787715964575356,0.15536065216673148,0.6008119719761985,0.18812601690957562,-0.08669141724456447,-0.3884139722639921,0.15034157188606148,0.17603632132009883,0.18932738017950568,0.3064722779654201,0.10807189040441201,-0.1699853283851873,-0.0905794803676224,-0.08780496311207245,2025-09-02 20:21:00,A,1756844460,10s
1.2145920298581097,-0.6079704548971477,-2.0056625940819126,-2.0965531385836,0.05881765745938667,-0.1191992749270098,-0.28266473867466974,1.5027297398147994,1.1315358284442318,1.1535785167325134,0.18486508533464316,0.6798024401885129,-1.3891321880720195,-0.8607215747575523,0.3664381802749889,-1.3843318399823092,0.64111917447379,-0.4441600011057251,0.5022211581921472,0.4124251280291007,0.4448897434724381,0.24830907366048086,-0.45713089701411047,-0.6238806812084248,0.33867638827351276,0.517402074557611,0.052974279904987785,0.6392060680729587,0.2729108968771857,-0.2209601575104407,-0.27206603888013314,-0.16123130046531486,2025-09-02 20:21:10,A,1756844470,10s
0.36940323641090184,-0.7713056279420981,-1.4187720642905504,-1.9021205479659433,0.07917462707445608,-0.003933267136230901,-0.12176736403385514,1.4646833105598867,-0.3684759889524854,-0.128018217631625,-0.22315747243338238,0.1414330667873787,-1.3622739882422639,-0.5795264756978206,0.9691261964945602,-0.9359972636221982,-0.7054922772061032,0.26765554301364675,-0.5162030834436856,0.491109033336016,0.34170088640937496,0.15162668236140717,-0.29020797222503675,-0.22057827410429323,0.003606535768968949,0.1813538520001224,0.23121582395771514,0.35943236557831243,0.07374151033325733,-0.12292993507277176,-0.13261194840782217,-0.09891622506396966,2025-09-02 20:21:20,A,1756844480,10s
-0.5246683793814481,-0.5106373309855213,-1.031249781951446,-1.322218953478729,-0.0952802508002558,-0.22114492636561564,0.13150601218629138,1.04036923629602,-0.6933681673524418,-1.1218037761907893,-0.4310806231450759,-0.5791195071133273,-0.7886315757988436,-0.9544387467137532,1.2390789766832644,-0.6448134797454277,-0.5262038611339346,0.12387181314609746,-0.6187310810864957,0.20954004106336105,0.10061132111681093,0.17609332336977965,0.28601842827303414,-0.15761451854771563,0.048955853529752895,-0.09020181264899622,0.20143761839968488,0.031605100680510284,0.08437484537317423,0.020052934592185507,-0.055100957471134616,-0.10734951790934188,2025-09-02 20:21:30,A,1756844490,10s
-0.7731738916544512,-0.3096498588483068,-1.9896322171483936,-1.6441328767432173,-0.10331203246639646,0.11630019331106947,-0.5412084585506293,0.7919781556420059,0.8348304201576985,1.1391000426283486,0.14630706805538526,1.06672268179576,-1.1628818675688553,-0.9924256541825061,0.4369267228823212,-0.9203433738204265,0.9563097819479958,-0.38692329175577655,0.6701165618626199,0.0369667195983763,0.821528785013543,0.12598771985880736,0.31177391572610097,-0.0006299054587971502,-0.17999653362870233,-0.17937947472234003,0.23602791977449386,0.09454873409082824,0.0010806584202900367,0.028804813304807483,-0.04322911902800677,-0.12102435562089037,2025-09-02 20:21:40,A,1756844500,10s
-1.2011791647130554,0.4982660077389481,-1.634625710593754,-1.0855096737405334,-0.3911452935053856,-0.06285984428120643,0.8616240555325985,0.40294412698481447,-0.6638106362851265,-0.7723499013562081,-0.37749118830790246,-0.151640501429325,-0.8842765622398875,-1.2315212066535506,0.6917228362322578,-0.36229882589356927,-0.12788850526925966,0.7382389752465347,-0.5658330578812846,-0.42745102025799603,0.20397001185031627,0.06249103896024686,0.8949351827323315,0.30285539336630024,-0.01598140393812696,-0.1482063354171106,0.12520931080508624,-0.267928848074616,0.04634265662955299,0.1984016759331728,-0.025053151138359153,-0.009343688113449038,2025-09-02 20:21:50,A,1756844510,10s
-1.870255396723204,-0.0753246095728047,-1.0692945110793726,-0.54883934161781,-0.41943621969682277,0.07985873041645757,-0.1650700732821106,0.46113340647051515,-0.874321881680863,-0.8940037165936233,-0.3756215532401314,-0.12962780113100134,-0.7387244833939933,-0.9165068103756536,0.9970530696160966,-0.4899279366050977,-0.38192988010724077,0.47753376465184616,-0.7318690225141836,-0.32588915731899426,-0.5942185794795715,0.23685521768931891,-0.08371096316026856,0.1527667761388368,-0.24341863928174673,-0.37002247957347445,0.26925798353587604,-0.2138606731256116,-0.13405411203695386,-0.000494252012880506,-0.04085825985079036,0.04214022697098049,2025-09-02 20:22:00,A,1756844520,10s
-1.559366275783876,0.5032679718181747,-1.3989776187715066,-0.8658770185567483,-0.5464522389354981,0.035754059755475305,0.5060990872687839,-0.2079390178262212,0.19650410497736684,-0.3411966317887762,-0.16939214226464921,0.030065137819695033,-0.13013829131971447,-1.443145301340703,0.8179358187836305,-0.6652308664539096,0.9916743012753465,0.36533073876074446,0.5450603260272209,-0.9467970452840546,0.17205430950496942,0.2376007152826516,0.8052686314869232,0.31849988151388353,-0.18787810285244974,-0.01424053569459337,0.09530646631407766,-0.2129944409829556,0.08644068764899746,0.12294972166372133,-0.07781580161000899,0.0299288542156217,2025-09-02 20:22:10,A,1756844530,10s
-1.9543231090554054,0.6377714428515673,-1.8918369706684934,-0.6899392710950233,-0.28108682523259576,0.24722103052454714,0.13527958753647346,0.26761362168406566,-0.48309244073555563,0.19613970337467806,-0.15901368575838848,0.8449706116496509,-1.4335191961560316,-0.9555067564353321,0.12907439545380892,-0.41029141032809163,-0.13340754993247744,0.4808882760081753,-0.7041672485730525,-0.3777385636808657,-0.44450048190726704,0.27119164835721615,-0.1673449911962737,0.27230108802217096,-0.18397406455396534,-0.26516721237486107,0.08629555205803498,-0.0417825157934497,-0.13852216076477133,-0.07978916777076162,-0.03352966525955198,0.011617262283552554,2025-09-02 20:22:20,A,1756844540,10s
-2.089504523896945,0.3838460543999784,-0.7303876258589302,-0.5515328195097876,-0.5927922240253919,0.27911263842307,0.2448394045431295,-0.7258685336301924,1.1392575289041134,0.06568148530189837,0.1057913701494742,-0.0873843877786797,0.8601087942139024,-1.8118210181479448,0.7131896601614166,-0.3395338587642252,0.025823418980017637,-0.004845459808538478,-0.7182595651247494,-0.7489599988922354,-0.5213529565219089,0.5686548463580166,0.02744436077521067,0.25944887939014794,-0.11302912258825253,-0.1410523425903425,0.03552297352611677,0.01718981153772966,-0.06583679473735035,-0.1324954294873815,-0.09049510570050426,-0.06715198061605185,2025-09-02 20:22:30,A,1756844550,10s
-2.2361342510542195,0.5410101367430931,-1.4880964890822577,-0.3975202752721684,-0.6176500907881597,0.07372363111870589,-0.4018056566057007,-0.024243387601200726,0.3689740315549655,0.16969967477528233,-0.0249976157079577,0.5628930901587584,-0.45931798306607907,-1.2584628869788073,0.43931441060182724,-0.6745009810726873,1.0989106151753572,0.08567707836190998,0.26923048877638994,-0.7683956744372799,-0.5597688410535145,0.31621368081957746,-0.1338449349930485,-0.19463274195547403,-0.15850058158938157,-0.19303673073828354,0.13961615524080162,-0.08185677900128295,0.056819435932171904,-0.05993584382971865,-0.09734577805080634,0.051924110578095754,2025-09-02 20:22:40,A,1756844560,10s
-2.2336652002948765,0.9605370123576316,-1.6895262089363194,-0.5267416479385001,-0.45690738552386995,0.19514150788094228,0.7114054094080162,-0.12032762612207078,-0.7673072891733715,-0.5630883686844939,-0.3335531871160224,0.4099105557064016,-0.9152630465933881,-1.2052152181148805,0.4755252333024875,-0.21258484021045715,-0.10394323050730522,0.6801632544424103,-0.5584219485923303,-0.4531969975878743,0.09249420653338405,0.12884057886802364,0.37346874203866287,0.3211053224837395,-0.08810943523549579,-0.029786475535228864,-0.033251581323117466,-0.10801033859239216,-0.014044777783699273,0.009280949457844207,-0.059618785712703445,0.038742659748141985,2025-09-02 20:22:50,A,1756844570,10s
-2.369618560771458,0.10842333378367074,-0.6979106394831769,-0.2611706204672674,-0.8888404073110497,0.21773261709539546,-0.3493979858549111,-0.5696220922952762,1.0564510148661856,-0.10884007897585211,0.06223101088284508,-0.07076771273712988,1.0127636441238075,-1.729520078947889,1.0079009681216595,-0.2955010692631979,0.1232256531152788,0.1416981155700821,-0.5429689599271957,-0.43969121652213183,0.38561062169467675,0.06255444658583688,0.4139495167601557,-0.07076847746484859,-0.0487200040841053,-0.04352796168054694,0.18414402328745427,-0.05465618368527295,0.13198378303794256,0.05254595904354445,-0.040045345068583184,-0.015381371123368869,2025-09-02 20:23:00,A,1756844580,10s
-2.1307814159848997,0.7572877397723101,-1.1009990179543012,-0.7766758179664803,-0.39349586115105273,0.5537519971809196,-0.22546194452779203,-0.7695247705235406,1.3943007539047267,1.1391682011149447,0.31284646312403674,1.0332911890606225,0.2948785986872366,-1.5527890366193204,0.06597123268311664,-0.2165194963125048,0.24829553511086383,0.3462379691803603,-0.724806120546141,-0.7018707579022486,-0.3767168876282162,0.3881715216446571,-0.11944393042648796,-0.24663685964205648,-0.05552274846298043,-0.11573461297087158,0.06228735715242067,0.013578894607858025,-0.014543193505862945,-0.14983809022318273,-0.07365579077481914,0.0054411878701881725,2025-09-02 20:23:10,A,1756844590,10s
-2.850571436321761,0.5449939001182177,-1.4862369081812068,0.24722183622015853,-0.8548767368179923,-0.15482610872815583,0.047256274606199175,-0.01693349706500523,-0.8460147615739759,-1.0701243765026272,-0.41275633485774726,0.05032687138813587,-0.814457701718524,-1.314931281107056,0.7129454145327664,-0.0036120233910468813,-0.1509485863402261,-0.10492818242762694,-0.43674506899876636,0.08099620528995014,0.1618865598936897,0.2892036007175428,0.3360162438701327,0.5866919484398113,-0.03869160208652657,0.13660229350839875,-0.05965783476261373,-0.21211773071802675,0.005102140130650756,0.023408634039247533,-0.182082889563315,0.04416191342598486,2025-09-02 20:23:20,A,1756844600,10s
-3.217989913994303,0.624335390482345,-0.8711953105150064,-0.17880458178494898,-0.17408880244031888,0.08413148937060642,-0.5017879179025632,-0.12777296215921569,-1.0423376158938602,-0.8641436930075541,-0.39805764620064416,0.4836446052834632,-0.6688805334834812,-1.0789512396009617,0.7428031667830223,-0.06657199968411051,-0.2373985588529156,-0.02707445773302635,-0.6132362564965465,-0.22651107029916095,-0.14787919633319796,0.1764991817895497,-0.116242735732827,0.02152004664044177,-0.10572379300446762,-0.16413968219842648,0.11560708742055617,-0.11557327504757707,-0.13326372318404608,-0.09676657413370317,-0.03346319340070356,-0.01725864647491515,2025-09-02 20:23:30,A,1756844610,10s
-3.070717095809983,0.7570427264217984,-1.5674714570190815,-0.2942641035895813,-0.506410105901625,0.15978868484716494,-0.6598583630545698,-0.3370552771437034,0.2959374886408285,0.44447622921316987,-0.013321413617316608,1.247750882033638,-0.5331793992459123,-1.3274179746402892,0.3051217205581846,-0.24663278052615403,1.2920801710982819,-0.2183185985841496,0.576542347409324,-0.4710310040628597,0.5215866692015229,0.02663392023699249,0.34548532820885064,-0.2385548266013503,-0.1598914687720892,-0.046325704777271735,0.09331875495823129,-0.13642805078679326,0.06642290945382874,0.023010575864442648,-0.029532364174701075,0.004448848516149885,2025-09-02 20:23:40,A,1756844620,10s
-2.823429890729382,0.5385389544550477,-1.6515715815413476,-0.32234644453808403,-1.07944565519554,0.4090870954741342,-0.7490427169849058,-0.8477650983463699,1.4334297121275381,1.299837760186387,0.35402187778887256,1.3598549940434579,0.20995775552763665,-1.4859867692963793,0.19384909634477257,0.04613228903145388,0.45257884870051857,0.4791021940417813,-0.4925335570547275,-0.10274593384881557,0.3283774335269822,0.2054665910014663,-0.030619998326866227,-0.02995384677232613,-0.17729426885717287,0.09978782296095517,0.17799824183878282,-0.04125837271330613,-0.03139067586285224,0.08084484262548115,0.0766321553436043,0.13712668456024335,2025-09-02 20:23:50,A,1756844630,10s
-3.3497379211634515,0.6507858537148971,-1.2709580752979663,0.2355835296878126,-0.7826351802290833,0.0010337353075189968,-0.5743383122348079,-0.3173654077487023,-0.42147490176757635,-0.6842489172532962,-0.2794481363675108,0.5147737190070927,-0.43933471360400805,-1.239975553555582,0.8364319651019217,-0.07224431070650314,0.4976585989180684,-0.18657210448490727,0.04478231993484908,0.18226208381405015,0.3403645180822979,0.11235785530132561,-0.027198623846713135,-0.15076612556278143,-0.13373546356874674,0.06533272091644739,0.1518707265837456,-0.08926663077480841,-0.10105560786318088,-0.07052203556671455,-0.08383169509067326,0.02207521365438088,2025-09-02 20:24:00,A,1756844640,10s
-3.1695244309754815,0.6336310959855623,-0.6238478995605569,0.343440296154202,-1.0235222971330458,0.08913267684726146,-0.2795829026766147,-0.7307206747267828,-0.11724024983214633,-0.8334898137014801,-0.21820791151014668,0.13564116436415244,0.3324362787967409,-1.3667479236713338,0.9455036968913251,0.036048627053127696,-0.04709168878919736,0.3698282171655962,-0.6123118077567549,-0.03914045154538258,-0.23431598693003577,0.12677004457986094,-0.3391552760768511,-0.34248718368557207,-0.019495996496748783,0.0832601188958579,0.18700894721920747,-0.12058184700229167,-0.05062891681072171,-0.08304150756160791,-0.0895473589577318,0.12662049613562407,2025-09-02 20:24:10,A,1756844650,10s
-3.6603142350528053,0.7920111942577814,-0.6119916225575422,0.06059315479699984,-0.32291069202977085,0.20569262167252073,-0.18432041675471034,-0.39068249190969057,-1.2966122470091495,-1.5066433881446448,-0.5278788277786123,0.23508633494559228,-0.19583325117124614,-1.163524181895772,1.0974775305123508,0.17103473427308838,-0.21847251979361007,0.20470878164707687,-0.5433239509265747,-0.1406279317326568,0.154415840400614,0.1346544090721244,0.1577054355146013,-0.20664028066361928,-0.05239869704630027,0.19040306913245894,0.012676009448097271,-0.07326497588072295,0.030516721468886725,0.014308259431258344,0.03257007125845532,0.037508605180899754,2025-09-02 20:24:20,A,1756844660,10s
-3.7453010859625544,0.6786682600155007,-0.4228206246171472,0.19658200544233545,-0.24540411768971196,0.14218606702299658,-0.6282385005650956,-0.29233492760726565,-1.1869271658000902,-1.0870264165995385,-0.43087904159693696,0.5436097621278538,-0.4782840104581587,-0.9281202205152489,0.8514808254778958,0.13836723976524568,-0.278949562091338,0.17917171849159164,-0.6368521146817695,-0.27557585601875423,-0.356669761565073,0.2008752613930206,-0.29284497040630625,-0.38259748997882453,0.0366918099159614,0.1396106503575622,0.10955482143309817,-0.1401865893322055,0.027604879706895326,-0.07699255071119532,-0.10468311366684478,0.03338321642507356,2025-09-02 20:24:30,A,1756844670,10s
-3.8351154010737663,0.654311135626689,-0.42566722271124396,0.34112386410077356,-0.41832078659170396,0.1500762321355519,-0.596027180966992,-0.7465179217836622,-0.1426946388346533,-0.8124490848510155,-0.23944301579509003,0.4771793289601347,0.1626696049000189,-1.2466231882162844,1.08401689627229,0.00603604688393299,0.955143195765698,-0.4595114115609653,0.5008146067113083,-0.1950705610320815,-0.04764308474392366,0.4169909153900537,-0.07760058902693139,-0.5751764545104869,-0.09227002439909579,0.3015295667137003,0.06692982758534374,-0.03479059826543014,0.02539347931222068,-0.07722472175610155,-0.006199165702532269,-0.01246678718986421,2025-09-02 20:24:40,A,1756844680,10s
-3.924632275511382,0.9756828562994133,-0.6850941125844913,-0.03184977430433249,-0.2154560351144344,0.2144912875909105,-0.2945295410335435,-0.44459137086712064,-1.1987805371285047,-1.0382313942499293,-0.44378060853024665,0.7608845254971188,-0.42938453614874017,-1.0972005725495053,0.7921560952060844,0.3191829923423287,-0.13515833816296,0.18213956616184496,-0.4304986412860184,-0.23586075239805102,0.39373753979605847,0.05062403185897473,0.20321932195734727,-0.13097721266867587,0.12414049139272401,0.3809480299271215,0.055471110747445145,-0.13973284678185263,0.09977003185161756,0.07897117210669917,0.013099642523776968,0.035187275791735265,2025-09-02 20:24:50,A,1756844690,10s
-3.942798831298524,0.6412116312921606,-0.34676859678082295,0.8726241739103062,-0.8720991031290053,0.030445468926767368,-0.6180290202119795,-0.7870657186877345,-0.07249542063645993,-0.8208239812265635,-0.19901392463639286,0.2752966760800799,0.19424861457256307,-1.27581976917501,1.0654161020381199,0.31720440705300995,-0.17525746022401528,-0.2689489179854095,-0.31396127811718616,0.3351506532236475,0.33069191002130227,0.32036784530412327,-0.2820934924892712,-0.046472171232457164,0.037332814288320526,0.43544456169641965,0.12229104753655015,-0.22437707136596005,0.05653494618473247,-0.00209888756103887,-0.04750153616361205,0.19149251546610585,2025-09-02 20:25:00,A,1756844700,10s
-3.925502448359336,0.901588793113563,-1.1280079100338778,0.5032340220070175,-0.6349820588211752,0.2126755310691552,-0.8836762790949652,-0.9852834765417295,1.5124385612043167,1.3748598560940324,0.36206312227305854,1.656936960603831,0.010737609031075835,-1.5422636903792164,-0.01801594919155775,0.41199950951386644,0.4460952110631983,-0.3919949002212044,-0.1822165770750409,0.08236277441941597,1.1090914694149507,0.0766056891372237,0.318615924729896,-0.10578123341700603,0.12671651811128012,0.3659601729354741,0.09931475566100771,-0.19729054490729334,0.08854811053899014,0.06792530487911248,-0.09538651830972396,0.07207989228153833,2025-09-02 20:25:10,A,1756844710,10s
-4.281158553840985,0.9301225457004263,-0.6848616067960214,1.3121681970709034,-0.5787541762077278,-0.1991698107561093,-0.57497315555715,-0.35527938693752176,-0.8209827961296401,-0.9092580140332502,-0.34699296093754045,0.5893736105352978,-0.8785043116458652,-0.7814714410891379,0.7353661876632928,0.24263572120023622,-0.13339253253389824,0.31110241352108475,-0.5933439412508049,0.42419482702213535,-0.1868296943915318,0.03509474553219838,-0.5685477518541605,-0.7358707104905385,0.08486810064416267,0.21174863683239328,0.20278281472009765,-0.18804145538679068,-0.039227039923219936,-0.10428238668949776,-0.018306385439221556,0.15796793399473838,2025-09-02 20:25:20,A,1756844720,10s
-4.671303153263143,0.9858127180905284,-1.475535644145626,1.877885232993274,-0.6583114376099334,-0.48296997609861864,-0.5005552269420664,-0.17819151451750465,-0.08730931067893791,0.4421168087991624,-0.030151724508563627,1.257134126689533,-1.9016940223800711,-0.4252478266553381,0.03582249766802373,0.1368401724094819,0.0396636260710914,0.832353760687625,-0.5675931540288649,0.13852390443172907,-0.38474638573196396,0.20504884550978045,-0.4157224401241424,-0.3303105271675475,-0.025382001969247833,0.38794544196414765,0.2102841159659905,-0.18395066037543426,0.01360036245226083,0.013231273641645173,-0.037480883942056155,0.20217429058030048,2025-09-02 20:25:30,A,1756844730,10s
-6.011575901734152,0.9349084626796018,0.02052591363238445,5.4257112696023135,-0.3759626308199009,-1.52429949269194,0.04474934896178246,-0.5577166523131337,3.412136761966009,2.256178957021987,0.8036694187437339,0.11559070364217686,-2.2909473092892774,-0.2720439619305129,-0.3183559926375356,-0.2157229819902694,-0.18908055380325636,-0.20178210008579844,-0.30239174269389507,-0.5833261140462235,-0.5400828179289314,0.8055081703265032,0.2083844390835002,0.006119537709292121,-0.0627854328970173,0.4375061392828083,0.20597272399626457,-0.47729703050475164,0.12742958234940527,-0.11989464988092746,-0.26693208087511655,0.09603433447262023,2025-09-02 20:25:40,A,1756844740,10s
9.779615372764779,20.910928512886212,4.7732825711894895,-5.69642294989736,7.642383142982211,6.376618879644384,-2.91390376129952,-5.186892794629694,3.8220413447013435,-1.9236220204435064,-0.002822490333704957,-2.452865518102837,-2.9465469175677654,-2.4895162449160995,-4.29722206090999,-1.6247919739961278,-0.5876259498666593,1.2811227380407273,-1.0141417086880342,0.8566481354257159,-0.678855080101294,-0.5535301983052238,0.6208181498468804,1.0557071609933575,-2.025032600393863,2.5576852177777365,0.33071565729891306,0.23076287515425792,-0.7815067807957556,0.485637260811552,0.3843946219204876,0.43828475954783797,2025-09-02 20:25:50,A,1756844750,10s
12.55971904209804,2.1139904226413453,-3.0781796805394657,5.767809281163696,-0.7156870817423937,3.2078495826170257,-2.0896445129367986,0.9019099495455367,0.30423023836151025,-1.2693185507244973,-0.1391646400662317,-0.6998960278426006,-1.1297202615502528,-0.2711780067980501,1.2737188922622984,0.39130490038916815,-0.11391371323558946,1.71101498018381,0.9822712448524531,1.3204558874468142,0.9888160060629846,2.530912797490345,0.10136391347600306,-1.1890175943653811,0.007154718336184669,-0.7848667736038664,-0.4310384630926397,-0.5491703963734633,0.4121619736799344,-0.0576593625107855,-0.8703288249845325,-0.09706643270167428,2025-09-02 20:26:00,A,1756844760,10s
9.839340774370813,-4.768178573368178,-4.699080830737832,3.3760419231210337,4.352818901675955,-0.004098849677397556,-1.5253221079036752,-2.322880136953739,-0.3800515872906922,-0.45596118153808424,-0.36283759685835404,1.3931615630237668,-0.24963860394804285,-0.04467661480143007,1.114593228511898,-1.5400336186665127,0.2834214096075145,-0.9090014496958005,-0.45831475468250277,0.325077105641257,-0.9727626251722805,-0.13467703207975232,-0.3695632114805594,-0.3678597634220091,0.8493045290422395,-0.16628742804671537,1.1748872079903963,-0.5396163622984657,-0.5918950219100279,-0.04106864911772238,-0.008351460038789026,-0.05245667871498306,2025-09-02 20:26:10,A,1756844770,10s
6.745097483450567,-2.7056539201719163,-3.2717542066394274,-0.7171344661290586,3.646047701090071,-3.5498977460508505,-0.6740110662407818,-1.934626030591408,0.2617640195723307,-0.23694920158600616,-0.43905224325972886,0.7709894896524235,-0.36448622492970356,-0.5585433424617652,0.9011010459613157,-0.567612950538934,0.7234344630749956,0.12092512315371734,-0.1344745464254856,-0.242741760494742,0.3323143507965051,0.4396794508931556,0.0519196173898308,-0.3783831391272754,-0.2632838440605312,-0.027364012185722618,-0.44911759850920435,-0.052597847717347525,0.2540325546859765,0.18326646512774059,0.20442534799094442,-0.0789805295753476,2025-09-02 20:26:20,A,1756844780,10s
4.932914583399983,-1.124340315504781,-1.778246075368536,-2.1805915782878107,1.8956521039922276,-0.7879648963071275,1.0719511827445314,0.19891674368239803,1.1934665705109604,-0.8380961935309307,-0.2875193967057097,-0.45177180802612016,-0.9380469336569691,-0.21746253771177762,1.7864110793779915,1.2175800083727697,1.3025369851722863,0.6411596785237612,-0.2510996709108177,-1.102686324546763,0.6553168008618853,-0.2955274352342141,-0.3510518060317609,-0.17992503967494294,-0.20571096657755208,0.25823021652428574,-0.30545145645762944,-0.10383129906580917,-0.09265894671712092,0.12248487599687094,0.05969462266284373,-0.1530613744591393,2025-09-02 20:26:30,A,1756844790,10s
3.311933305123266,-0.922458774097377,-2.659668818635348,-1.9598000890384506,0.9723108328291536,-0.34227866456002437,0.7207983034776231,0.7417586914855153,1.4966694352245398,0.2221891053072759,-0.0035063889088274187,0.6064488135821822,-1.3656203191782434,-0.37370582191666196,0.9110005250271069,0.3534976819597985,1.3253395872851745,0.1537778978333195,0.06204383837404352,-0.30634527523771626,0.9813854983134982,-0.20945581479196637,-0.2432434251371206,-0.3177180671656424,-0.18825390890844448,0.040890258638566546,-0.06412789051269283,-0.12427917580011903,-0.06762111806814959,0.19821671636018226,0.23806785939537498,-0.003301364560287902,2025-09-02 20:26:40,A,1756844800,10s
2.3018282864544592,-0.6142838273664069,-1.246737907446994,-2.6272771452031094,0.8930719247980666,0.07185774839146654,0.6985323817893894,0.8293120013430361,0.9769211644709996,-0.17765668724436776,-0.05810902598809871,0.5678949097203341,-0.6400497452189665,-0.43723496361446695,0.6212833792258023,-0.8462224344761683,0.6085493270922739,0.38706438617604705,0.10481478627901421,-0.6502017311337633,-0.39153318411403115,0.389635692587486,-0.2929447988892491,-0.8278842614616299,0.03677458138859448,0.054289717002339186,0.23750588882091808,-0.10751554838839467,-0.05342428649675413,-0.10898103421431336,0.10804025713816856,0.14977429316430205,2025-09-02 20:26:50,A,1756844810,10s
1.405827393686542,-0.4823972734469544,-2.095325452300573,-1.923141785584337,0.23591334693614005,-0.08838802983392192,1.200111082650093,1.1574378707776158,0.12767366067887326,-0.8428715032203272,-0.28712308639898493,0.25559211421722045,-1.2961210202579205,-0.4431402641757959,0.5047644813863731,-0.5630719285905355,-0.3139873230014772,0.8285538150979952,-0.929963368953666,0.14907223414622925,-0.17824548657394987,0.3229628139971069,0.19124803411405072,-0.5155245062512621,-0.07085394592084471,-0.08236678546777818,0.1624205463894116,0.05489526939677279,-0.11164709440249006,0.05149823207496807,0.22841969568716847,-0.04777883543616086,2025-09-02 20:27:00,A,1756844820,10s
1.2074265644949382,-0.3029755832237882,-2.042254826564246,-2.0687846105719534,0.32715435193244646,-0.04770059779526014,-0.21129206462759556,1.266524059803484,1.4392240200400606,0.8613140098738441,0.17425512471994206,1.4110363201165088,-1.4386287793110148,-0.523176422772873,0.043383115644467105,-1.0613516393116205,0.7155999980423831,-0.6988371409976782,0.6727945221371974,0.22250010059024192,1.1682836707286022,0.004952862055883697,-0.19519137242646067,-0.26919718030631673,0.06868329230666124,-0.12417193324533525,0.39093467373337315,-0.10825289422120798,-0.019760286216078976,-0.08295564394313001,-0.11479480205957503,0.08291323337797515,2025-09-02 20:27:10,A,1756844830,10s
0.9050720833605962,-0.4344350538566976,-1.2958888953941332,-2.000275796789641,0.3163024466195958,-0.08788604428164007,0.38117354877192317,1.4650061994178942,0.27610041571280297,-0.8850083793659783,-0.260263369978507,0.18982081517412894,-1.0101099295003382,-0.46925348232006847,0.6986873733704626,-1.0439371947351002,-0.42229181358404405,0.01349227508060603,-0.3268340415414641,0.18750750889186762,0.6047089997551018,0.22365360215705068,0.08101817369717361,-0.376568897806608,0.003631499876997692,0.13696143929682364,0.019104623134132487,0.2833653744752033,0.12738314703177733,-0.18250845012777586,-0.10178345486974923,-0.08928306198861798,2025-09-02 20:27:20,A,1756844840,10s
0.903579510846196,-0.6978383447305634,-1.5532635047576187,-2.002914893207711,-0.026479565125821527,-0.24361848939761982,0.02226031394134066,1.9704226443242738,0.07841078947036063,-0.7844175047644667,-0.24888480149469064,0.38840805365378805,-1.209488101962846,-0.4056426012319567,0.5487783545142364,-1.0853156893913602,-0.7632033667077475,-0.14584999662833179,-0.5677665609426654,0.399777266641271,0.49852029291395195,0.18083400685904882,-0.5643759402822217,-0.18339988714573102,0.47246165321574096,0.6148966362000017,0.146741057828743,0.47926833424956694,0.28235508075169174,-0.09886588758058756,-0.18310827652239528,-0.055738177674587844,2025-09-02 20:27:30,A,1756844850,10s
0.1314568523930252,-0.2539454964887712,-2.10332601913945,-1.8398221125238268,0.270871113498243,-0.1038262265426774,-0.06845159669391643,1.505182164852369,0.2319723851588205,-0.07438414693518049,-0.14372821899269206,1.0852597252353922,-1.6331155394956829,-0.46514152290188454,0.017566656034666686,-0.7162972940287055,-0.3442466389028569,-0.028468018842787768,-0.4800103989290059,0.26230768834426693,0.9208294255339423,0.18253599116816294,0.4980742673719655,-0.08415826656540858,0.05365347834197496,0.05837328320188137,0.02119735697407613,0.1444897518551545,0.17479366157956328,-0.016786406029802598,-0.06477366909036177,-0.09382411650302341,2025-09-02 20:27:40,A,1756844860,10s
-0.3893237161170113,-0.14827571565456235,-2.549820018269005,-1.7334728767683865,0.05166989984291814,-0.0897893792088966,-0.22857082185477803,1.4609060909555072,0.38620536387618154,0.5426374337775858,0.00777623135842326,1.6348571576360837,-1.892164374989118,-0.457072512293498,-0.6768506981659854,-0.6442393603815216,-0.039268444170258154,0.16251535309108703,-0.9002822961879631,-0.28831062834299903,-0.5739740427417477,0.44383526871058165,-0.11877765322647343,0.03374153012414032,0.14942647972832954,-0.12060475280897558,0.18615310929677323,0.06863072555305043,0.03152913394903284,0.029166821784307555,-0.04483840410598615,-0.09612539094625336,2025-09-02 20:27:50,A,1756844870,10s
-0.9630747187349555,-0.10493934387133634,-1.5396352767713721,-1.2218127848487819,-0.1346876500995434,-0.08022509022730853,0.1277721088158604,0.739569179028805,-0.1787993703739123,-0.8986873512388669,-0.3000224186238087,0.5224637686327412,-0.9865512291501483,-0.35843809503623664,0.45044047110941643,-0.5799345006788623,-0.25373942089964785,0.9702694742264865,-0.8469529412555115,-0.31601997015869876,-0.34549709607576073,0.21692925651680775,0.23839519041328427,-0.20906672510624372,-0.1877353907787447,-0.3013793054704752,0.26752508069271225,-0.009852635660902465,-0.09656231240924092,0.062320843914539834,0.15356883598013546,-0.01050336408545457,2025-09-02 20:28:00,A,1756844880,10s
-1.4692623557829723,0.09530753860920713,-0.3608809605359723,-1.4041185339842803,0.3207248458917543,0.4037132387438426,0.08385290881601251,-0.01683934804687188,0.38424547611343973,-1.1245679563757818,-0.23528977951479635,0.2888055609091206,0.16812333153981826,-0.6486987539750781,1.0540200148600167,-0.7686592078831171,0.5788257227099819,-0.028833774625924437,0.3571842798643828,-0.7824208508046562,-0.22651805535500066,0.49416786385837363,0.11400447880594992,-0.11919175655179319,-0.3505734644657962,-0.34522780365698685,0.19272540773960053,0.03391514556724971,-0.27897288541959864,-0.19809611109743366,0.004452181523130113,-0.13060752853784185,2025-09-02 20:28:10,A,1756844890,10s
-1.1266668105989885,1.0486092644681428,-1.1944635258097545,-0.6021419099646781,-0.2381737862704877,0.2696605010113822,1.2703768092220553,-0.5972279734292614,0.6950400163825472,-0.933465596410486,-0.17193796746158332,0.3010000954748256,-0.37025139766876797,-0.8158788241483123,0.6521812566251819,-0.5698288421346023,0.6826390304377165,-0.11785165623878771,0.5288008870289229,-0.09456039331152755,0.11351120441608274,0.4512294797405764,-0.10544511551018214,-0.09030902718508263,-0.4502253054271669,-0.5260879292936614,0.22194832176501994,-0.22522251641413063,-0.2910633155379516,-0.23108733490263234,-0.1656371650212267,0.04955110349301564,2025-09-02 20:28:20,A,1756844900,10s
-1.792297878003133,0.49593505025958384,-2.126910142006433,-0.6856979028618425,-0.34205780154230153,-0.003138673559417278,-0.38336095469387005,0.5405515453777201,0.5090450734057115,0.18017437881766818,-0.029032593412068413,1.454967770508032,-1.2319425916290756,-0.7962403231413347,-0.21287664119005248,-0.5149447138892154,0.43977971197362853,-0.6166427316132115,0.22080418608902663,-0.12574207230564635,0.9196085056781342,0.1588764954101985,0.28136209758240344,0.6418814998197452,-0.16828495710895894,-0.28156110369221043,0.05998919243258506,-0.24377752934541194,-0.11559688223200325,-0.06785301610564985,-0.25903127223990946,-0.006380753587061901,2025-09-02 20:28:30,A,1756844910,10s
-2.026665654847666,0.5371307168656706,-1.8626908962332207,-0.8661298166918864,-0.46473675742369014,-0.03216089328598501,0.15923085598487913,0.38634670424004947,-0.3680398968530893,-0.6948981103924144,-0.27045478647018517,0.9878953818088784,-0.824580183639334,-0.698652140076572,-0.06923508311403476,-0.3866688522084807,-0.09864423612378,0.7373828993478233,-0.7629741733189659,-0.8519304953960433,-0.5353235263880514,0.40473154092889274,0.13000325673258262,0.5551076864524147,-0.16750801866934956,-0.11207438083768177,0.027239081624679126,-0.07202301321150555,-0.01522165471018056,0.046027620649940225,-0.11432846306863585,0.0013840898776819558,2025-09-02 20:28:40,A,1756844920,10s
-2.136595698800815,0.5004226107454208,-1.8837701481947957,-0.7579741539515941,-0.4390607931407162,0.10529723358746794,-0.38503002527800256,0.28777444046385176,0.26136676474944615,-0.3369310289885466,-0.13333702635962558,1.173578863756675,-0.7457519223930493,-0.6886401637426716,0.23372980205429003,-0.49941205399191885,0.4514690565870682,0.04018270691051111,0.08642026299085574,-0.15464798486393672,0.7460197082902048,0.132989580755283,0.24766138070115912,0.3301175161106622,-0.31514590616326416,-0.21952878898838546,0.13088766345877018,-0.03911183437444188,-0.13509077641430864,-0.025643795420107,0.009927915495339924,0.020820160015672474,2025-09-02 20:28:50,A,1756844930,10s
-2.315664646288676,0.683904134663098,-0.8656894608267908,-1.1126137382538985,0.17791335618243492,0.31590041215207626,0.0543065589422261,0.20185318685395112,-0.8144140681790742,-1.449543846540152,-0.46298705460927725,0.7056952860685467,-0.2178350717331823,-0.675511296396348,0.6141859993154924,-0.3357000944055468,-0.33362856384842127,0.3595163639473212,-0.5799316815871175,-0.6712218390895404,0.47197164829750615,-0.0431960351798681,0.3162581840624855,0.019700706010792223,-0.1483228199744051,-0.26267377194108654,0.11132477030202227,-0.07803318819394459,-0.009294234044007602,-0.05863884353644451,-0.023248982573669162,-0.05850751356841682,2025-09-02 20:29:00,A,1756844940,10s
-2.076881093122089,0.8087047561846648,-1.2889515619096137,-0.350743144570698,-0.4099230816780361,0.24370118786969383,0.4569917960731699,-0.39857946415642814,0.6132141127798223,-0.8048514078057476,-0.13389652548221959,0.5217748120988456,-0.028233209992295054,-0.9394527946837424,0.46448422006688844,-0.14753953313089366,-0.1180810470632133,-0.018893931377625968,-0.5077923388994998,0.17541744790232727,0.5780630173844127,0.3103680711514189,0.19076349953523591,-0.19557175935228524,-0.24708856639073373,-0.24891981804007202,0.08210432295992165,-0.0829756349348691,-0.08548472754360834,-0.1569475849791668,-0.014274281665883315,0.052427530270873934,2025-09-02 20:29:10,A,1756844950,10s
-2.578825650045407,0.4333217539035482,-1.0167761690845734,-0.6672179915864408,0.05124001995039017,0.15349335421343105,-0.46651624280715565,0.3372819958107325,-0.5622971160275089,-0.9920218733313466,-0.3471591936654387,0.9874386763347001,-0.6755752964036229,-0.45073677910073984,0.3407274750393872,-0.26935382228363036,-0.2713548443805744,0.1779029401338335,-0.6197576122079651,-0.39179552700245146,0.23355248029847078,0.002009947330573925,0.08622808636086446,-0.18493782336850992,-0.11130754893738495,-0.3090898751225495,0.21166512296879375,-0.07792700200585594,-0.06634574080159769,-0.10469166174493558,-0.03008225702822123,-0.0480318186777947,2025-09-02 20:29:20,A,1756844960,10s
-2.6103671391349113,0.5538990935831815,-1.2743235309521765,-0.46492345463415286,-0.3374877379762125,0.10324240032464507,-0.21174489163657578,-0.17928191445421904,0.53395522640974,-0.6310106252025502,-0.11233303324071124,0.8791581197366188,-0.01295478125763809,-0.7712323962995042,0.2531029474062822,-0.40833965146392387,1.1210083423319825,0.13226125190009744,0.15173199790847058,-0.8723004074176272,-0.6377118947198445,0.5232028991886419,0.09165199997521896,-0.5535616262384048,-0.18217700059032477,-0.09491678903980011,0.09842138120615185,-0.003921011181635435,0.04036856409271729,-0.07793044346602153,0.047555701090905074,0.00396607107299771,2025-09-02 20:29:30,A,1756844970,10s
-2.7119498158758826,0.5806677211294293,-0.7378214587142027,-0.7982310219318107,-0.15835475357283274,0.40069795994761803,0.131867570399489,-0.49886336739664694,0.214557077092247,-1.0161808291195755,-0.23477528700573005,0.7702430131815572,0.33289566132889997,-0.7795743524267645,0.719818075132545,-0.2918315706748108,0.9039953967937244,0.14322067692870105,0.5434673843342127,-0.9286296852622009,0.28787473013326265,0.3001337076449984,0.5732224957336846,0.002604837247047316,-0.2503254172598615,0.12192332495445517,0.09464343331490803,0.047098906614843776,-0.049784791361550576,-0.04966181391235239,-0.0923649660897504,-0.1480252222118222,2025-09-02 20:29:40,A,1756844980,10s
-3.0524982338192395,0.9567862441122534,-2.5392075074560245,0.29431844698365417,-0.7719828179766591,-0.242938996505311,-0.2339076666442656,0.21745374946210963,0.13600152230418808,0.16352919698557258,-0.06650397486367901,1.7701614257217477,-1.7400580333923317,-0.7091277290819871,-1.1249809063966805,0.07625059927859419,0.42959915513233526,0.018257720187203834,-0.8675307157484756,-0.14433794794725524,-0.6898581327552372,0.25150314013202724,-0.03950539892260748,-0.006821005458109056,-0.020479812907121163,-0.3010234665681888,-0.04966173139778614,-0.06518780636021407,-0.1303218915138274,-0.05897938391050048,0.016804417669172803,-0.051324954271374644,2025-09-02 20:29:50,A,1756844990,10s
-3.3646801591074946,1.0709898507582947,-0.8154260118449564,-0.6004106339410844,0.03899976985148059,0.2779132505036304,-0.0017911073856061352,-0.2940589474880582,-0.9091851629530617,-1.5422814037204307,-0.4776627414413705,0.8305636085745759,-0.18474277330275146,-0.7475213783273854,0.48336138422207503,0.02775634923917145,-0.2998742941514743,-0.013402372652560217,-0.45745125226540145,-0.49323943418034244,0.40006857926899436,0.20964478766804825,0.18843822554781037,0.4406117514111476,-0.1073796147162742,0.1144374039042617,-0.015571626020468297,0.06153374365801501,-0.20701974987104338,-0.1285482559170896,-0.08061213310581625,-0.14590408100672192,2025-09-02 20:30:00,A,1756845000,10s
-3.300647678885447,0.7670815572801369,-1.0041515356535957,-0.03573780666584584,-0.299581160595978,0.26054255445026125,-0.6147974780252733,-0.4681583896607161,0.39874184517720296,-0.7544088030102597,-0.14754082365831944,1.006154213274411,0.03764644486438906,-0.6578867147004814,0.60256678569816,-0.30757255106923875,0.9626510922894,-0.3396596770314346,0.5413662695486492,-0.18546723502757823,0.5600852402831341,0.2133799008107494,-0.046928991212612764,-0.4454784508893417,-0.33798206021782917,-0.08290496571326132,0.08353802322179558,0.07481071242755952,-0.14329332761414343,-0.17367760810863564,0.12625518231896726,0.015608527840113023,2025-09-02 20:30:10,A,1756845010,10s
-3.5251259511061757,0.7873837371862297,-1.2520797628180425,0.11940335810648366,-0.5065550260377965,-0.1100333782852032,-0.4114445965831298,0.007906037115615924,-0.7058824465572775,-1.4558174268150599,-0.43366230579758536,0.7712583969165074,-0.34496636831474153,-0.6613047555509879,0.37051265427047736,0.022243280895442467,-0.026738592405870624,0.18925333075282114,-0.5968263054335877,-0.18343105940520807,0.4749790741760208,-0.10518132381832722,0.24187017925460688,-0.2622880902586218,-0.07314638403592141,-0.01751381988483316,0.11872962836302355,-0.0543114779734949,0.03262544581401716,0.02546840150210238,0.11958404763853926,0.018252412028216963,2025-09-02 20:30:20,A,1756845020,10s
-3.43946362902825,1.0076522481732126,-0.9650499098184915,0.042429647034235796,-0.44330766634993474,0.18734584986624575,-0.1164581474792132,-0.6162600751980157,0.3354195259612455,-0.9102199222173634,-0.16789616238523578,0.8917966668468116,0.20339166916305304,-0.8061828534388011,0.2250143886511267,-0.1201581990585916,1.1449304349613891,-0.005025705355165765,0.22064130806147925,-0.864799725902566,-0.6000708579151243,0.49409781042170225,-0.056879852547691255,-0.5501093119065243,-0.07486885819432348,0.16604846202057622,0.04038686628118966,0.04615261950980648,0.055634098579644284,-0.07352133245101407,0.11734827110774027,0.02361772384317461,2025-09-02 20:30:30,A,1756845030,10s
-3.73517323290125,0.7877710848918769,-0.7310013019266619,0.011947770307244195,-0.2489135156745455,0.22395306939439372,-0.572690620466068,-0.38321267432615513,-0.40110718337816187,-1.3775982276845078,-0.3472956151261914,0.8928803309698267,0.15726721146628053,-0.6919807242013266,0.5102141105308939,0.06556131766307739,0.4463352289809422,-0.20915101413796947,-0.16330454307581985,-0.29817709415755467,-0.10144129717887017,0.2867720736568601,-0.18228962450908606,-0.48007456437937585,-0.09957053890912514,0.07661331682073438,0.07022502625774167,0.055642996465827495,-0.07636479897605154,-0.13818971403474842,0.06472943824631636,-0.042997100559615704,2025-09-02 20:30:40,A,1756845040,10s
-3.650288231080502,1.0489014642205032,-1.0828897067069985,-0.12385663372317464,-0.20047985398656948,0.2669766821342418,-0.4144623732625754,-0.6300686217434819,0.3942284806026975,-0.3296540986493904,-0.06300834998725512,1.5275849704608697,-0.03253087127994147,-0.7287435673295798,-0.10519049036798256,0.02291266254310696,1.178301353369961,-0.23567804581066198,0.3002058661341728,-0.7752565282214735,-0.5917293413634243,0.6249922025636184,-0.21643686716562258,-0.4351019897338816,-0.03272886299860624,0.25943800189480504,-0.017517940992980947,0.035887841053225254,-0.0016882625154302712,-0.10558356737758788,-0.023302210745587755,0.006272325456578151,2025-09-02 20:30:50,A,1756845050,10s
-3.8859677671080353,1.1576075634189076,-2.012464971591649,0.27175671135670715,-0.4224427937376979,-0.05833452481159438,-0.5023671848934309,0.022794273274295403,-0.22621707951856462,-0.13659537766692836,-0.14151336779312573,1.8898470126308349,-1.19240542591613,-0.6140641036309364,-0.9063718315881784,0.376636975671815,0.4036132702776339,0.03305485121044384,-0.8473958566259869,-0.4016581967160593,-0.5616894525510475,0.29185937317393224,-0.016424028228792666,-0.3435214046084541,0.23284990929242408,0.143887944263335,-0.06965858079355242,-0.10354767371053948,0.09749043646527684,0.02974262933205631,-0.020869447861536057,-0.013092039698277148,2025-09-02 20:31:00,A,1756845060,10s
-3.5774172480191555,0.7612846792091004,-0.16733038375680478,0.07393508582051429,-0.3160067903985419,0.26644762203034744,-0.5359492603909508,-0.7349230372776109,-0.03049348897285981,-1.2369077670344104,-0.26759825330056064,0.8624795680820967,0.6058427806417513,-0.517465172106239,0.8222012814817381,-0.03452281473423094,0.8709895891687647,0.16126923777162472,0.5775909884088776,-0.63793265674386,0.25975017476801776,0.0836402927493775,-0.04965316761165546,-0.6338048002016365,-0.009295186568021113,0.3553511577836592,0.21371058396568304,-0.08562052564591398,0.07838156128086499,-0.027301153356475497,-0.11418491695474799,0.057436634615332244,2025-09-02 20:31:10,A,1756845070,10s
-4.091948145038766,0.9261927704176531,-1.4417602563988554,0.4247368506294483,-0.3355160115589688,0.04645449575508327,-0.46574194791078116,-0.2815244263293828,-0.5851317027567101,-1.0159645127330161,-0.3272556348951126,1.3142886773549094,-0.6456141654926664,-0.4649906652616556,0.10295711903326835,0.4368402160714833,0.042620678481195745,-0.06480344978694494,-0.5715968557190882,0.3912145699985983,0.23333934158133285,0.3007686545245762,-0.08619569686921422,-0.43814239760909124,-0.06491203771090523,0.2013424213569417,-0.014643686073937177,0.030430843164005066,-0.06066518023951256,-0.08559149123297234,0.07741174903373309,-0.022688638464457546,2025-09-02 20:31:20,A,1756845080,10s
-4.26151532553311,0.9961471410828261,-0.6313671208399904,0.4314934698902732,-0.104981268110126,-0.01829431786878618,-0.553026452324443,-0.31943484627981533,-0.7136974348812882,-1.0461697049692977,-0.3415630280730248,1.2513013890313935,-0.5789258936855369,-0.303070385126835,0.22278921455389186,0.38629374391897,-0.2632018010965283,-0.09239082873979221,-0.3619521333983358,-0.0890839854489388,0.2865098858865201,0.24068605779161764,-0.2480371127225908,0.011792700055190303,0.09152028540998075,0.38481952115363577,0.1628240343954468,-0.130727783668531,-0.05392769753429815,-0.01762543966884851,-0.042691373858412325,0.08292786289201698,2025-09-02 20:31:30,A,1756845090,10s
-4.429370778465087,1.0476218454300397,-0.7057687552942443,0.998539216793087,-0.35130439731284224,-0.13014969547688512,-0.5541916170588675,-0.28097505436065495,-0.6700212086461783,-1.40692625314675,-0.38186808070745637,0.870209360979083,-0.46156058831655916,-0.3088681999949595,0.3845512674735199,0.3506791555661284,-0.16324305535683092,0.050192094854267705,-0.5414741856149913,0.2512641563920986,0.10231598443225264,0.17093351876251978,-0.41282712190147075,-0.5280900143448095,0.03795594924572899,0.2870468013365831,0.11983373993609207,-0.09986248976546544,-0.03146069425032219,-0.0934278453503764,0.09613279407826517,0.12221066506095316,2025-09-02 20:31:40,A,1756845100,10s
-4.680190593355151,0.982818671678386,-0.8304870343512073,1.3831046545958594,-0.3409399877568893,-0.2352091730693737,-0.584422689193844,-0.3024807803671499,-0.327438630922975,-0.7537761831306052,-0.23204138680571967,1.1588345543656182,-1.0414202305466231,0.054663548307055,0.3291951085987153,0.24813160777724777,-0.31802406622207824,0.20330957847917414,-0.266441055439494,0.4438683598242795,0.5581275230187814,0.19093062572474723,-0.4007713476702527,-0.11628883862770492,-0.15621963936656325,0.3923028288860989,0.19405279388752344,-0.03442594619996451,-0.1323616636731595,-0.09798976229478491,0.10583882586106108,0.13213787271148253,2025-09-02 20:31:50,A,1756845110,10s
-5.838112445182087,1.0793919902533187,0.06448113456573082,3.8781959124857366,0.0850176444070533,-1.1306979984153358,0.09280774299923834,-0.14591272642027375,0.506299717270842,-0.667883587786596,-0.10621886138437375,0.037979177182996635,-2.0001085876920346,0.6149243558481897,0.43934615281826456,-0.05874216133026393,-0.7127826212547901,0.05498261401404124,-0.18600612118393986,-0.14090765707348218,0.466016163266294,0.3648249496821336,0.2686936173623762,-0.15468003955903076,-0.18520804241487343,0.40168099259968637,0.2244457067702834,-0.26399615260583237,-0.0047981557994824665,-0.055118226594184486,0.07804228441984455,0.0829373665206772,2025-09-02 20:32:00,A,1756845120,10s
-8.578894167868594,2.879451187296378,4.238457386039036,5.303698742677753,5.782965200396069,-1.130159123321894,1.0794055686745374,1.8568722931572876,0.22359276468122413,-1.3334478387511186,-0.26234326072284603,-0.09311482514679259,-0.36764701098941527,-0.6464697710592245,0.4379008979871645,0.042789126299236466,-0.6672285302303702,-1.5104176051305198,-0.4003597578590706,-1.429579063116411,0.2125855356452264,0.4530254346489468,1.0134585333508719,-1.1169727486266947,0.20044725681684064,-0.2193084920456699,-0.22209978107903275,0.4676220244575595,-0.39062529309093363,0.2554699746168608,-0.10020994226544246,-0.24475742447329352,2025-09-02 20:32:10,A,1756845130,10s
13.86651358366147,18.563232028770507,2.5213860983344536,0.8786174240336084,-2.381397660078122,-1.8418483838358441,-2.384183758355829,0.9763683357813765,0.4960103908988923,-0.40943216202093424,0.043996146893733545,0.6859759814038523,-0.38139696818238267,0.6073234667308421,1.0855293002027637,-0.293646628709143,0.25012843325090844,1.4883878490977596,0.1026628822593391,-0.010528568865522557,0.17083366426730126,1.159398328734101,-0.5969592774376277,-0.5567695878115684,0.9841142997964747,-0.7224839634975285,-0.19529377067569312,-0.10445630142659176,-0.376012586281657,-0.13595094106604502,-0.28201602159394107,-0.5908301032819147,2025-09-02 20:32:20,A,1756845140,10s
9.591908014527782,-3.9598958421091726,-5.938101505080741,7.4840488166095245,2.3756710075731218,7.4772734340521625,-0.8211156428895637,0.2195503755845957,-0.0947102367442673,-1.854384797720337,-0.06503455207919434,0.9936891507456765,0.48385633174179477,0.8387008490926979,1.9476588606853704,-1.9472725270656668,0.3570145698795262,-0.9305390535596988,-0.7052073255431733,-0.33778395039315595,-0.04135248862617893,-0.8980931914395667,-0.878691212521838,-0.13578030319037845,0.196442998251119,-0.13263908248464093,-0.037163504149645074,-0.0601802868495306,-0.13353756600055686,-0.3459901924411466,0.15461381249995684,0.24610084504252758,2025-09-02 20:32:30,A,1756845150,10s
8.897369318184598,-2.373373960994493,-4.5983723072970815,1.132432342550695,5.029929950235594,-5.409364665992674,0.7822677848939446,-5.280605898209592,-0.5508078330858213,-0.9579165178192208,-0.7493419193791734,1.3570387506906187,0.7434118168818521,-0.4113702283497902,0.04475997725564624,-2.05266600774748,-0.004163262394050077,0.5513726215480143,0.17148614412767377,0.33757134711281905,0.47269946630688026,0.8167082285930423,0.30829143843084283,-0.21440403779608935,-0.29848104223889266,-0.47425506156900843,-0.49921635725717667,-0.044299853629412404,0.40183608068317317,0.1757383121434432,0.22812950183927955,0.08673393638831114,2025-09-02 20:32:40,A,1756845160,10s
4.706742301392643,-1.801751187692696,-2.1713230116562308,-1.067478963630496,1.6910577685159054,-1.4964935183982644,-0.1937092731634387,0.3202615173956409,1.1755414486043938,-1.0661030047339244,-0.283615825807814,-0.009928575137260769,-0.45768077034737886,0.30663463356117976,1.0186689224697592,0.5832871901723667,1.1677453836900575,0.14565346467767928,-0.4010491254954492,-0.9160457919436739,0.019232959620691176,-0.16007558291652355,-0.9135780589412964,-0.2855873701998583,-0.3281847864938136,-0.10682956577006278,-0.031055376547044575,0.09136167675136653,-0.11496155139246933,-0.12287801076225043,-0.07409705652899035,-0.19104820910335243,2025-09-02 20:32:50,A,1756845170,10s
4.081775792291387,-1.50093255494934,-1.5946669701423073,-1.6798047223553887,1.1170455310345202,-1.1023819342708583,-0.028932712566174877,0.9268670334138054,1.3683260363723195,-1.3550146749937784,-0.25827476729396487,-0.46780600244028986,-0.49281457293198294,0.4646090537335625,1.515646881964599,1.0610687078307128,1.1198779578612204,0.12241188277319422,-0.3732956228634409,-0.8840875646877078,0.019968242905405057,0.04827959498908128,-1.70500907831105,0.05961745900434312,-0.4305064039495788,0.3404740158645878,-0.5243592208238659,0.3449017684269639,0.023951315868716745,-0.01594811696432786,-0.024449123573371763,-0.16031722822235833,2025-09-02 20:33:00,A,1756845180,10s
2.893605907413203,-0.15254596671265475,-1.8181957430194182,-2.0737997891469058,0.8832530680843352,-0.11281447359175435,1.8219970737925466,1.1836298469113833,0.5316232501845549,-1.120054809636577,-0.2801469752610628,0.34287288358577567,-1.5019106808166405,0.38443839891033416,0.3309370850598386,-0.33964956926853207,-0.7667749629158829,-0.1260501217436267,-0.5800889264863812,0.9739215370279091,0.9235135031840379,0.07596068127670585,-0.7217698566860032,-0.5210008142809595,0.06181560039382688,0.007989497639939743,0.1739376158099148,0.1756427324650079,-0.11745084677270054,-0.22495542149696518,-0.09265181644670739,-0.03497391853871934,2025-09-02 20:33:10,A,1756845190,10s
1.768464164764753,-0.8919649336121603,-1.5214004826382386,-2.31548263326157,0.5261464782625535,-0.2422639365623779,0.45043014059552183,1.7234883668098888,0.3302632934853656,-1.1420707006653865,-0.2762825860139054,0.463774132372413,-0.7612323230932551,0.2552800047085556,0.2629581308068136,-0.7434267879808482,-0.4417080345439807,0.23325094741735108,-0.5872086155292732,0.08741730955919315,0.3769645043857474,0.12013531487699738,-0.10337914328601709,-0.5487442031678492,0.1525765614623774,0.171865153428172,0.2150278084450866,0.1685955598601674,0.07069783538311371,-0.05563294971385925,0.0655953795787515,-0.014733970460885499,2025-09-02 20:33:20,A,1756845200,10s
1.5969410924585548,-0.6764012028586195,-2.309127937618253,-2.038067575288271,0.058153214178246954,-0.2181598010642048,0.09919254247419308,1.5775343201219734,1.7838198980868776,0.5914606571569844,0.23538416685111793,1.3870819086659263,-1.1746527346470577,0.23437946220567515,-0.6793617654207597,-1.0473399060908182,0.8097371947783472,0.02886549163193574,0.18811914297896873,-0.19176469994147374,-0.47366691894874496,0.6176380258429502,-0.479235299791938,-0.6392740095732292,0.0416391478458366,0.14967225677700594,0.21355852947191792,0.19251860148936023,0.011323123430965958,-0.1158737751266473,0.0015482052756167846,0.0597336778597462,2025-09-02 20:33:30,A,1756845210,10s
0.7880124198647286,-0.27860214506464814,-1.5803249893133948,-2.36031729993807,0.49942677768036403,-0.08938140840629095,0.7528415733577478,1.6005300066412491,0.13177721789912253,-1.1905307509849807,-0.31452877880032604,0.532201921729489,-0.7241570066133969,0.0010140329697988187,-0.08345370961898778,-0.6247793385566411,-0.40917468898374154,0.3341033193869827,-0.6018262933276533,-0.49511926472828127,0.6454920649910058,0.11475987477583233,0.8380554032300097,0.008677936021168687,0.3052382372927493,0.32357136805700093,0.04415696402843246,0.07064169594958225,0.2254251011647479,0.09409467471663299,0.03647023100121202,-0.0654282432058921,2025-09-02 20:33:40,A,1756845220,10s
0.5975857710725708,-0.1458777053174673,-1.8258130605434957,-1.7237914486939185,0.14839945090735288,0.11092007767071849,0.8156947753433421,0.7194731956153675,1.2521005613235507,-0.591801554123486,-0.04719349646585232,0.7114319708074373,-0.389445743864734,-0.037510905956741974,0.10784861856165107,-0.8118514340986043,0.7905454393841488,-0.07875297566244883,0.47869181544755085,0.004267442761742526,0.6436239206543469,0.28278986132118006,0.4102172531188224,-0.44601399156287685,-0.2074773842811803,-0.22900623229337297,0.26284424361705044,-0.010062705629853156,-0.13158779407989782,-0.06358780927049047,0.13693816464285144,-0.038464558741808055,2025-09-02 20:33:50,A,1756845230,10s
0.9482095138359742,1.1598147506911847,-2.1652549313674503,-2.2590795446168435,0.8792200287926327,0.3672377666032771,1.8595148175169436,0.6592798054932015,0.5474205873364174,-0.3527276186019819,-0.12905692524843776,1.3261138764930438,-1.6220895994531457,0.15832754773686197,-0.5344537412383551,-0.6577352307091526,-0.582572676091224,-0.2623466746129701,-0.3580048764342024,0.8879913486283392,1.247771071684944,0.1038900312890856,-0.3846447521812693,-0.15195357872428092,0.17182944029272149,-0.08775044575589303,0.07812250477625468,0.37416419762193237,-0.23309114318373986,-0.2894537237029579,0.041811831898686175,-0.0809097282757131,2025-09-02 20:34:00,A,1756845240,10s
-0.23321836201816798,-0.38758593722184886,-1.579914328507118,-1.1281279590499134,-0.15951253855676437,0.11913394505563193,-0.39624490331515616,0.5541248120509341,2.4652631801641847,0.5758790765491072,0.40183466633089954,1.0480011624778183,0.15110982771194434,-0.27448638461630703,-0.5372841864391935,-0.6298783558453591,0.03634741946273241,-0.45826687507035185,-0.8514741747559135,0.11638244762974775,-0.2872706542009344,0.5618441730988496,-0.46713647474464387,-0.49872652509359855,-0.07442712357901686,-0.5465508153767907,0.1801562560256498,0.11534459646368697,-0.08718820631478803,-0.1916003332195495,0.04287328377289473,-0.06314762424843884,2025-09-02 20:34:10,A,1756845250,10s
-1.0266064805150097,-0.5824292488179696,0.24692952069120647,-0.8183292552637895,-0.32678552508457,-0.0164161941559647,-0.004168619270163528,-0.15426701291836423,1.4560739519431454,-1.5708435868822592,-0.08174117848303056,-0.5207609202275213,1.6866991656741026,-0.4000583798335295,0.8988525667499587,-0.42619162327875343,-0.3421158453715574,0.10983863340998326,-0.7428265465275224,-0.36997080042550096,-0.30464043543705166,0.4376288683821484,0.11941442624254242,-0.3563871264386178,-0.2917157920237945,-0.5055776656398955,0.26834014208232393,-0.07329452463842637,-0.22868829233783977,-0.1494606292792819,-0.011886839014482802,-0.09677379414139674,2025-09-02 20:34:20,A,1756845260,10s
-1.065207129263726,0.5280512512673899,-1.9065021873388677,-1.1834997831104739,-0.5384335505083204,0.2741766093051295,0.9029062308702793,-0.33073045915871635,2.165102062285714,0.3385327777940284,0.28436341984023505,1.0718548705868876,0.5129755261400778,-0.7092281285293621,-0.5114686494032,-0.14798756904352925,0.28216244339228974,0.07133244597746499,-0.36452068564277906,-0.3095121867804384,0.9540698234379731,0.2526495286031955,0.8322686135981736,0.5142913605307681,-0.2177363327002009,-0.3020187418180954,0.0903688564655933,-0.11205052784715178,-0.21126099974821114,-0.029173752006596568,-0.07232132067933227,-0.10151059922925629,2025-09-02 20:34:30,A,1756845270,10s
-1.4884370666224063,1.1050964411700375,-2.1635999539548196,-1.4000080409343985,0.17682854905771714,0.22442302764066446,0.8394263534485511,0.48699955548876567,0.0030176947241775036,-0.5312326065407763,-0.21357388380221778,1.4512252052250263,-0.9024690227686324,-0.26138057616897314,-0.8492175184135056,-0.18290258520346817,0.04888352060966281,0.17419452922889853,-0.421328707778512,-0.6485559233823333,0.9337749166386373,-0.09731432843121092,0.9351842505614224,0.592166687382236,0.0018479199976542604,-0.25614733663391254,-0.08673778797378517,-0.18276477014477172,-0.15446509175430204,-0.03604807861322977,-0.10562993133697056,-0.089986783129868,2025-09-02 20:34:40,A,1756845280,10s
-1.226568705551898,0.8046799905762838,-1.0703768500834523,-0.5578434204183048,-0.694711774684353,0.357206476425822,1.7039017717156268,-0.8549251156047634,1.6236914655449275,-1.0697524018931288,0.026575095906914533,-0.04516911575572382,1.4464064301182677,-0.8325874015717168,-0.019181695249468885,-0.1770114934413459,0.08025968650656724,0.5280383635258883,-0.7535242538029895,-0.8611414275642326,-0.3645170691613274,0.5021121890972736,0.3822813239535924,0.0204136810646821,-0.10158761139616705,-0.26416953282070266,0.07327651808494351,-0.1523001845551102,-0.08280876030341007,-0.10734137856027307,0.01995067703501229,0.0699919048766888,2025-09-02 20:34:50,A,1756845290,10s
-2.1874398558670567,0.11055412263739312,-1.3311796311355617,-0.15186657390156572,-0.6195008850121962,-0.2448813013769861,0.311185824661218,0.37830984516957644,-0.442054921065732,-2.0046799830289066,-0.46263996568626126,0.06867857157884227,-0.08013313289333113,0.011321984764769956,0.28682504825517324,-0.35958525805354186,-0.29523570062984567,0.5459852177701089,-0.6736380821618286,-0.35485429088791653,-0.14904099069462445,0.1738792730432828,0.28115770580835653,0.334440492954961,-0.29440833193477794,-0.2722130861635275,0.14935903639524314,0.06261776404079158,-0.15609256570989963,-0.04636476102454581,0.002145872297365262,-0.08295561242814448,2025-09-02 20:35:00,A,1756845300,10s
-2.119833629694573,0.7071599260811314,-1.078106078316756,-0.7833233947604812,-0.13094580456441904,-0.020746952758574796,0.16952970930768468,0.32250873251857465,-0.5618340432731339,-1.8421262198966442,-0.46308906492337726,0.4345056899058066,0.025567388734671584,-0.004026589698692048,0.2294843941317842,-0.378021097070881,-0.32700592119078997,0.40953241258357725,-0.5642746388206277,-0.3716312456332936,0.5171448818762284,-0.12492572084287482,0.15611899880571817,0.03327392487877926,-0.1344257904160826,-0.3200711786748013,0.1502725196131585,0.007664804912836422,-0.09370138490580485,-0.07243293554473414,0.04891646773855878,-0.020526961832247666,2025-09-02 20:35:10,A,1756845310,10s
-2.6314179294467777,-0.007150343429926944,-1.359817132975389,0.8422371765760294,-1.4696867767584925,-0.43142958311975027,-0.1535401497884495,-0.18170273681976262,1.8891661613106643,-1.1688689376058106,0.05003203475311629,-0.3129189245855084,1.1795735699668557,-0.8441658040882591,0.0978527106389107,-0.15083170429805692,0.3977117492208016,-0.5334894784999893,-0.7280305868262307,0.3782764920777236,0.32261623762531483,0.13634245204396964,0.4461295645316802,-0.3176034543301207,-0.28607079132775604,-0.4349672825049047,0.027553574532513624,0.14556357741432074,-0.024066006417670007,-0.0757542424985349,0.23782648407097454,-0.09299597943369248,2025-09-02 20:35:20,A,1756845320,10s
-2.5133614276148273,0.4841046361244375,-3.854148988256774,3.490593906505388,-4.463137840374183,-2.448686260492252,1.244389809928444,0.1595066788142732,1.9164737838350105,-2.048077931639307,-0.156637058732414,-1.3575651607111232,-0.7707202968954361,-1.3385621185042318,-1.2467437276178746,-0.32613185289124197,2.3372143662392704,-0.5361583046531732,-0.11215171666492041,1.2622648817261695,-1.6313018350129311,-0.010438453776128216,0.27179315872300025,0.589382963559106,0.23268148410846218,-0.05950055256017184,-0.21152428036315885,0.10627331996506037,-0.11405440631431812,0.3226284134586451,0.14299224997529622,-0.1425588082713555,2025-09-02 20:35:30,A,1756845330,10s
-2.845568006203197,0.7377530579244683,-3.337439534284711,3.1608466465711484,-4.210293994742158,-2.024180819684786,0.31622449279526965,0.20576160735854956,2.117692816770953,-1.8082697593513468,-0.05577869518509117,-1.208632191274828,0.17395985045281978,-1.4951600764108133,-1.0011296932460598,-0.48946134278987363,1.821650491893895,-0.4124966365067155,-0.5240450709102482,0.926711067102828,-0.581360485911139,-0.6473011564967593,0.1601621800541825,0.35448368646353173,0.3670230452428341,-0.1405410419381024,-0.049802628862774645,0.1162961388174871,-0.05975005392507242,0.25241179988613327,0.12876395348048703,-0.0832123796857762,2025-09-02 20:35:40,A,1756845340,10s
-2.824896616466872,1.1593100960681415,-1.5639735687062502,0.9345641304716474,-1.3922948523748628,-0.5385612849031651,-0.10377936088562646,0.5458765359322636,-0.36629196093134164,-1.9938095196879182,-0.431929073860809,-0.046836331559336655,-0.01768592362822656,-0.13317888827130678,-0.09060936613102874,-0.7486961061127625,-0.06244832708643894,0.6944621303221143,-0.6543006894695229,-0.5187717722190771,0.617856120130129,-0.7761653332815377,-0.11725450785645626,-0.14371685128186004,0.02038079387709015,-0.26469679978168636,0.027927902971043563,-0.06324809684190114,0.2060020469742514,0.03288249413287089,0.029114265150218456,0.18279830186382623,2025-09-02 20:35:50,A,1756845350,10s
-2.7304482675701585,0.7043229684855636,-1.6051521473733235,1.24079760077751,-1.543429745076021,-0.19588255631493268,-0.16119595709536916,-0.4367095973896293,2.092173640638272,-0.055549400220986166,0.2893979528475572,0.46707152872941154,0.7194463374145237,-0.3740090533125701,-0.6302493949074237,-0.4313741789552491,0.42058732983286556,0.6073816536878258,-0.8510163486498233,-0.4535609154857669,-0.2188502250824793,0.017262220896019618,-0.05077301858390902,-0.6941033073752902,-0.2925655410559022,-0.46691465706178875,-0.04596388057172507,0.02091378138277338,0.1766896631054037,-0.13022118680209488,0.0544581446931186,0.15659970223729683,2025-09-02 20:36:00,A,1756845360,10s
-2.9574838184001973,0.8188871410359049,-1.6272606486766787,0.9606661032177217,-1.0780401560015331,-0.3569415726510434,-0.3101195121542792,-0.2447048519171482,0.9365774383025328,-0.8245135443197368,-0.0698195299622033,0.5516914012108727,-0.09471249509322507,0.091560741169577,-0.12502395089922202,-0.5671551014644491,1.1900265437518707,0.24662375871816133,0.42650031547897893,-0.11346290305212853,0.47867076899244676,-0.27086977913013216,0.06730874725129055,-0.7229414158379839,-0.35316149691812526,-0.39577984556835716,0.31578283492134646,0.06646061161332265,-0.12212267708396328,-0.14787002662159246,0.21315988876557193,0.0986598494157915,2025-09-02 20:36:10,A,1756845370,10s
-3.2716624910039616,0.5624185864136457,-1.7566387653642892,1.7564737525641532,-2.223913189968999,-0.7402102306622692,-0.2768055910151131,-0.5102967981080878,2.030723288228204,-0.6102386012223487,0.17973243850457993,0.01850924195379698,0.8149862535309085,-0.7804672874105351,-0.5768099807006634,-0.050781480532303136,0.5555462138268851,-0.3223182689085837,-0.6654794220830733,0.2733491320363568,-0.0801458138969538,0.09114714284543682,-0.035835847939231724,0.08005235891254628,-0.06894611040890661,-0.13757201784122408,0.04216885750336014,0.029665921055568183,-0.03292074088592324,-0.06615667082803559,-0.04885733406340053,0.01615784347116624,2025-09-02 20:36:20,A,1756845380,10s
-3.4283490103703644,0.5368843693736272,-3.483931715734611,4.646776784281769,-4.931355719666855,-2.630037962415428,0.5060993098849057,-0.0030255356104401114,1.6915949599887123,-2.5916512122765045,-0.2562491444375054,-1.7847899233232818,-0.5343952411229043,-1.2852400366016326,-0.9170070489004655,-0.22647446912145738,2.2752787032794815,-1.0073377892030724,0.08062222260843646,1.9828096402867126,-1.0178863907421118,-0.3641075495304427,0.01582907513013602,0.3438355700635183,0.20160937007532204,0.029795061864238304,-0.2891296472877718,0.07832717103043225,-0.1126014512052312,0.1675406700075276,0.030982486210356874,-0.057419072600601785,2025-09-02 20:36:30,A,1756845390,10s
-3.91100642792554,1.3037543282058714,-3.5915585069360967,4.038195353988158,-4.367607979148209,-2.4226251901663742,0.7624413287393872,0.14878533113551118,1.0636788212123112,-2.4804009039985875,-0.35339320757790715,-1.2832743282753483,-0.6752350116049477,-1.490244956104426,-1.3448454597577255,-0.13490400842204484,1.7954910682754417,-1.0772200923646174,-0.31858674278378757,1.3880059157880604,-0.2714937208520492,-0.744388569929789,0.3266531976004727,0.7925268077744284,0.4974864704692075,0.15387846292636193,-0.39293315284715014,0.15243441831638493,-0.050787641297665526,0.20006326892330972,0.03581347767215432,-0.17905988119482028,2025-09-02 20:36:40,A,1756845400,10s
-3.8557007356370163,1.3502031023665688,-2.990736879023182,4.528301645418243,-4.570684283632768,-2.245687124261233,0.9093778783393653,-0.25807872553696976,1.2182733222827031,-3.294879394544638,-0.42334110507721423,-2.0645184273813677,0.28314842781120686,-1.561471102493562,-0.5999625123293465,-0.4277396618620591,2.1660188089163794,-1.081998810404359,0.029943026808239747,1.5482393797444398,-0.573996611577183,-0.6947954482183398,-0.2569162984420906,-0.018594231775897627,0.321223447657029,0.014123566231844732,-0.4586222327162952,0.28919825819229505,-0.01185867277843285,0.038154438808143974,0.14605779254167564,-0.0902757041462855,2025-09-02 20:36:50,A,1756845410,10s
-4.46519532571848,1.481554767486064,-3.1726592398122215,4.355075732519377,-3.8439413583809965,-2.212802382106295,0.8199793253225178,0.22413435373951418,0.3825333271048934,-3.035276253685441,-0.5163736667504641,-1.5414024315858874,-0.6125437356278057,-1.2077894577858201,-1.2939007545736627,-0.21558200591971444,1.217661476888869,-0.44675382659373947,-1.3476746478642487,1.0477192934836657,-1.0803911329524782,-0.8101679036630001,0.076165421953011,-0.2955787415391025,0.413475136231246,-0.2038252146310845,-0.5810597958782678,0.40567439787800014,0.12496679357879888,0.05526169205717086,0.3170306076855181,-0.21494310610182396,2025-09-02 20:37:00,A,1756845420,10s
-4.182477730682398,1.4149121609337425,-3.505656840819887,4.855914259310752,-4.598448317702429,-2.2572381977232987,-0.23288705116352523,-0.22698937996615737,3.0201464735436834,-0.847932213221404,0.27023965910446573,-0.8683609468264524,-0.07332158581500403,-1.6071587127384799,-2.0310507151191985,-0.2778415331343311,1.743812471275661,-1.0836326705520407,-1.2925847618057074,1.6816899052880012,-0.9748736626963089,-0.7894089693762624,-0.655089403340902,-0.483666615651845,0.4787819517222916,-0.3798854679204463,-0.43409880198194145,0.36589786785981987,-0.012870214159700376,-0.07019011527938197,0.17573457915103047,-0.1342939996802171,2025-09-02 20:37:10,A,1756845430,10s
-4.097766229109435,1.390317217654458,-3.4076040947990958,5.243958734736262,-5.180408610854475,-2.6384248162481145,0.727243701761268,-0.13449654304666386,1.5345149054628446,-2.8203479704585988,-0.3042879256866363,-1.9684653152807254,-0.12104309863071043,-1.431852259874961,-1.1057257503926798,-0.5185730988378549,2.4677106870153827,-0.49524055023530994,-0.024755235383958817,1.3237380143385602,-0.70132548146154,-1.0137639919479235,0.015533510008806959,-0.02503915935259974,0.44241150769414506,0.19238546876747772,-0.4944846900893504,0.23684418541848953,0.2698420974588845,0.2305536788920016,0.1590054968345861,0.02287899613055604,2025-09-02 20:37:20,A,1756845440,10s
-4.2910214984300215,1.5444408362624806,-4.014431537317325,5.6179423831802655,-5.1874319250132075,-2.8120459330707535,0.5269706210319398,0.3304912224457319,0.7416058632242125,-2.9274583601198976,-0.45373334490606754,-1.733852084170938,-1.0901554484551728,-1.243484499020112,-1.4395839431632336,-0.17232561015486006,1.4793012869404616,-0.4730627578767988,-1.011643620921239,2.328604816001809,-0.18853931144009622,-1.3943643143279874,-0.04082582213737149,-0.040046331853342464,0.5962740255008989,0.01443003990782783,-0.5194389224202928,0.15556986571893036,0.16682963982438045,0.217220065853525,0.05303919838080592,-0.014029130732044558,2025-09-02 20:37:30,A,1756845450,10s
-4.56524637506376,1.6338714984621303,-3.956755099317984,5.125023755197439,-4.506303434999429,-2.642622222473039,0.18646958699666957,0.46033566250577795,0.7955359347883835,-2.134581382044378,-0.3293460793202329,-0.9518820702560998,-1.3392105783740729,-1.1837652463163209,-1.9353575996042718,-0.13313100975187306,1.5236938071273267,-0.7366799560629891,-0.9769846889012007,1.7964985128860929,-0.04674986179718484,-1.3563316971529649,0.1427191368268671,-0.03485148221846237,0.6653350128090051,0.009546622116076289,-0.555166338352083,0.16960747811181406,0.29413142431699674,0.2270788090789384,0.13496602086859136,-0.08863213469211367,2025-09-02 20:37:40,A,1756845460,10s
-4.489961805550204,1.5515688429376124,-1.7170812582983488,3.193315992910459,-2.639197627930723,-1.3094178268050551,0.010106051113549081,-0.00475798198039184,-0.45200077530040333,-2.825769694034416,-0.5547681867064371,-0.9058624499330956,0.20178539712965385,-0.4018735813837362,-0.24164711822715315,-0.237301265973522,0.3377391477453459,0.28146661798465566,-0.7616329537332341,0.4620057600300691,0.1012308203571335,-0.814643855273797,-0.452944122013169,-0.35970105476883635,0.2699346706457987,0.1876040006694304,-0.13587791485489265,0.11173636375540998,0.2273557559762497,-0.0006112120617016223,0.01722635819208762,0.13820056004887318,2025-09-02 20:37:50,A,1756845470,10s
-4.41558792789402,1.4984078999823387,-1.1709313448425507,1.7635522709643512,-0.8725463780991313,-0.26292441016582835,-0.46972939708810485,-0.09943388523877109,-0.4628628544688467,-1.1475021983613458,-0.2839055638486844,0.8086025686475384,-0.2992080599539291,0.45476181333627447,-0.3174260443842019,-0.13803368386757386,-0.038067966481717196,0.7145454725996,-0.4071857142378251,-0.03563211949197744,1.0094902988008807,-0.6987003497484071,-0.2849138799532687,-0.716102559599564,-0.0701476741697782,0.0636601968848642,-0.02303171041703017,0.05208158574950308,0.2540047996168606,-0.07104416823037524,0.08209759543496656,0.22760453825269097,2025-09-02 20:38:00,A,1756845480,10s
-4.704473723901387,1.2062521998109357,-0.4853125534382783,1.7389180703947023,-0.6943121282635764,-0.3469949572618592,-0.12925721523162306,-0.25788229222200676,-0.9187605351108876,-2.331347458113873,-0.5189671087307584,-0.03770957305779734,0.5042231718377342,0.17931547789200306,0.22848956399969797,0.20054262273470863,-0.17647822655176554,0.3450044585010592,-0.6134015484588932,-0.028431614345653125,-0.03027159756380454,0.005829227869209053,-0.3081214309333348,-0.5964118693252655,-0.01917355641784736,0.3060481518334211,-0.026415630510061284,0.08696507766535765,0.1473624172453194,-0.14318509867239876,0.04602714122630503,0.09950186986792033,2025-09-02 20:38:10,A,1756845490,10s
-5.3169035568740926,1.1369301006065502,-0.32388472845454963,2.8744739448308207,-0.21394084097269536,-0.7124660483971434,-0.165922727305447,-0.19624973692254163,-0.12096100178511926,-1.2810927597989703,-0.25118896591236667,0.12025708273893644,-0.8125859685652175,0.8285092827876146,0.10424219698897341,0.17274541183772057,-0.5309420607466161,-0.1785096272955147,-0.1826072307160158,0.37048801647870633,0.6300202254207703,0.27266540829536995,-0.09903942880328706,-0.17170020061927768,-0.19792051154323168,0.31823769614830116,0.09848614735697454,-0.057231272208409914,-0.047530860788111376,-0.2018581876337047,-0.0008364679431017474,0.06044375258980403,2025-09-02 20:38:20,A,1756845500,10s
-6.919327903286739,1.6220099351861244,1.251123706883749,5.908129092616374,1.0556035770106937,-1.813431520011583,0.4943753070116023,0.2706464522477154,0.928403400720793,-1.0908944138056915,-0.0963806924458554,-1.099602631667895,-1.9833450888830049,1.3277360618609177,0.006760620027239646,-0.1671382424631119,-0.8974176133781258,-0.8554490438854206,-0.1986898418777675,-0.3290045247876934,0.5294335118676273,0.2327273032642323,0.6115697275367471,-0.716666302778003,-0.052993374252038074,0.03379390258980276,0.15886074417237905,-0.2968429423319762,0.002942162776591375,-0.34965664034519034,0.005490271677262218,-0.22601462758810922,2025-09-02 20:38:30,A,1756845510,10s
9.22532131097488,18.95684246460154,5.355368888059584,-4.18145106233607,5.85746796539599,3.9060772284224226,-5.6420093519261325,-2.0565567337186152,1.8019872275410103,-2.993369539300397,-0.34263546383798865,-1.7720078833121844,-1.6319092432947084,-0.35665613519421985,-3.2628331115969575,-1.683548251048072,0.1656585568454383,-0.4652877247181398,-0.037481335660215845,0.3875185598640614,-0.46878923326471494,-0.6514451280814195,-0.29041742419665145,0.11796990685977211,-1.3071550495812985,0.888210710228475,0.40775303909912397,-0.09566562764952814,0.07968689356537145,0.43960474598602123,-0.19074616773047137,-0.15030565852844818,2025-09-02 20:38:40,A,1756845520,10s
12.114897549711355,-0.2699401089066778,-6.013020294781144,7.691293878091255,-1.3178725262481015,3.660313210298779,-0.7522429232655502,0.9784300293059478,1.307083586051436,-0.15628923175651682,0.31743512007114016,0.3674462177681534,-1.592386213559957,1.5239951848227014,-0.25604037735489155,0.37196155515173474,0.4552780999270744,1.988558084530712,0.5511743961265285,1.7588044701439034,-0.27006846339972207,2.894219070410192,0.2684402940027634,-1.0455402232478956,-0.6999697621085366,-0.6440632527927783,-0.8112891729087813,-0.5292896446286208,0.09872121767768034,0.44976335769461373,-0.15213301798679818,-0.1765031581715707,2025-09-02 20:38:50,A,1756845530,10s
9.683956705624752,-4.215811834408511,-4.852532770690585,3.6778922340017854,3.0740487560287777,-1.9600101262631338,0.005092461419764149,-3.202377465099969,-0.3702117415725734,-1.9304957529049462,-0.6096412053410025,0.17373088405888906,0.9422855462505988,1.0252926856894284,0.8801312775153339,-1.3745155593061555,0.21750504572537763,0.3268227019518293,-0.07932600774561659,0.9126144088767223,-0.39741183781144934,-0.20103078949971293,-0.3109415083442472,-0.007577912478322935,0.6511425584190726,-0.07614609153684575,1.519063514476954,-0.4424421927286556,-0.7038230258262448,0.287657542536104,0.26713001996659114,0.07920303521383275,2025-09-02 20:39:00,A,1756845540,10s
6.297880718079225,-2.3874367260865292,-3.4412359022316497,0.26186320649016187,2.199533746303779,-3.5149134608110715,-0.5450921842631389,-1.1662497298676584,0.8520393485250024,-0.7814284095354961,-0.3424413074194294,0.14676740480176326,-0.06124019682474603,0.9269296161679859,0.27019397446251986,-0.3547165083520916,0.8581099077588853,0.4524152922256438,0.04518153926242831,0.14712904154823464,0.8060969983209382,-0.11411209158844689,-0.4268825746259529,-0.20429584774956758,-0.22609601288673126,0.0405466847288008,-0.16869703153444865,0.07195577661076956,0.09056141304736884,0.20799199754359496,0.1799016383931095,0.01942946027655561,2025-09-02 20:39:10,A,1756845550,10s
4.700268467843856,-1.3366120159214745,-3.2072572070732224,-0.3720068382780523,0.420100494146571,-1.8260670248705526,0.23623695030506014,1.1054967617484592,2.0728874352235045,-0.3137179856545379,-0.01343591696625499,-0.24688356979383616,-1.2243537585461903,1.025340124487237,0.11090726147325604,1.1573705871042517,1.7583407235131834,0.24714495099094377,-0.07703433075591067,-0.38497730617025955,1.1829841483609074,-0.7429050349417342,-0.5184367622812747,-0.05121622111046282,-0.12794360829642037,0.09210317559493718,-0.30546222505665327,-0.2591357840490629,0.04794133243526819,0.41086856459229126,0.04367322848010976,-0.02265471733515264,2025-09-02 20:39:20,A,1756845560,10s
2.9633541158389862,-1.565992731826001,-0.9619564244472341,-1.014257844433052,0.22699303720410433,-0.8158075586299439,0.24598539746118367,0.950732264284334,1.6685971430605837,-1.5513302243167661,-0.1366310222226095,-1.210231343624229,0.7477112383771496,0.9094994493575277,0.9800228410676414,-0.026117368297262005,0.37199632336612865,0.6912916290061799,-0.5255364019529059,-0.5045257013139549,0.3131016436015168,-0.27116739405555795,-0.3838986344068065,-0.5123582340910228,-0.2181916080359977,0.05432276669363903,0.076461542128695,0.1416318784900187,0.035529057623634855,0.06816347142442569,0.10626935509834386,-0.04284270367279402,2025-09-02 20:39:30,A,1756845570,10s
2.317372904350407,-0.6998679257950927,-2.7183449451225954,-0.9986895208686501,-0.7591064104661512,-0.6892381667767203,0.6669004181664857,1.0132409924907313,2.8282312195660366,0.49610018088240465,0.39462398692180606,0.228547595863951,0.21689099463417477,0.2631054287675026,-0.7750388409164495,-0.4813837028853864,0.31034487827342894,0.43401996803536913,-0.6295224926488249,0.4419875421370919,1.0408267592025346,-0.19584600908031255,0.2618303113311829,-0.48848019739208315,0.18945047877807875,0.08011453008624562,0.31296826402031624,0.04544968289081965,0.10393416617061348,0.22097606380347629,0.18332849959617886,0.0863111952385404,2025-09-02 20:39:40,A,1756845580,10s
1.8582006858392468,-0.7621071943471905,-1.891906799495165,-1.617482685137641,-0.22737448865107643,-0.5003106497842896,0.3575683536570774,1.6188543119812444,1.458705150240494,-0.5587302068462477,0.017737472484662408,0.030149368120572523,-0.18973786609811885,0.8802156736579732,-0.08498469644345875,-1.2266238191325889,0.5669200357853065,0.17183641676583927,0.5277101536674246,0.11294863469890809,0.8492946849011888,-0.030082156822616776,-0.22478181130713223,-0.40297307160126705,0.16119120540436893,0.541478674159127,0.30756191137221295,0.5340896042711445,0.19283543719138657,-0.04967692959544825,-0.0357702855465792,-0.027875141614941767,2025-09-02 20:39:50,A,1756845590,10s
1.1644117373983967,-0.3343465071826119,-1.7743700604938717,-1.7280511054629402,0.2947477123580075,-0.26921142942803805,0.8679001594903688,1.6206477382553235,0.32149540530868814,-1.1233720548488166,-0.21826298953270085,0.0673766950498086,-0.6463897067450878,1.0479895993705648,-0.3923620342918258,-0.9134515253140818,-0.5237316624070285,0.5579566819697188,-0.8942996463981264,0.22539544062755534,-0.10136598647480335,0.12433643578753086,-0.5318789630063544,-0.7418730007810845,0.2945204360920098,0.18645484739284118,0.0946923281507361,0.6286687277004073,0.16856273823114187,-0.11625845443709902,0.2259199992920141,-0.0736035700294887,2025-09-02 20:40:00,A,1756845600,10s
0.27719323064621254,-0.8025136942200078,-1.9128238197619645,-0.8185547276768764,-0.6344171096467074,-0.4330325029135112,0.2551423721491045,0.815736350332631,2.4638182634921773,-0.11080359325208489,0.2769083893022919,-0.14195491977493788,0.7683422661139071,0.23431908557783027,-0.422193266744585,-0.6345879473466992,0.24715725607934813,0.1356442648850392,-0.682737008706643,0.24176327438024123,0.7806231706845101,-0.021560075605452343,0.7883293264809409,-0.500964215558258,-0.11780840333580006,-0.326071013272808,0.28096238546523084,0.19735056993448044,0.08214589886311062,0.11350244115393887,0.3022669356527711,-0.11945753568624848,2025-09-02 20:40:10,A,1756845610,10s
0.248425384100448,0.18533216083064666,-1.8751467288453427,-1.5596966675229411,-0.05218092920294875,-0.2886323716066951,0.8736526721595638,1.292937954543796,0.1955246721847066,-0.8785126565914999,-0.20584571925739104,0.33967346478257804,-0.5943280420579665,0.9360747789699237,-0.5865525899353534,-0.8016774736969681,-0.32934109721036214,0.8743242164555289,-0.6505648541931244,-0.1780123065686136,0.47949976320221355,-0.29597251957596327,-0.04233658321152116,-0.2670887640587939,0.21273795065535445,-0.01997335344836755,0.3527832242030196,0.3015528719245662,0.07741961172223993,0.03965992609480703,0.19057929213525365,-0.013337091568592963,2025-09-02 20:40:20,A,1756845620,10s
-0.7210965724126526,-0.12829823345641211,-2.3851993543989383,-0.3448588668996777,-0.5057261221196183,-0.5637271950215273,-0.008624080962910985,1.50956440324229,0.387164316417672,-1.0982841906163314,-0.19670194063673616,0.021952244372430853,-0.7783471763527403,0.8092989186837451,-0.49672963809349335,-0.704347773011388,-0.10267037246058497,-0.00161630236441635,-0.7452488391140106,0.8688039013782817,0.5425115519872165,-0.09596357671641956,-0.034310563272771245,-0.5369687873120835,-0.16736179919432922,-0.49457721080073747,0.14983201724397296,0.30008713202577575,-0.03868672256721489,-0.05967852618364825,0.33606199103078244,-0.030486834633700385,2025-09-02 20:40:30,A,1756845630,10s
-0.531122418533247,-0.07727859132762761,-0.6739295906701204,-0.9042095810237336,-0.3112218244646863,-0.36658804389278027,0.512988200456434,0.9885823076010042,-0.0848527665282336,-2.0590170446285927,-0.3980899642294901,-0.721134721306915,0.4039715137682323,0.9051188053502546,0.23398823392767873,-0.9399361423971289,-0.3067585815029147,0.8315271672181918,-0.5119419461438056,-0.3788945602839377,-0.17210716474879495,-0.12724828487304293,-0.19703253973502705,-0.46765587488416643,0.04864735867497044,-0.16322895745826246,0.3217412562559371,0.2926799112705592,0.039160886892377345,-0.08070478964546254,0.0727235019187953,-0.0338273521010878,2025-09-02 20:40:40,A,1756845640,10s
-1.0793752086330861,0.06212516909847724,-1.7015950650553067,-0.17604306805739145,-0.8208500010280394,-0.01815838318933176,0.055238831339500076,0.08218677202248904,2.314768308035175,0.17443172011652905,0.3628018853445435,0.18005522247664643,0.6686442130979983,0.3706726796618837,-0.702889650104703,-0.5234227160016873,0.15984053396327996,0.13436077893247203,-0.7856941993951578,0.308423961839548,-0.28471677871063805,0.4831499831294323,-0.3143756777411403,-0.2680270543104445,-0.45195474045558653,-0.6262411468009897,0.1826521753774748,0.3096911232553112,-0.2405182954783257,-0.19530980661302066,0.24876447377890887,-0.011386551524745964,2025-09-02 20:40:50,A,1756845650,10s
-1.6873104712908105,0.49000987144327735,-2.670440353079207,0.0957790849674912,-0.9052236581394073,-0.6585305896207748,-0.09933721091285605,1.024467419658721,0.36748932212064067,-0.24634490319869595,-0.04539801330800668,0.7544326319839164,-1.0765223093717775,0.7429380994847335,-1.4031746432773806,-0.4698392209756325,0.2065453762011398,0.359081993482283,-0.7568017350003299,-0.06359881527285595,-0.20077707620736546,-0.1482110391523913,-0.09549970769597876,0.19956249427340772,-0.06174662004909022,-0.5997583514649963,0.322635468920378,-0.1981956933926337,-0.1369481719733439,0.0793205145599392,0.1410118306596136,0.14813754839205523,2025-09-02 20:41:00,A,1756845660,10s
-1.645179287912453,0.36995915847531274,-1.5210817853516645,0.3670970856823521,-1.346752399475757,-0.5106300162885455,0.5420548513565524,0.15089901661017693,0.6256877195215393,-1.7435424479227732,-0.233709012256258,-0.746984518494881,0.8797789566180502,0.42973563483121185,0.11822778390048229,-0.764864948947073,1.0543195120447901,0.7248019575592084,0.39076166394557443,-0.4509475186904281,0.15649013998749578,-0.17231814587732017,0.3584564179012133,-0.2197256945802526,-0.36287756110696356,-0.35219537309844384,0.3324719770627867,-0.05734696540159117,0.010324810954715014,0.07854531103530718,0.15320771034897904,0.1519945690962878,2025-09-02 20:41:10,A,1756845670,10s
-1.7235116907294163,0.7551900397250608,-1.8760249304131962,0.4401230597405363,-1.3110712875500694,-0.3626744838460119,1.0028656318166824,-0.11821305000248424,0.7962663481037139,-1.309819003958655,-0.14945677548509714,-0.42787656394943374,0.5055958461713519,0.3726171585435485,-0.25923814891546587,-0.5406309525033063,1.150158021216913,0.6046216779192379,0.5177297506104864,-0.4728910489684996,0.29663911611078636,-0.016426273327604792,0.5767198743607442,0.1651428142589399,-0.2729069636752031,-0.1454853053973415,0.16876321897651217,-0.0833038398388815,-0.026573824662034926,0.07077761136838848,0.04244902141528362,0.11233810342764212,2025-09-02 20:41:20,A,1756845680,10s
-2.091284587107032,0.6207850208752448,-2.4110479290776543,0.4444636905648454,-1.0884059787698004,-0.43754596131718926,-0.12120623647067329,0.3113324743286588,1.150613337563607,-0.14743779327548617,0.08348442311482479,0.5418880690478036,-0.1778061751390138,0.4771906699394331,-0.8661471669706586,-0.6743027847203805,1.2717542992855408,-0.17672132610106348,0.6474506887244711,-0.14273785526123278,0.8302690066766578,-0.15069679163893576,0.31660281388978484,0.3214693195298797,-0.25397037321198795,-0.267924469010848,0.18507743367332122,0.0009103488606636292,-0.05539894616065656,0.024715774886743352,0.07060448378724178,0.08036703649537297,2025-09-02 20:41:30,A,1756845690,10s
-2.108394519805733,1.2492525165513915,-2.2189862713675774,0.31339935666088625,-0.509682063756554,-0.3412122875288396,-0.2550884630368639,0.5312716261079877,0.07444037317085102,-0.4249178971485912,-0.12940250468168632,0.8097924792435055,-0.8555958801831314,0.7902466645620879,-1.068107413347801,-0.40511699282047414,0.08708046688157223,0.10930694042519445,-0.44507976088620854,0.5463484377617498,1.1827049612307652,-0.6443423417280076,-0.0868875160598425,-0.37525406755390195,-0.1576886704674326,-0.76777337213647,0.1920339416281194,-0.13572341970219937,-0.15829008342956988,-0.1175108904357246,0.09721586431181725,0.1271993203216721,2025-09-02 20:41:40,A,1756845700,10s
-1.8682061788019617,0.5143371528917833,-1.8821051854888489,0.9219105731941968,-1.7910169180655775,-0.36034172443440443,0.3903416905473972,-0.3893415748805986,1.9674941997286046,-0.23108337969321152,0.24764435368258306,-0.2171849273931807,1.0975419546034098,0.15724044009031854,-0.5541008919230096,-0.24033690819454123,0.36901725259646223,0.5732952201039424,-0.4412268537420581,0.14073224092164904,0.7010642000507763,-0.13465726945025377,0.28342680037695495,0.0033196676486936983,-0.21115201535492073,-0.27612914441472003,0.2178850109386505,-0.1454025463449402,0.0623725104444012,0.08818766184322184,0.024335140999048165,0.21864323865215085,2025-09-02 20:41:50,A,1756845710,10s
-2.6187958650513274,0.49601285769028813,-2.1472559208174604,0.8005758549811289,-1.283594202840605,-0.5491590935363221,-0.24334560712434686,0.24565238652561527,1.1016870965493972,-0.019895040533406787,0.14589540048174907,0.41059620306675765,-0.008845867513655731,0.462936807349503,-1.26581222036154,-0.22822133002923736,0.35554255283444963,0.24943062074021696,-0.7455575541766051,-0.3425780054250556,-0.437349705093207,0.1530586928411842,-0.06248746757650211,0.25127550110907776,-0.058916933610538486,-0.21931209055081669,0.13939470111784474,-0.013309827963612552,0.023729206473567327,0.008453250789043692,-0.03524590732307408,0.06994381287300251,2025-09-02 20:42:00,A,1756845720,10s
-2.9508896750216915,0.9219178377549814,-2.316208931459813,0.6576311099795524,-0.9825079122052227,-0.6193130449673605,-0.16280894612072044,0.6116124813547753,-0.0559855005349496,-0.6703764484584672,-0.15600382567400833,0.5073117837455753,-0.5390749000867171,0.5461453981904328,-1.3986185988006683,-0.20535295080853394,0.3646225379375669,0.23514612431297502,-0.880429256803411,-0.2775577846652489,-0.44520760777524676,-0.129409392921893,-0.07687258543492816,-0.10390252171980668,0.07893192891677484,-0.35275634332888134,0.027972662192680325,0.01719872722483691,0.034380563929671065,-0.004605531724515517,0.05519859781111324,0.007216120460270098,2025-09-02 20:42:10,A,1756845730,10s
-3.0150200389560404,0.7229314581643317,-1.5271036203784618,0.7183726658015486,-0.9109278678676452,-0.4394219815924857,-0.21817176873054528,0.4109687551208961,-0.40709622528591705,-1.3149241578468975,-0.3037951771344774,-0.006899466880611094,-0.12481832176842267,0.812205123199863,-0.4216211982092127,-0.2525868378150031,-0.1217929864610554,0.3000079010779384,-0.4433338357716119,0.08994175817814294,0.6540872025112663,-0.2997002166316178,0.0231594839346086,0.046156689593562276,-0.24115427514639065,-0.2942040469449934,0.14115883631727114,-0.04594295691683989,-0.02533165850549589,-0.0564859580353726,0.030134430634270248,0.12101471495288416,2025-09-02 20:42:20,A,1756845740,10s
-3.307013729675321,0.9272747941968025,-1.3223426463620558,0.33632748441023824,-0.29476660852670605,-0.105148528230316,-0.5234535884024099,0.2960347155384012,-0.3897391343243641,-0.7878551066967951,-0.20098705009983842,0.5895678705392257,-0.3071600787191516,0.9762213809083468,-0.7960751065835322,-0.18795352575285001,-0.061288043530343964,0.23895922346847634,-0.74537247178603,-0.046667481022730925,-0.1857985147036984,-0.05105879342154506,-0.5075624450085511,-0.46252085441542706,-0.27572302783759345,-0.5311637800742894,0.135213749530095,0.17695745217127476,-0.19257469671041594,-0.23896221414492,0.18522180979604083,0.010217426111868988,2025-09-02 20:42:30,A,1756845750,10s
-2.741237237392763,0.9059708091213985,-1.9531811882685308,1.8295894707489464,-2.159320733208052,-0.7969916113078794,0.171244742934787,-0.37346919629047903,0.8222655891131827,-1.2457861393993592,-0.10357413724574278,-0.6137830823486314,0.24487404977477115,0.5562519209089122,-0.2592437229522975,-0.3148940545385766,1.2153345751765596,0.1971683123915825,0.6296451357995311,0.718745629635686,0.3225611207032055,-0.06940698961473148,-0.1932889011123753,-0.10701239455203022,-0.28780215373359097,-0.12123724504510955,0.2743849308477202,-0.18216846331723394,-0.16353151659922652,-0.02862215428667122,-0.03641631846588104,0.30123504970781384,2025-09-02 20:42:40,A,1756845760,10s
-3.169337399843515,1.2052916874643864,-2.500629766383268,1.0150175436648605,-1.1216166298978594,-0.38410462551425384,-0.2693272489774976,0.10171330564305915,0.6478440409778685,0.42613201987181704,0.13811062606574556,1.0836385627842722,-0.8030346739787485,0.7974351448796286,-1.7000330532356922,-0.18862937141142766,0.9626793103360848,0.3351540976401817,-0.2078370170116884,-0.4008393332584559,-0.4633612020845724,0.009221563826736813,-0.30112596707784534,-0.046393218791664775,-0.0018833301037956126,-0.17609767522482425,0.16297709509849503,-0.0911720190936303,-0.030820869215005684,0.021368682337658672,0.0028377390347217304,0.11668702304292936,2025-09-02 20:42:50,A,1756845770,10s
-3.33483770506064,0.7848100660535586,-1.1553551243864462,1.5208970472586418,-1.3032931271053434,-0.5742782331455222,-0.17591326754404818,-0.17751469583964413,-0.20154916526658115,-1.863854397029555,-0.34638430450538465,-0.6627681654275422,0.6375283416498666,0.6419207602740976,-0.0437698799161399,-0.2541737347958958,0.5465692606835754,0.2889401400669607,-0.07102820468506796,0.14797535558745548,0.2980975939458777,-0.371763210746345,-0.06414745928344792,-0.5414305540523708,-0.1514268347015517,-0.21782207703218956,0.20509524921629743,-0.05412321932666164,-0.010271793720141526,-0.04573170031433271,0.0799390445693554,0.14129927721584745,2025-09-02 20:43:00,A,1756845780,10s
-3.5219422377102876,1.135729196650979,-1.4832467489583419,0.9444262066756535,-0.8773762337734843,-0.34196404153780235,0.2871073879048231,-0.1499819235207039,-0.44470416475241775,-1.4501602027631633,-0.32314177524237103,-0.08771355132474234,0.43515044009721554,0.5408971802763107,-0.643602367041254,0.02311949679532193,0.5245700038646696,0.5074089873025004,-0.5223267770984914,-0.4810075301991449,-0.08402245331754436,-0.2558174160430815,0.21237995182961292,-0.5878296536776884,0.05025859541336726,-0.10522371753504138,0.05457281196996671,-0.05816395912618671,0.17092629743103185,0.04352745268717672,0.1175749627137311,0.05981305191041819,2025-09-02 20:43:10,A,1756845790,10s
-3.4616918359393707,0.8258148354360005,-0.8619465550324574,0.6787047286384299,-0.9332958133953925,0.05992753694523571,-0.049875442292174645,-0.8618864239775503,1.2587433547131106,-0.37251036068118504,0.14352426403176582,0.016890379327590885,1.8224755153292005,0.11106193676916497,-0.5680809680703949,0.21052108879620682,0.47834789607326433,0.3701203248759827,-0.6111448015526387,-0.6960928005367872,0.3385021477044151,-0.08897139166510702,0.47908912350070576,-0.44013727651878587,0.0066447044423037635,0.06750211165030479,0.08585167400016547,0.03620207346359568,0.22622403866631008,0.062236555136753205,0.14443125886645544,0.036152935473963345,2025-09-02 20:43:20,A,1756845800,10s
-3.9050458338177347,0.8223278823338427,-2.6874400400986103,2.810452658057512,-2.325373734276696,-1.365005944654045,-0.16122158862908686,0.17039363496876894,0.039597108858450636,-1.4984740882484047,-0.29433113800927513,-0.5787597783895191,-0.7004681482645704,0.3640809196418194,-1.0518305711223517,0.24057747733869517,0.7063225019742237,-0.36205029024887075,-0.6647157710365371,1.6334068464066334,0.33496276133015535,-0.5726108973561751,0.25104232683707595,-0.305454510525193,0.03476225529637892,-0.2081936320788377,-0.0959325398097239,0.029421028897599438,-0.16695734957371758,-0.09433262069015019,-0.08551838286397964,-0.08700362413505704,2025-09-02 20:43:30,A,1756845810,10s
-3.796068995578278,1.2211608189745045,-0.9992814519005756,0.5544487799784051,-0.7624808541130667,-0.029616739090924698,-0.6808019096939009,-0.713406413988312,1.404567645180695,0.3960788935554908,0.28033295196151353,0.7149930347620165,1.4087316417589033,0.07548384034473339,-0.989069814481553,0.17726338188785296,0.4796652545408124,-0.4313589827117809,-0.3036569828108023,-0.37142662327028153,1.1833200255085328,-0.3585916867292079,0.09523133218904668,-0.10870257560296617,0.23886272709715325,0.08209757922699652,0.2045210948339069,-0.07734019363235248,0.1346290017754737,0.08298477518506069,0.1639781916605284,0.09248879739090149,2025-09-02 20:43:40,A,1756845820,10s
-3.9985114276488463,1.5904665711464094,-2.0425860785943057,0.15888363010135692,-0.3736390639473566,0.18413976160522288,0.12621985105728722,-0.09427719971534856,-0.7291145796768053,-0.4528646954148893,-0.18867656667274293,1.108826433297291,0.10598409918536633,0.4966984306464387,-1.41032967996153,0.3950857654258372,0.4715525917254241,0.5062895341293787,-0.8051793751365177,-0.6970460221621648,-0.3307284420767274,0.17128008919443172,0.08346424614643716,-0.21225148928913914,0.08149032386264403,0.2624487691637357,-0.3071229990155464,0.14554474243759583,0.18863143744512498,0.037480085472544236,0.07055569340447705,-0.022574334828026985,2025-09-02 20:43:50,A,1756845830,10s
-4.042592242744741,1.2586921756041611,-1.5307157325287952,0.29162876517565195,-0.22684560354561112,0.095125423045491,-0.5522277735083255,-0.08982987872857673,-0.8410533505613534,-0.5695721899179995,-0.23287463145698795,1.0570057017323675,0.00858972882772108,0.6772046345231868,-0.8835038743839697,0.46074657636692706,0.09022538668686622,-0.356783713272829,-0.26187058280514297,0.254283903058358,0.925846710955907,-0.01612841938674115,-0.05089874847126437,0.12889227040085507,0.015345573984743767,0.18207267303605845,-0.005570290788734737,-0.001737210965688577,-0.022396559090270655,-0.05214990327306725,-0.017743957377567114,0.02578109942434882,2025-09-02 20:44:00,A,1756845840,10s
-4.0700092783450605,1.0760574284337148,-1.1525577525691972,0.11431254470991732,-0.04439469871678862,0.25445563811467076,-0.7548374043872459,-0.23885023521829007,-0.9108747788554432,-0.29010138772957683,-0.16838855955799056,1.2910398697439824,-0.02034670974797211,1.0836386644167844,-0.8194503540741384,0.38495119241971937,-0.09586129870896778,0.21974275461720336,-0.43775576158104273,0.11201867548980636,0.017769516385503836,0.2680197168141946,-0.7271160371688663,-0.09774171717559536,-0.13200660967471617,0.19852412583167275,0.07109747097692239,0.16334173377900948,-0.15490275036973136,-0.18511342811520076,-0.013402648094225275,0.04878075484782402,2025-09-02 20:44:10,A,1756845850,10s
-4.327148417178742,1.0975064989627858,-1.8329892780602761,1.1481785187366036,-0.742946305602741,-0.3798126040456501,-0.7485059012769959,0.0012882106689134025,-0.533041436651674,-0.4130260619867182,-0.16146845764074866,0.8625986262471407,-0.4301584164309033,0.7806910962977935,-0.9280767578631288,0.5701267811471302,0.16242248366565157,-0.5794101751353519,-0.19422292699900123,1.018817142500438,0.9387075711639822,0.052516554703172666,-0.25715500095595734,0.09199306119074029,-0.005895924277234462,0.2075195692824452,0.05785562117720157,-0.11034189942806033,-0.10528654825254877,-0.038796728167009735,-0.003613157459905042,0.12861108937783158,2025-09-02 20:44:20,A,1756845860,10s
-4.397143577275299,1.2919562587134157,-0.7648995379419989,0.8478897236821071,-0.17905055943724585,-0.05901326099484263,-0.6211067388319963,-0.1611645353164582,-0.8446055566808707,-0.5504895119973185,-0.19518713177095268,0.83157930567735,-0.06310068940516568,1.0087823148873736,-0.8268089428790562,0.470049315426281,-0.1098117093198436,-0.0723902251824911,-0.4321123778967559,0.1776543536725202,-0.15671149886929697,0.20503778603604456,-0.8949817817180469,-0.16325071020749507,0.10485555851854529,0.24713557755927462,0.1145552738438101,-0.048739937228521754,-0.14315626685617858,-0.193876507209905,-0.11808269179665758,0.11794607075050811,2025-09-02 20:44:30,A,1756845870,10s
-4.843677561016194,1.0384813333547205,-0.4384457485201281,1.8837075676001471,-0.256606419601029,-0.27909841341257163,-0.20044272962662038,-0.41794792244658924,-0.20427045129464086,-0.8606964836744337,-0.15524468379665263,0.018539857223731675,0.2563956001631351,1.0605569138142639,-0.15134245133218005,0.29728548533007954,0.328395180589749,-0.1555191076179879,0.23763629054842417,0.3375487657135893,0.34236063930896354,0.3309270855723647,-0.2738088057695775,-0.35151942624904736,-0.20243878482332026,0.3470946378127476,0.08790155479997294,0.031202511233586496,-0.06427871552292178,-0.10253759989995692,0.10218706324600382,0.13311815231281784,2025-09-02 20:44:40,A,1756845880,10s
-6.171122369568287,1.2317309695312515,0.18442598709726013,4.861144878565992,0.3247772378001751,-1.5246805254857667,0.3077737808848199,0.18423560448906348,0.5449130839978965,-0.28975084054096684,0.013027418845657843,-0.8516723481980779,-1.650129173733648,1.8409746187960803,-0.5520890370240965,0.06923668416263908,-0.5252790591847435,-0.19698954988804762,-0.19737482135619852,-0.0838701542715735,0.324059694415837,0.24558672728562983,0.48724965913108864,-0.36150268992617823,-0.07254370606177214,0.22286363710049206,0.21381964403928047,-0.318853452071833,-0.005426270884120753,-0.08079525799175921,-0.12068059629933885,0.013559625072042539,2025-09-02 20:44:50,A,1756845890,10s
-9.851331368238897,3.9746047109956044,6.569145223904677,6.532558570322823,10.242467422977043,-1.4244391333712367,1.908501042326207,4.967949990728589,-0.2741442534578396,-1.0899699067640856,-0.19128421772922796,0.2473603082903988,2.444052703025417,-1.1834786109846631,-0.409348663434424,0.635183694466967,0.3843366179987122,-0.964709192828235,-0.300791997569549,0.15102528364273354,-0.5983484115087057,0.3563673854961694,0.41377972976144145,-0.7030755528891641,0.2721409257338069,-0.39493359213244444,-0.2352217132410856,0.9121061715652492,-0.9555120668980263,0.9093396399531669,-0.5905939242334263,0.40699519753719443,2025-09-02 20:45:00,A,1756845900,10s
15.457127198271765,20.004991713798802,1.9037398142802786,2.628102554894978,-5.798516604225933,-4.437176556643507,-2.764375260907344,2.8913208751543635,-0.6862255006128541,1.4723401103224603,0.5126953784395697,2.378104891332635,1.6633781978125064,3.9140727832100373,4.363467679681746,-0.6440279000923171,0.8595495463727365,-0.3738144832304193,-1.014750305197542,0.9644371924279266,-0.24204140128125676,-0.08577660291042365,1.8056175814091082,0.6082961804869182,-0.06444010944900108,0.8311044442049915,-0.5091225280769784,0.27600932745478834,-0.8189543783463408,-0.5171823786627888,0.22115833165091905,0.34362041889847805,2025-09-02 20:45:10,A,1756845910,10s
9.657577205789812,-3.4051329751575503,-7.016682173216334,7.029919722486178,3.2646685193479894,8.202249244329998,0.2173051643711481,-0.08424358336834212,-0.13304209624041716,-0.38722831706400246,0.2228373625563006,1.550151249465686,0.6550951743372928,1.8332272282629423,0.16949182094341828,-1.8157517247296273,0.8800553255266155,-1.3566694101831083,-0.8516245762849562,-0.8728241654081136,-0.2676919804197352,-1.1689920023046705,-0.966775625525409,0.4176410588711328,0.7582765603148642,-0.015538010842075567,-0.22453459136618079,0.037682145119393134,-0.251273110850684,-0.40447556928479445,0.1765741692907913,0.18958499685032962,2025-09-02 20:45:20,A,1756845920,10s
8.485263624607727,-2.9020296265077885,-4.20674946611434,0.575747712077231,5.725706609758355,-5.841871992514025,-1.2138141680936312,-4.5313638530804425,-1.1072662811953475,-0.2763678604750856,-0.6501078305496835,1.1324292229357946,1.6987689628057918,0.7542288561487658,-0.8969957041728576,-2.2770521005562006,-0.0040083429823493995,-0.12035611523243948,0.09785683398232421,0.058205167072547546,0.18934040898499307,0.9584435409747792,-0.20547317603592805,-0.06744416265525385,-0.11740960337022262,-0.20704301704484915,-0.8909971895889545,0.3151453157564702,0.5596126384218364,-0.12109077708098988,0.12090222098167408,0.09155508581422919,2025-09-02 20:45:30,A,1756845930,10s
4.404012582420056,-1.8267161286000009,-1.9662199739796782,-1.191311267703353,1.9519114454820474,-1.4213588711296112,0.06652911251061229,0.6389797582082851,0.15850907991835386,-1.3518879604872784,-0.39955904073741927,-1.0143231427845578,0.18663384069509253,1.5106841269603368,0.5518161184089531,1.084507453976475,0.6038220576719818,-0.08344884136540745,-0.8874769907346632,-0.5514773117765841,-0.035238540755354764,0.06164817521506549,-1.0152752834371406,-0.04183525836832861,-0.3958384915382264,-0.053644306481629156,-0.21090507320941565,0.16855652370703778,-0.028200176632095723,-0.08642822465164865,-0.0420580130506943,-0.2215798872635086,2025-09-02 20:45:40,A,1756845940,10s
3.8143313524372555,-1.0224998140865413,-1.716041177681187,-2.006638091758706,1.710078513161229,-0.981351352051169,0.6401385525387934,1.1583211658986436,-0.15186362033064868,-1.5898964310004342,-0.49081465182697964,-1.1893450778026884,-0.18741979006825718,1.6249890845993002,0.7275678597545906,1.7676151191118894,0.36243749237514195,0.6558613578504178,-1.307077231534042,-0.7812742446711104,0.8866645554022975,-0.6207982810532024,-0.7377979590200036,0.15480470421670509,-0.2862562006484362,0.02930474571668887,-0.5469315061011106,0.08616527063564783,0.03065597983106257,0.12916417831866564,0.04429006350921805,-0.2007969038406632,2025-09-02 20:45:50,A,1756845950,10s
2.5197628561729486,-0.682604021212847,-2.0510306114595145,-1.7966193406643425,0.2928584468894494,-0.25051612262648393,1.198362303568824,1.1315025819712596,1.053259222935047,-0.4032823319879477,-0.006240829044550647,-0.5076646497831443,0.14856611893393748,1.0712833383331377,-0.6265432313417763,-0.2575334416420884,1.105446967378313,0.3196309326981493,0.13139172293885604,-0.2972705360700891,-0.3432851323144258,0.4598404295835942,0.29642819620008665,-0.4273046590183942,0.08399367224031841,0.2533177626541682,0.03595142201070306,0.02846579171103686,-0.021682644914986747,0.05908817961274383,0.08265494593808824,0.004320951327899037,2025-09-02 20:46:00,A,1756845960,10s
1.7224218209853495,-1.1055830820910375,-2.340955645442653,-1.8031010073283678,-0.15072352327430089,-0.2124844321697723,-0.2139033665718758,1.2422100196191332,2.3105267062480976,1.3619367534857785,0.5323667063509269,0.47929008578272125,0.5794390225915884,0.7735418947695788,-1.3964162419410555,-0.47139629944364597,0.31061542960555866,-0.2030161176356103,-0.87912692850787,0.2803992906481891,-0.2540330053960817,0.3794202617121163,-0.5308752484687109,-0.29744206669083567,0.17649363284308148,0.04550019119449504,0.3533102003642571,0.28888780569650724,-0.05474840866082032,0.035049162936149715,0.23927966445796942,0.008392741357684353,2025-09-02 20:46:10,A,1756845970,10s
1.1473119091467274,-0.328464369319961,-2.2072776247022365,-1.8461401662323604,0.17638699305844713,-0.5413449257501713,0.2778171828988284,1.9146207070883245,-0.03168204903353256,-0.3542513965113797,-0.14810514973306488,0.0009312803473743981,-0.488680498267444,1.0602495627793236,-0.9777042759901587,-0.5508843929927447,-0.3053831243076149,-0.41156789073462996,-0.4053127115415225,0.5264007047600762,0.9562108076826255,0.11622195630871215,0.07386515046897048,0.25128316324150585,0.2291479813463733,0.13908814465058586,0.07089595291442208,0.06711440370516965,0.07831760240270251,0.0032012066424971504,-0.16545573818105472,-0.0388463126900992,2025-09-02 20:46:20,A,1756845980,10s
1.0515990699480613,-0.8242818900728999,-0.4223599519087723,-2.291326577833282,0.27787609798556046,0.32765710370782647,0.6161977361782858,0.8237852127220855,1.442609005131086,-0.4230959513145893,0.13906823821624031,-0.8508584430633984,1.94106287097939,0.7835076749317368,0.1522189494228525,-0.6975471803596567,-0.4762792087150645,-0.10550529247274497,-0.4758121316647005,-0.045358087662182564,0.6930174979166694,0.358400732478923,-0.07850627231956167,-0.10956789929106633,0.06320064569660082,0.2612390966038237,0.1585724061032024,0.4275712885212312,0.08597497904393496,-0.2055234042977189,-0.147708934859875,-0.1314448575687257,2025-09-02 20:46:30,A,1756845990,10s
0.9788746961707728,-0.06245796630734837,-1.7072531982158161,-2.034867572476481,0.017823030655200463,0.0226283222135352,1.3091604217417896,0.852923927128339,0.6419299403774703,-0.5065796619999494,-0.04830861165040807,-0.3888773507157438,0.667442193223023,0.9854138583066864,-0.3069626415878542,-0.7387455369648209,0.743623506962724,0.15373081769321464,0.5548274177812238,-0.013710167398419276,0.5219974353637548,0.42713965887032174,0.07212071036044641,-0.2210244406669914,0.1855532809175522,0.5048209289310803,0.16578666257596628,0.3495095941215393,0.1645469341361723,-0.009748083382809697,-0.07754646858696523,-0.05336619794843361,2025-09-02 20:46:40,A,1756846000,10s
0.3714416493247377,-0.3273740706793312,-1.6319011766913294,-1.8288030492421552,0.0076835364710371125,0.03787458542318269,0.6754446760165853,0.9986183942192084,0.5602281170519167,-0.5588163355457342,-0.06406002776120652,-0.426861227621879,0.7854766468319271,0.9262859735186512,-0.3147286261038397,-0.7414557861025827,0.888466483228487,0.04156841561227307,0.5057347449494467,-0.2594576480815201,0.4828357890699469,0.34759571830030606,0.509308863274313,-0.05576082820553823,0.0011305120641430016,0.2900755390334596,0.21648302416019527,0.22924540138946248,0.08831864766643195,0.03346623932650907,0.01742137444231054,-0.07732503393938515,2025-09-02 20:46:50,A,1756846010,10s
0.3675042525315707,-0.4829644240530997,-0.9372732995068161,-1.8641600996064933,0.15526368575789842,0.03882775531762808,0.2782004860186549,1.007039730488782,0.3807840324901705,-0.6888441104609533,-0.08968187600922527,-0.5198226608057853,0.9095285871238389,1.2165804299160456,0.08533205430201798,-0.9796165392048133,0.4618112071793123,-0.13291661203712704,0.6353256473843595,-0.03644467586522601,0.5940468233088736,0.2818984124127192,-0.311064144231143,-0.18529834893254024,0.12903794496516144,0.3748044029626399,0.3069585943108928,0.3753239813287652,0.17210553314793436,-0.109429371243762,-0.1363028298931585,-0.008107453117041667,2025-09-02 20:47:00,A,1756846020,10s
-0.9079381595224189,-0.4071014489757731,-1.6042041732641816,-1.322223712468028,0.10779842148951338,-0.18499828770636714,0.01498174802173142,1.2478260291259655,-0.5926109538619452,-0.9164454977747859,-0.28116772095048953,-0.3192855423224499,0.16848634196151815,1.1536803502764585,-0.378785814088255,-0.3216077879009327,-0.24096240610127315,-0.06062584923280095,-0.5142972615184922,0.33201931586526545,0.5332323092635483,0.2785764395409018,0.3994202009070201,0.1482153849253607,-0.11280866514231988,-0.11715370412995937,0.10225666178008663,0.15037129696607937,0.06729754568211103,0.02763238941864436,-0.05790726247463871,-0.1530830653879508,2025-09-02 20:47:10,A,1756846030,10s
-1.3804991052893778,-0.295008042494745,-0.35658751514681214,-1.0539845655284783,0.012496186744823777,0.05640399840515699,-0.22070930666991356,0.26025837910389094,-0.00500905611940956,-1.06462581181691,-0.18577564034459962,-0.6579344611064862,1.1849260380121225,1.1390423172422357,0.19702170233916189,-0.42840626588903674,0.7143531713102353,-0.190038209208916,0.44675224099373956,-0.12283644672208235,-0.28604368565959315,0.4689180542242208,-0.20360865671343584,-0.16607395033320213,-0.45207631314385804,-0.5288868159277176,0.44903788836201786,-0.09036427575645604,-0.32285862452910224,-0.12542660984945642,0.021426174139310018,-0.011404931346162285,2025-09-02 20:47:20,A,1756846040,10s
-1.1612824851881391,0.16374656318063968,-0.7453408557493625,-0.6067788325654482,-0.8776358875050039,0.14462778126569842,0.9246843545103867,-0.5044573735823555,1.1292539445763936,-0.6018917817364907,0.09419964832706929,-1.0613142013031651,2.048051127286073,0.4866495400986855,-0.11625195657206377,-0.046681909497587756,0.011306937951498258,0.4091059275689589,-0.5385652079815674,-0.08836069300421442,-0.20032561198793805,0.5654963244870308,0.05630737342342174,0.3208528202508448,-0.304215632044028,-0.27470567642536825,0.3057608293135263,-0.14222512926393893,-0.2879993035491185,-0.07870127832110503,-0.12291068948477749,0.05409553416586371,2025-09-02 20:47:30,A,1756846050,10s
-1.8585950847888524,0.3038744482001058,-1.813232582125156,-0.7334905888223671,-0.4676040730288465,-0.0811882454761316,-0.002774724409841649,0.7915118784778842,-0.7111598512323619,-0.5932237644039071,-0.21754427373144863,-0.02293937187455921,0.11383518879032498,1.0061682654647333,-0.8175698427524366,-0.18312855667188724,-0.02421203230650638,0.19001303394108132,-0.5414352566869475,-0.03462852172664515,0.04341039547484377,0.17295197409795804,-0.0037489864938181536,0.6323669585060837,-0.19150697487452356,-0.29159033239249893,0.23291591575134982,-0.1008928936544394,-0.1913274341654182,0.0210695004477707,-0.08098953688839955,0.02025466999265426,2025-09-02 20:47:40,A,1756846060,10s
-2.0761472249271615,0.6616318683168412,-1.8822039861051263,-0.8964220477370411,0.0059029969686510515,-0.015217950189213366,-0.14484451007300841,0.8056299170963017,-0.6849642424485146,-0.14843790662060644,-0.1661796046091885,0.4368458162898805,-0.041341522228696824,0.9068204157576654,-1.102977757926753,-0.15425385794981478,0.07049248482211992,-0.19143615614407916,-0.3678807829312807,-0.12763618503001092,0.9390807136470762,-0.085880914461495,0.49554912553420727,0.43168967466083313,-0.12661766328233245,-0.41584729344326854,0.0672546874782821,-0.24185994038772204,-0.021163037567716633,0.02000977151407212,-0.12372770348694138,-0.0011571739453146526,2025-09-02 20:47:50,A,1756846070,10s
-1.97454167041388,0.750181391645041,-0.99831352183896,-0.8690327201338544,-0.07261937919638194,0.36886254052083595,0.8910143048564525,-0.32029810107718715,-0.087274169469979,-0.9704272828623637,-0.18874949324124768,-0.593464556593904,1.3158236583484142,0.7689765219343767,-0.13087555078917812,-0.32063936127007975,0.9958462416114235,0.19851452507614897,0.4505542348600879,-0.5597294108898176,0.025364762938439464,0.4428421586943559,0.36108491361347456,-0.024810348000918546,-0.39965640671009556,-0.18998233088167488,0.1084092498988832,0.09890625165541791,-0.1958037604573287,-0.15707894705843375,0.03167315016228076,-0.06066772623943665,2025-09-02 20:48:00,A,1756846080,10s
-2.0139128603809664,1.1645174099074627,-1.5429877343616565,-1.016743552909641,0.10150455682932215,0.5030064746541839,1.1583808357210454,-0.43930204968261666,0.08820509553656292,-0.22194525032665613,-0.06196188746715712,0.08358675910207093,0.9125496889666915,0.6731389644913401,-0.6341359311084838,-0.20321466363672047,1.1679704656585144,-0.044488029350304874,0.6206095247452305,-0.6188826288182118,0.6239141803884388,0.22930426550183117,0.49461215118242147,0.20418068829089756,-0.18086002022355882,-0.1127577185387122,0.14114134110266024,0.006469364490482233,-0.1881271610837681,-0.10543725844329557,-0.016498201764024497,-0.06758713394924094,2025-09-02 20:48:10,A,1756846090,10s
-2.469287996336006,0.6633283948492509,-1.289023849285066,-0.27466549781890565,-0.3982632075662082,-0.07036019994550322,0.25409195034437704,0.3291854369918472,-1.1044299708381664,-1.227810975567055,-0.3578536711831283,-0.5530275221242855,0.6141678677649084,0.8425820640171053,-0.591153874091896,-0.05539927714083384,-0.08530119842611401,0.1719485263950341,-0.6606872371020747,-0.29458684623921305,-0.3759841860650389,0.37587731547315345,-0.05890047211766032,0.453757970102981,-0.09850404533262005,-0.09004461407696372,0.02507971076306669,-0.07038792934134357,-0.08269402840763666,-0.04978417339127617,-0.0710594940387123,0.06343309851405132,2025-09-02 20:48:20,A,1756846100,10s
-2.3233102446162293,0.7540869562007088,-1.7959249028812687,-0.66649946166497,-0.44286432338872384,0.20150545001793463,-0.19458929609358436,0.028359370382509876,0.18136792684195463,0.46076222914883425,0.0845660503662899,0.4915914973813667,0.7510590914806163,0.5673021158236748,-1.1129122313171098,0.09318371465099898,0.32199453184429844,-0.14892034310836635,-0.271559339033603,-0.04598340411600736,1.0052662290483543,0.037917016793418405,0.4070850992794593,0.6217469591277514,-0.11354746818130314,-0.08583157576978956,0.05103440920075893,-0.06847649484076457,-0.061853100578351715,0.006058704845355145,-0.1906547032910065,-0.0458124842363128,2025-09-02 20:48:30,A,1756846110,10s
-2.5896195713021073,0.8649335083808615,-2.3182361701571836,-0.5100210944909567,-0.5395939850240328,0.04234690345701325,0.45537917667240946,0.16553452623190842,-0.9385485056035241,-0.5282070222838737,-0.2530026838639404,0.12994621525394667,0.3030979275907541,0.7345721458642054,-0.8464959873067606,0.19058573844380375,0.2859801740955589,0.28632750860906697,-0.4455415809380467,0.18757923261986,0.6775110994737346,0.11914005254431624,0.46495763656075173,0.5887477061711238,-0.14356109770815922,0.03862962378549852,-0.017947292644860228,0.026157428516611413,-0.12934127296489734,0.0847231064964969,-0.040406717129550455,-0.05887050604085727,2025-09-02 20:48:40,A,1756846120,10s
-2.7513446870446443,0.4828697368301793,-0.14030802016516553,-0.15709757832458845,-0.43293237656995825,0.11350407470975733,0.002389793824662851,-0.4085738382800594,-0.5483752122600317,-1.3580854527364878,-0.2813517685472568,-0.9232086255499353,1.6223761216680483,0.6992292384348144,0.14924975303036805,-0.1794141059348654,0.6860688422562825,-0.600840754199423,0.7118899444404722,-0.4576122277380622,-0.12189917675761332,0.6058748855592324,-0.2437250872789177,0.7318058276015567,-0.2502020042182659,0.13835734037183928,0.0704065817737167,-0.02819570338368307,-0.17026715200843082,-0.18246267269822586,-0.37534885095706283,-0.031873835596294794,2025-09-02 20:48:50,A,1756846130,10s
-3.1258428788074792,0.3744712243566983,-0.5335452044328217,-0.014657517359554681,-0.5652947050184195,0.2603727350149596,-0.4880187098242043,-0.6721469999542002,0.6918576733802576,-0.217720976441926,0.11105237930401586,-0.5348055176089237,2.2392657512798957,0.2997459766077695,-0.20347031724578907,0.22483218359352866,0.19873797251711733,-0.6473295957608894,-0.3910560819479921,0.08770188382302689,0.5757171907589678,0.3951849914514357,0.041571888295204876,0.21920940942167233,-0.2643381394786476,-0.16952933874566453,0.09264091226896973,-0.044519810652714105,-0.11525963760993312,-0.10869280134440268,-0.0744248920761389,-0.0273525365101476,2025-09-02 20:49:00,A,1756846140,10s
-3.2147913002134265,1.2974463179415237,-1.5116158672533606,-0.41834667955836563,-0.007634090918983404,0.1950493027222862,0.7087132999701525,-0.20381743890171217,-1.2085470370801237,-0.6740919561178288,-0.31727948935394973,0.04251239151804147,0.4774157069022001,0.722299884189684,-0.807590973331698,0.36986696331660607,0.18024988743967038,0.058609589686711205,-0.4502293084104658,-0.2436116685558982,0.6495311016626318,0.050810932846294024,0.49710450196264516,0.2188050274864009,-0.005262985247585111,0.038010223000238465,-0.005572637947670869,-0.08044972124199451,-0.07769430454259782,0.00489227379155853,-0.003693724448684479,-0.06005740995929617,2025-09-02 20:49:10,A,1756846150,10s
-3.152782117969633,0.9143516809224697,0.02381978534929499,-0.06567419074401656,0.06630289852575873,0.4378887785909896,-0.38956326609063546,-0.5924690198821091,-0.4909451745396232,-0.854868573624598,-0.19246610786441457,-0.4436686216956959,1.3005808789569286,0.9626539799499197,0.14667461003946172,-0.07824303117562817,0.703013576554951,-0.8122871629936218,0.7314357322220016,0.2070201413214213,0.4488030261951727,0.34893156512796025,-0.632058022034137,-0.2678371883190624,-0.3462921592668909,-0.16717270466073347,0.18220018719417597,0.06252685716916419,-0.2631617344834637,-0.3354185277356088,-0.10833244942435959,0.01715572095683093,2025-09-02 20:49:20,A,1756846160,10s
-2.9581425541989184,0.8792606949706655,-1.4780727488228513,-0.07041447385702233,-0.7994993077393078,0.3542644955237624,-0.03271495372182682,-0.8274982223948448,1.0271853828810071,0.9201682881059392,0.3384522850027322,0.27214741432456446,1.667771364669635,0.36210540037320155,-1.1740115631668844,0.3742662104007275,0.7214542317381245,0.3588695544537345,-0.7310305931782316,-0.3656184089469279,-0.25312333549892796,0.34078465922425144,0.013222127575080286,-0.29497603964581043,-0.014538589476527742,0.031315314206416256,0.14082153168332315,-0.014672837278567616,0.026099247429339938,0.020006546810066778,-0.026941256268021865,0.014144809872518848,2025-09-02 20:49:30,A,1756846170,10s
-3.4889173922415693,0.9618835101523974,-1.2099343621513283,-0.39361628490500267,0.14599762359872254,0.3157669788711386,-0.5439722432890773,0.08174353452952905,-1.2869661807885007,-0.10234638250507752,-0.20319425799887644,0.5645515870514373,0.3326913728709434,0.9877939431903826,-1.0612849877500958,0.352259898986322,0.20818178842419452,0.03730875221821513,-0.6261898073835934,-0.348991017686471,-0.010368246650196738,0.09020755036857218,-0.06009615557546387,-0.15568591393849032,0.053790048374057,-0.029652007518076708,0.09628496779301392,-0.0977933980430565,0.0179047714503232,-0.03284725217947041,-0.06327352794811612,-0.007629869865479747,2025-09-02 20:49:40,A,1756846180,10s
-3.756671078404406,0.7876299632138688,-1.0971878398087644,-0.2253091095975414,0.051810887262006146,0.21428141784966545,-0.18992444822377436,-0.08585223833355819,-1.4291570110045009,-0.5582002950949422,-0.29276749401028485,0.12441892873922511,0.6235057925564867,0.9036525962736957,-0.800825847967821,0.46477103335448994,0.19409558268051752,0.1832870688284899,-0.707182345594571,-0.48017981745200167,-0.3644516825227902,0.40890916403898336,0.19328447746768807,-0.030225914466755398,-0.052497214855853555,0.19084725248712536,-0.048944864877699605,0.031380125808850155,0.06290786408700288,0.030257568868263685,0.017305478632667882,-0.07302507581016639,2025-09-02 20:49:50,A,1756846190,10s
-3.8618352457508918,0.91819235069229,-1.0125137757554727,-0.03742487106574194,-0.09959623908713296,0.1206016507074166,-0.33775556142150076,-0.10833563106771656,-1.4498420854483158,-0.7192187417428997,-0.3181298286493279,-0.02478705490599821,0.6331260462864777,0.8548677208868123,-0.6839804989063815,0.4925354083490793,0.16037997789601524,-0.11258010369260635,-0.6579548242780546,-0.067196187265171,-0.24671101450702007,0.31735963153860564,-0.19898921407850265,-0.031870053163026,0.031728668996503194,0.14600949789568896,0.09742378708061043,0.02239380388111092,-0.10226286258623561,-0.01973171326511572,0.0350112211611547,-0.023201692698760566,2025-09-02 20:50:00,A,1756846200,10s
-3.6173114011151934,0.7639985621561423,-0.4875925027255928,0.3133888461874553,-0.551692427402083,0.1337112471556461,-0.21306265822476525,-0.5252526048314167,-0.62669509765247,-0.7841822850410108,-0.1841016297082915,-0.6155230797008945,1.7694635562996943,0.5345232513948234,-0.3320334814375605,0.4760144801206674,0.32484684861309077,0.1867195182018166,-0.6399914216333218,-0.31898961809313514,0.014360406269064822,0.05594721120814518,0.14239655040671625,-0.4403401719097088,0.16927971182106347,0.19479717859262213,0.1261038936976602,-0.176881509825918,0.18148222509813808,0.08420044958036309,-0.08368765280778416,0.058567352775853634,2025-09-02 20:50:10,A,1756846210,10s
-3.839544862655034,1.0715527487904466,-1.2017252075841538,-0.3584112486381859,0.1469005113701489,0.4361908557642119,-0.15772500592307084,-0.26229098002193035,-1.5082669511724203,-0.344646645582742,-0.28385114654046906,0.38193975424890814,0.5877922603096858,0.909880682487783,-0.6308944981544694,0.565749287212075,0.18874059104063037,0.14045503231897746,-0.37768382039820636,-3.121305863104107e-05,0.7595724494568484,0.09280743786039221,0.3183244063710637,0.031061811452865816,-0.04248467778235865,0.3257884834161707,-0.011915889964589517,0.04403829324947587,0.00021645351437477668,0.04991637044690439,0.026953521790224866,-0.03290877615439808,2025-09-02 20:50:20,A,1756846220,10s
-3.980507432030806,0.9544180617987739,-0.7803015302620471,-0.5063075871097669,0.3067331272968283,0.7333233667786364,-0.700959353085322,-0.9547761855269593,0.715295855659082,1.3280144474219593,0.36252101656813607,0.8325619757768253,1.8139148025080627,0.4051286554027276,-1.1798846674348331,0.6006561973768345,0.7307025836667674,-0.17945313962326423,-0.7786914037797136,-0.5352471854744121,-0.17890476604163225,0.4334902409423754,-0.04076312585514624,-0.6173116265071933,0.06952736196699764,0.1785514960737274,0.07839567673268044,0.2704963096620636,-0.04169758976691521,-0.0974566796582667,0.1470087597604315,-0.1907272608858988,2025-09-02 20:50:30,A,1756846230,10s
-4.387720241626747,1.1184554224204108,-0.7263593039889134,0.32490020689623655,0.2821225014095048,0.15805259325166154,-0.5420302193379207,-0.19947997721223862,-1.5179376765211714,-0.5894438684833062,-0.3176236217660402,0.05474817318062564,0.561794543502144,0.8773115904963874,-0.5092072731941507,0.617810446709444,0.12605389505732706,-0.5508043940598469,-0.42296189938684137,0.37981842176737496,0.686453033670169,0.08951895069677332,-0.036595997988735446,-0.3434477559865083,0.06473941617697887,0.1585806011112359,0.04398319129305153,-0.03774457004479711,-0.03391074238189351,-0.06430951719176263,0.05937710828386974,-0.03539023323367746,2025-09-02 20:50:40,A,1756846240,10s
-4.2853453072803305,1.1683626549316173,-0.5383082742771037,0.13638153716265733,0.5051917295663355,0.4001736928586388,-0.7205357748145794,-0.35278268581131234,-0.8035752088846106,0.6447297078612713,0.004876348166265253,0.8177372064279858,0.3860758170902991,1.1687311950793404,-0.980499642643258,0.409449805743608,0.7177185023293283,-0.0737077024039415,-0.05994673137337351,-0.33883007535154364,-0.18756208745263397,0.28002897693529405,-0.5082255570735613,-0.614568391992318,0.022724382970978518,0.19280603409662958,0.12365698177339522,0.029752283339262765,-0.008508489421656941,-0.08124722761344652,0.02578861142576234,0.04574251026110955,2025-09-02 20:50:50,A,1756846250,10s
-4.687290091218185,0.9478247716164874,-1.1571834533560224,1.6242590614455967,-0.5807382633710502,-0.3819138983109113,-0.37640978301462985,-0.14652684464460267,-1.1620578948039457,-0.6639683346709202,-0.266624673862083,-0.4877079934961254,0.19033990259466924,0.9714127688425955,-0.347269717100473,0.5969812181790063,0.16065954921794687,-0.34690779981086756,-0.36476484447058644,1.2360123654578132,0.5515897945549102,0.23330185986429836,-0.34308880562054483,-0.19284845504785209,-0.09741223653139996,0.2898989847632729,0.1373679929554535,-0.011964940278830721,-0.12626564732018475,-0.034198186137215404,0.1892792688185424,0.1387327721457065,2025-09-02 20:51:00,A,1756846260,10s
-5.284609421401347,1.092505651288685,0.49953786465702416,2.436682893853163,0.5433357621850335,-0.3564923970099265,0.264380023581078,-0.643914883225791,0.2800774355640633,0.6132572541713301,0.1594007443433222,-0.557334032742043,0.11750234118711209,1.6488306643905466,-0.35207054048549935,-0.048957890189097575,0.8070999741804593,0.2609994072558801,0.6484021008669286,-1.109321965905458,-0.2977069463014684,0.5449175630336924,0.10936769560978829,-0.3671063205446769,-0.10516062756166095,0.5479792030771948,0.29708798487512,-0.08378011239319157,0.06408879713624721,0.00825989103075061,0.009300845799955866,0.02954380469290889,2025-09-02 20:51:10,A,1756846270,10s
-7.426153772514811,1.8717270415999838,2.741968341926431,5.3421348499299075,2.606739699468139,-1.0094899259912886,0.3844497334129536,-0.114471560079708,2.0089634748164364,0.9104822940921364,0.48492567857815944,-1.7112224471652575,0.4914473535315572,0.9487209992560289,-0.5500914049737675,0.08305877712215858,-0.38002189734430036,-2.1082657169804127,-0.4291192457962333,-0.7597616922974627,-0.0915452877369665,1.0132374470767855,0.26261890218128325,-0.8911570075332267,-0.03424463428526519,-0.10788384368475366,-0.05097575245735109,0.1261170162095463,-0.12682661869636402,-0.46998053697247605,0.1460534762764634,-0.5049798672582179,2025-09-02 20:51:20,A,1756846280,10s
12.469254293869827,19.045159850229815,3.9287401216773277,-1.514258100712967,1.131318970646738,0.7182607252984763,-1.619735616262416,-1.0875277034582465,1.1130186976581309,-0.08038011901686407,0.1797539074743966,-1.4945675429108751,0.9138950857059808,0.5100130650056428,-1.4296012028237037,0.029852652394615837,-0.4299754522240827,0.8039482847405577,-0.76723101014395,0.11162886278297136,0.5281662439873107,0.8004773699495855,-0.4616910919628493,-0.2701715950908924,0.9899596487804145,-0.5540252438841952,-0.20275375910215826,-0.23969854377257704,-0.32409164594902573,-0.10158227719976567,-0.20689289473804015,-0.625305889943419,2025-09-02 20:51:30,A,1756846290,10s
10.671257785968153,-2.4658704114336176,-5.763887033511622,6.968466817780204,1.7737254035007226,6.628401579386843,-0.4208915503613741,0.5307206473387991,-0.5996604007173512,-0.32735206331031147,0.12140268461090538,-0.047369376121732816,0.697148637464525,1.8029663585675484,0.35111037961369146,-0.9702922715531813,0.6332586731956273,-0.4863698068122397,-0.14316955410263532,0.1052044694825885,0.38906000173570054,0.07957448380403923,-0.27933872119617376,-0.1734207207832565,0.23806002721437097,-0.12431819436635033,-0.3542295560642883,-0.3646919237843893,0.06691286486984181,-0.18168956035318634,-0.3104961250598836,0.17608325277088316,2025-09-02 20:51:40,A,1756846300,10s
9.167384043886635,-3.9874597154221387,-4.463272227681537,1.2927736041956015,4.943737863468669,-4.578840687602033,-0.9032570408271761,-3.909328821035038,-2.4721909023275073,-1.1974098445056414,7.4148746934147844,0.31040431722090694,1.0375087107322205,0.8755406904113125,-0.45259593487944194,-1.7829058857622777,0.3986128119902497,-0.2884068680220875,0.1639236761965932,0.9151880799451425,0.7850297632830554,0.6851152055557226,-0.07017659368285117,0.025795208193878805,-0.09854463729752089,-0.12373908324124026,0.024763496930900478,0.055189143788041135,-0.017770177911544862,-0.010217142018984755,0.03474261511473625,-0.024836819602751928,2025-09-02 20:51:50,A,1756846310,10s
5.448327662853902,-1.6421589975917268,-3.3024572909953807,-1.468154724358795,2.4668507149749965,-2.1200959821585315,-0.17729410693582448,0.7021682860328325,-0.3795670302005361,0.5823799071425421,-0.24219506999665277,-0.22992653885461603,-0.8616215146999864,1.4868259400623793,-0.7562033940665269,0.9174431421486134,0.39315732633011125,-0.04142276934287787,-1.0814554210975584,-0.026124088996385676,1.0834810253577067,-0.1945368437931054,-0.2235235087980274,0.27670347736695017,0.059353949529830904,0.1351312742575284,-0.3076663813499937,-0.026772820198655192,0.09612458517679262,0.12429776138540144,-0.164130341520276,-0.1819418395069641,2025-09-02 20:52:00,A,1756846320,10s
5.089325519477686,-1.211576737627772,-1.288254545980901,-2.2642754392918585,1.88369367281217,-0.6694746864630603,0.9809170643178481,1.1929323364084257,-0.01234810420183722,-0.6913130345645618,-0.3072767697340798,-1.7678289467517572,0.018553998794500207,1.6808766071442265,0.6238641739337214,1.404784424065168,0.6792410788133622,0.2894452600444469,-0.7201853884685503,-0.9098844253738855,0.5893098530253736,-0.2747065742572062,-1.05110802788924,0.15012984565822896,-5.086350708702721e-05,0.635774777824995,-0.5776637779886943,0.12943519549569357,0.04468691975011069,-0.1323366361186366,-0.27007109403022656,-0.06540537934246557,2025-09-02 20:52:10,A,1756846330,10s
2.80233457546412,-1.081904494410068,-2.1423684749930008,-1.7405897627284428,0.6860163306707756,-0.3688868936977812,1.4010860679305037,1.2546500938480176,-0.5640820240000961,-0.6712558947558243,-0.30303490600788663,-1.3347543547835659,-0.1664074166108354,1.3992638577470917,-0.07204860916546543,0.2705032142344177,-0.022695943192074977,0.43166962993827723,-0.8544539259771167,0.5706633628553761,0.3894519254612741,0.25938793922633036,0.21892729508268488,-0.09652637264442633,-0.05611454169694322,0.09964518149153136,0.06262615471318095,-0.13609693834265096,-0.09839696053968734,0.22354101522459208,0.13443141661978736,-0.02909089525793869,2025-09-02 20:52:20,A,1756846340,10s
2.205695890632368,-0.7870532541001444,-1.0642746248495851,-2.6906824343155984,0.8481216166885854,0.010431955664960597,0.6582745483349142,1.051396781473147,0.12570950678041626,-0.06189617370273057,-0.06317162618806108,-0.9632582807208533,0.8015029979366456,1.1845697689891088,-0.14472310780315426,-0.6952515504697484,0.7074380327666737,-0.011991344958042029,0.37344473193014965,-0.3331005743842759,0.09421206111162223,0.47973468821457577,-0.09097548794223818,0.033492799151297076,0.11649851902591869,0.4244813429573054,0.34953351577776626,0.07607745093898759,-0.09407433706975397,-0.07763208856719239,0.010894146753436595,0.1157350832287864,2025-09-02 20:52:30,A,1756846350,10s
1.287538370634749,-0.38491512374699427,-2.908158818260204,-2.3444677816025856,0.8112945965927988,-0.10963133545830117,0.4129275647320714,2.0710360009241073,-0.07198211433053138,1.4506090968222725,0.151327689359035,0.4893205189052367,-1.0042778818909195,1.1515671370702683,-2.0189603403054304,-0.4192316444183715,0.3364196773164647,-0.17697598549956065,-1.0325033881625978,-0.31591235981140053,-0.4192581217979618,0.47436806769561896,0.10906338032842282,-0.016863290351092037,0.47133469851287935,0.1601086532659247,-0.12693942350653506,0.08976956211770903,0.32283939593778554,0.16593736383488683,-0.026438033098492134,-0.09082894908600424,2025-09-02 20:52:40,A,1756846360,10s
1.3233623756007449,0.08040485458140176,-1.3241566800438842,-2.1224910170761078,0.9554411856862957,0.12672464489305738,0.7851436034343484,1.206730675317754,-0.6506499917141182,-0.10983793190188351,-0.19142809742737502,-0.6903899619159984,-0.3620635244048769,1.4167319411116965,-0.44676506729917986,-0.47588306419664433,-0.45733990029649485,-0.3579745153447703,-0.5122791855114172,1.0650889317854746,0.9183649411850617,0.1130977002899464,-0.38193096968520185,-0.3790442855836116,-0.0493658270652805,-0.24232814867666322,0.2993538697867612,0.08957537192444365,-0.06695587159597516,-0.18546014377016998,-0.12108661335192122,-0.016584074367542098,2025-09-02 20:52:50,A,1756846370,10s
0.19119185156309804,-0.5358904227056743,-2.0269753624531264,-2.285061660412907,0.8180294923596955,0.12988166237516233,-0.02372180413659059,1.785760102765985,-0.5333668463486575,0.8679493854829462,0.010467280136296817,0.15780068709354828,-0.4537606283643467,1.3073057922535525,-1.3017314055784504,-0.5491485957768357,0.08970682167179893,-0.036506513346446834,-0.9655220515029854,-0.2308633343455039,-0.31419684957503835,0.35796492510684086,-0.009746122420321723,-0.13648241410359938,0.13065155352997962,-0.15774119789278807,0.1194749106331201,0.2092464137683039,0.14828376835197266,0.01513802067560058,0.03535412462752606,-0.1618428917630993,2025-09-02 20:53:00,A,1756846380,10s
0.1730332309395959,0.1749867662999074,-2.08863563824987,-2.081512342589576,0.4874489894955006,-0.08465510913968036,1.1096656095844557,1.3270013912205234,-0.5529972453862584,0.40726581440630905,-0.07640699002221525,-0.3467488587309558,-0.3745784478848859,0.9412917103569854,-1.3528266995314961,-0.4187216496807199,0.01698665250907409,-0.21510374661937948,-0.8467322044280553,-0.12057857612593496,-0.4031502867044951,0.7141703145625459,-0.005460267669666738,0.36576060907959285,0.2562000134525652,0.1340257082690097,-0.07371465812434659,0.2046677022658454,0.06803792565454046,0.0036289701505797804,-0.011080026987697722,-0.1443793074685022,2025-09-02 20:53:10,A,1756846390,10s
-0.0482055317208916,-0.16985417795338115,-1.0432676972111943,-2.2548382679848222,0.5399704025397897,0.22692687102433212,0.34483318629540294,1.4491289519283632,-1.087142856927414,-0.46283989207613674,-0.2730157723271489,-0.8781535524936975,0.4166193098876011,1.1443815579248273,-0.31510811729674704,-0.6774932685396183,-0.3029029429143082,0.08482593433964915,-0.6670535592485883,-0.014219869166224842,0.43479045858985726,0.10459048400844287,-0.10145693783601027,0.05693687571050389,0.24373768513787733,0.16130045318928057,0.1561127130295444,0.35650683054121324,0.1308984822962491,-0.06930793943946684,-0.026466666915494784,-0.09231274048852561,2025-09-02 20:53:20,A,1756846400,10s
-0.5175953847921068,-0.4839931858785923,-1.2011122732930763,-1.2776643494444488,0.09056578341186551,-0.12688590874415662,0.25057854751525616,1.332232664366887,-1.0151529726382373,-0.699737489801563,-0.2986518272213322,-1.2578383476741786,0.2655435608447668,1.1245873522667114,-0.11775634632724807,-0.5828419456531455,-0.34600313450505893,-0.33030631072967614,-0.5682856126479088,0.6664402137941168,0.4917783051179905,0.38527768524998024,-0.03462315663690451,0.13371411110741857,-0.030727144247304914,-0.005293516977866573,0.0255980799582773,0.31687257451861767,0.11638772730372499,-0.0575897311419912,-0.04494107892815865,-0.11011564859242425,2025-09-02 20:53:30,A,1756846410,10s
-0.9579978118106544,0.42627857293378785,-1.7556708894258402,-1.3778214607878285,0.043576725530055975,0.16931140047941975,0.9192125506186809,0.1541630670561632,0.15522959257999286,0.8267599151896483,0.08718041165807723,-0.26108443682240656,0.30828027055336177,0.7511520844174374,-0.8544681616940828,-0.3683087386274125,1.2127020258867869,-0.3582717531745859,0.7174892695127323,-0.2857440523429298,0.6884081559894152,0.4986964363160683,0.7059515632487522,0.749710918127051,-0.17471263354681418,-0.056788234622143066,0.17336924437716977,-0.10831818290633251,-0.140177368819125,0.02980118150357725,-0.16045339567413036,-0.08577406902692433,2025-09-02 20:53:40,A,1756846420,10s
-1.5365011633592938,0.00826875342590471,-1.1932251290048779,-0.6920836808335584,-0.4670733750241106,-0.0555077385897466,0.15445500195459183,0.34806504505610775,-0.2247859778228794,-0.12556368848065122,-0.08948313433922929,-1.06282861844217,0.9874975957257711,0.7014968473212141,-0.24943542066745789,-0.4933107605950357,1.1862995065836328,-0.2540890339279655,0.5238697290635402,-0.41268492862323175,0.3264833403849181,0.2810760160224644,0.5017718590947335,0.49997908883091413,-0.28357234339925247,-0.22164082852908829,0.2865460638980849,-0.20825368178777176,-0.06956710274232533,0.08334958575420832,-0.14702549998090444,-0.02516216325671719,2025-09-02 20:53:50,A,1756846430,10s
-1.5226765232654291,0.6092129927489021,-1.0212463459859957,-1.122189845518885,-0.15198346953606548,0.33160903858010016,0.7354899356693443,-0.03524018814340545,-0.3603728786150903,0.002436897640193133,-0.06013657574329688,-0.963123235964794,1.3260724566848192,0.5418260644856568,-0.538221778825206,-0.21482938056016218,0.21391499450961818,0.5321672726573412,-0.6943418792593035,-0.7213896107639015,-0.03470352965465523,0.33977449909496515,0.43307123640863804,0.5031117505479512,-0.13384951944426135,-0.1524470473748324,0.09656492478445969,-0.08747201664344295,-0.06372667989718749,0.034551829828205864,-0.07545359987620315,-0.004870399841069209,2025-09-02 20:54:00,A,1756846440,10s
-1.7651517996963675,0.6993050389806421,-1.496614649101309,-0.9394680137903819,0.16145742661853957,0.2859309606275713,0.12993315161694036,0.6686128337959056,-1.2021789129720288,0.08236109102392256,-0.18611450391770004,-0.39473018029043766,0.1804579249432919,0.8503188304380017,-1.0200289498168775,-0.2714362053412841,0.20627524498532906,0.1471294181449872,-0.8693174881389228,-0.3837089216112391,-0.292486348512579,0.19661931517061337,-0.02871409855962676,0.09003278700414619,-0.05173083331324334,-0.4054202477676225,0.05861180562869334,-0.030422336226441894,-0.04727055718408014,-0.08973381135145064,-0.04980574076508527,-0.031697973485462876,2025-09-02 20:54:10,A,1756846450,10s
-2.2396538831427026,0.07944021715469789,-0.6462098573168178,-0.731096090112817,0.07841416315088298,0.25383482651623235,-0.03916901409000833,-0.02048099982415528,-0.6387124094159988,-0.43961346343199215,-0.18191720557393404,-1.082825464231066,1.4504856260056616,0.6845148222757214,0.08194849163893018,-0.44411027144990844,1.0982294381160342,-0.3714755240788464,0.34466570179955347,-0.43883852404720675,0.029030782985096044,0.49464337857907137,0.27831237956537713,-0.00022977976531573312,-0.4100696102059502,-0.27271472756430226,0.09917445229333267,0.062489784798765796,-0.07749534891193086,-0.10240196298217334,-0.029548831485185216,-0.12650126290521077,2025-09-02 20:54:20,A,1756846460,10s
-2.4292662478766007,0.6351046151193467,-0.8122842895588817,-1.2261872338135664,0.529751586205107,0.3034818398472525,-0.4648312970362905,0.5090741354094261,-1.5075515150075793,0.04362685344741382,-0.24704181090873908,-0.23091591232633218,0.3273040855046712,0.8853367922313196,-0.5543144728184081,-0.15401983665297797,-0.10571296835619569,-0.5973289074707707,-0.40738707400596474,0.059797361245567705,0.8122381434617078,0.13115123287519245,-0.06676523622056461,0.5067789625659564,-0.21675226910815737,-0.39701863648202845,0.11921773575164156,-0.02686557912377876,-0.19907216105921055,-0.1891862554398833,-0.13761887422591693,-0.09763241092324569,2025-09-02 20:54:30,A,1756846470,10s
-1.8059565390517596,1.8090999135834314,-1.1554828138950273,-0.961114994361658,0.30359913422861656,0.6955433916681806,2.848128547916701,-0.7697289188409187,-1.580838528509489,-0.8617509434021619,-0.40943364239772134,-1.1194915200075655,0.6489857365603361,0.5440310857145964,-0.5967631095209008,0.24616059292763628,0.11605733877147045,0.7310445455090133,-0.7747659099563213,-0.5365046375057176,-0.32339963635811586,0.4839601487526028,0.44332359646479297,0.15210561542822706,0.02669157680497402,-0.1149031124637447,-0.17646784410640254,-0.10248623530275879,-0.19628760629430786,-0.10965257285288382,0.010542346143234472,-0.02662425522074796,2025-09-02 20:54:40,A,1756846480,10s
-2.2868488548968045,0.5090813046578766,-0.6973968328226507,-0.7371234680732186,-0.1185615061547588,0.4986910145917123,0.407078222215903,-0.31916839186421314,-0.6677279926725378,-0.17443094767219486,-0.12639190618945473,-0.9777301582847956,1.4929738648121604,0.5097215037690189,-0.20240436564833503,-0.011442918377049612,0.19895793599017003,0.11183817159024792,-0.6454660198425892,-0.222658595183274,0.2302892131744382,0.2217723293785881,0.16226108639829945,0.1774858867485001,-0.09208247288279706,-0.11975212528686023,0.23891193210038514,0.012487727935215624,-0.13010105445001627,-0.04541490945558783,0.04422936428323677,-0.03316431503814436,2025-09-02 20:54:50,A,1756846490,10s
-2.4414003705472167,0.5976405668577517,-1.7114300851957434,-0.62639583266828,-0.11657018609467498,0.1280028435842113,-0.471067283285754,0.44036021172301976,-1.232416326182841,0.7971222814437423,-0.07168435512380357,0.15235852485964352,-0.1278166977686689,1.0366757242520845,-1.1361330450698972,-0.134697553903585,0.2961984890050711,0.38135294676003256,-0.7880584675923561,-0.1136304304302177,-0.2340590086389693,0.17033274744497434,-0.3413020547163364,-0.016830348435054963,-0.13154960081133274,-0.27373553919744364,0.21173150575960886,-0.04385050990902844,-0.048231979844597796,-0.04913694749540952,-0.07401368052764834,0.0514405923018095,2025-09-02 20:55:00,A,1756846500,10s
-2.6374342849410772,0.5445972006029093,-1.336223211298273,-0.336289753893362,-0.359395303827316,0.1450947963742384,-0.2043538564691179,-0.1366354673224713,-0.38320113143027157,0.3933040014096515,-0.023592891161591332,-0.5379769819367018,0.8058870661520713,0.5938817414101653,-0.3964614382328914,-0.15819458018668206,1.3986972802600268,-0.5212898523516775,0.5303402711720209,0.09811289713968918,0.5855605785853821,0.34523710622964526,0.23849298253716786,0.0064185771187668435,-0.25842574206564134,-0.09677310098719033,0.1517308408368651,-0.03461243482927652,-0.04715324363245743,-0.01854631840567537,-0.03852438765158717,-0.02472968218869275,2025-09-02 20:55:10,A,1756846510,10s
-2.630394602013656,0.892742281384615,-1.461433201220444,-0.4901007568326849,-0.46141684576248876,0.19912917832941904,0.21015953653915515,-0.3232704358065196,-0.4009304861508163,0.7438916060654985,0.022778782785006405,-0.2908732249240172,0.7052305864699239,0.44960581857775545,-0.7604921304293301,-0.03311312971535693,1.4417324615840132,-0.26967717985121886,0.7237546534018316,-0.665407051363934,0.633551818388075,0.3951013220179296,0.6426816646569954,0.913015511794403,-0.07889696994119938,0.32339800107343125,0.0694563653056926,-0.2462225191158703,0.018842553722248054,0.12036947648445111,-0.32534701631001395,0.0037030936005113266,2025-09-02 20:55:20,A,1756846520,10s
-3.2635970625104935,0.4838678716451303,-0.26130373075354757,-0.05965639128232976,-0.08127154095524533,0.37112925635579413,-0.2147196218557897,-0.5294734602562977,-0.8661182967063381,-0.3473233014737927,-0.17587395870281364,-1.0595183769418708,1.364430159507894,0.6223455596419102,0.14000522642903546,-0.14752808954500937,1.0492718904561136,-0.6613980835495064,0.4454534419420543,-0.2605822748795105,-0.13406577156059854,0.6585610911964669,-0.18126779071459645,0.19473220111588396,-0.3469793335702928,-0.021856169894406315,0.08454755608010361,0.05272593777392911,-0.21384707576309803,-0.17805065830321234,-0.10194978785014551,-0.08215592279960203,2025-09-02 20:55:30,A,1756846530,10s
-3.090331299581993,0.6081980631094147,-0.25894195375391166,-0.12940012419076105,-0.4777626843932669,0.33919705151815854,-0.44839446469549277,-0.8430468513549121,0.25086124941166077,0.5819859494729668,0.16711439045454143,-0.8739695524141945,2.1226958114909085,0.10893245816921605,-0.3659273648750555,0.13320431330324228,0.41165575964366363,-0.45506792741341734,-0.644216798065787,-0.12433696583001272,0.0012071403698051938,0.46326627151998545,-0.27134807128044885,0.11271300685186925,-0.08958777636036562,-0.1106939121593156,0.1277193763415033,-0.004183993029728976,-0.14255975936571305,-0.1334684766226268,-0.12175027488441695,-0.04184641329650317,2025-09-02 20:55:40,A,1756846540,10s
-3.109440967990383,1.127798185778595,-1.1573454804946877,-0.1873485514708737,-0.41028244720595064,0.2588165538041165,0.4658697729542645,-0.23342116960389162,-1.854192906136396,-0.46886402100851343,-0.3610094503997589,-0.8100727281851103,0.7471770636850051,0.5367680265602496,-0.47872701881529484,0.2700390438717612,0.31834812825469727,0.5046367763038313,-0.6832592787795398,-0.39898363078389376,0.033819466408568005,0.18423905503424418,0.23970274911922704,0.2827820443418107,0.013542385490235453,0.2100153335930537,0.02845147500392741,-0.1407273754812026,0.08483897040417954,0.12573818258754388,-0.1070475280836211,0.04450140303921277,2025-09-02 20:55:50,A,1756846550,10s
-3.167725363489207,1.1440643987106034,-1.6360528996026373,-0.1991584708313829,-0.03805920951105936,0.3818303827794737,-0.26970710417893506,-0.11128917358240004,-1.4273055532276826,0.7437236456606223,-0.11262949047613789,0.1823990809616521,-0.14159331684182194,0.8263997014783033,-0.9641952130348438,0.2503086300853335,0.3694027693088032,-0.059708926088536673,-0.5869333057714153,0.34028759474167825,0.4540318285238509,0.1317343964532304,-0.25598710087440824,0.03260908894789514,-0.07225056278394518,-0.07202947751396117,0.12582904232227937,-0.06828553762561651,-0.09640392809615358,-0.0426163921020465,-0.02497055756659181,0.05610874121822152,2025-09-02 20:56:00,A,1756846560,10s
-3.7007099489396005,1.1170421330080298,-0.6286082736770496,-0.546943760758131,0.6830011859763281,0.4857049634450918,-0.40977560672692176,-0.2235559582055001,-1.893800880253197,0.060235153542424605,-0.2972184829363782,-0.11808390000393813,0.44322790402481205,0.5625829702067409,-0.6029240664242899,0.3714762591615754,0.17418935239375063,-0.84071149992235,-0.48172025894050285,0.1089569039929637,0.7576033740775578,0.232156795285429,0.10556895491599728,0.12722261666286608,-0.005516754323212677,-0.026463083641791688,-0.06924265030136363,0.013355576525537047,-0.07471177307850214,-0.11403579679518615,0.08232623852268259,-0.09626768964488704,2025-09-02 20:56:10,A,1756846570,10s
-3.8763078145747536,0.712696861164266,-0.6569232763851837,0.34172511983889536,-0.3035684720468481,0.016575754324702575,-0.24338553201840682,-0.22248218214992807,-1.9600795758736191,-0.7963823215685903,-0.41391031067447137,-1.0879282264173862,0.7117485736314899,0.49321647902414595,-0.08790138077152775,0.4309943820322148,0.08830701584084526,-0.7685369213539068,-0.5639986378115276,0.5682170685351118,0.12781628800066092,0.5580644301450451,-0.3155788207249938,0.34016918656959994,-0.07342842293706384,0.19598948988947612,0.01571723866879625,-0.02324339906471885,-0.07233904233818139,-0.025423503071620248,0.12549488125345584,0.08125881151784259,2025-09-02 20:56:20,A,1756846580,10s
-3.566442001972489,0.9990290818398746,-0.3506759951677613,-0.3593288248174089,0.03633068916495132,0.4409150345636426,-0.22890881648902536,-0.5866836222817421,-1.0155610281762606,0.21956086861670024,-0.11527467857678507,-0.5635625976627899,1.5276464149871793,0.21197788549690322,-0.3728488098818121,0.45775022091884593,0.4559625626951348,-0.29842776970481505,-0.5431237148311082,-0.36451604468143817,0.6790563938349351,0.09707294632475032,0.3325962369574442,-0.08768798463637455,0.22192560289316152,0.23538151291311432,0.11652708795979307,-0.21204955432201372,0.16357508465771772,0.13019097059798687,-0.01932785185308593,0.020401446258323186,2025-09-02 20:56:30,A,1756846590,10s
-3.832274803709484,0.8638226860399525,-1.3462687147365833,0.0026918314472651724,-0.013210436696747062,0.3365816547379874,-0.5452334957421808,-0.06606949312576382,-1.5920957295048246,0.7058548722134922,-0.12780123130121654,0.11019399705791025,0.036383954350304705,0.824157340540446,-0.908799420704768,0.4019980035060967,0.5085351801977501,0.20762028903997434,-0.8347546590113113,0.008322012220911466,-0.19911829975707,0.30825474604661174,-0.16096943990444632,-0.39013331703366566,-0.027037835165033754,0.1429249464679401,0.06258083939558959,0.02271316131597072,0.0766962512106296,0.03719008954340513,0.11120404345641376,0.026190394933591814,2025-09-02 20:56:40,A,1756846600,10s
-3.867252992738401,0.8342609816440554,-0.3877874184930206,0.05269373978535803,-0.10430400428828956,0.48219077000452865,-0.36890809094593596,-1.0762364933299902,0.2705191198194179,1.194536053283726,0.26324852289766104,-0.3571397838911339,1.816152613977742,0.003025046447353509,-0.71741709669802,0.5229344188120008,0.7193831655538465,-0.6558671722315665,-0.814744597485224,-0.09373846688035704,-0.22146802316820735,0.5864877706644556,-0.21586445439055807,-0.4555303452304919,0.16994033175491255,0.15568572400492964,0.09655664595629455,0.08005139907051076,-0.031441718540468185,-0.10044786803678392,0.05751300634890873,-0.10624415342552468,2025-09-02 20:56:50,A,1756846610,10s
-4.055327384177513,0.897336035059936,-0.18475052448418502,-0.11155182988233829,0.06654530454605985,0.6618459425820771,-0.6042495227007307,-1.0860699954594357,0.23844442123356507,1.5654542816629429,0.32922377801003394,-0.03199833602640433,1.727385536815591,0.19302202567552845,-0.61060532196302,0.4564500858463415,0.5240726339312126,-0.5377379454232409,-0.5832135345262474,-0.18504442759470333,0.1778617803021622,0.6374845189725776,-0.3852647326088121,-0.06880997913271121,0.021849002075810538,0.32062565907565627,0.10959615663173766,0.11826218821238123,-0.03040913130800487,-0.008028617906240178,0.13962812536119393,0.008749383332540505,2025-09-02 20:57:00,A,1756846620,10s
-4.424919958417138,1.0014935066768778,-0.027874462155755106,0.7604591223668234,0.003383970687241212,0.09109260728727493,-0.26230957114709297,-0.33154839247360685,-2.10844235671191,-0.7649996570409563,-0.4271903517176091,-1.1413018766322924,0.810118702479204,0.5848609704359646,0.12062266190209447,0.4376439161965202,0.08226189590242315,-0.4305847695196774,-0.5860719484581728,0.3530444540414246,0.30921944291891434,0.2142675522891606,-0.3036519113914895,-0.28564460379500567,0.10482839449085152,0.2553414203504501,0.08104080150427581,-0.12552148381820247,0.008658633576988171,-0.02401970818495332,0.006118507323331373,0.09770135932763611,2025-09-02 20:57:10,A,1756846630,10s
-4.314329783897106,0.9800097279044383,0.15467317797736924,0.6722914237151665,0.12463348490287314,0.45128741651214754,-0.7629762665412833,-0.9851354915585558,0.3078229484656684,1.4184765165659983,0.3002095877258623,-0.3342197734233753,1.607390422564614,0.22285302365841936,-0.34282736013025045,0.4528564748094874,0.48141491942859577,-0.778204490974781,-0.37377915042650217,0.3044046789694197,1.0621271118180822,0.2365002909783491,-0.09687569150962727,-0.49893875488429357,0.05785931560827941,0.18551781202880085,0.13512696688022705,-0.08400336434698526,0.02864965850225642,-0.06920577660474604,0.026660263278121436,0.01905491153448038,2025-09-02 20:57:20,A,1756846640,10s
-4.644502078343048,1.105175643860138,-0.47978556428876395,1.364705012504972,-0.02132115974000526,0.04042910282273349,0.2181710132529356,-0.765167200943633,-0.45350479824439033,0.942126552826593,0.07519471781546821,-0.5444547566993453,0.4814153347257077,0.7052445721512277,-0.3767527605725354,0.14979338854660898,1.4467169438375755,-0.0020519498145848206,0.45014476251454455,-0.36349194105646604,-0.025625405776204084,0.531046530918264,0.09364246105376099,-0.3748256137690337,-0.04937701326185,0.5450313164631254,0.11994196613050653,-0.03147452680249363,0.08968815594872127,-0.0013041008849503121,-0.03661584261389483,0.0095215404254592,2025-09-02 20:57:30,A,1756846650,10s
-6.329334569454142,1.2035388113825318,0.16062181432876313,4.827422447362256,0.45934064770778,-1.375469149368197,0.3191153714225347,0.1129683357976134,-0.11817501860815459,1.1447203199108844,0.1452814805979141,-1.6221031315100254,-1.9242593872436928,1.5631074534947997,-0.809314160292239,0.009678196686366847,-0.1281742693150985,-0.6181419834805206,-0.5752561623858762,-0.07484952760844492,-0.38871629236241795,0.7215173936380754,0.1881994510394055,-0.20715529884188064,-0.018562509846566943,0.24771217780056112,0.11575468870918146,-0.28142283216875563,0.014051686150622739,-0.10817145151071138,-0.03699080904984432,-0.03526031251732887,2025-09-02 20:57:40,A,1756846660,10s
-9.564152111647683,3.7754257408778096,6.673094091849351,5.881493443533205,9.996566695550127,-0.9977012503478135,1.8013038394975887,4.425179590296559,-1.1774361222757346,0.4022294046092272,-0.08722726212913084,-0.44642210904118534,2.204458461632597,-0.9648200117470507,-0.08341999052416611,0.33153896901804053,0.370606759475408,-0.6594449212453524,-0.3060065274316931,-0.1811903322984251,-0.22633908541569311,0.4186510597287463,0.2668371617448461,-0.4196207635308566,0.24959033864309413,-0.35506968684138607,-0.22478091476807713,1.2075297470924715,-1.2985683556660923,1.5599775769616533,-0.8544664904077803,0.981631724195242,2025-09-02 20:57:50,A,1756846670,10s
15.18140391742075,19.204701178619725,1.9902089208939082,2.5400610861220003,-5.8434809922154685,-3.780368103890887,-1.997915300625814,2.2919079941829175,-0.34285576999603706,3.5578784883898726,0.8933785833467031,1.5088479832310926,2.257854041399848,2.761732060093195,3.0586592080349457,-0.3204364961617341,0.4751869208987901,0.2763957339025071,-2.250355904943612,0.25452968613907956,-0.8209167046203992,0.14491836779354172,1.258621855568358,0.30729891269566534,0.33035063636212936,0.3659505785717915,-0.4222225664877472,-0.23421240050585157,-0.5756534147277176,-0.35429512011275444,-0.1301160606378384,0.3339621281927133,2025-09-02 20:58:00,A,1756846680,10s
9.260811975061191,-4.17795142612915,-6.7904485646241,7.178899736660253,2.192933014742338,7.695799939049507,0.1486087381967405,-0.03138727876932536,-0.575647822843527,0.49055273249116516,0.2879396053959462,-0.1225001999418214,1.5211202940920339,1.2301546858019723,0.9141179016389629,-1.7701295286774321,0.7868711891152836,-0.8046284264237268,-1.2332318640862463,-0.6126172339297791,0.6920785631994831,-1.1118577984129412,0.014496638859911681,0.8807725144729772,0.3683386520364361,0.18881814105525194,-0.09508403928124909,-0.12540937513696299,-0.012613535911548405,0.06047987694299354,0.2104597109432459,0.17073390717017026,2025-09-02 20:58:10,A,1756846690,10s
8.345752547301236,-2.845751680532711,-3.3994295129458036,0.30568753038859625,5.318715617417022,-5.352588430751064,-0.6709661470273818,-4.701002308332876,-1.5648131683581714,0.8195818382051496,-0.5073345192187048,-0.1438709521210533,2.4136309120942068,0.23312891729112895,-0.6022203166123719,-2.280613988904195,-0.17295913722138687,0.2559113255390057,-0.661403247507782,-0.31382133005613116,-0.05711807879104733,0.8593740452826535,-0.38722943178216257,0.02251273505551601,0.052486145897749366,-0.31381055918732725,-0.5263853117534724,-0.004088308295620647,0.6123283457453861,-0.04680642826305509,0.008185639405230689,0.274250774982482,2025-09-02 20:58:20,A,1756846700,10s
4.688508197173057,-1.9462232952643885,-2.679305265062806,-1.4985895537389324,1.4862398547932278,-1.152372367717432,-0.1489759209074595,0.6742598399520806,0.3262099532006586,1.3723797932949715,0.06739918618891177,-1.092933045717602,-0.11779003044784774,1.1531969268174815,-0.014057985217685701,0.9338925525350154,0.7609209974566814,0.7460994141168689,-1.4929250308635817,-0.5494074190765222,0.24168260716164247,0.21459892815911874,-0.6405390988751727,0.3631874823030207,-0.46354616764520085,0.18832557566600935,-0.2525466437722986,0.20537808998335258,0.0889934946817394,0.16846027091018517,0.08939280673921621,-0.07831293202169129,2025-09-02 20:58:30,A,1756846710,10s
4.114178190477939,-1.3659391137089054,-1.8508224143556722,-1.9478984663482262,1.294249657575232,-0.6663806782707212,0.04498477673270091,0.9596311254259151,0.2818223206046619,0.9862675080076296,0.002673882857428118,-1.3569424130687426,-0.1440669565764224,1.3072237594597642,0.4522419273920069,1.1825272476099913,1.9056717535968073,0.6077342184405645,-0.5315635634278122,-1.39750417627185,0.08432367719250913,-0.23801004706949117,-1.1397497211117678,0.2748298579234037,-0.4412073857049766,0.04998899059301364,-0.2100066321175713,-0.2182261043833498,-0.05530953748704402,0.14205269852469551,-0.16165227947933572,0.02211449883488785,2025-09-02 20:58:40,A,1756846720,10s
2.144016026519976,-1.109820544848208,-2.015753198813455,-1.798469686441496,0.5492165585704646,-0.278125934163955,0.24861062384063676,1.6660181753805177,-0.7221083334278998,0.8849516486230563,-0.06861678674570726,-0.9437114304302943,-0.792076888692315,1.234908206026932,-0.49423543936904535,-0.3749999107807379,0.10662887119145563,0.5236845050355763,-1.0339474559813637,0.2584525726303985,-0.02039463522644726,0.33662639232298486,-0.12112760988717841,-0.18034382377629832,-0.10240243769659646,0.003953984283537698,0.19359867189859792,-0.14465681022408952,0.025091996428469356,0.14396718006300152,0.0035434651841714624,0.09783042717086753,2025-09-02 20:58:50,A,1756846730,10s
2.829021664812455,0.3860822069656612,-1.7274183317731788,-2.1392274597921666,0.6391762234364707,0.030186526175222276,2.035808641687814,1.2191600060482406,-0.6582898613071063,0.8460589377190508,-0.0589946470115883,-0.9486206780133026,-0.981998012591164,1.0075215343499235,-0.8550813687882275,-0.6621537936312353,-0.32074603408837193,0.07996917595159202,-0.8310709364590562,0.6438994032377807,0.045757041806365806,0.3429952319314249,-1.1548920566752763,-0.3433020212746089,0.4980517500321932,0.21275767065612358,0.37685629416820415,0.0008681056143674162,0.07274036300502883,-0.10385567301544602,-0.22290811724425846,0.21097931674194473,2025-09-02 20:59:00,A,1756846740,10s
1.7553051256312382,-0.5818449816362883,-1.209795754736987,-2.1474916127662205,0.6040501875504172,0.1765645639719344,0.9280080694797713,1.5187216474057943,-1.1837446718786506,0.13106903563800923,-0.2228916474675225,-1.3209085837919161,-0.16895468265696242,0.9262763900439227,-0.06651782911323065,-0.7018988119400156,-0.44069127325547847,-0.14607354939357947,-0.6802114340632696,0.46296234062541125,0.4645497355425418,0.5441137680184123,-0.4025622621459113,0.13318680275959913,0.14951256345215355,0.35695559595449483,0.1418058909488322,0.045909759743287384,0.20834478930944444,-0.011857953752524575,-0.17954401807180526,0.1268215148916593,2025-09-02 20:59:10,A,1756846750,10s
1.5717447308745625,-0.3423563502330934,-1.2529328402681732,-1.6263352760865935,0.5867519540133682,0.038491066112000795,0.6071894261546351,1.2051367651681955,-0.8779596457053387,0.654074786949603,-0.1026711151537505,-1.0144080035163496,-0.9027776945038911,1.2241840900721577,-0.20331545634560574,-0.7197935044226913,-0.5552168836502909,-0.5721466345158545,-0.568470402470189,1.53829211630951,0.5762871453589112,0.4947800830911567,-1.1234888587648917,-0.21092493441655777,-0.13282030332933845,-0.23216773059911033,0.4283633159339968,-0.026674869014729236,-0.15054091761647528,-0.25040628133268755,-0.24630062387777615,0.16402495169105819,2025-09-02 20:59:20,A,1756846760,10s
0.909804667780919,-0.902666218872726,-1.5863743390716951,-1.9261496361812318,-0.041338251383454185,-0.20866197228592542,0.2853390426044114,1.702105195008571,-1.0222947287731774,0.6920080709001957,-0.10134432102635421,-1.0049110689371503,-0.4322663136730843,0.9625908599185946,-0.4375723885581917,-0.7842638685102714,-0.193139035018524,0.24064478747352547,-0.8122960904577338,0.22235140963827663,-0.2054933368451009,0.6221277112568196,-0.4927458102831352,0.4106459590792505,0.2225912139987378,0.46970335994024687,0.2511670471261213,0.17505303217463736,0.13926398888053393,0.06390929119762687,-0.23846243597446118,0.04227774436440303,2025-09-02 20:59:30,A,1756846770,10s
0.737280946161251,-1.029358589803183,0.010606549437395528,-1.7220418153343426,-0.3443470755813403,0.07368319241500722,0.5321804628332454,0.5883072230901772,0.49884841588387524,0.13328986452506705,0.08657059643878236,-2.3692914186839804,2.0323247410892624,0.2073505992886395,0.5698558745594106,-0.7590452907073175,-0.13429144165206328,0.06129883139173177,-0.8029458553617543,-0.07713160366722646,-0.09795780601069029,0.789746521289398,-0.1418014879158821,0.23791325577964437,0.26046829338438154,0.6405954553669068,0.17993741683373493,0.3325962895860568,0.2372603625257923,0.03193217848906328,-0.20740655542025746,-0.05016146162516509,2025-09-02 20:59:40,A,1756846780,10s
0.012057700726635227,-0.5245614188839126,-0.8899442731199636,-1.8841794013492692,0.35588933527836947,0.17835712759848552,0.21672842146952082,1.3025071871696403,-1.4612336538061732,-0.059829707857910516,-0.2922433508730026,-1.357984875516322,0.16149464888405268,0.7880542799484245,0.1602232871279621,-0.7152678648084582,-0.18654979202051492,0.08421988997699154,-0.7225618359299568,0.25546510947700896,0.6083086774490154,0.231975459668322,0.04643131893926216,0.10247428359107419,0.023309938792926168,0.039778757951997507,0.2464563955573653,0.06810521093148213,0.07612275494432512,0.009120038603423499,-0.04759431159431114,0.008523301248023288,2025-09-02 20:59:50,A,1756846790,10s
-0.35571857883455954,0.28474306954826156,-1.8067580018766307,-1.946590815589665,0.48234756114246674,0.341597809994018,1.128977727516001,0.6670488427929108,-1.2309878362400755,0.706189730259176,-0.16372485299096787,-0.6606960137910832,-0.2732924946678004,0.6344098208929128,-0.4303547123188782,-0.45269881163891057,0.20219730732042315,0.40522225453985394,-0.7253063256228917,0.16619621602827334,0.781852224629626,0.25122872544179675,0.47315634275078877,0.1721052686323625,0.021570469882325263,-0.0785573442791187,0.1759483170241068,0.025650666602468217,0.0031918515993372824,0.09208965957356884,0.01785406424621412,-0.07724893592522772,2025-09-02 21:00:00,A,1756846800,10s
-0.6965813155989355,0.12409922901800759,-1.2003925246600684,-1.6841551845500393,0.26800493513057455,0.4705769367224935,0.3980461610344095,0.24405938038466257,-0.3262420402534302,1.3952287094706237,0.11288863875421923,-0.47051389728865933,0.3074814175248023,0.5821438164672745,-0.5875108711402328,-0.6720276965434694,1.4106606810273636,0.43551898000886996,0.11402495558524713,-1.005815289337383,-0.4481561325473953,0.5618828380419555,0.3052567182506869,0.137770961292384,-0.08984495517327694,-0.10639527921035039,0.23647627043718725,-0.1615645859070903,-0.0077774290757863145,0.010944919094525798,-0.30039879326843316,-0.043438479654011444,2025-09-02 21:00:10,A,1756846810,10s
-1.5953897131773616,-0.19052971682758246,-0.06529449740456525,-0.9541199376996266,0.09738447851313049,0.34336421577421844,0.45663665247896607,-0.14379129786462236,-1.0038312947565722,-0.47636786781942914,-0.261743395601192,-1.8691384844873058,1.3533901248510762,0.31595476622471413,0.6751196062468126,-0.5380325073159605,1.0018376582884807,-0.3549581868340033,0.19630213334774768,-0.4514025632751655,-0.40502245805364817,0.8655990591187998,0.10382597798585937,0.31525638990671073,-0.36614171262423756,-0.17482549531324038,0.17966223587022054,-0.08317887934453419,-0.15190099294103465,-0.044599912507473964,-0.10524249550388733,-0.10032679264523145,2025-09-02 21:00:20,A,1756846820,10s
-1.5500788437521673,0.6754716057687254,-1.65963191049669,-1.3368853703172154,0.26444536497825616,0.28787771852216903,0.12382462130198021,0.38199551000406096,-0.6154218068360224,1.879596801783186,0.14281845779852345,0.05047059685703456,-0.5015249138658782,0.45455692025009636,-1.3502172644196697,-0.4618750778502738,1.0261902605413482,0.10576417615452614,-0.3744629472905763,-1.0166472735355097,-0.45863298249536727,0.6378699217466673,0.253946582023164,0.7227176847664559,-0.06552893324469437,-0.12776109631033575,0.05089571280611666,-0.1886857306340115,-0.03129348131575677,0.045237905257027027,-0.16256091491000374,0.0031202688667451924,2025-09-02 21:00:30,A,1756846830,10s
-1.6573517153107855,0.38158166014131584,-0.6951758071618811,-0.7970271696661971,0.05226932659024062,0.44223348363006626,0.223679558331512,-0.05774687047466543,-0.5509579075859068,0.9123184537046026,0.017553239989398405,-0.9282914801706895,0.510277339589157,0.5640325494088474,-0.08123840863434145,-0.700810514997395,1.2152542138602547,0.21836720764737222,0.30997232335499203,-0.9480079915564225,0.15226044809204628,0.4033592726474256,0.19989993401516207,0.21897527410054926,-0.17183535383126827,-0.041405641853683485,0.27809275009495477,-0.24748020100004117,0.14031800305887274,0.09473397705078529,-0.11924514463209376,0.1382641027457403,2025-09-02 21:00:40,A,1756846840,10s
-2.0872396523186096,0.5857135980041963,-1.1746995776420621,-0.8900349659846326,0.1681248786281484,0.30066434089948224,0.20160283889507832,0.253437901964331,-1.6144057106080631,0.3503275892200666,-0.22831441631934232,-0.8903431046439865,0.0013170389099716683,0.4318852465685198,-0.3701798473840328,-0.3638671682921821,0.18425928584383935,0.09125722597737791,-0.9365016305636739,-0.18590883051827997,-0.29350856902272204,0.6429742088660504,-0.16815461283995617,0.531065916983394,-0.24507228003845757,-0.17354058239359893,0.04530308604872933,0.03946814210013291,-0.128861575964135,-0.06774156541179267,0.030505885074407588,0.015108941655515747,2025-09-02 21:00:50,A,1756846850,10s
-2.130745166359275,0.38779689069396905,-0.38460943808307557,-1.3303072745817952,0.35920023796291534,0.5671925029885426,0.01937345779215303,0.1414958019230819,-2.076066252690228,0.01815631578956907,-0.33808108749169885,-0.9458590788644895,0.5761476940850953,0.614690417351739,0.19339642996225967,-0.43275155147177324,-0.028727414575835056,0.6937085378013885,-0.8200224887709792,-0.6564480342865397,0.032172898670191324,0.29548209846244533,-0.1088799644545415,0.41777945118204146,-0.14225079499973325,0.010897634067101113,0.20441920138098715,0.030032919024756178,-0.03943134642439769,0.002001484475618478,-0.1079875351018255,-0.0002303392350445453,2025-09-02 21:01:00,A,1756846860,10s
-1.9055681499418635,0.5336380929573794,-0.9492889034771658,-0.4845994302949315,-0.23512401367458502,0.39714265926247516,0.09217475146015439,-0.31206823787822613,-0.62699399171177,0.7679133123441151,-0.007045668455269778,-0.9167108391874471,0.5164835039561494,0.39355826509788994,-0.0005748334226018682,-0.5568136246472972,1.288567849818645,-0.08834386910881913,0.196341441149487,-0.011992251787630302,-0.14463571289791674,0.6455729022158438,-0.48821314458346526,-0.10982127087855546,-0.3770013370870324,-0.24260617352683655,0.2195361705128041,-0.05350165253220112,-0.11034559148528991,-0.14836048500874238,-0.09638724449383068,0.13174212100189542,2025-09-02 21:01:10,A,1756846870,10s
-2.1760717014793123,0.46017905130756315,-0.7407227024697244,-0.8414678495715445,-0.037011648865412215,0.37973103408076414,0.30652553393642196,-0.008259226852863006,-1.9126207627348788,0.15141254518873143,-0.31029782194379185,-1.018958091520591,0.2989611105084701,0.6135037847404525,0.11861041293675749,-0.275177068558643,0.151161699110747,1.0443310771922456,-0.7596689409777398,-0.5295876027549973,0.2873774816145256,0.15697296734301414,0.2963373849092609,0.29403415868597227,-0.11110851902709228,0.08135448937451953,0.29370374776763974,-0.13530813599816824,0.05164562478259668,0.15793845096380787,-0.03940283018664952,0.09887150967674237,2025-09-02 21:01:20,A,1756846880,10s
-2.51173679256787,0.509975020558273,-0.8321171784335956,-0.10753416131056333,-0.3984589710215406,0.08999419971450585,0.2542143899464013,0.018788178634324845,-1.9036497901165197,-0.24059861842324923,-0.3660962609067971,-1.369876066704316,0.2198270392689138,0.22249720349836424,0.11000856656264014,-0.09085607827252906,0.07850103064688599,-0.2584633763289574,-0.5915510353951102,0.24132498003812725,0.4102359449612106,0.4764958003180258,0.013702684480429272,0.768641723816779,-0.05712212594651048,0.11746906990616551,0.06325502215115318,-0.2191020766116125,-0.0027049750871549695,0.015034527400824393,-0.31161147814252327,0.0637470513552601,2025-09-02 21:01:30,A,1756846890,10s
-2.721898559196247,0.5074925377742854,-0.8108576994496213,-0.42288383870125085,-0.1723759938214587,0.20271303359712858,0.13353743292580153,-0.028942841177779448,-1.8551036900934572,0.42308689583880144,-0.25548250240170634,-0.7768328377843001,-0.04037344808141116,0.3644990682945303,-0.1443675015090822,-0.12327391545450869,0.02695055797423191,-0.16824714588657794,-0.49330954366270224,-0.09538671762625585,0.43614116158485783,0.5145045640484843,-0.05671840926761626,1.0771453101936368,-0.11435408190174663,0.15089629089007078,0.06427641962309798,-0.1956563029401419,-0.07240906239302136,0.006288038539919688,-0.3690753846030559,0.009966948617299576,2025-09-02 21:01:40,A,1756846900,10s
-2.775926395297832,1.0865530355629216,-1.9765572371809617,-0.4395398803530485,-0.16713795641259635,0.1905758966718264,-0.8618916917705404,0.3599484562151555,-1.1507750332157634,2.371412054150142,0.16543853639784392,0.7915533841194494,-1.3120140675065035,0.37836387400708305,-1.7158191655962116,-0.04922963416631926,0.5468519734185812,-0.5724973216449264,-0.7629094756715223,0.10264178875416013,-0.29580474202701357,0.6474093552341229,-0.8631358608372673,0.7876768409561435,0.03901960428589801,-0.11641430658483247,-0.018431018731064175,-0.21329310545428048,-0.14525220183634185,-0.12274380209469567,-0.39252914232085756,0.080568668614583,2025-09-02 21:01:50,A,1756846910,10s
-2.965540618773926,0.9144051919767688,-0.9982309925703251,-0.49465032841287293,-0.10307780680636232,0.46772641743172005,0.09981358298874835,-0.2262657315988784,-1.9412618741313354,0.37316066708480644,-0.26782881898192384,-0.6810931247378489,0.12969562259562853,0.2302648306353371,-0.321703831725051,0.046645338028791165,0.4002516112344493,0.39447950769243184,-0.9200513729535933,-0.3113099878866932,-0.28320023331754557,0.5320546034003925,-0.03401943835298628,0.3694530976471343,-0.1341153289637356,0.08942151663843828,0.014934896691771078,-0.06511297822961594,-0.0945746361461902,-0.03525473755366227,-0.14307486776549322,0.001885502828163668,2025-09-02 21:02:00,A,1756846920,10s
-2.877219264246185,0.3327718859761567,1.0445088641595262,-0.15547370953784345,-0.05775907465173371,0.7505809593675357,-0.5628964405507982,-1.178770069740745,-0.29750286967682105,0.6353702908465217,0.07579017684222163,-1.3138026624602965,2.000742563053438,-0.02759631172585222,0.6894960981699568,-0.03154216405189762,0.04564691873858178,-0.4775244189378471,-0.5235048526838642,0.06150602240509425,0.48316106466582265,0.5522151847028587,-0.48742151574554343,0.15228520115978725,-0.11834326707405693,0.011439712453039253,0.21188014896269958,-0.15075776706448318,-0.18429502531721917,-0.12474870207810534,-0.22313990140712872,0.021507836535057993,2025-09-02 21:02:10,A,1756846930,10s
-3.3736837437266245,0.6826557983213892,-1.205485021648132,-0.09393628023604975,-0.23596170984734768,0.16918027552311074,-0.3315944132041648,-0.11534270596751778,-1.9104807146742544,0.41483593556316767,-0.2673259072640837,-0.6360806991644863,0.024968540110404062,0.11233675020323411,-0.23406119075723827,0.11128458496311294,0.44915001628092216,-0.2142545251277036,-0.7751903472200851,0.23083406448519,0.33149289359545614,0.479126898566037,0.035504721072781416,0.3055352837760277,-0.11374814898801157,0.0811626252078584,0.05947959089672073,-0.1253937831432809,0.003206791749723803,0.05541628828790991,-0.015365030100887541,0.0461862728527222,2025-09-02 21:02:20,A,1756846940,10s
-2.7689729943848063,0.8074657968517349,0.024486466766722722,-0.6940720947565016,-0.04409315202398099,0.8357673754455379,-0.42408568990584977,-1.0843133488932222,0.02947803388571515,1.904084972420059,0.313585057852393,-0.25028041487655506,1.4579251852504003,-0.1168276094887203,-0.3548163595069122,0.08288491736607809,0.5650013372669848,0.15032959008962285,-0.7751466079601839,-0.6824234100334127,0.023002109667106238,0.49000377037959436,-0.3424934771436387,-0.01944719716885133,0.11153664293035746,0.1468141567053821,0.2632762046718879,-0.23585246065554075,0.06164900121371905,0.01691429902114722,-0.23825638279849892,0.0922876540267514,2025-09-02 21:02:30,A,1756846950,10s
-3.460035389484166,0.7395981492521025,-1.432206771899261,0.11562369721434723,-0.4338887618864662,0.2329014059624548,0.1846444377515693,-0.3006775476134036,-1.9064984762993362,0.37357248855779357,-0.27252239119432076,-0.7090635778076569,0.020493786324866387,0.019309498344011956,-0.24953710099670534,0.318438427907411,0.5930213020357422,0.10940738607220259,-0.8109095623491429,0.05281502375251848,0.19696878341105725,0.5887361878326614,0.36401244154390533,0.3851800584516758,-0.04265020281462958,0.3636507729338246,-0.037452667250955717,-0.19511607122589955,0.12931289257622852,0.21457538715797328,-0.009650090856068841,0.08244787874203105,2025-09-02 21:02:40,A,1756846960,10s
-3.363810616479789,0.9120641153598984,-0.7197432419497596,-0.524196303989117,0.1006088334290076,0.41557993089562995,-0.6042491326775904,-0.272650140783674,-2.095183424942497,0.8605440148740964,-0.23049096539747768,-0.05459080397027697,-0.03346605191823766,0.24063974872835797,-0.21582769270343674,0.17764170778463062,0.3301219322732167,-0.08333184844214808,-0.501898882146838,0.03172787015212754,0.9686368374756171,0.06873100648295094,-0.11716384043950212,0.3955002086257073,0.140028187032694,0.25306349869621436,0.29646443751357004,-0.31134587570656824,-0.015096523388885966,0.09581283163958407,-0.22577282135681234,0.09470795611269993,2025-09-02 21:02:50,A,1756846970,10s
-3.371071986491591,0.5363883261357071,-0.5878997424327894,0.3730107043657953,-0.6771243295384536,0.37468148176242216,-0.07589221260640922,-1.0456493817047907,-0.46274584929996426,0.9088074050214275,0.0679405975660315,-0.971944130912837,1.1489188102344763,-0.12629179851272734,0.13995225397126293,0.0828500874272148,1.1423881520933006,0.11791070515908227,-0.39787442723957656,-0.06656489628059387,-0.2698727240327972,0.7692738718806278,-0.23977559514499952,-0.23821914052380366,-0.14946578685321887,0.34813076514789354,0.1362772054551905,-0.07262418321656021,0.06941782428727851,0.0371858415559208,0.021303247204310774,0.15564938088453534,2025-09-02 21:03:00,A,1756846980,10s
-3.840990212753936,0.8152933604915522,0.3779962321500249,-0.542760845551503,0.5692860710562854,0.6481079875899939,-0.522425914961636,-0.5135535301028475,-2.454171879971138,0.16328433778179569,-0.3657346568572645,-0.5233647311566019,0.43352437208698386,0.33109792464274396,0.38677319908643054,0.2057062705586072,-0.00434352769262342,-0.249232221115569,-0.6151168329618131,-0.11618945737822685,0.44805447504007234,0.4070398494842703,-0.4861502953743801,0.2083782908605268,0.0911626864816481,0.3520317467157116,0.1898400263277148,-0.12606995548040742,-0.050303447604998205,0.001967184234485167,-0.06591520696096634,0.040950930566323894,2025-09-02 21:03:10,A,1756846990,10s
-3.8820358611963077,1.1639535728833876,-0.9151019085816725,-0.32878604490800495,0.29637292882052857,0.5618033918457833,0.12338906562183344,-0.47023375038696613,-2.0420917165478434,0.8722982736803835,-0.2064149382229253,-0.0763509846450882,-0.0016760958271880223,0.07645550762722625,-0.4996731931796419,0.36170118191939993,0.6157307870026867,0.27846360885536736,-1.0013649699533078,-0.48334449964479853,-0.2151795967247507,0.5650222281178745,0.015130619214883163,-0.20333370304489015,0.15354936432186603,0.39799895729160145,-0.03811731933687991,-0.12617031272912477,0.1978587747806433,0.10919323245767121,-0.007278372611906773,0.05405146880377529,2025-09-02 21:03:20,A,1756847000,10s
-3.9151023411375387,1.0183023259598512,-0.7305013578562299,-0.2612804715622738,0.1734035707928664,0.5032396143357082,-0.34414844633587716,-0.435542083661548,-2.0893898372909017,0.9063075589388864,-0.2227773676731399,-0.03193032612884616,-0.08122363126238737,0.16746740797946377,-0.1506900247838286,0.37788882446956457,0.4444412502914298,0.058522750069805285,-0.5555262524608567,0.020244640968309042,0.9140528127798024,0.23689756557082406,0.11960455056982823,0.20964840491439157,0.11630243409598925,0.48211279640020505,0.19734165222687547,-0.24385612863683678,0.07393420842013902,0.1190561642331702,-0.13675723698831907,0.07207680829225485,2025-09-02 21:03:30,A,1756847010,10s
-4.253613018577697,0.9942369975288781,-1.2546154863948096,0.389451989774205,0.07572124596722525,0.242632952890338,-0.40876803995967476,-0.2686534727863932,-1.6443359099921555,1.5756701444344916,-0.04341872252134547,0.2586954687100152,-0.695498296644824,0.19417960018426453,-0.8921457595830541,0.38760762752934674,0.7544899260898039,0.08282046966708272,-0.9883588744610504,-0.17587608788805223,-0.30456709340577176,0.5593858120489155,-0.09635326329435089,-0.2041744639706949,0.1385454302823821,0.36027725728644755,0.05702507025057176,-0.16297876450129692,0.11160579775728276,0.032430500815536535,-0.1205606533886397,0.0008814933966038395,2025-09-02 21:03:40,A,1756847020,10s
-4.413328673611842,0.9625561680917712,-0.42428059311226973,0.6160824705415106,-0.05562675086421619,0.1173546757798195,-0.18574963398248293,-0.42976591582701873,-1.985655090074941,0.6519104580336588,-0.22223898832008218,-0.5474056233974686,-0.06945510594489489,0.24267550075981276,-0.08495593709914075,0.2450334276584631,0.44004765276074836,0.4943424536728966,-0.867340565673629,-0.3237096109554644,-0.18615251507067362,0.44356117008236157,-0.2677064066067664,0.050199288360382024,0.1911771962928242,0.6348211327625477,0.2666070960801334,-0.2106621118243037,0.13729754557242774,0.18834609268625288,0.049941599315300546,0.18884933651424535,2025-09-02 21:03:50,A,1756847030,10s
-5.015895861042655,1.0965561292724864,-0.2867285532255142,1.9934226207082846,0.46865231287850495,-0.1565403468014953,-0.4829360199953854,-0.12390610124822181,-1.1436984976300442,1.9707019454290278,0.11215048724017193,-0.09329340809010199,-1.445907494070386,0.8115532132269181,-0.6049688410266062,0.066848807013977,0.24209034191554069,0.041464152654421625,-0.7298960154070475,-0.1240977859320839,-0.08507604152690186,0.6121452912336852,-0.5078508830528551,-0.18757746498530647,0.041806338793212244,0.3144451072676812,0.1882401062341541,-0.358703927535316,0.11210623988425975,0.03510061029937888,-0.10000054919358695,0.2428804327483573,2025-09-02 21:04:00,A,1756847040,10s
-6.41194364668526,0.9267683405318295,2.00575944490811,6.24591547353169,0.2859625718728927,-1.6055241452237792,0.5932275624493697,-0.6576384341436319,1.705663070203166,1.3595235400685628,0.46510601695022863,-3.171781323362973,-0.42714144866472703,0.4362629089851754,0.4783829862186649,-0.25260134810857027,-0.10830518858133008,-1.0582255006085044,-0.5544925350949875,0.0453866214397741,-0.11577209642866187,1.0628401402523369,0.16932704983373284,-0.22476514604539544,-0.03919035614787505,0.35287630638464057,0.2457520385610689,-0.486292599832571,0.011566195514308404,-0.050527650691855296,-0.2448764321501364,0.1574343615300139,2025-09-02 21:04:10,A,1756847050,10s
9.409640103582328,14.168923949012523,7.042253303910919,-2.9571117712801205,2.756808369261516,2.0472193711997693,-0.18374677073520201,-0.6541879177763401,-1.7850012821089951,-2.120797656030592,-0.7265928691299891,-2.8393277425156978,0.8229780272252352,-2.1192135106073846,-2.6222403855810263,-0.921568797591054,0.16703862164647823,-2.1315357220797533,0.6963965864118884,-1.9681223391635772,0.4702139880498274,-0.7633663385915604,-1.3066229488045624,-0.011054247966802285,1.5123708641907496,-1.089838648167277,-0.3126033846346582,-1.3859497065902895,0.4842510176002508,-0.09128013618915021,0.6833597904551849,0.5911489836296022,2025-09-02 21:04:20,B,1756847060,10s
16.298979300704577,-3.46046584882288,0.6217857987405517,9.57779780199165,-5.435693632721847,2.2824062492067436,-0.37313421585285106,2.645908623514257,-1.7624375743120166,0.6370747220888803,-0.08258558183720756,-1.4969194160308794,0.6286701531843256,-1.3886708487038526,-2.0477770815348295,2.312080241033513,-1.5241153873719928,0.5168939683340671,1.4596677915574103,0.7101305998097186,0.3386342433850768,2.9119605450721178,0.6099666490456781,-0.198126175296266,-1.69697569139847,0.05255845063738944,-0.3819251132947693,0.5534356421374066,0.34767434958155097,0.5312113053670527,0.8099857574520097,-0.09637454059604424,2025-09-02 21:04:30,B,1756847070,10s
16.048136315770126,-6.876660857065347,0.33419287577828377,5.616913241243696,-0.5607507821569987,-2.256852764264148,-0.20191202635766456,-0.9750476039819753,-1.9966971385030146,1.1332075588648853,-0.4571430081693296,-0.27842986064648567,1.0044069049637143,-1.1898570339244925,-2.498457648331619,0.7519406175883198,-0.7469052838849467,0.02791981959382764,0.24525965605078107,0.12203822354600338,-0.5111691323835473,-0.9962539540014469,0.9968996372165306,-0.32593466118708014,0.292049413209688,0.580190033016269,1.7359461766933266,0.2683033344992104,-0.8653513747312055,-0.13959112786644154,-0.2208668814709022,-0.37001692462091945,2025-09-02 21:04:40,B,1756847080,10s
12.940955843195493,-5.778770314432663,1.9544447590460712,1.8730183941237393,0.45258675090956124,-3.205265516300341,-0.6225091469247981,0.014174750448420466,-1.0872525176571846,1.6016200742844016,-0.3042836103561578,-0.4746049168371973,0.49644179210328393,-0.85276144349839,-2.156733204488245,1.2243961184392285,-0.49000761030580214,-0.6407649204846997,-0.04539813049775399,-0.25836630584615206,-0.0767696785028401,-0.8355579103287601,0.13381923104212062,-0.6521919737061541,-0.15341293858833155,0.47078017479654255,0.05535284884266866,0.05025239648386946,-0.20932872992238974,-0.40728832088705325,-0.41016873095039147,-0.03732230588751435,2025-09-02 21:04:50,B,1756847090,10s
9.838906949937488,-5.280155388361896,2.6024551750639833,-0.3426481500806102,0.5837303391636537,-1.7377066445072773,0.20999467375551434,1.454848587116766,-1.2037812265523307,0.36334427345521036,-0.4737856245342146,-1.5376852743997882,-0.7428592825821813,0.31452018736425735,-0.3323303741116551,2.172716407037509,0.8468956645826575,-0.701761795589573,0.5453793202156381,-0.4549655731260103,-0.37066056426448546,-0.4813804434415378,-0.007570963810781908,-0.3724472080238014,-0.5519079362837274,0.6329475432886321,-0.41078267184780376,-0.18019825556271246,-0.14647404321289423,0.02650923729216055,0.051621066018041895,-0.07380781191182573,2025-09-02 21:05:00,B,1756847100,10s
7.689672960493938,-4.5373144619193635,2.9734963677644006,-1.34399019594068,0.2850561161664921,-0.9868937586782134,0.4498436580486844,1.6887053573761015,-0.9979223931966416,0.5431583632840937,-0.33692406042732875,-1.3256632223302158,-0.7600883711327102,0.3594278537751887,-0.423670947277277,1.3316155615801442,0.6949133914007132,-0.8275849646187611,0.6878396018889192,-0.14442809486501296,-0.5030275612571485,-0.3465856792634357,0.05994501303628209,-0.3042913930527181,-0.2178611169618827,0.42853916637670025,-0.06042064807381946,-0.26598402925647185,-0.13403734426180175,0.04399006697602238,0.17376277917423052,0.0895540978590862,2025-09-02 21:05:10,B,1756847110,10s
6.000757828294437,-4.067980949861425,4.030857758648697,-2.0918406043533424,0.48292526937073366,-0.12930300842225892,0.11732851916861416,1.3913343680207317,-0.06271504190224483,0.8794378979217138,-0.03340419656418301,-1.438663113202193,0.4612538801362246,0.0286358918787446,-0.21204314283891018,0.6026010225329466,-0.6151723554149109,-1.3797098995097823,-0.0843200631825322,0.5591992386196689,0.16073685786681507,-0.22983339822662177,0.2516761168823157,-0.4895743246191992,0.0870316489691555,0.05325280425017444,0.08545879715753368,-0.4724099504604192,-0.021282441830011566,-0.07880928434982817,0.3105800463058381,0.33047302747411134,2025-09-02 21:05:20,B,1756847120,10s
5.279786011448115,-3.6708088819043505,3.8868609062967607,-2.2499059634966896,0.45401058102936653,-0.030842744323370454,0.2750694837343932,1.7927876863866856,-1.0252235082831984,0.6465202843841708,-0.22333767047459382,-1.0181291012594116,-0.5856683638227905,0.46325776285888776,-0.503579168432211,0.0076750256884607635,0.24841577765541775,-1.115442002524207,0.8713404874331607,0.16320534798594097,-0.6990494306673871,-0.07951286700460743,0.2177158658213126,-0.6655858568585038,0.14540231854915908,0.015668850391755185,-0.03380754010133767,-0.36809640160448176,0.09104193627145536,-0.15071605053117873,0.05186815864451407,0.24119399221059923,2025-09-02 21:05:30,B,1756847130,10s
4.786633324606512,-3.9197848820407177,3.7661333510386856,-2.013783584147099,-0.11167387470441971,0.09838433133544089,0.40863081805913964,1.4455634885635698,0.2024811890489246,1.324095719079143,0.12404484674234748,-1.2550395215229808,0.21020022694624357,0.17858797492687203,-0.4610498621363369,0.05394395273086241,-0.6521450553310436,-0.7325761213126103,-0.11849288504568325,0.3647706473345739,-0.5101503059711987,0.1966245986731917,0.44652080187943616,-0.2918642613280304,0.19622690414088562,0.30838149255697567,0.04448077555790444,-0.12400520394268058,0.20399350971959726,0.07255367043472237,0.21529709510314762,0.1630502443037684,2025-09-02 21:05:40,B,1756847140,10s
4.4148519850264085,-3.374347513524611,3.6864762257124393,-2.23013184895525,-0.0754208302812163,0.17132389228002856,0.13031596747313404,1.3942105071992985,0.26084243761959425,1.8264774421788201,0.2016004304343666,-0.6497433094301417,0.0176569539770885,0.034379334611794515,-0.9931314628728093,-0.07463199238195836,-0.39111975091483514,-0.772408553686075,-0.1259702701196598,0.24438180537778104,-0.33321615165088964,-0.3132140930597892,0.35592391577281035,-0.370551371317208,0.4779968012788658,-0.0025966753652830474,0.07606599365358634,-0.13790384521015758,0.24930542298575425,0.01471492684318292,0.11769044552078019,0.15660668028731867,2025-09-02 21:05:50,B,1756847150,10s
3.992027819808648,-3.3717042140125923,4.328158491485414,-2.0663867995373346,-0.02358408818800428,0.4142614546436343,0.19580008829863074,1.03863737307749,-0.08670156958880824,0.8688751660194172,0.029670409371905616,-1.3426203151079505,0.5656778088720292,0.11481252358308848,-0.07445129621773865,-0.1567578616071604,-0.7728130064968551,-0.8969373283975058,-0.04475984725708692,0.7509123176016423,-0.22679327602514265,-0.00927197659366906,-0.002319789568095852,-0.3607046090342166,0.26960477869905325,0.013886483205568945,-0.05225392528671292,-0.001036143161202126,0.17639398335749779,-0.08568915808071714,0.23274198318932193,0.20825161319311644,2025-09-02 21:06:00,B,1756847160,10s
3.6775904235487844,-3.4691941245276308,4.262522197615803,-1.8180218052361985,-0.3691800395046567,0.33138420919955625,0.3470730671828634,0.8122966261609817,-0.18007672749606357,0.7707550263147771,-0.011953363008913765,-1.4191713825869714,0.7061097855871302,0.11411410588382324,0.021402773582731578,-0.0976399304485693,-0.5730469767064136,-0.16919389788554468,-0.06310186565836724,0.4652142432100124,-0.19529838089552146,-0.32402071822526923,0.5494762273195568,-0.37561922140618875,0.22953223700168227,-0.06828433431666518,0.06963390583520854,-0.04264075270710661,0.18475415223231442,0.03183990824936629,0.07315727053841146,0.08138275337814747,2025-09-02 21:06:10,B,1756847170,10s
3.106761406191667,-3.002552659989942,4.00142873505411,-2.0620317759822973,-0.14121116760116664,0.5866749212254201,0.5275794939235455,0.38324295226140087,-0.20053831163671174,1.0363098900233316,0.029508026318077592,-1.0220728690804577,0.6657385140765598,0.06037959372391142,-0.07665621671639015,0.012204308683495993,-0.4376631095755403,-0.14196081596307447,-0.05989318557678698,0.3845943131191964,-0.12761239260554633,-0.23588425230031962,0.5475818542314335,-0.11744575567697002,0.11434819460860267,-0.2810397991741805,0.09153864933256646,-0.165889214237823,0.09148429529643405,0.10854851611084834,0.25437306701507434,0.13395751915106527,2025-09-02 21:06:20,B,1756847180,10s
2.548869088813001,-3.064999109020962,3.8458192208314808,-1.6511739350500116,-0.2909989926996849,0.4641139518520792,0.22371960081534178,0.34270099405266286,0.0032087033259688893,1.2398363730186202,0.09911064009636333,-0.9920544576121819,0.36856613756369055,0.1826858795520826,-0.12802675062468355,-0.058308587367772995,-0.3850402604879221,-0.20004304811653312,-0.12911967730157053,0.5380423087732116,-0.37106243906686226,-0.09347375861383574,0.3877019680889476,-0.010283714898606069,0.09199356985217697,-0.2931128910867965,0.017944229355766287,-0.011293186501349873,0.08785819531229108,0.15961992364472483,0.3548986020778959,0.05912883709529646,2025-09-02 21:06:30,B,1756847190,10s
1.711935204966451,-2.3941182955210185,2.9196139037338837,-1.7409483195001305,0.16568803651680544,0.4086908127886827,-0.07647293120260144,0.5810868966362819,-0.7674125611509695,1.6021475612958962,-0.02877384717927728,0.030201032688535606,-1.0986779380769713,0.46865513849945173,-0.5747235611543646,-0.2589520259169819,0.8160218488412516,-0.6991640204342249,1.0949365950924037,0.4937229655314048,0.4173639064789335,-0.49421972898519356,0.7566900767800775,0.16311347461908884,-0.08002733939781555,-0.6156616780165798,-0.0439606336375269,-0.17204560663030458,-0.01911045161100899,0.12324309966878176,0.32927721893202583,0.00974428487370344,2025-09-02 21:06:40,B,1756847200,10s
1.7814507241841153,-2.725211353807429,3.6514945382766046,-0.7634926399646961,-0.9634998978940161,0.11902124151483214,0.2175687101337151,0.31151445773993564,-1.1092223949975746,0.3417790904024903,-0.24236400595752736,-1.136020954524606,-0.5379932572432089,0.48517775578999095,0.07079692201462201,-0.4394923881647321,0.5518230452321302,0.012217403370297598,0.9339921054952298,0.7585713196442493,-0.7001276880525817,-0.40567928668762493,-0.012436409840538088,0.15861421353211716,-0.24673884379906405,-0.559744704154939,-0.07016438902051303,0.18597662265276232,-0.18228310885160612,0.03934074293549299,0.2958831994614715,-0.015867778066111983,2025-09-02 21:06:50,B,1756847210,10s
1.7452712449105616,-2.2719226444844987,3.4280088164614604,-1.1732550110698965,-0.8003178930212056,0.32032311365247096,0.18436831964540648,0.3783839817128688,-1.1238887124698866,0.7112504367624561,-0.18567645138815295,-0.7718176079769206,-0.48974552045027553,0.4494132513751315,-0.07032213473691966,-0.5780218615834269,0.5406114494758055,0.22622944837989262,0.940732648650609,0.31431089836047854,-0.45337604818984883,-0.5476503763998755,-0.16955895754366332,0.16574391734277905,-0.18184783837810697,-0.42619422952518676,0.025586751356301847,0.11434717169580172,-0.2224262515381347,-0.1581724575212684,-0.07921721541608495,0.018741216263055024,2025-09-02 21:07:00,B,1756847220,10s
1.2970203914744498,-2.670870164006886,3.8920193201746014,-0.5525101698743782,-1.0525020791823858,0.4344192215889919,0.20607813737648398,-0.19053633050389523,0.018841474714702103,1.2623313234074076,0.12537635726981236,-1.1198495964096205,0.2499082365247093,0.33887175732322844,0.08343997423731653,-0.3844547028025566,-0.44753718562561895,0.5686510647529162,-0.06396529137059163,0.3768778485721768,-0.3961806222233729,-0.2924537814293603,0.10753637864952148,0.40769068523931334,-0.29596805790493963,-0.41231229325505847,-0.10498420584854723,0.1937804968087719,-0.05151965365643898,0.03854103748101018,0.18597055811207155,0.027094003611762854,2025-09-02 21:07:10,B,1756847230,10s
0.4327671618597489,-2.449967595899887,3.5996871184760044,0.08185370627181116,-0.7428733697475682,0.09131134591309119,0.4414163357522857,-0.20571369875870849,-0.6192639105752206,0.9407282588158574,-0.06232382135271583,-1.2826561427550844,-1.1751946947384304,1.3003387302961646,0.553161987123636,-0.9696508273449184,0.18758876685513587,0.9919415957754971,0.9910144967105506,0.12583148223613294,-0.5062443500777514,-0.2138427658833705,0.06199402046337483,0.4712372309510692,-0.5556733414042683,-0.3853915753466085,0.11530100296327826,0.36134528704832325,-0.1913431309139084,0.04417578789950501,0.32213034686724695,-0.019540074982840754,2025-09-02 21:07:20,B,1756847240,10s
-0.3553796708929013,-2.1564056060729953,3.5405664412785876,1.001361400355313,-1.162964592802218,-0.14833668655966936,0.7205176453388339,-0.6237905566287275,0.8743306939712205,1.8510463175817844,0.3312503663123956,-1.705407429352897,-0.6800510706454952,1.066309696506933,0.3270290436262329,-1.0650481822225233,-0.5840859860754207,1.6341914527575128,-0.10150010646756397,-0.6551731824497561,-0.09136864268892238,-0.5005490340010073,0.6007344009533213,0.8098581044467079,-0.5037303308754927,-0.35099259712061537,0.22718711180427012,0.3038832350200635,-0.11167550881422052,0.17329347212241739,0.39479643142839255,-0.0006677893612237619,2025-09-02 21:07:30,B,1756847250,10s
0.35681659688734507,-1.199159402484594,3.082556723083558,0.22181758738135984,-1.6010616796442931,0.10413996803987163,0.19578054772724787,-0.07757581703890766,-0.623489493668024,1.5236351578497618,0.025965677264578605,-0.7801108663924254,-1.0063759032499215,1.1878239058114108,-0.016899163290919582,-1.7048071534537361,0.62424800092016,2.8051205137924997,0.8003417227896126,-1.2090047945711881,0.006336116111396216,-1.8439161085839422,-0.3783286914360327,0.017891656279098677,-0.32034276418788277,-0.5108367798996774,0.40964052477148283,0.3948061943210199,-0.010150579117351817,0.002638701744793987,0.17249166869743116,0.22376656360297323,2025-09-02 21:07:40,B,1756847260,10s
3.4788760294875876,-1.201844663161255,3.6991829609223794,0.98807490636729,-4.161723130818574,0.1269684010844992,-0.07705297433332599,0.25238550074354876,-0.828299139696471,1.2300155430746753,-0.034837927661671896,-0.42970910004805185,0.8445511582374595,-1.0718402890139251,-1.6548531393819006,-0.3512363755883043,0.3110833362872164,2.1714080388678223,0.28492197447400136,-0.08485293960468902,0.5123996852148004,-2.904666536197777,-0.40656435608579855,-0.47260104395819197,0.18087446876169275,-0.5501413241418607,-0.1805195475153873,0.05166371526912858,0.27099186959644084,-0.37293239676207157,-1.0030209793201097,0.36851463373685794,2025-09-02 21:07:50,B,1756847270,10s
3.2759807262818352,-2.9390755579782697,3.5599184071985417,0.9574869892800184,-2.969970477292536,0.5623793999178771,-0.03592683365935034,-0.10243993343214297,-0.6863408479304257,1.3118141149317863,0.001335617611387404,-0.39600465165350324,0.5219092144136677,-0.42505925485868606,-0.9805549356234134,0.2818268296023967,0.19562647829414684,1.9340988476896828,0.08917562145146085,0.6204846370228925,-0.2454422076562276,-1.384664994039867,0.7915143654584855,-0.881394784416873,-0.38911802164718673,-0.37879018348255117,-0.40031765166305183,0.13690788810292862,0.3815361530181374,-0.16756392326980418,-0.6457541493727051,0.10921340627620983,2025-09-02 21:08:00,B,1756847280,10s
2.462575978233451,-3.14149919655961,3.6638384715692385,-0.14876407473390105,-1.4063256694125679,0.29624162532442144,-0.32572897223517544,-0.5668461452711702,-0.4271304607485082,1.688713197087363,0.0738569904381279,-0.10512757091800838,0.13176141427610227,-0.07450766682922219,-0.6578223024039411,0.5481329287652578,0.029230349346722504,0.7658250001799868,0.0385723541368632,0.8829446053209509,-0.4494846739204767,-0.6511508762670001,0.6404212037972602,-0.3866977994987183,0.07126562777566514,-0.2320359730517062,0.21168138902720307,-0.11700110891540275,-0.012875895130847009,-0.005392011278890572,-0.4017729864131947,-0.03511494843835106,2025-09-02 21:08:10,B,1756847290,10s
1.4870760217122299,-2.669407998828827,3.686681821071271,-1.07776789702292,-0.3398955222846585,0.4281580682989587,-0.1909707650920031,-0.35143649167866536,-1.543350471086051,0.6908198271757721,-0.27913363873576935,-0.21440135509441985,-0.39241817018545266,0.35062367702874214,0.05540389378302299,0.3129937725119431,0.8378927402047818,0.2604334796510406,0.8729005948400852,0.5757949722361406,-0.6309660481802544,-0.36546253579843274,0.388482785634464,-0.45284693170365975,0.10971922598566716,-0.1416583104004373,0.071841775147891,-0.09623252420486753,-0.05456582743852593,0.03758685681145819,-0.20712965201464378,-0.11211629875221216,2025-09-02 21:08:20,B,1756847300,10s
1.1836547494305225,-2.620140429681147,4.484483967693198,-0.9810702266454396,-0.5171312174462724,0.6345651564634974,-0.12967299964143464,-0.801268733950215,-0.5499783490314026,0.8638805194892695,-0.05999779344438919,-0.7245744143757039,0.6514816913403302,0.030696493624638832,0.386334114670886,0.6172875089347784,-0.11493022636317818,0.3323463392521577,-0.08927895563955379,0.721815628339622,-0.13181371334329162,-0.5194804992045372,0.4328197020027216,-0.34564055806649896,0.23717831357905317,-0.17696700151323094,0.026934648327898544,-0.16943245034173599,0.020682016909863203,0.16364033231200048,-0.10981261254537798,-0.10099442080226705,2025-09-02 21:08:30,B,1756847310,10s
0.4014845235956703,-2.3128298118695234,4.138313362420644,-1.238822684918676,0.013257470499751347,0.8921082753377897,-0.21338624263273737,-0.8720203710509902,-0.3097964074650012,1.3618369030614406,0.06447075194223381,-0.33680684557518614,0.418697779688701,0.17064765527921538,0.2512405523715969,0.4365720682611209,-0.00452225247689666,0.33809696505753806,-0.2939851934788271,0.47469025030845885,-0.27713526259231686,-0.309933543678362,0.42328780213405004,-0.46923850754987045,0.20377637155123973,-0.25715416498801813,-0.050125391294698785,0.01890759822235028,0.047158338433248875,0.1497392825467095,0.13765023592503103,-0.17742277242053717,2025-09-02 21:08:40,B,1756847320,10s
0.23473493044915483,-2.1731054428300305,4.391096461305068,-0.8975844521400577,-0.31057497752301694,0.7439780965782711,-0.29204582435719817,-0.8913847768952778,-0.3805588360854114,1.2092815800863428,0.04416343476181076,-0.5168155928855095,0.4943646627782633,0.17001207245375924,0.31750888899495056,0.2889751883466032,-0.15682917022504533,0.406976470932326,-0.22297474324059535,0.34891517283704143,-0.33717654140069636,-0.3492208789304217,0.08948109585599129,-0.3372223767383315,0.29568132352174364,-0.17238124631793886,0.06300955697511622,-0.0532756601025046,0.11841496666929753,0.20155102768589167,0.13292091386700453,-0.023086639622427886,2025-09-02 21:08:50,B,1756847330,10s
0.046749540117689836,-2.074042111169677,4.367039835208095,-0.7132180791710874,-0.48990780871363115,0.7788707153214024,-0.3761718958132626,-0.9172853058292482,-0.38777080324948376,1.3383936387741726,0.07005966706870055,-0.37337789195441606,0.3989557747553647,0.131190030033147,0.2719995906655069,0.2777033166028938,-0.24009063091603652,0.2387558976616678,-0.048992246329525,0.46536259131728874,-0.07322356297539594,-0.30199769230910184,-0.035030379140784315,-0.04201248127863836,0.2881410469588089,-0.022172555998984267,-0.0671485829454813,-0.005623076499391247,0.17847960615331446,0.17422250924085814,0.004081844564528907,-0.006983687806978212,2025-09-02 21:09:00,B,1756847340,10s
0.0019867784759311294,-1.9532780309687947,4.08640274273888,-0.6173605679016286,-0.6064784842408227,0.6265146403922413,-0.2674188309390115,-0.6686594860795577,-1.551922506115236,0.5378642540684585,-0.26584644280000236,-0.36351326821420454,-0.3402537142969304,0.47368712930016266,0.48138461223928,-0.013534451803631565,0.6290658884228011,0.45822302702836665,0.9460338711247248,0.41720278714138265,-0.4418510927533303,-0.35927254286655147,-0.2410530671766031,-0.16684412343438942,0.14482467146929343,0.044582167273980906,-0.05408223172069675,0.09977772600720096,0.08919796107781612,0.09462607846530469,-0.0988006767665793,-0.025742028368106764,2025-09-02 21:09:10,B,1756847350,10s
-0.3012430572821618,-2.0782301483158947,4.059627891660317,-0.6914287650254689,-0.23223689212342538,0.25600475361503183,0.07636387594841496,-1.1680910201756427,-3.5176336139118334,-1.7042578059118476,12.112559496436972,-0.4463968288761345,-0.7319791599985401,-0.08870454733625172,0.36203275729762835,0.1654277813286213,1.1587718849791029,0.7997029347696076,0.7407235787479356,-0.19752034191829437,-0.08765970739041622,-0.3684286884472595,0.2943464882785425,-0.1947302074862064,0.030298161472533072,0.05516172068837095,0.001364576739345037,0.1188403468116291,0.20084997433587057,0.15214931960768086,-0.01867885943489547,-0.03945533129680393,2025-09-02 21:09:20,B,1756847360,10s
-0.5134137194123183,-1.7347581110838761,3.4349962901260294,-0.5845432963871889,-0.5159252230101767,0.6776817199870585,-0.3869257575031365,-0.7969957994224007,-1.2963932237068385,1.2766171880585815,-0.11506297186840461,0.27604290278071886,-0.7517618957199527,0.5016944789921357,0.04223709086991171,0.05132000830824594,0.9317154612962046,0.6442976144594762,0.8196333270705854,0.2452169010584576,-0.5487609196142096,-0.3149860499977507,-0.1424873453688532,-0.19697502909685555,0.10179236473964226,-0.003651579924572064,0.0035700810661422216,0.09873842330077533,0.09419859018175819,0.21167658571997164,0.12628747963831818,0.001619025258669784,2025-09-02 21:09:30,B,1756847370,10s
-0.8396735690832414,-1.7933807281247154,4.003669969209811,-0.2487966952312043,-0.6944811771360319,0.7409045996061445,-0.3079861319402086,-1.3243062435053183,-0.3431636371903763,1.3869701126418115,0.07793718525635075,-0.18273098527872217,0.28319494891841773,-0.09125331989426401,0.16469996109204216,0.3984602549665595,0.023067357898150034,0.16449029827340422,-0.08551604985583863,0.6800827863509267,-0.012545793491572225,-0.2760957655371264,0.07494884307486177,0.14789827050436838,0.18115374797900602,-0.04117180597186472,-0.18764120618203292,0.17699025022281292,0.07087309817001515,0.23655357346185532,0.2784235243946066,-0.10986029530250331,2025-09-02 21:09:40,B,1756847380,10s
-0.9887349944763067,-1.7880518194659463,4.283205829753465,0.14529712073729945,-1.0538082942790974,0.5818075025164261,-0.3139199042382014,-1.3903806933760163,-0.477725820564322,0.8693600766746967,-0.016438303628618287,-0.6204652512361934,0.5370692293974647,-0.1735826913849965,0.4074227727556796,0.32344328074931455,-0.021558013973799025,0.26620032961553436,-0.1431324226634349,0.7616571742080693,-0.2160367173410885,-0.38778506020091,-0.18247557758847066,0.10368435323606144,0.21857562044570972,-0.018518993116507277,-0.17030800872149915,0.27778974158857767,0.014604218904802974,0.2028574552953048,0.26881646125128256,-0.12515605700117105,2025-09-02 21:09:50,B,1756847390,10s
-1.2156641184699808,-1.0854505329237756,4.382170457941019,-0.7176449152948191,-0.051754770884738524,1.116810712898026,-0.7709447103176679,-1.349194981307707,-0.4985548271580479,1.5805940090165833,0.10105136834829505,0.32294095502473286,0.4238619559138557,-0.19023394589354486,0.001116155460904945,0.28484315393309706,0.012909534546311436,-0.27349778464930236,-0.2066009915994974,0.5009990497264571,-0.017681350934463824,-0.4454508790389276,-0.5941948807924242,-0.19800916711303967,0.4253382276826061,-0.24745221120469776,-0.29949389601434373,0.15541190181198522,0.08355256379211361,-0.011209859331522496,0.06477312388635767,-0.11680726204049069,2025-09-02 21:10:00,B,1756847400,10s
-1.1400772653031794,-1.6242387024122942,4.322491141954791,0.08495494072336889,-0.761360955275455,0.8727121057115295,-0.5567267337464541,-1.4497801871793483,-0.4831451768149948,1.2293303800171689,0.05524540506622724,-0.2164893339434295,0.39524853336939986,-0.013958367349216861,0.45469234211408877,0.35740549900221324,-0.1831371217903159,0.19040202024230965,-0.018214835580263357,0.8746838098860529,0.056455114135638834,-0.1629661994971384,-0.40880689107165097,0.0018053972879367858,0.09527988713797657,0.036179416566542395,-0.24466512414360655,0.16409455966950504,0.13090028255320746,0.13928633867261908,0.18398019621488362,0.02864651454204512,2025-09-02 21:10:10,B,1756847410,10s
-1.277892639104839,-1.4038719880892292,4.714481540644727,-0.3710285613088026,-0.19282671775059193,1.0614042516634075,-0.7029600348922412,-1.5806037326302702,-0.5623256161462206,1.4233875149645585,0.07120706567716478,0.12418700322543563,0.3985774171617027,0.05883578711595172,0.400008411969408,0.38211160933582344,-0.21321165363174535,0.08425446473844563,-0.050198475990610905,0.6559272815812206,-0.005988457609936543,-0.26485675763974637,-0.5384841971151689,-0.09634574677586778,0.31653994276947856,-0.02204566483494214,-0.14275181281076046,0.12007241691536638,0.036954816360240145,0.040963282730867794,0.05320974682093314,-0.05754398286820246,2025-09-02 21:10:20,B,1756847420,10s
-1.6304249016197416,-1.5330636888808964,3.858847332702901,0.06790291909834932,-0.43102194320126486,0.9119522066752074,-0.27372154153845973,-1.6381470578958517,-0.23210737378664126,1.8623493700160096,0.17522031264762764,0.18530237535898944,0.07671563968392837,0.13968358088214985,0.2343500269279857,0.43240828156231303,0.028207809468476067,0.7783309425742755,-0.1716523552138857,0.28951189910407443,-0.1360473772233304,-0.08728585470829876,0.15870795576415753,-0.07977815821891086,0.04112485425845252,0.17514958876880246,-0.15918645978962306,0.18568804270822445,0.0251872077211727,0.09806665940030801,-0.07981277165162466,-0.20477710067649113,2025-09-02 21:10:30,B,1756847430,10s
-2.031689693257436,-1.2507325400844151,4.0058866115764005,0.6035528186033341,-0.3290399560758499,0.5649801383086587,-0.48620704516145286,-1.378140815978843,-1.1539935975618103,1.2117130440473443,-0.0894215207523902,0.014774169411569863,-1.0200085374096741,0.8793609188662211,0.671214383948886,-0.1105571737613666,0.6029551732304715,0.830550168544715,0.9269645313643554,0.2793047342490609,-0.2913745576953474,-0.2521836736065853,-0.5754738154236189,-0.14636045305665357,-0.014402850219138742,0.141481055465853,0.1680198179965157,0.16882344798724513,-0.1100994609803683,0.08000150510526464,0.10427746149020369,0.0012999230967484805,2025-09-02 21:10:40,B,1756847440,10s
-2.5868108701241153,-1.2064524265697905,4.269120884670445,1.5716363892676193,-0.7997383901018971,0.4567947492020833,-0.34612684989106357,-1.8627264761282365,0.11133460622262654,1.6909858326248037,0.22727598597162302,-0.46688318510975607,-0.3515553120657163,0.5289651866151363,0.6961158106214319,0.011607275819163527,-0.34740537160630586,0.8084056068231602,-0.0018218950024403576,0.5864156402543846,0.06958241092376027,-0.13560830185542508,-0.6306732997569635,0.2920452428428781,-0.08465167715813299,0.14456515206753565,0.04558831166903267,0.3144113619548838,-0.03228466348065108,0.2233258993560042,0.4988604450322558,0.09870143313494997,2025-09-02 21:10:50,B,1756847450,10s
-3.4669288364393767,-0.9965194877052741,4.624529726792108,3.4651471406161054,-0.928224433944527,-0.1728728479914689,0.03473175634111016,-1.912083962293349,0.7236795557878283,1.8558963702122442,0.3331299153998978,-1.2187755804214622,-1.1157558288739637,0.9672219806727832,0.6905011446119276,-0.36496433610059764,-0.4977885633063075,1.2139256390683293,0.0004760522437965682,-0.0997573057715699,0.10068994623079709,-0.4428050571940454,-0.08262308182878904,0.18621005183829015,-0.10001010341105622,0.02326631801694882,0.10769281760129777,0.18374074985263955,0.09388179394743644,0.1369419294520431,0.23419152394267895,-0.005481002222698343,2025-09-02 21:11:00,B,1756847460,10s
-4.999283743259679,-0.2396725564100632,5.28736705996866,6.467315890382732,-0.939567214854165,-1.2822942219442746,0.5653960581015895,-1.7297318859968898,1.5325644044977735,1.5694916310568017,0.40406172184394357,-2.617925872224115,-2.0356284351245,0.9389555463011823,0.4789903763947804,-0.7781494771713667,-0.8491026345365086,-0.06785423845822601,0.07778140334526071,-0.5192673312502585,-0.008914399572195673,-0.2727255385343903,-0.007076818486112781,0.6067726782235979,0.06080857506682578,-0.07308887774920625,-0.08787505031637523,-0.01566377797257712,0.2154103059458568,-0.06931709466904776,-0.02352099919930018,-0.05139275661588684,2025-09-02 21:11:10,B,1756847470,10s
-6.353007389953486,1.3166088954598474,6.490721426974495,6.8678857603104655,1.0384636185822376,-1.2754278766652651,0.7664872152293942,-0.7134927474288378,0.20324305533045944,0.5723008021554791,0.030402833333557835,-2.627909664374959,-2.020203728505231,0.7970483217977173,0.6830161260857254,-1.5173349557735711,-0.13934848618558784,-0.6822626025192496,1.0149443567326648,-1.750357887617661,0.07039735085015615,-0.5714949951169386,-0.39110624134744276,0.2698816182512608,0.29456612589882714,-0.18892552518851385,-0.32596232512411866,0.02070392643038076,0.3692976904088614,-0.3323010155719118,-0.1248541022378831,-0.2564117546341713,2025-09-02 21:11:20,B,1756847480,10s
17.974944483889114,12.269519376051472,5.22231553186581,5.392119242095362,-9.158846213681645,-3.947812993431764,0.24906990574345506,3.767849451885158,-3.4438094498632275,0.15232023807381884,-0.5559337798416993,-0.9055040343015032,0.9059595186192577,-3.0577084667243324,-1.9780654387221086,1.4423582389548115,-0.6980004641446049,1.006843882786165,2.7444273193208746,-1.9510459743883881,1.7503028376470813,1.7745977983199266,-2.705846878107796,0.43542981733903824,1.3099229281796598,-0.5436720798874844,0.8148057340056499,0.3201520073397825,-0.00391197845603742,0.32252267698149917,0.5608899579438769,0.07592567934584568,2025-09-02 21:11:40,B,1756847500,10s
14.875560333151105,-6.571149829007243,-1.6588484594905106,10.178037636513373,-2.3261481122732772,5.7415344103146415,0.19494858257427433,1.9060370326685765,-2.143891446163957,0.586048731716002,-0.14928615314531865,0.43710139227264383,0.21864979608409665,-1.4177415319696762,-1.5575090852036297,-0.36412405482294724,0.10569888926811108,-0.5962039098257854,0.0032862063241396776,-1.419636355793601,-0.19359821995188467,-1.4191906878818088,0.4301145642605737,0.16992280694665313,-0.6070419996265504,0.4841980947816662,0.030899213879085365,0.899357040574411,0.11140831117237683,-0.2633694954305873,0.19982296231941732,-0.15090127912945636,2025-09-02 21:11:50,B,1756847510,10s
14.99686516265902,-6.435357811814137,1.2972352616363356,3.286053448309286,1.502264908341912,-5.835843548880893,-1.180819361281663,-2.3986900820037365,-2.417662660721811,0.9427203493180053,-0.7725255041076906,0.2668553346022976,1.5864995821895498,-2.2130804166091407,-2.295536875289489,-0.9191491043709187,-1.1753291426984944,-0.10543885741694188,-0.04386203714177697,-0.5773739159509695,0.07281658266084329,-0.4767931453627928,0.422900881882179,-0.6242353908471918,-0.13390538953110914,0.5529461345731769,0.025090405750583487,0.4817849352363224,0.19620706403463958,-0.5858295578628147,-0.5080037489056338,0.03612843401409345,2025-09-02 21:12:00,B,1756847520,10s
10.735306659160438,-5.401111369723889,3.185412806164004,0.7704534085331582,-0.07892516980865275,-1.8171730448985828,0.009725493087020684,0.8047604220298081,-0.4287652591303341,0.5056970567892379,-0.35467427218573566,-1.3587688568340015,0.0197587514297795,-0.9786208242316604,-0.3350662435267582,1.8585684564671319,-0.256240109431133,-0.5510141816657919,-0.5182283257988929,-0.23631432820189335,-0.0438593474796008,-0.312576163560911,-0.10844471747475572,-0.5261003106793841,-0.6930092781318976,0.47780932701272644,-0.15807792330036824,0.060490796729239286,-0.2764521114468428,-0.44071267835554784,-0.30791664801744795,-0.12010103202859984,2025-09-02 21:12:10,B,1756847530,10s
8.921594996537793,-4.999830870300928,3.3979051381010796,-0.7186985001611822,0.2861980999567062,-1.2415947060290535,-0.044086815724334615,1.1656698976602915,0.18438879581546858,0.7311624202619581,-0.20905705314176568,-1.3400016060721662,-0.38931744268028073,-0.5779567157241098,0.15853273790161226,2.4153036379744606,0.3190084234871904,-0.6767304048086173,-0.8455443160559284,-0.425505953805523,0.045870598860554335,-0.696801216684013,-0.35555105276358606,-0.3052251345154723,-0.44696574651167104,0.1705895243544118,-0.2608352365747066,-0.32736031024243056,-0.18295533032115407,-0.01439386228517693,0.1043822415534729,0.002369619792545238,2025-09-02 21:12:20,B,1756847540,10s
6.775899467843263,-4.465893951138616,4.217885043084214,-1.7006620609167296,-0.007619236727981538,-0.3961120984318684,0.28644540863854695,1.2882329818206202,0.02733700571892736,0.5038478820724388,-0.14232093330449205,-1.2683203205117404,0.05502136920317425,-0.6174630381702376,0.08316132021099211,0.6480532082771013,-0.46845417723872834,-0.8767014093344189,-0.3807861485868237,0.36751393597913357,-0.28410568408166337,0.028374683490364025,0.23789900169344677,-0.4659684021120096,0.07876406222364644,0.28520878524175575,0.08733927858447703,-0.34426905231990207,-0.016169921633744585,-0.003945331939389634,0.1463945120024869,0.19647156860208145,2025-09-02 21:12:30,B,1756847550,10s
5.829034059652566,-4.121010802101196,4.113693573986321,-2.0083915159948953,0.06604204362738479,-0.17162892854726433,0.6207705379890603,1.6489086213748751,-1.0152017275530496,-0.025856388547687847,-0.38811708906947423,-1.0594568150792638,-0.75708991401084,-0.14579869855545027,0.20936029819223453,-0.04562909374622059,0.2862821130458621,-0.626595188107217,0.7196499347729833,-0.01153404828088488,-0.5082727165118199,0.02535373130932176,0.47573178174956515,-0.5183976082396234,0.12332624216786414,0.37987234881410026,0.10461505130328912,-0.32917362685216806,0.09974571642180421,0.005932911029786788,0.04040027311657737,0.20488475158303135,2025-09-02 21:12:40,B,1756847560,10s
4.999103486780984,-4.174961535556121,4.177688728668393,-1.849985864608659,-0.30384385206221776,-0.031914157861213835,0.4761669926454933,1.250329956638948,0.1614640518543536,0.5105742150062058,-0.07198227715927356,-1.2618513541231389,0.12862457209851325,-0.5385952555031092,0.20535586060605465,-0.0569688148467986,-0.5395318172079703,-0.6370016010358598,-0.34589922753585944,0.3752799895524336,-0.3350657846825359,0.18029581529252328,0.5748948977844346,-0.3024032938249028,0.1815820726603453,0.2897621713403681,0.08046605718288594,-0.15792613082601584,0.1468123857854449,0.11312596202192772,0.2347486394494961,0.11982667865411117,2025-09-02 21:12:50,B,1756847570,10s
4.744257434954535,-3.546907843304283,3.8356245452952322,-1.984281408104089,-0.18660563977981956,-0.09488382155898041,0.3083818836726528,1.6547275418820988,-0.7105490224677313,0.4748919684259068,-0.2435628904250297,-0.6936598470370134,-1.0746376110555511,-0.009476610120895708,-0.007737901730720405,-0.631716109590605,0.3248913182913373,-0.43622975617072324,0.705866385363863,0.16924504495051018,-0.38957189973347855,-0.17626839185331766,0.10986501963526175,-0.6156455645351426,0.2239332775335861,0.16762437210020234,0.21440895987311395,-0.1459223149016822,0.11154707910732684,-0.0750617700800942,0.04796590009814529,0.2349027729641458,2025-09-02 21:13:00,B,1756847580,10s
3.986416612857592,-3.3135383615944667,3.916298930734488,-2.189691799988267,0.10026302472308754,0.2803522974732883,0.7309685228448636,1.2642132919610052,-0.9254270508760094,-0.06269878879175857,-0.34502689528543745,-0.9363061032405868,-0.6145132321266403,-0.14293899497282567,0.3926610888333791,-0.620790483227236,0.34589986656777094,-0.46500215244974746,0.6066278078748965,0.0768291072407862,-0.46095252665070713,0.08568003983059509,0.37051865952160173,-0.4838822343293502,0.1094814882611004,0.10266697801604918,-0.049918688226194524,-0.04500399120049722,0.15001210977906992,-0.0649017704690665,0.12442047505371565,0.10418398281718182,2025-09-02 21:13:10,B,1756847590,10s
3.4599143122252003,-3.326738720016048,3.899028145246241,-1.7334975474445664,-0.33908805823719546,0.1414086402681392,0.340175635559229,1.0214350159685908,-0.9775334388710367,-0.0310710254345731,-0.33450249671486376,-0.8597751040026858,-0.6853870878398747,-0.0984445381682084,0.447869415466827,-0.5686936337420043,0.3343410694496637,-0.4334568008342757,0.732950158603714,0.34273693439183844,-0.49192621703247885,0.10983648907330948,0.09955747703316756,-0.11393107989443381,-0.03209040566349147,-0.0276144514407864,0.12901210287558154,-0.13252129512299932,0.010307069825406273,0.04104267808054206,0.222982733777486,0.20589414485257132,2025-09-02 21:13:20,B,1756847600,10s
2.948510643202095,-3.055983977740843,3.748190462364107,-1.7608968950202057,-0.3681229803769282,0.25081967738795946,0.355402375900639,0.7365294491149694,-0.9788523793848297,0.0298942923470603,-0.3217650310597601,-0.7352369797141273,-0.6897560687297808,-0.09428339890353082,0.5239393096930925,-0.5863416556314608,0.3526299085856231,-0.3350690102560808,0.7713723430673731,0.4403194048174813,-0.41336021414003643,0.18348398912827452,0.00861544193735357,0.15034990919076988,-0.14441495056314446,-0.05481593436019412,0.09192818039408578,0.0002545964792581467,-0.11208326139288388,-0.016881620582471696,0.17648456722652406,0.12586971459109764,2025-09-02 21:13:30,B,1756847610,10s
3.283900109465019,-1.6969185031909941,3.8232390901300595,-1.8521405734152694,0.10994490079890316,0.7534915214916075,1.848721111873104,-0.12597000123645322,-0.7930880268221392,0.3905249006485879,-0.24870189301234794,-0.32419237765495745,-1.1865849618144786,-0.05224618556563781,0.12946022573031976,-0.5000690729693253,0.2661327488434941,-0.44385764182462195,0.8293437170842308,0.6898909611910896,-0.31503198889963785,0.03176103641811154,-0.6342967034923507,-0.20029320992311514,0.05004497877123092,-0.40372976615952316,0.08381605012915043,-0.1443882583179887,-0.15603906135657847,-0.20470763835271677,0.11252931131501578,0.264317972921384,2025-09-02 21:13:40,B,1756847620,10s
2.0377989658024798,-2.854648054105921,4.185526146755945,-1.6226014218746079,-0.11472270570173193,0.745878036100611,-0.0861132779354684,0.033394130364692395,0.08868836647227303,0.9247980459353841,0.025338615167643873,-0.35894226837409277,0.060360028437845825,-0.37167201305629083,0.29879963744073196,-0.2905034444140497,-0.3048070158925019,-0.35457087121340064,-0.3733551702806344,0.5155746332893965,-0.23120084942185132,0.03602360418455297,0.1253801747025649,0.01438496376443865,-0.09996296288492865,-0.6576706019591986,-0.05041856988767056,-0.11589483077482857,-0.042520959588277264,0.041399138013105824,0.33678174501755087,0.059460158124859865,2025-09-02 21:13:50,B,1756847630,10s
1.966394922820982,-3.01436932796377,3.6515103566498284,-0.5683911267074354,-1.3599327727879527,0.026484257449267717,0.15755070772339613,-0.038951074325299095,0.3043070664506489,0.7801110937475825,0.011159771289692701,-0.7431724657289029,-0.19587212564230558,-0.5828421013684538,0.03808216106978476,-0.23420325315954227,-0.026624638239209613,0.06746984084624022,-0.3613467469608928,0.8462778258881453,-0.439644750870719,-0.14857265859255525,0.3558098568210114,0.2388709941861356,-0.14644879901719096,-0.5166817050178385,-0.010692301270462768,0.09040250989574224,-0.15451924288927935,0.16758491846685086,0.34196142315339983,-0.06318193581356853,2025-09-02 21:14:00,B,1756847640,10s
1.7265281346402062,-2.6384243229950894,4.42835516020416,-1.041573871606127,-0.8574878327241553,0.44264384011191354,0.01683301348627133,-0.11373430081717543,0.09631897611714586,0.6434691200083864,-0.026304134955421603,-0.7048043773129666,0.0670648308626139,-0.41055937278441024,0.40173401437943573,-0.5178664214096999,-0.3631566275889472,0.04368476346049373,-0.28179874525879484,0.55512185028708,-0.17915035771536197,-0.40271722101052315,-0.13354326800287908,0.3203909737624147,-0.09802759954721514,-0.5519809954059157,-0.05053866834654047,0.178697775068036,-0.32962172673013546,-0.22188901653603968,-0.08499507748234567,-0.13255068330218045,2025-09-02 21:14:10,B,1756847650,10s
1.6180859220907833,-2.3621348251748557,4.216025746117926,-0.960547413923624,-0.9314005520942701,0.5795460900607211,0.6740797934398252,-0.3925711526233604,0.0969270554296116,0.7477855617039492,-0.008605531936197305,-0.6597147361058895,0.11435323250018677,-0.35593726605320086,0.39577232554084507,-0.5371268235582827,-0.3276671831815939,0.7782008953090267,-0.27551632372533874,0.009393429342606584,-0.09458557878766746,-0.40375530520561714,0.23554053253339993,0.29953653038590283,-0.15511110263014677,-0.4098406418542046,-0.13386783295126756,0.10749537669917947,-0.09918008678703584,-0.08802418176044713,-0.10442757549533607,-0.04743517216094434,2025-09-02 21:14:20,B,1756847660,10s
0.8503568196027624,-2.5522747623468716,3.7039084393916712,-0.1444765690870671,-0.963126163092435,0.37921137998521015,-0.06308470155388352,-0.36745681089203636,0.7316175043711209,1.6365733552553177,0.23304741927838227,-0.3393735497323036,-0.8434922136857465,0.2219043573401887,0.29408066308614084,-0.7547194474078339,-0.34431096278832063,0.8067023941272365,-0.2955962227094991,0.5058103940283957,-0.07177832681512418,-0.23168351038095258,-0.01757471439015211,0.20759343722022044,-0.42647925282023513,-0.5840623464633105,0.05479541989829937,0.3004729566512993,-0.2145298152257181,-0.06904518321444435,0.19056431814042224,-0.04885887330660841,2025-09-02 21:14:30,B,1756847670,10s
-0.057691469848197806,-2.4240798277129554,3.569761348007757,1.1524880801001343,-1.2629275880722277,-0.18146852275434058,0.33532254277527956,-0.6626688962432166,1.3228969458029205,1.9237420115716777,0.3633236191897551,-0.896027801425532,-1.5206478415216325,0.8028153445503572,0.5051739147984005,-1.1602366693411235,-0.5140325000718508,1.6029568579880544,-0.26593279350963483,-0.08401128303857391,0.00757092746411999,-0.2835748419281927,0.2682474165698736,0.49060606452188876,-0.5346808366488307,-0.4880877965370361,0.35040881985631317,0.27358650390918043,-0.12647760584076617,0.17644057823353973,0.4792061871148167,0.08511429473294779,2025-09-02 21:14:40,B,1756847680,10s
-0.41674548024311175,-1.428518748304535,2.9743058726163447,0.8245571619501094,-1.2380455445006473,-0.08627148788304725,-0.018800456093911094,-0.4214393524150896,1.4809740514370269,2.7933963261450128,0.49470219842545454,-0.0393990363392971,-1.7355679454642585,0.529552969428066,-0.14931435870080167,-1.478640619779096,-0.20213180199202288,1.6086912679883392,-0.036036657729532275,-0.7394630419516199,1.4336819037116015,-1.2651382471614323,0.49835876663436696,0.7784592783475411,-0.29151492472797896,-0.555893348703838,0.371095731608504,0.21695154166970515,0.024435960145549492,0.19155902488332888,0.3356857248367483,0.09948093551100094,2025-09-02 21:14:50,B,1756847690,10s
3.1161258984339004,-1.040292107690542,3.7130223818528645,0.9620976546456526,-4.437959261698044,-0.19687341904714536,-0.4013976000837775,0.3432732205952459,-0.4841068331197307,0.6539892977369067,-0.11328521637108895,-0.20745507548476,0.5895054537552715,-1.6548940409259696,-1.3042838901852793,-0.7285720119163406,0.46925249326117247,2.1163319086431907,-0.10047258238680186,-0.29541468578876184,0.3538095815984648,-2.8052940141965643,-0.8649692850329852,-0.3217096384607235,0.39200559550374076,-0.48661214118606305,0.08162519370037796,0.030927870225820105,0.19217136687908176,-0.19868124504589604,-0.7649713062152129,0.3908557800871963,2025-09-02 21:15:00,B,1756847700,10s
3.1990666507251437,-2.8543365333338317,3.7515432469917163,1.091944846611597,-3.3417329438379695,0.6129720313741231,-0.0760859847959794,0.008690563555004917,-0.5014346680596916,0.6928008232504486,-0.10502819268283098,-0.04461198035051934,0.328986544554118,-1.1186897423176527,-0.6817358125534987,-0.050484739447073115,0.22155608123512666,1.7625965358244355,-0.06635984022161184,0.56490082233203,0.009997250824979527,-1.3114761476500976,0.5775631435835529,-0.6540983793715527,-0.5312950339624776,-0.35005363386910476,-0.6762127892708418,0.23731529297620055,0.3511923382872814,-0.33189136248066653,-0.8309896289348375,0.07566504888286638,2025-09-02 21:15:10,B,1756847710,10s
2.4234465955682443,-3.0141835486681656,3.5152735404026023,-0.1986686163111861,-1.3831672615081727,0.19465143771752713,-0.20858036226077245,-0.23218634934600008,-1.2283929563981684,0.6773900553296422,-0.2923956203806569,0.5203573108719681,-1.0911551224090605,-0.24200136852676174,-0.3283673407256248,-0.016267101640645543,0.919820307606593,0.7323809520108011,0.8619109653177206,0.642827433131392,-0.6221711812746855,-0.48668800730657286,0.5141234453127598,-0.34739173669111595,-0.14974022338362417,-0.17710684013014744,0.04342614988118954,0.037359410627813706,-0.1754807476455391,-0.2782743523843835,-0.7595428575312083,-0.20140297420846173,2025-09-02 21:15:20,B,1756847720,10s
1.4531088588854715,-2.836379204721504,3.677821194377267,-0.5463149014318407,-0.9618542272963243,0.3073039742567038,-0.1966149582820046,-0.6112865191130759,-0.5062508703929561,0.9504981064516402,-0.11180006148947998,0.3614444922344047,-0.7407423021915609,-0.2749276928246857,-0.008085107955119094,0.2336236878538459,0.4654244621369407,0.3403334972857889,0.2793096435522415,0.7155370431912238,-0.512679074244831,-0.09427001779892215,0.3540856896214584,0.06243583055363294,0.004131722731250259,-0.08745178521029474,0.03877705041985373,0.00012110774619027686,-0.19033331929604858,-0.024045397013652204,-0.40684075243382317,-0.22272824401422034,2025-09-02 21:15:30,B,1756847730,10s
1.0813930030689038,-2.5234585703063823,4.558686840435908,-0.9136337511486873,-0.7594075642892768,0.5102889117716521,-0.28521771394725576,-0.757453856007176,-0.23798605517470411,0.5599220894362938,-0.09606367402021541,-0.13402536392874023,0.27308226193055085,-0.5138204801489316,0.45386837121737955,0.34805232751030024,-0.04731394031568002,0.27162768731254766,-0.3246589409660549,0.41280922303329215,-0.26552688415396714,-0.32944041462302937,0.09782328792628482,-0.10979184044660278,0.36553060992845265,-0.10178184682375924,0.07902907387829997,-0.23134845727101774,0.0070609603938970675,0.15231227162883107,-0.22880244740165626,-0.05077865271809253,2025-09-02 21:15:40,B,1756847740,10s
0.2620291436478269,-2.031416442778181,4.207444829837235,-1.5484737752389985,0.3527413653976053,0.8822054220892699,-0.3321320013870427,-0.4283000847438499,-1.242430460467317,0.28696672376728627,-0.31351589913584205,0.46771908990543665,-0.6109383208353873,-0.09971442672210389,0.4579652035183568,-0.01115322935993672,0.8928066303848528,-0.18259279828129613,0.5031801512259192,-0.006655044377677249,-0.48897937834980704,-0.054029504476322376,0.14554018400044952,-0.5032667190858632,0.2614667823872033,-0.2352300627539237,-0.2446048553385385,-0.13786170103720954,0.18563443136139607,0.09093490583464406,-0.0455133775347835,-0.1254772938746966,2025-09-02 21:15:50,B,1756847750,10s
0.33917034091798853,-2.247584033525911,4.635303836301793,-1.0417473031669169,-0.36177920305195166,0.803399021415071,-0.2594990957560312,-0.9235772979641456,-0.2516069603480269,0.5400904369020771,-0.0848662389960825,-0.001254752626524497,0.330661365390314,-0.4990676362189175,0.5796801435021918,0.30743387838937297,-0.11636079119000553,-0.018191703948601833,-0.33658377198294703,0.46795486004536735,-0.1713614367803597,0.0012996222777133264,0.14008512694635353,-0.19475964848416766,0.32500407535038933,-0.10179483265600807,-0.10494188008448967,-0.13346732005646078,0.1379931797161654,0.1377979796853176,-0.09761261031023795,-0.08606545231646077,2025-09-02 21:16:00,B,1756847760,10s
0.20173934798212728,-2.10509909461823,4.1962233619217795,-0.9341944489102528,-0.30155620738424205,0.6877682109842709,-0.29436592629490027,-0.6110018540382954,-1.1548612847618698,0.33741788213306406,-0.28657999445325955,0.3770364799578317,-0.8659462178788129,0.08042970490813776,0.5789459076099834,-0.03999748960448874,0.678336788115817,0.1299473136513587,0.7654924939492621,0.36077285526824826,-0.36158134235984835,0.025528521248434487,-0.10429707619185452,-0.14732588664847027,0.1775518761513746,0.05688166817566661,-0.04574043483277152,-0.04375658710762309,0.06104709601435051,0.09225881751083526,-0.14053595931302867,-0.05406439294299408,2025-09-02 21:16:10,B,1756847770,10s
0.13209846381920695,-2.304708982749394,4.442601507815438,-0.5997857206535536,-0.7738096746442483,0.6637252616497211,-0.2936719570436122,-0.9779485254786578,-0.12926215419608733,0.6516732092637985,-0.04797969908877568,-0.003654288095823185,0.19909838070303623,-0.3599452661828959,0.5767164671121694,0.18907104873325697,-0.04803712630596228,0.5494581281988428,-0.3804569974454832,0.3922416207209907,-0.23448065542090246,-0.19260439107631863,0.13176759846673344,-0.3073313807916636,0.29720713504965823,0.0010452725634657472,0.0345784469902729,-0.03841195907893507,0.12597604371224383,0.1846981123441695,-0.08901636233851294,-0.08474800605312319,2025-09-02 21:16:20,B,1756847780,10s
-0.1291709174237313,-1.9513096353635175,4.434529304327017,-0.7114309658670056,-0.6323061035512669,0.7973830854262596,-0.2889113202051158,-1.182375285613427,-0.19567569436079607,0.748939060592133,-0.049122398143120166,0.24607100699894632,0.18281443928600713,-0.4776704977763285,0.5513275850968845,0.28068887765061656,-0.0768878441205197,0.23086010498082316,-0.15756875811049836,0.5001155045628263,0.33710044592604027,-0.24371091552721902,0.16712107783810015,0.06256980865887411,0.25132459087008213,-0.017434501740946632,-0.018799942353347854,-0.11455947737338519,0.050873595397416996,0.14975256689306252,-0.11169441512713046,-0.05803377017212201,2025-09-02 21:16:30,B,1756847790,10s
-0.47374342542878245,-1.9199075815920374,4.402279353333405,-0.625609601639431,-0.3441522006919727,0.7426395589716825,-0.35791054126485666,-0.9046242412652452,-1.3094151802942189,0.05254148659144932,-0.3433705127576847,0.3025343340446828,-0.6474104246526228,0.032118818137639796,0.7593724795429447,-0.028078763029954337,0.6609697894539868,0.16268239348411906,0.7356054351113611,0.20452230357823856,-0.4462581189308766,0.05469238390868072,-0.18816752313895033,-0.04467397561407239,0.09661815893974754,0.044429593720125025,-0.12442252964558632,-0.033249875465035696,0.03485227644167647,0.06319271838087882,-0.15180730768751127,-0.09926375392354501,2025-09-02 21:16:40,B,1756847800,10s
-0.7088364057368348,-1.8181194640501837,4.5302161791571605,-0.5145835227126151,-0.36357664941710127,0.8681353572438502,-0.4836977998385713,-1.3651677634198949,-0.12077262256228272,0.8672574880564079,-0.0017247555008604717,0.3598508835847502,0.06849683007680685,-0.2980617564117944,0.602875667762937,0.2687371668102253,-0.13254242778460792,0.19111979314051356,-0.3033933788014145,0.446814419513322,-0.050260934503876975,0.03892217701051736,-0.1630370145180768,-0.09885498676207852,0.2064498898204751,-0.01482851898450523,-0.03732945120606152,-0.032077161416443505,0.015462023750792813,0.11599154054356249,0.021216935495590165,-0.06348465805070291,2025-09-02 21:16:50,B,1756847810,10s
-0.6424136241130063,-1.6292843888810205,4.5555843472914725,-0.36327897090980354,-0.44293376279185054,0.8922750812716119,-0.5700869489721845,-1.386852405585786,0.0055022378964157985,1.1619470811823156,0.06106648559652356,0.6268594480503868,-0.23215546268227039,-0.21949240835388964,0.43816133116269157,0.2011302656539315,-0.166333501560271,0.09743204223098628,-0.1623502764874354,0.7072992983837437,0.2718325863326623,-0.18233764921408252,-0.41686307201821493,-0.06943970755689781,0.22083985521087696,-0.12363990353111401,-0.033200539235518765,-0.022530782698137703,0.0014932836388306735,0.08687484872325844,0.05049333108623693,0.010595750949165789,2025-09-02 21:17:00,B,1756847820,10s
-1.1267962244472467,-1.724357415179336,4.171977784315746,-0.08545853650991941,-0.7713039871883788,0.7234337284924397,-0.3476028861709252,-1.436637699704254,-0.09019095916784108,0.6209661938384976,-0.037095497218587084,0.2730930402944825,0.10621589096431756,-0.6508488092208705,0.4301599903401279,0.3568486601704434,0.09290294223546423,-0.14504738680475537,-0.3762998933638133,0.759356156464733,-0.20223260068500734,0.12523181144972798,-0.18137245771618882,0.10379899812412952,0.18344081226084813,0.016359461676712855,-0.27568645532545377,0.22561493096042498,-0.02701916997789551,0.12227994428594612,0.17578058431796265,-0.18944820617669872,2025-09-02 21:17:10,B,1756847830,10s
-1.3440913173998048,-1.5483751355111541,4.624083351896679,-0.5586706449518528,-0.3725417706770422,0.9334389057197771,-0.4633811663315841,-1.5186763777950194,-0.35016617760435437,0.3821794570549497,-0.11294656439266518,0.2908444375892928,0.5696500577311386,-0.5873050519555625,0.7292928203987273,0.20844490219432318,0.09344873321947848,0.2945635134131417,-0.47696467957850996,0.2772971441214471,-0.044157440695467086,-0.2728240897299693,-0.11391508184633761,-0.22418819299872322,0.32066785767816974,-0.036302461034297094,-0.16541744331616173,0.24584587556059556,-0.0030125599945160213,0.09050648476171211,0.10827230497590142,-0.25104077931414787,2025-09-02 21:17:20,B,1756847840,10s
-1.2218228961151087,-1.5200507485050874,5.011419854410184,-0.2637319966949709,-0.4448562101262158,1.0216122744217109,-0.6432857574231966,-1.5722206790075575,-0.3617556899101388,0.4782380293170207,-0.08587814205812949,0.3773089502186307,0.37278804616051975,-0.423057071670251,0.7763446161997107,0.19822944121948977,-0.19379135536062847,0.10097625601357088,-0.25626730025497174,0.6006739861369678,0.06604279411483961,-0.16465663638066438,-0.530950763189053,-0.08295110923274787,0.21660041954789747,-0.02306316663613368,-0.31854420277728507,0.18606522466552397,-0.04141333570430728,-0.09691972509566057,-0.16341405691851738,-0.16672756682372614,2025-09-02 21:17:30,B,1756847850,10s
-1.6214861728347427,-1.605720758235676,4.598128120487693,0.0009456600032749774,-0.3726925050518462,0.8589119216667264,-0.4286485481229849,-1.5085493950519233,-0.7446542893289518,0.23116257337732876,-0.1986245165601013,0.3146781987907073,-0.20679213873965818,-0.1009945660597107,0.9835285883455251,0.11549098505966472,0.18168433183422666,0.1759571820636377,0.26556934424559525,0.4930549488707497,-0.12883711888968094,0.21028421440002326,-0.3653132165070722,0.10285644987632472,0.0091813642294094,0.19781586097846598,-0.24786062287279484,0.2194471606709755,-0.07078150644224973,-0.003476671759299349,-0.08157883612919285,-0.18153344709359398,2025-09-02 21:17:40,B,1756847860,10s
-1.858545724628226,-1.2653888033524958,4.165070567320927,0.2098815933627343,-0.23176322506155592,0.671362009671051,-0.5872512725037803,-1.3051374718372255,-0.8721544729468652,0.8388602902018125,-0.14091880172568014,0.9112930846814917,-1.3045427410037418,0.41978471289833635,0.630015210154835,-0.173199531737166,0.6387432257651222,0.46041356108207226,0.8231138238376916,0.14826269107407872,-0.1137110175947379,0.03599081740709661,-0.6185797070145165,0.050111795628080665,0.06262862893223962,0.19982786244023246,0.03225522788904773,0.09187574718772754,-0.01840486165582332,0.09207208588594294,0.08797593195105442,0.04410415706193859,2025-09-02 21:17:50,B,1756847870,10s
-2.3437648287649586,-1.2124649750427814,4.347834325807341,0.9714834055698627,-0.27700323244069236,0.5492723883557442,-0.3023468429495338,-1.4921269401296624,-0.8002842986038828,0.3451683966708781,-0.20994091774669918,0.27711473139206355,-1.2008521520642188,0.6022619982421881,1.1721877949777868,-0.331280883565767,0.5821194800596263,0.8870260628424964,0.776514936803598,0.24783093997904937,0.1777743857204807,-0.16928227921128874,-0.37642110404285223,-0.34845495422845857,-0.11539646124721532,0.09791414562238879,0.0681914114838955,0.2204299811705481,-0.02614383395512791,0.12525248206259743,0.28222867980923527,0.023524667995730678,2025-09-02 21:18:00,B,1756847880,10s
-2.7204418392648697,-1.2034365915407015,4.938467817293728,2.359309740034962,-0.8339012899061962,0.2429003170527597,-0.3182432849341784,-1.9991000538981285,0.6388006558853775,0.988064142395,0.15616115702537386,-0.36485481588319457,-0.8533590850731417,0.6366524177301414,1.2247534394356439,-0.3387121818116841,-0.5456602160340863,1.230212936834801,-0.16050017080179332,0.4221809808885257,0.3274751539249508,-0.26635302437468633,-0.6517956893150929,-0.19306287612673464,-0.11302042514938708,-0.014777835730991007,0.28079636207919956,0.14799074321862146,-0.0717222742081699,0.08418749799549892,0.35246417437395866,0.1331674717048744,2025-09-02 21:18:10,B,1756847890,10s
-4.138046014894215,-0.7654672567649673,4.87542530357108,4.653638104302244,-0.7507928315041215,-0.630522913365489,0.26356415411368533,-1.774744933459134,0.9076872174940064,0.8133356808664022,0.1472423014706479,-1.23656869087643,-2.197910700352139,1.0838347169785283,1.142272649060374,-0.8162093627057293,-0.28472627190395705,0.9008426295893522,0.3273035488972965,-0.2842171797927322,0.11243521138920053,-0.08369234025381572,-0.157167111949736,0.002636526291626151,-0.2417710328570083,0.011201745311862587,0.17959815400832982,0.12878318119883014,0.08260318267451268,0.036768613965593104,0.3109229697699107,0.06927654458992077,2025-09-02 21:18:20,B,1756847900,10s
-5.49332205055787,0.27377853491994203,5.9481736019192155,7.009342255269183,-0.4955505864366581,-1.4900452621065021,0.6242651232292161,-1.5370057979471612,1.9670195435678104,0.9581691509870278,0.33453376836107823,-2.2050491464241126,-2.247800345964536,0.5393139562184196,0.5276842478079742,-1.0615055668756,-0.8614526452530157,-0.27973086871938796,-0.14039939376755384,-1.2299537309169137,0.18370534972663607,-0.33493765262557745,0.02254572882638809,0.4038566039951702,0.2920311249287819,-0.11094908702811017,-0.030991635991100126,-0.26106615904563185,0.3061400000689522,-0.2351779449969549,-0.24323725431423815,-0.1457445153950023,2025-09-02 21:18:30,B,1756847910,10s
-8.13179845006003,2.840261633880964,8.036956542926927,6.121048538852887,6.622156591974016,-0.451488648247924,0.9093519201848514,1.7483362561006845,0.4028585652898261,1.059573718313924,0.13144122058990398,0.12720260613108963,-0.5350834118180666,-0.7128755411114295,0.5665768990531374,-1.295056403632535,0.7532825268986935,-0.6506174625098466,0.5438190998782393,-1.7176421080202502,0.2274409645318602,-0.003714444008675843,-0.3253631531643113,-0.6388805855996297,0.20799247458502923,-0.6131319521412179,-0.5318413135293917,0.45795551726443234,0.07967044813223632,0.06966783480822962,-0.04257097588228132,-0.07920929622284788,2025-09-02 21:18:40,B,1756847920,10s
11.973375162662366,15.642687497590428,6.378039928833793,-0.49141719264007333,-1.1253583044667068,-0.23259787448458802,-0.17382921757751146,1.2513654050007774,-1.84969608886197,-0.14766950073904858,-0.3116895506262254,0.9804961913708199,0.350817405202197,-1.8081291244956403,-0.7037455880925577,-1.1578660921483868,0.4433183192475958,-2.8969447191309405,-0.13582601961401833,-2.1841093121754502,0.15321452968783028,-0.1272816596647358,-0.888185644413351,0.3799579144777255,0.8866851054856228,-0.6501083896535739,-0.8391997390858782,-0.605156649676221,0.4724332248560629,-0.41722626848817534,1.0233320056040482,0.7746576011654487,2025-09-02 21:18:50,B,1756847930,10s
16.181167713092492,-4.656457697685702,-0.2006419541544693,10.179462640510868,-4.8997132378912625,3.3904296602993105,0.32592880819380055,2.3159696353155006,-1.1941325258313118,0.13957625887924216,-0.13409127947946745,-0.043990738422756435,0.006776652503389108,-2.253791991384544,-1.7252579971399649,1.0628517070617918,-1.162548900780704,0.19414718878655804,0.5861778831494561,-0.3007644429024722,0.3765370998391269,1.8189417696420076,0.40503059636808314,0.28270465657539884,-1.3394040411173689,0.6010581893966952,-0.13067417725579628,0.7259086853140987,0.21222760128670143,0.188421771739089,0.4860320801953474,-0.05165414180075118,2025-09-02 21:19:00,B,1756847940,10s
15.68354977260916,-6.572482437695987,0.5194152037281587,5.3646835179335906,-0.5684010038697019,-3.8696646078555306,0.19291822929545183,-1.8992329159522658,-2.228782722984665,-0.24944005312702136,-0.8730248929205066,0.4055015726333127,0.2903933273572397,-2.012997661157133,-1.7801136721762476,-0.1453118776384055,-0.39775429163643894,0.6914561915082573,0.5017222654539106,-0.29677537374254814,-0.3095982853217428,-0.3339093416435706,0.9096142626034766,0.18068711226895734,-0.06255461824192324,0.6319415689728108,1.2241830295034415,0.2732352211379848,-0.5681627867506589,-0.06701765109743768,-0.24271667500534536,-0.20354019854414981,2025-09-02 21:19:10,B,1756847950,10s
11.733773246345715,-5.583314143033075,1.9049094167393774,1.6833363156891363,-0.04610321539993747,-2.656101595316765,-0.5263759598059773,-0.05365586336345227,-0.1561612502927212,1.0830441028997457,-0.29963898073990136,0.5298484225420517,-0.5524422308805014,-1.4945856877467598,-1.4987093683443096,1.21418535508897,-0.02110015422357199,-0.33709594041108853,-0.5405887139523086,-0.6317095751707926,-0.03776664736906493,-0.4509062989363491,0.11240581742838736,0.19099219018153663,-0.45579497636675287,0.34156071919578707,0.03827370574014658,-0.175637202929875,-0.4081984781036741,-0.2771181350768646,-0.35263951974021357,-0.01587568739042462,2025-09-02 21:19:20,B,1756847960,10s
9.496851178418021,-5.057830672329516,2.997541178136607,0.07855319592419172,-0.1399276628031767,-1.678314043245596,0.143048358105137,0.635986388502296,0.5360297422376759,0.542995212213302,-0.23061634763430197,-0.4160211590558545,-0.8762023207472583,-0.8646939415923486,-0.1799837238301531,2.2032211030476616,0.21279457143713001,-0.43593242974675356,-0.7551815604623384,-0.5312427501998035,0.06473355791059301,-0.3592142131939901,-0.34588505934960284,0.3794955383618239,-0.7088298336887416,0.24623061961739565,-0.32132483317412774,-0.4845350910617679,-0.4162292549489246,-0.050314468690717346,-0.18101188129559606,0.02445526896824976,2025-09-02 21:19:30,B,1756847970,10s
7.015671724943087,-4.431002448636382,4.005922806221612,-1.160464690949899,-0.2511550071447227,-0.6588306108906558,0.32320839082168507,0.7901186182660743,0.2970503149902409,-0.20010876378912748,-0.27209211322797766,-0.711976498157906,-0.1460333630352051,-0.9466136428192937,0.26783289596521964,1.1166814831390344,-0.2566569122697107,-0.7969893585688128,-0.54636345860688,-0.004833049735060731,-0.1390989636140039,0.09467712344607006,-0.048268841195325825,0.3607543668883434,-0.40699567576523943,0.14142322467476015,-0.037546891135520524,-0.5488285172365317,-0.4645722314287866,-0.1327674174338242,0.01410335594657948,0.2012728773003758,2025-09-02 21:19:40,B,1756847980,10s
5.597278390059084,-3.9640360054947434,3.829314345302047,-1.510126778965717,-0.2605662572922789,-0.2265694212349918,0.3646339423138551,0.9087412132580535,0.6464533076533282,0.24294934897380682,-0.1042244927410568,-0.39768136638608037,-0.43052990052611406,-0.7165629456134994,0.16806361641383646,0.2948125785401125,-0.4059095991204476,-0.8076997701269487,-0.4092817565256276,0.47647754717544244,0.18919951757168232,0.20939684893211014,0.18423294169974114,0.02923608152207646,-0.23526823847348938,0.025453920684478777,0.1548267418303324,-0.4716376242486423,-0.27255746352316595,-0.03556571946765184,0.2747210788544837,0.28850882478374346,2025-09-02 21:19:50,B,1756847990,10s
4.850775807594797,-3.7158352634060186,4.099112093436397,-1.6296643859387374,-0.5785985310323212,-0.11940056555744051,0.37425247260583483,0.9619699952060164,0.5305160015256805,0.14375613117690855,-0.106132225217478,-0.3926192049013263,-0.19158675764899716,-0.8280509974840605,0.04020063390835781,-0.035199839700134475,-0.47292877016951795,-0.6585825615380119,-0.3790095257340417,0.10437192301284304,-0.13394810497425486,0.23611975624851794,0.27321299314598063,0.2829527698440543,-0.05092949946869408,0.13598913023876383,0.16239422989306282,-0.45905628861111114,-0.15741502140545524,-0.03471195648813967,-0.0044006961123754735,0.2544552869490464,2025-09-02 21:20:00,B,1756848000,10s
4.089747591488964,-3.5634862044517317,3.886266946898655,-1.6859590096665862,-0.6792205114674379,0.06389101610084774,0.25641560866909185,0.875698291453294,0.5563036591225734,0.22597731745334884,-0.08115442207371885,-0.18677348800934612,-0.1762469108234096,-0.8755466444004227,0.08544237243699096,-0.19261826206092156,-0.3918577187612859,-0.7110880301885476,-0.2276439504592925,0.33164133298036125,0.3818703217996367,0.15877983294388784,0.5362398296177461,0.5723075540653435,-0.0897185743925723,0.044610863337150614,0.0510361940620886,-0.29563500237686924,-0.06926452373483624,0.08090316006665274,0.14643117573826886,0.19172754108061565,2025-09-02 21:20:10,B,1756848010,10s
3.924763849305903,-3.4493216411547047,4.291803683174286,-1.7763066838800257,-0.20600969783225886,-0.5548944507197613,0.18809331650097952,0.3537174594251404,-2.3041368651268566,-3.154587399930271,18.6492744231907,-0.3593160869908129,-0.9741122088720888,-1.5392709870204502,-0.14008863413274605,-0.22530233521992796,0.05451304218109546,-0.7365659741050451,-0.5841255596075278,0.19810004425594044,0.46743585500768564,0.2574216876646247,-0.10682135712817831,0.1273808161293584,-0.08353571967232207,-0.13112697344772076,0.2663526557956064,-0.031308951670328856,-0.12407964198102006,-0.24146424948005032,0.016704619184977405,0.1361327745848876,2025-09-02 21:20:20,B,1756848020,10s
3.5716749414967306,-2.894145489852999,3.5727623486697078,-1.7755924829414311,-0.41109701865044734,0.17045026375492595,0.5453374068365145,1.0003870504065975,-0.42096992574551495,-0.14615651035704136,-0.3065907167869973,0.23806064321065443,-1.1527739534649442,-0.41691369869445916,-0.07966145468054946,-0.6166625190890798,0.5366743841322053,-0.5106312987806091,0.5998502216410331,0.0442809420570126,-0.3158991756764646,0.18808155558838868,0.11802757301432454,0.04916796048062916,-0.025500160148693902,-0.07248239711746404,-0.01611667336785664,-0.22683175460234084,-0.005492916749409118,-0.05171122840823822,0.07409672670352287,0.21731798153101398,2025-09-02 21:20:30,B,1756848030,10s
3.4186095740663465,-3.235912069872468,4.2895193551897695,-1.6007551307123398,-0.7602361905461938,0.25196078265062255,0.4706345058963437,0.588181627803113,0.36267141306252965,-0.21645412512554055,-0.14710021648359187,-0.3306817085836816,0.19509305175403088,-0.8732344718572489,0.22957531516782273,-0.33782992659362443,-0.44218664135216873,-0.4784700419140617,-0.4059959597474425,0.16578167992169654,-0.17420554205409355,0.2316591984977482,0.1971487404241925,0.24071139129448577,0.1461220852184105,0.034666427562126116,0.023407609284756013,-0.2053911566845168,0.10967849472230601,0.08676432078615956,0.16344299134830123,0.22352328502098232,2025-09-02 21:20:40,B,1756848040,10s
2.9687661496046363,-3.178883005802021,4.133495861598513,-1.6502825910225492,-0.4632299759231264,0.271366141812789,0.23334523786957442,0.6172840321584446,-0.023550244639147802,-0.1429084465736879,-0.21051121588512386,0.02579755813437057,-0.5393285948978149,-0.4363372132329345,0.27080859940891866,-0.523917147890525,-0.07301363226277251,-0.50215790071763,0.15453215337291004,0.2239655040803574,-0.2739091666599013,0.37490195580147767,0.09136485932796902,0.35164922433757,-0.04260484466575552,0.019535010314528967,-0.07288133365303832,-0.081439797683851,-0.016215852323257996,-0.01758075338415111,0.09836789051724346,0.1275349907464196,2025-09-02 21:20:50,B,1756848050,10s
2.643964222954868,-2.826311974186488,4.528578391203295,-1.767328408478161,-0.31575683581989455,0.412834286422482,0.22285048109442732,0.3229461251769743,0.3753302893141587,-0.29490297158019185,-0.1465427942633657,-0.26354209787892935,0.18188718778866234,-0.8113870720763431,0.40937803779659554,-0.3629503800961761,-0.5765135141978244,-1.0584269581204715,-0.38539906147019415,0.4202034290712364,-0.14187917808887993,0.4944756214317829,-0.17384554231104737,0.46144752855329607,0.219331730225208,0.0063822816372737,-0.0872600162801289,-0.0979484359237332,0.021777358922276953,-0.037621583637776,0.06978844608664296,0.10094119692710414,2025-09-02 21:21:00,B,1756848060,10s
1.9136204149873166,-2.769466925083191,4.111079103225852,-1.7588092302976543,-0.048303976519930125,0.44114785534509593,0.36654526811547566,0.3922261887897685,-0.6605777765260156,-0.7991823687356504,-0.4177628211418193,0.0024482148160823456,-0.6839148713219452,-0.25402360402502994,0.6243203651035407,-0.6443328155732655,0.47490344209691265,-0.566175484058888,0.5152168813603831,0.054508742518510685,-0.43993231051008863,0.41020132465621983,0.15204097896374438,0.28354300992100523,-0.04385297251365934,-0.1668082319375483,-0.17593863652241473,-0.014320534760521645,0.07513788886186805,0.09529355296548678,0.24851800222068465,0.006367952094554139,2025-09-02 21:21:10,B,1756848070,10s
1.8104571678028378,-2.775175291925063,3.4677263005416736,-0.9364935094063175,-1.0427888991333307,-0.018670663811096087,0.19775175963568137,0.3784210799507123,-0.41750993651943,-0.6223898103349754,-0.36329072619685043,0.02998342386596952,-1.0819943630670046,-0.4314668718825137,0.24287226607581291,-0.5905391170984196,0.6852154613797319,-0.615455529061404,0.5790571822972741,0.7269735686087838,-0.5569618330211642,0.3391209219644066,-0.14234432090702154,0.57993195636515,-0.15974709059232084,-0.19859279915629224,-0.13637419153545902,0.2153379928493032,-0.22705482452008333,0.03374060520518741,0.24776860556402006,-0.07295466905303072,2025-09-02 21:21:20,B,1756848080,10s
1.792978388481645,-2.415595179233233,4.097902506521483,-1.362623194410247,-0.8406937834013574,0.21525146931200498,0.2529746719956841,0.3701269479299474,-0.7350221200000939,-0.8485908185420877,-0.4365539439271687,0.06871652664448025,-0.6500555588536419,-0.5358654908450099,0.2840346100006131,-0.7020682662488796,0.5442422315267945,-0.5178078124836065,0.6323598343930944,0.05817268182117449,-0.48683653742862754,0.07014592134427312,-0.2635752379626997,0.7234540319757605,0.13365784474616146,0.010692393931203402,-0.2532653715551258,0.16227563488578164,-0.11095102682844633,-0.12050428179126484,-0.18505337274882572,-0.07478248470259778,2025-09-02 21:21:30,B,1756848090,10s
1.7701387356390692,-2.5949484457683547,4.404276270664328,-1.0852816999564467,-1.1266905870837438,0.461365148352943,0.17586991710888544,-0.10147352801047026,0.22912022796294396,-0.29180403152306333,-0.1597939826918583,-0.015775773919892263,0.3094160100989517,-0.8770789426838809,0.2538677130419014,-0.3099849381028513,-0.31350348683884216,-0.2272182643971392,-0.3289025986659799,0.1749850911309145,-0.15669060472597424,0.1187050421123487,0.04254310561600868,0.7196345104219977,0.11316104237350542,0.01752843232252032,-0.3553705868498999,0.06707025616457035,0.05646778374168656,-0.04328477163047931,-0.26769077636318944,-0.05173839726698044,2025-09-02 21:21:40,B,1756848100,10s
1.5706108747544871,-2.672503902037491,4.463820993642405,-1.0837443887372287,-0.9163961170814012,0.4836543443931445,-0.0003655611948512167,-0.20672021897038478,0.2543172409154469,-0.2049711545690281,-0.13882022512400077,0.0735943966843012,0.24345308541110228,-0.6805676770563329,0.4007186355899161,-0.28535728112193376,-0.3922098712302997,-0.22500219730406038,-0.3250103841461568,0.27173183758972747,-0.1135550936155834,0.21402428936291268,-0.05732532047905412,0.5749403252572864,0.07560153635716617,-0.003478816086539571,-0.14611688087683244,0.000994565244392181,0.02875543820768138,0.01097031860968071,-0.07616791712573003,0.03273006180571998,2025-09-02 21:21:50,B,1756848110,10s
0.9399854841465768,-2.3617615838955754,4.327028789702737,-1.1174204993940344,-0.48662540520652836,0.5883964996174225,0.13004992523511796,-0.5645145580684685,0.35647915292029375,-0.2242719620011423,-0.1270405997889685,0.06792468100300118,0.16121625173644358,-0.6040058478789319,0.5703111635106474,-0.19369560297350435,-0.39561844494499826,-0.5020164436340269,-0.39550807554390033,0.4795968942640781,-0.14644585474536326,0.552237080639118,-0.09581780899704535,0.5839550402881621,-0.013134787451943658,-0.15697219487202907,-0.1278990223801208,0.03155242818067369,-0.07381896488277023,0.004914330457707127,0.035872289065525094,-0.06723450556581206,2025-09-02 21:22:00,B,1756848120,10s
1.0428712026863554,-2.360951684127807,4.455371930219599,-1.0801024103528842,-0.8859820222959667,0.4915642895516995,-0.09793574989286856,-0.46032090885137744,0.3007855845423829,-0.15333828111980388,-0.11881341477165794,0.23392417359539425,0.16993829718154732,-0.6604923732400951,0.3682221556340713,-0.21506935541832298,-0.33055850945063275,-0.34022822975325573,-0.34345587001340955,0.4127532899287109,-0.20836324567131886,0.24932885683277003,-0.37150387891270525,0.7342567695076188,0.23285344214172274,0.0007975700110515883,-0.13741880901508666,0.10948192744856275,-0.03781686444375793,0.042545855637736336,-0.01873871179173686,-0.020566704545303204,2025-09-02 21:22:10,B,1756848130,10s
0.8851950778384434,-2.074733808497388,4.482819643231307,-1.336287562600441,-0.4936947870313567,0.7079985155098194,0.13245783696456304,-0.5108219570634399,0.20749068827144604,-0.15753832308471438,-0.14068669426937305,0.403038894573533,0.29841903144209986,-0.8231631662481733,0.31269975873796996,-0.10528590551074563,-0.3153551631963736,-0.6825224581062246,-0.24739804820601594,0.18874170782605865,0.2750858453810572,0.25504751776438206,-0.003991057220185422,0.7379508242832146,0.31330654842733174,0.06837890879211292,-0.33309547426352515,-0.03561189677561486,0.1620392186922309,0.05556031394444267,-0.0989426256194026,-0.021196328425077956,2025-09-02 21:22:20,B,1756848140,10s
0.5407827834884555,-2.4225749284701634,4.459732421376944,-0.8884897402128313,-0.598191360702586,0.5633781199828615,-0.04182438152528246,-0.5251789258688542,-0.3380108197290595,-0.6673415003884439,-0.3131019412970539,0.17874459905159654,-0.121817403116644,-0.3145707275166718,0.7903647339428725,-0.20938164389410885,0.020093298181597635,-0.23985713545869936,0.22786509614424547,0.30792338951059156,-0.06550496472520635,0.39966861571544604,0.04290940429791248,0.5417628303686083,-0.030617254621218955,0.04170258839447353,-0.20155374612391735,-0.0058381394781559185,0.011676815121507287,0.04636075079509697,-0.12331167511494197,-0.06670111622189623,2025-09-02 21:22:30,B,1756848150,10s
0.4434833691782332,-2.263030558956082,4.50903854325757,-0.9075067871658301,-0.8420671645156816,0.5140088625776785,-0.026254744856775005,-0.7416335494811025,0.18661558183071036,-0.31028342484394,-0.1626949957323503,0.2640085141296172,0.35627404818079783,-0.6687478325127929,0.449304874321104,-0.020125281115555192,-0.20420632618627257,-0.12925944296362818,-0.3663015585926181,0.1271120041460011,-0.14071780271126672,0.2099131538227988,0.0570871834047084,0.6307527974850919,0.25737450381490545,0.015916426404076967,-0.10540354538110738,-0.07757122953413415,0.07196295688274953,0.17426103675623555,-0.05358540071945072,-0.03547261426065486,2025-09-02 21:22:40,B,1756848160,10s
0.483872606897523,-1.9699163394667798,4.502900823060316,-1.1135953211923086,-0.48052086043531334,0.5806940701183434,-0.01664131455347392,-0.39145477562722814,-1.0112225483677562,-1.050654792274024,-0.4903022409523572,0.4106256539748374,-0.363442265085707,-0.2537210567773564,0.7119424587498946,-0.313447781363616,0.5161052032986668,-0.28851344626454356,0.7302643732078848,0.03942806410462072,-0.08340292049104646,0.13374780542428757,-0.20479501890468774,0.3425563677303742,0.23392731356802077,0.10667699234057124,-0.183473878057404,-0.09137364468275762,0.15067577193402623,0.06454948504915589,-0.1839103825492705,0.03327036892169433,2025-09-02 21:22:50,B,1756848170,10s
0.3527470157310512,-2.2299788100447877,4.257898889475604,-1.0690707026827866,-0.6760511698001552,0.7560858939218837,-0.025147553508370685,-0.806374981498261,0.2686979188292528,0.17223658492300756,-0.07099419696639094,0.8392561875894321,0.13353949007647462,-0.6172364287905683,0.11093010662293122,0.15828637847782828,-0.05439669240070856,-0.043863992554436355,-0.3694505366291149,0.04854565913854409,-0.1731295820592833,0.3395934791350751,0.2446379501186441,0.5627501779552782,0.2657993545761543,0.11342033886983267,-0.31968491557508755,-0.03035351265669996,0.25920601267845794,0.25678332108438523,-0.01067855039447503,-0.05436560034625592,2025-09-02 21:23:00,B,1756848180,10s
-0.14963156114900905,-2.0139834958969263,4.586635640460895,-1.3300320391114284,0.11755102430047243,0.8283987487365045,-0.26614529668010123,-0.790272212886434,-0.3855308130840597,-0.597989396103362,-0.30321159510097306,0.6094136025048533,0.0002566204520048876,-0.2697254932848848,0.7457902289445539,-0.06952818023651362,0.1852741234668052,-0.45875623459590864,0.017559027672910076,0.20862101215153492,-0.17093553254361518,0.40798799518373746,-0.11691007660086498,0.09248790065126478,0.2448450703762657,-0.0241595229352667,-0.138194051853125,0.010409288929274684,0.06636521447943355,0.10734473979039409,0.17236131729202317,-0.0825678952546715,2025-09-02 21:23:10,B,1756848190,10s
0.026690269377137556,-1.9389176074464465,4.073057922476399,-0.9106109530825467,-0.5476664958981811,0.6254635047289451,-0.31134057809748805,-0.8015043607815584,0.47333366131585886,0.5256098422130554,0.006251279954638345,1.15029663323348,-0.19502093415569913,-0.6232178471187041,-0.20093074106807185,0.21778816794256198,0.05076291334894054,-0.4713077002007161,-0.3790675601272417,0.2069768973136065,-0.03753581664771091,0.2663769852800911,0.07724267738151988,0.43075127175721306,0.4076182742795254,0.04549487333597906,-0.25778255832907887,-0.10227421025394111,0.20712775802122133,0.19363144308126654,-0.05917099177633828,-0.06897941923662786,2025-09-02 21:23:20,B,1756848200,10s
-0.29258939327087563,-1.9680176558446874,3.6362939849601226,-0.43332609511507664,-0.7663430325889282,0.39136696445280567,-0.19767779465643964,-0.6127820653369127,-0.5151535912046726,-0.358508390342139,-0.3101591609619732,0.9838654385643986,-1.1437168794893482,-0.21503138518846157,0.07498734136891425,-0.04390944384497982,0.8928684886912076,-0.6107740691024883,0.5809861918689387,0.6548288121579184,-0.6151337183221941,0.4845587785279636,-0.3633893710112451,0.44033548224666,0.14270726573168058,0.08649453907618962,-0.35282373081002943,0.24652351285001994,-0.04791578559547533,0.07541652638938406,0.05639922695499905,-0.18341744907156102,2025-09-02 21:23:30,B,1756848210,10s
-0.3542011602973645,-1.9524616960212124,4.4717774513015165,-0.4045041149024156,-1.0157886690327738,0.5363204318265405,-0.1469975768409462,-1.227998466252316,0.22423942550536854,-0.35059794265379146,-0.1598436191969538,0.4615812566872949,0.2736062010318836,-0.5490448393616286,0.48849426329614704,0.1228276986995236,-0.09774921629737235,0.019630174810873893,-0.37584824005265244,0.5066622644120312,-0.09900866907654904,0.0808062315310785,-0.22307977905849774,0.5033825039943773,0.2198349782563295,0.05403649214876054,-0.15260158773138688,0.15194616207847758,-0.13877511113695254,0.05677333205518918,-0.06537943621133625,-0.16275890339305688,2025-09-02 21:23:40,B,1756848220,10s
-0.558352281103291,-1.635018432218298,4.162219857207227,-0.43678204438280127,-0.7642657582092688,0.5641870707400144,0.06779381025350606,-0.9512219614766639,-0.886451889414047,-0.928685105032846,-0.4479019924358212,0.6512972933527486,-0.5372136188333949,-0.1617789167463333,0.6010258516016371,-0.1702685256000665,0.6893704618796586,-0.001849372029767881,0.6719190239439663,0.15979587769263434,-0.2765960138430478,0.17600323464329373,-0.3372295148206113,0.46170949913373327,0.08039406887326622,0.18648289443108523,-0.2803237589598888,0.14787594232526038,-0.09144321191357273,-0.033643116216951666,-0.24334067242665525,-0.1493205208776403,2025-09-02 21:23:50,B,1756848230,10s
-0.712266923717999,-1.6996629802256316,4.2261024102867975,-0.20877278577936392,-0.8184123197414653,0.5126077222763668,-0.2977617921673388,-0.9499702503258491,-0.8477738126048766,-0.875845692320884,-0.42258873048160966,0.687161908076514,-0.6330325107004356,0.000844009870704546,0.7120621908894812,-0.19574972962742393,0.5974813244991883,-0.06476922819142998,0.7185975628495536,0.43208211581258277,-0.20229970294520866,0.21963362313362303,-0.6312222571158017,0.3803749807829792,0.03286118346829422,0.1718245337876299,-0.18299534325556138,0.13587804957427305,-0.09371123186502146,-0.010698151756839072,-0.1176589587083592,-0.03319090103856212,2025-09-02 21:24:00,B,1756848240,10s
-1.0417029794846422,-1.6178873451719182,4.512657557568742,-0.3321753240656039,-0.5884663548414499,0.6672411465298903,-0.19441375675746767,-1.2392163170951753,-0.4060920654844687,-0.649373275009374,-0.2980722646837205,0.6678361944704834,-0.05658736792852143,-0.28836966487073795,0.6466952255634414,0.0474796167641234,0.14362079234920008,-0.30564148262755164,0.2185748943318081,0.19707518101963428,-0.1336944636980951,0.45069035693390924,-0.38400162630368306,0.6568945935044787,0.13660580274319445,0.2704254702415625,-0.29714076623452,0.0714892330404538,-0.01774060333826115,0.033560237976534485,-0.1473032698240297,-0.09431310259269275,2025-09-02 21:24:10,B,1756848250,10s
-1.2073768465140167,-1.550871606322185,4.068848859966279,-0.2021532002717546,-0.6052062647366403,0.5468834516649798,-0.2946295173068143,-1.0427484177953714,-0.7866331439560813,-0.7508518816737693,-0.38400366910838374,0.7884858416519013,-0.645369419808839,0.07034611922052106,0.7331800270727054,-0.14742284157650287,0.569475303553452,-0.09392660454827148,0.6732625076310783,0.20249661139209826,-0.301230935172668,0.5167077867116668,-0.6346324533448723,0.4969036139082617,-0.019315230564686404,0.37495687401772454,-0.13028652868140989,0.14197573004346983,-0.11687129581091871,0.00239830100667836,-0.07151160229972776,-0.020910277805006705,2025-09-02 21:24:20,B,1756848260,10s
-1.223915519364068,-1.6723666731794873,4.601721058401288,0.006512855826703802,-0.9641992144726103,0.623477187175641,-0.3443562500053845,-1.4624725980240032,0.19638463543632326,-0.27779449853074506,-0.12415558018223945,0.6388331418845755,0.3073103911456028,-0.3480420767934652,0.6208759527761161,0.12908920546011954,-0.2695497716716843,0.0513851214574785,-0.260028174172995,0.3101389099924321,0.05625481306667838,0.28727657482681845,-0.4968569115134721,0.7065074612145273,0.17877466733842937,0.350759922092593,-0.18372809653415717,0.13803924782761345,-0.020982987798271593,0.11090407197729238,-0.030139257221671812,-0.034878261986030216,2025-09-02 21:24:30,B,1756848270,10s
-1.7384599597990678,-1.0553098444571787,4.383903276285922,-0.4678249259720947,0.18506393219843126,0.8819775114838362,-0.5544859037116738,-1.1775300875970012,-0.7735706757579076,-0.4622993300638545,-0.3267915611638782,1.2479547463700642,-0.7116349130279204,0.2280825235326618,0.6909278914508699,-0.19694926534493068,0.538065263512771,-0.39124844462391417,0.6441858912350701,0.15052560377809696,-0.0084887939431736,0.41107898543698645,-0.8931234858431398,0.10017231380481406,0.1080056105051014,0.16834166975259607,-0.19681771468030024,0.15706662329613322,-0.04703661019708558,-0.07217245550998945,0.13842184714299738,0.016114191595502828,2025-09-02 21:24:40,B,1756848280,10s
-1.7634203389726484,-1.2048726124723872,3.749205184319067,-0.09843741893539049,-0.406657199765126,0.7241804891758773,-0.6665488395985342,-1.2799346348168719,0.04442402260566926,0.4175408785517271,-0.07488351351178833,1.5876810221563356,-0.7735773699251609,-0.0432908400637046,0.26612218054707987,0.07913352763043736,0.3171490793779314,-0.4311666959622148,0.4322062493727111,0.6161582445318503,0.8956668857059346,0.24683145866110826,-0.3460445989256305,0.5658462643801705,0.01707369014968871,0.27423583922412786,-0.22918427150689774,0.16863187835725338,-0.0352620912211739,-0.0035108380824125183,0.01819215369704576,-0.06586998796588715,2025-09-02 21:24:50,B,1756848290,10s
-1.9516231532221715,-1.234395561635837,4.579018711779702,0.6272864066619775,-0.5985704219223031,0.5088580124044538,-0.1842013872029733,-1.5203497470621041,-0.6993399289101548,-0.9192154579092379,-0.3856753574824368,0.6210394589462883,-0.8494657380673197,0.3726533666374597,1.0422642443877317,-0.17302614912447362,0.33289229218536975,-0.13453942894547938,0.9096455065956263,0.6321007740555475,0.05945524732559767,0.44344546783076827,-0.9162005650610556,0.6481250743089774,-0.03875751835930968,0.35364751284361806,-0.17741501442481802,0.2594791718066102,-0.21833035002861018,-0.06029803043975777,0.022331998212056683,-0.004974216191459743,2025-09-02 21:25:00,B,1756848300,10s
-2.0518460206646334,-1.2798277719685633,4.67380027094778,1.1228178145554242,-0.992500233129245,0.47465373017759444,-0.575459290986557,-1.7486346714219634,0.6690931749622399,0.332188478293044,0.05558638501150677,0.8495475244652156,-0.4207552561812706,0.27253009936273404,0.5719526758733439,-0.07077236602175088,-0.3717647162128042,0.4787164948386035,-0.18315734027094124,0.49077528861824354,0.2919002402614691,0.037113749337122276,-0.9272236773210428,0.37243774572073934,0.12557674672148694,0.1789694027980626,0.02286286594588914,0.10573688966158203,-0.038306596142642785,0.09117993321719424,0.1865012716264603,0.13010773354754995,2025-09-02 21:25:10,B,1756848310,10s
-2.654758084777954,-1.1561006224943846,4.68072311034444,1.805134278493555,-0.9083233856119831,0.34039002398878,-0.4196682309981041,-1.8612122187888789,0.8998108328586565,0.4410440209343475,0.12149630963514592,0.6299500183720879,-0.6897403374438456,0.502250052811363,0.7194421071938212,-0.17247669537716928,-0.5698936650214196,0.4896971540665317,-0.10276840098195078,0.37654595277717573,0.31779255386831984,0.34973341241659933,-0.9224793316095526,0.652505637252736,-0.09202478672030348,0.2737699043528159,0.00026377781406144237,0.12589602078887335,-0.02888616721283752,0.10490753487715412,0.26146646633828496,0.2100919512825336,2025-09-02 21:25:20,B,1756848320,10s
-3.6437062353303773,-0.8669880386220148,4.596893467363538,3.931958962190605,-0.9848839228356835,-0.44434752795480364,0.03330252356294773,-1.8209605832839393,1.131969021159106,0.22055689390951164,0.09855233322630617,-0.27436010472819317,-2.027529465123137,1.2796932599065096,1.0375656696535218,-0.6729693836446227,-0.4164442005239871,0.7311578330784109,0.4539141684782804,0.23588202765772553,0.3577933930984486,0.3052617717580527,-0.7482558977970591,0.5122857766080916,-0.38507718124193285,0.19953720349437537,0.28406596948236185,0.135255591675718,-0.11845306372154132,-0.01819838809220483,0.32782661830523024,0.24396306377703356,2025-09-02 21:25:30,B,1756848330,10s
-5.136965307627444,-0.08366791875526734,5.426684654587822,6.815029529240989,-0.8736783112837917,-1.534210856512797,0.5236919173284823,-1.6435694384965431,2.5751826712763206,0.7175426772222827,0.3837814659240864,-1.363942950368802,-2.6465677067771205,1.0677889400524716,0.22294429758256465,-0.9535395473609503,-0.897551943986982,-0.1367104892757746,-0.14567684514968207,-1.0208986075458022,0.23553881683573524,6.452772141603538e-05,-0.01564376991233478,0.5797028353172505,0.12379353085950195,-0.03411223833065219,0.08754912985342812,-0.2603115084183525,0.1794220542648446,-0.15771110701866398,-0.22891248054216615,0.022052838815671418,2025-09-02 21:25:40,B,1756848340,10s
-6.509491950188726,1.387207196829187,6.4114598304405,7.29978161385388,0.9371872619630083,-1.5157335439679653,1.0033719094041746,-0.5034074981846588,2.2239094680834786,0.0517817441711805,0.23874908847088744,-1.3617288820582445,-1.1275231728495307,-0.14415986437736983,0.06526853626694512,-1.198130065005374,-0.3432120981350892,-0.2869638029635983,-0.4648637058335329,-1.7133691614222193,0.3204254014607559,-0.5408015838741421,0.03852976955949892,0.15972786761894012,0.486634407742441,-0.1880433651921147,-0.34319292301165455,0.04952997680474574,0.3258595605208485,-0.04859440972991724,-0.17241425196608728,-0.1081093428812439,2025-09-02 21:25:50,B,1756848350,10s
18.94714511283784,12.147462581620365,5.274091732493507,6.116096727333729,-10.245325030665775,-4.337530034210232,0.37281459489864777,3.611238439567805,-1.4814403312398652,-0.36047203375488446,-0.36777022567024875,-0.0155344627926565,1.3433416527007342,-3.5927699449123787,-2.5487888719474565,1.924538440945403,-1.5862722114667647,1.7499348258978806,1.8628684884149882,-2.054273086790566,2.5982309835524036,2.354653989122491,-2.6292406982246015,0.7332052062009725,1.53829699717588,-0.36619600408034636,0.9279137437894628,0.43841248093715174,0.011228775940636308,0.4762236017517331,0.47557755380735056,-0.10362995728374097,2025-09-02 21:26:10,B,1756848370,10s
14.89305523829345,-6.914256984256879,-1.6956227511034725,10.62704007779174,-2.2836552791189297,6.026348775062429,-0.08645329298117473,1.5717674472492615,-0.8393063158976316,-0.631643172871543,-0.13768668082416716,1.3704826226972864,0.6396646105762295,-1.4294808727883637,-1.4207173498755081,-0.5426375465112507,-0.2592888177448754,-0.547642544375134,-0.9468417163630429,-1.61139092397369,-0.07446841993688945,-1.355645613833612,0.2228263089031913,0.46087578260489764,-0.4892895744989719,0.49050066658941865,0.1597879381771477,0.8216994717268021,-0.19152853510036905,-0.4052415448146722,0.3479081843610182,-0.03249813216810876,2025-09-02 21:26:20,B,1756848380,10s
14.612292081855227,-6.308508720976139,0.5508653617235503,3.7886389625076036,1.5026884372086016,-6.488428518758246,-0.9236171557580437,-2.8335020524765198,-2.5548926491172863,-0.8306406866290917,-1.1583231066878705,1.5125196632075417,0.3933342404233219,-1.5012610744688004,-2.11050899370434,-1.4174006111454798,-0.22249428512971622,0.4916139390002833,0.7134589454899543,-0.689761872467841,-0.03324118308949724,-0.14605423837105755,0.32835210810040316,-0.2928815596578837,-0.6873201227833793,0.2575120114276162,0.00572329177196205,0.3122074465166464,-0.05065821929451135,-0.49718951520952454,-0.36878806443974466,0.09927257048521919,2025-09-02 21:26:30,B,1756848390,10s
9.986451955151994,-5.043487938089527,2.687147370901937,0.5359935311938018,0.175668268707787,-1.9568521480466696,-0.23130063451994753,0.9580040918661527,-0.5068922332685865,-1.043276312209774,-0.6843264104173903,0.20645315543587514,-1.167859806432668,-0.30394629732634487,-0.3155343259148392,1.3824312719679293,0.8352709742908185,-0.37119906409631714,0.1573506181010646,-0.6336823387601769,0.042194251993928004,-0.3857701549147691,-0.4346715957812744,-0.2737504151069289,-1.00502247497282,0.20182802350797216,-0.10912847010111106,0.026516144675869963,-0.5631622198248294,-0.6042883185389505,-0.3497498327723659,-0.09788110392992819,2025-09-02 21:26:40,B,1756848400,10s
8.536663081306276,-4.782774458091765,3.3655549348926694,-0.6940997376836907,0.14349576216754795,-1.3183779939374722,-0.0643887559988447,0.9718620272561227,1.0307574752983755,-0.49965988683020285,-0.30823825413712685,-0.1733167006807156,-0.5169908029530913,-0.36249741006277164,0.13634347579967362,2.3134742866460747,0.3891324859007273,-0.3523805703175387,-1.0980412920206526,-0.7094434029433054,0.28807125406029227,-0.49598255854763396,-0.5029808198298349,0.03265931025233162,-0.7697851543785906,0.12065505197114516,-0.38037648604056673,-0.272704636225182,-0.40458944212763487,-0.19310622627429574,-0.10332358059807774,-0.07534781613899298,2025-09-02 21:26:50,B,1756848410,10s
6.10061755325425,-4.104585408467531,3.6935057897115735,-1.4633235919846712,-0.07785438987576446,-0.408430869060597,-0.009116457806586984,1.2103438415074075,1.2143496960495628,0.2439428562123121,-0.042596928246628585,0.7290326169481449,-0.7571088742123059,-0.43354998097399405,-0.8748717595387947,0.6125442525727304,-0.08669171696851034,-1.0063643106232871,-0.6722986614429706,0.11823477674891346,-0.23419235216445577,0.14576191413718995,0.26055843308069365,-0.2528338444483249,-0.11470852447375789,-0.12345719291131943,-0.00984727849602331,-0.537352842761267,-0.2758226217984543,-0.1613757928403964,-0.06789449398901634,0.09156466682412238,2025-09-02 21:27:00,B,1756848420,10s
5.138527698155504,-3.4079198760792804,2.472129936860737,-1.5770856547239411,-0.2920229520980352,-0.46444417420926964,0.22239965658864438,1.6078762549089458,0.5808212088839299,0.648894798127474,-0.12292792329790615,1.6304093850270596,-2.2495485647346003,-0.09462723737288167,-1.3065498329935754,0.0693814973543873,0.949857672388854,-1.0447421037394073,0.8419764896467113,0.2957759670204127,0.9146284166472857,-0.13702738975135298,0.9866023086589307,0.07832269130216589,-0.12507504148530502,-0.018488882902340433,0.09489498438682047,-0.5746638667164727,-0.15968400613355407,0.024075871122483494,-0.1409241300750373,0.09586219960104032,2025-09-02 21:27:10,B,1756848430,10s
4.558090615159265,-3.4802722134135453,3.785560493830999,-1.7970790097950444,-0.46470644936602634,0.0021505074407388407,0.4761863247901932,0.9986255704138042,1.152650019578338,-0.016767462122545068,-0.039620026342450876,0.5973662271393146,-0.3331758271809617,-0.3962385436677838,-0.673480852682274,-0.06690372833350669,-0.16570401413640212,-0.3115352203143488,-0.6273695865673039,-0.11546949613204044,-0.27214639923864714,0.14599485435141157,0.5260321672895522,-0.13058073368874387,0.04884594147088139,-0.11881505269210439,0.1250602537337442,-0.4021420624555693,-0.13425873700304772,-0.02547550804155249,0.057281257340760026,0.1351173571278285,2025-09-02 21:27:20,B,1756848440,10s
4.278995863618736,-3.2893837637526793,4.067541238716901,-1.8528262099240402,-0.2992258991295486,-0.014165759609131391,0.3221328035179802,1.3696201348766508,-0.17834410686728586,-1.0593876506858064,-0.4209539890503115,0.48074818091967536,-0.8125206084307486,0.02485374260530022,-0.21775552350889926,-0.5606716014412301,0.45678297325871026,-0.3576744725512453,0.5019659040113114,-0.27696902439913673,-0.2682144761978615,-0.011349496141184589,0.280873113081789,-0.30542187313727526,0.02539576858520788,-0.07803394537510015,0.10590450535571971,-0.37574778569159223,-0.045449937018184866,-0.14782071257286897,-0.12089330108361565,0.22516591447004924,2025-09-02 21:27:30,B,1756848450,10s
3.7183979437254795,-3.2699933430108175,4.026982166958429,-1.9737711533250146,-0.11548122685020763,0.32927234910906145,0.13291158246016982,0.8764710295368512,1.0113124647618825,-0.12896324532709957,-0.050420654117102955,0.7320536898345611,-0.09699285395424417,-0.3087412741914014,-0.46266621797706947,-0.22313350170288443,-0.2760834913443775,-0.5703991229011061,-0.6032549165117695,0.017262112453098433,-0.08430943148190036,0.2863129200956423,0.44165246011851794,-0.30328801545317485,0.03554495675988271,-0.23279409604109458,-0.00336257934085886,-0.3756852874412573,0.022822868717829455,-0.06318121298239086,0.12194471043185326,0.1866502941230174,2025-09-02 21:27:40,B,1756848460,10s
3.587985161144326,-3.146316744799599,3.729403274309267,-1.9368157161897441,-0.19169452858336303,0.11820573576468618,0.4602221206587957,1.102253256341303,-0.062137643162594625,-0.7431603766764907,-0.3490507872515511,0.8111892762067008,-0.9801839007441944,0.12156463885519275,-0.28704212727359474,-0.502637291473832,0.49880477974810705,-0.40170037179262325,0.5475186451310238,-0.12425723913000948,-0.21696997129656131,0.2566867587967353,0.3835588394766193,-0.11942898591938553,-0.05586033686730144,0.00463652340892488,0.05779195061706519,-0.2506769763983309,-0.09848696929671788,-0.14221402988866402,-0.1405110762379947,0.08737070067243304,2025-09-02 21:27:50,B,1756848470,10s
3.1957521228484485,-3.1383770018430375,4.263559779811512,-1.848295969776335,-0.11194844022597189,0.17800257632957345,0.2953778411851511,0.9908334358858782,-0.27035276478291337,-1.386593058311436,-0.46391584135354536,0.33338954309988766,-0.5868229194494983,0.19239398180867454,0.2324486766435095,-0.6006084504063374,0.3221204962545526,-0.49580410280430487,0.5214060212771583,-0.02801824863137077,-0.224665114612871,0.2615805581493496,0.20077868465645826,-0.20344398104914582,-0.06134725245203611,-0.04984943414130704,0.05688982815451011,-0.23860426375798205,-0.09696165071134988,-0.18409159204057504,-0.10695847532169893,0.11198778741739458,2025-09-02 21:28:00,B,1756848480,10s
2.941044761817663,-3.044915180632152,3.6493567710585406,-1.7690759094524848,-0.4090475561289937,0.08554945093774757,0.40816976291868884,0.9920866022752237,-0.1017442744465859,-1.0741355183992218,-0.39066349836329595,0.5479201053334282,-0.72651600601442,0.1393813174928999,-0.04804878587046367,-0.5720203168374239,0.5639298158060938,-0.16730212303684114,0.4526921130197378,-0.17950683722246474,-0.3275037913652797,0.3173509303987705,0.3841537844415194,-0.0893768330635649,0.01606774442003023,0.14155367533141175,0.034623014067607726,-0.09410939771022862,0.03821594759668841,0.011911220127391329,-0.016532488977726283,0.056840378906524804,2025-09-02 21:28:10,B,1756848490,10s
2.3545475668298086,-2.9934564977666946,4.309960582740729,-1.8481982529737342,-0.24864053343071568,0.43682592233679446,0.19486313566571437,0.32457936098656937,0.8012612282834664,-0.7240186188658468,-0.15175906013886192,0.4251164590459642,0.37270881863727906,-0.2156623779478258,0.054065112612086505,-0.28925767976295275,-0.291736657700109,-0.3106910949987802,-0.6329113725447977,0.013583589381900416,-0.19745155829779573,0.3060671556331223,0.34332669334918214,0.03256717142119439,0.14345096779060856,-0.127846517853574,-0.045632534489826446,-0.0526494526942093,-0.005615562150708504,-0.0052857268037977325,0.060050189594034555,-0.05562154198818056,2025-09-02 21:28:20,B,1756848500,10s
1.8866149094063058,-2.7973080473583556,3.680191065225288,-1.3809570263116013,-0.5399016722478337,0.15410635652470675,0.2124246912031917,0.459829771486453,-0.14317479447501014,-1.1094442892512186,-0.3991169286967283,0.7186912090293905,-0.7494084706759784,0.15608061929082065,-0.07815071776034369,-0.48644307215294336,0.791869040787611,-0.12706003166997376,0.4209984149847561,0.08551863162097958,-0.43216084142765093,0.16366907824141014,0.3905473468349624,0.089846319049217,-0.0685737620401215,-0.26333600974424176,-0.11789583612522195,0.06501523768232366,-0.08745394202521821,0.03895626514577934,0.08008770884132964,-0.1335145566049705,2025-09-02 21:28:30,B,1756848510,10s
1.9870629333132255,-2.903088434727882,4.091237220568834,-1.0785489505477817,-1.2647036913534095,0.14925775282762924,0.29269900870879656,0.06525864330944639,0.7592674609918041,-0.9204931862429153,-0.19791683288575396,0.2948079954449025,0.41610152140850754,-0.38472456812207945,-0.10369754747808904,-0.24586510627392952,-0.023628608416547184,0.2302346071192526,-0.5632289537205851,0.1800090956875362,-0.19555788648268876,-0.12599000059023707,0.49390769148912506,0.32425996754370495,0.06832585092628776,-0.21157808598913333,-0.11269616651363376,0.1613031217224755,-0.1169972998424468,0.030142960431650226,-0.09843704115771304,-0.22523151491178947,2025-09-02 21:28:40,B,1756848520,10s
1.9007867558089548,-2.670823448713418,4.391573308021262,-1.0091234019351514,-0.9548427896924503,0.3357323385508339,-0.03414196505430131,0.03438358793061132,0.7839021252791739,-0.6697760504729476,-0.14898146750815006,0.5178921536567482,0.2249457532867442,-0.16764151322231027,-0.05108267539457194,-0.34823880225892045,-0.28711875482320887,-0.09152434396999126,-0.39204892971740357,0.38800577315756835,0.2090960697512119,-0.19627008510156202,0.09663524478128241,0.22938398115503403,-0.013044857028209527,-0.31594906193482164,-0.13758539110225054,0.0828667551556976,-0.2296901931288254,-0.2769416065932527,-0.425297466847745,-0.18242837285338323,2025-09-02 21:28:50,B,1756848530,10s
1.5429856575853536,-2.5975288782988413,4.145805623845654,-1.2017511929892937,-0.9653214826147558,0.39815610651551403,0.4037776780130955,-0.19314002131455696,0.6700388181959627,-0.8677501830434139,-0.1844240838933544,0.45525923481110764,0.5148569830035439,-0.30979375778490276,-0.014723089781388275,-0.22845857176678527,-0.18953250683162304,0.09476319713862871,-0.47989436955640613,0.026035660847149027,-0.10822642708182771,0.18693081713924445,0.35388895717679997,0.5670569339925037,0.01663384588461631,-0.04299231108897964,-0.25909665148298583,0.14623519464149198,-0.04736028638791637,-0.025353875868096513,-0.19678944764409015,-0.1840879399559769,2025-09-02 21:29:00,B,1756848540,10s
1.2516607747885675,-2.4710578826089775,4.261944829185898,-1.2004482003331505,-0.748730861812864,0.47904865140511416,0.35252717749550705,-0.31641800336192866,0.6742670604137628,-0.8167057381561139,-0.1692088652920409,0.4842505838263473,0.5020331463379357,-0.16530120524633957,0.09468563745815575,-0.23083826018815862,-0.28804281122226266,0.08676976544258934,-0.45116032486575675,-0.1137787278558644,-0.037835789843470025,0.2549624668507499,0.2684843442527984,0.6056949644977732,0.07239101929592709,0.03181155661928877,-0.15349941817865162,0.08406389896041379,-0.05354905099448745,-0.014513216657530581,-0.16375418414390125,-0.12514176902762214,2025-09-02 21:29:10,B,1756848550,10s
0.5363271906015062,-2.2511596043222335,4.239134831146733,-1.4862326134933432,-0.23897742392523486,0.6406640205875008,0.04765537643774069,-0.41788502686071555,0.6190908820235655,-0.8044927968452283,-0.16866877066525035,0.6821292950924225,0.6639176885262937,-0.20825054100863952,0.10006559276295311,-0.19145252095882417,-0.14700797859503573,-0.21405688069032286,-0.637183435953041,-0.23228918412364996,-0.1577745127767062,0.3762096450731425,0.24348193092157655,0.4305343254792999,0.13830305043165048,-0.10218984630628,-0.24036798722378544,0.15140717916830765,0.021360096432245408,0.016889324847139606,0.004938825136899327,-0.21781599056105022,2025-09-02 21:29:20,B,1756848560,10s
0.9053501133337337,-2.246132344295493,4.501945237690356,-1.1729440320788196,-0.6314060127157901,0.5353535160564759,-0.20288267710522653,-0.31910728119830517,0.5955306531993056,-0.755453149318485,-0.1652102094408033,0.7452414543950595,0.5588040661425031,-0.13470283360789764,-0.024267301624124177,-0.2247238399431945,-0.186202797523457,-0.07792287089132055,-0.5348395197782485,0.04331976871708948,-0.04613519330114386,-0.02040706847184515,-0.0854011029837538,0.1383944803826795,0.21314958412203122,-0.25784166897693755,-0.16422885012436755,0.07156782080729837,0.0020870624256624734,-0.09252002755406429,-0.21076394431643847,-0.13450705661320184,2025-09-02 21:29:30,B,1756848570,10s
0.7269984237217545,-2.1554348281930005,4.18306736631484,-1.2721049264975302,-0.40709288866747195,0.6754096538152253,-0.29563944367292444,-0.33062831202242177,0.7282059956259466,-0.21574316203922697,-0.06634726427078477,1.2718001649171347,0.2955697136370884,-0.07504363622948855,-0.38716072984708144,-0.0264014277891351,0.05786022989651199,0.01124229961966602,-0.5708918417734667,-0.09876058317061259,0.0828735407987674,-0.04514147563816647,0.3170460392146732,-0.1595245116078648,0.29276127985050476,-0.273908720465561,-0.2364236803703208,-0.04360672554845262,0.23796985472570495,0.046098029029014026,-0.15420857709605046,-0.11663694345793518,2025-09-02 21:29:40,B,1756848580,10s
0.6914802419740099,-2.423157484714376,4.5717349607001,-1.170907215780459,-0.45141863907984225,0.670095040801694,-0.08675761086083043,-0.5314003667208727,0.549968088504042,-0.7215545649706272,-0.15995138738825465,0.8451132473682336,0.5536836334789507,0.04766089534450136,0.10011778149915418,0.03859143850679174,-0.21136435912220772,0.03744180305784466,-0.4831368990828354,0.05679933469507317,-0.057494228257012676,0.23750683881280252,0.2151948205739322,0.05237281675400885,0.1998122761387126,-0.10464669928407198,-0.13687499315251844,-0.02629818504165205,0.1247805790742538,0.06694217438473342,-0.12701521537428653,-0.10999273614677577,2025-09-02 21:29:50,B,1756848590,10s
0.6834577448809226,-2.3401152430837002,4.291020118137247,-1.0321976078443238,-0.470457202617865,0.3966043496135564,-0.06977926834061944,-0.19889959170257798,-0.43494738636436064,-1.326549342707095,-0.4391855636730967,0.8652587555307907,-0.4438974407859542,0.5769844185692633,0.3152402880693169,-0.29277009906478424,0.5324519889838336,0.04270036569610726,0.6282614367958071,0.16020822039965654,-0.1781114346236769,0.21716432977464753,-0.09947666564102221,0.01628278912837143,0.13795163018374162,0.059197086960578876,-0.017476428182997935,0.039304855373953805,0.05715228070508242,0.043718141139331146,-0.1254833237147379,-0.041484010168649506,2025-09-02 21:30:00,B,1756848600,10s
0.44212727733124063,-2.322907499434266,4.540481222136866,-1.2499427430634102,-0.4651312856663775,0.6519418791346459,-0.1922610692008239,-0.5743026934893908,0.5144160881395295,-0.6679380303856148,-0.1592594206514512,0.9855944194262173,0.6134582730826615,0.01312024836656619,0.0016624869681329429,0.14004416311358833,-0.10099578264896289,0.06691916180852735,-0.47711591907213696,-0.056960430169716615,-0.011642078874614926,0.1279812030910464,0.3182108133871636,0.10565159020447021,0.35173222143772864,0.02240320887247211,-0.14676749627440913,-0.019838136913196518,0.1455670958493517,0.08611048607797174,-0.3008513772327655,-0.1969688487571444,2025-09-02 21:30:10,B,1756848610,10s
0.246839361907654,-2.407937702851325,4.600186741092385,-1.0321060532844901,-0.4267021623398514,0.6700795538665452,-0.1913472191667954,-0.7182883768383493,0.579132164910207,-0.7413656828895335,-0.149504007533699,0.8463771438202807,0.5205700450925933,0.22755203417756603,0.2680113695771792,0.11441884371808325,-0.2753619781682415,0.003992056940739212,-0.4268803353415374,0.270145549310251,0.02987648435843181,0.36558532839755464,0.08050521006042818,0.13471163737559883,0.18465507010724558,0.08662130796080311,-0.13710963731233494,0.08781423818418349,0.07201570825889685,0.10418095821764843,-0.030290072835770617,-0.13956002965582193,2025-09-02 21:30:20,B,1756848620,10s
-0.2772548579339606,-1.910786626881379,4.380956492651672,-1.2967739557083013,0.2241593192416991,0.6613632421155264,-0.03893944573314662,-0.5405834075257859,-0.5373527015788601,-1.4573201391748631,-0.47072909203884905,0.9523147497045554,-0.1820594814898048,0.5848334862789296,0.47605793807658653,-0.17913482713272472,0.6119945701388169,-0.20461618315719055,0.49615408234336345,-0.10752354967470744,-0.11046953912807841,0.3369522914873593,0.07441023178639279,-0.08583867709381054,0.21422422625071752,0.08072061109299392,-0.13181623594123257,0.08865646724738044,0.018524064531167648,0.002101883687494522,-0.1189668236134227,-0.2295672158824633,2025-09-02 21:30:30,B,1756848630,10s
-0.25301532658438325,-1.8336858294491307,3.9472394278648655,-0.8874201752576066,-0.3540488053384831,0.46236141263123076,0.0020885082009846805,-0.4861524249251756,-0.4842478216510582,-1.3360741122899147,-0.4546063891611727,1.0226401368366353,-0.2754174306689172,0.4147070675666853,0.22417516279087593,-0.07921751467098419,0.7804193341330391,-0.09514212890678492,0.637194685883989,-0.058184594887379974,0.2648733400579334,0.12923975546531088,0.3126645891072795,0.06819735429064748,0.20824837948529792,0.20199096345450598,-0.13899817679905432,0.002797605355249828,0.10710606895799207,0.10799828720454503,-0.19758438077271295,-0.17300539539402557,2025-09-02 21:30:40,B,1756848640,10s
-0.5180028737676072,-2.073600242860252,3.734821885677157,-0.2079117894862454,-1.07668574305382,0.37604339527843533,-0.19964499882639256,-0.901855711421942,0.7973048676358238,-0.5653500387335283,-0.10342138897676377,1.0010079309629571,0.27955878391969863,-0.06056502037716337,-0.23870937127889363,0.283974259528607,0.2299309300842724,-0.07680114306639017,-0.5106080531518389,0.5825080440884122,0.10091610368427469,0.13731224577560716,0.28001668224455856,0.1762816170326421,0.13958281409532786,-0.05464753021134956,-0.2191423049217493,0.25683074816453944,-0.023774929545927997,0.15924763229190023,0.12381430090757684,-0.271933152928547,2025-09-02 21:30:50,B,1756848650,10s
-0.4009629371593337,-1.7296329063643772,4.304567013261012,-0.5768328211966959,-0.9014636286296447,0.5670391481676352,-0.4478398983796655,-0.9976401285173557,0.537961938347722,-0.5213893887137016,-0.1251017498713577,1.2292619365548036,0.5293920733043389,0.037595392555615594,-0.2287035493150535,0.16168409061013772,0.07428177128097871,0.2176059717826387,-0.4616731455040379,0.18394800325917818,0.07888295225572607,-0.20835251377962075,-0.16370516621370237,0.15610300487433346,0.2884804961554646,-0.0899540163958342,-0.10656187451924017,0.1203215627106756,-0.132233276050289,-0.06010050699490452,-0.31153970696950795,-0.2218116156846846,2025-09-02 21:31:00,B,1756848660,10s
-0.5513382420695714,-1.9350749630634325,4.304926316780208,-0.29451628323657675,-0.9808752929011064,0.6552054179620096,-0.23046858386169655,-1.0969673230450934,0.47306915988912246,-0.7033930524542236,-0.1505866763145348,1.0350078211794387,0.6610538460031258,0.14685415360505708,-0.019390032127140383,0.23053428262481515,0.020634933669829856,0.5105208843590563,-0.48529651939519547,0.06511333310588226,-0.033096390512225835,0.019975538870444495,0.0784332526679872,0.04470696280895311,0.09478215237747459,0.03210826922580423,-0.24359604206094776,0.09920976574683052,0.03290684780183899,0.018756344358181885,-0.27282886202804163,-0.18233251421797494,2025-09-02 21:31:10,B,1756848670,10s
-0.7657453320993072,-1.6669469285506788,4.083984590545861,-0.5086803758923096,-0.5452826324830681,0.7134068077954926,-0.6164600491160644,-1.0908345469798577,0.7440095987961799,0.11291925065293505,0.020912993880500833,1.7218751649155235,0.1180371257024171,0.306928179302269,-0.46398263843326415,0.28269320811759985,0.018497177988344393,0.028980415642738833,-0.4541111686295479,0.21165276291841162,-0.07339705660055364,0.22288492396338852,-0.3425443882036317,0.13825348861447867,0.19715131618166498,-0.024187792715863677,-0.13748777270057744,0.06147722938881668,-0.08123029573572357,-0.056240433771224944,-0.2154433607216127,-0.1309813486310396,2025-09-02 21:31:20,B,1756848680,10s
-0.9288889958037195,-1.6761486670038492,4.590848613267263,-0.6396150677640361,-0.3579908438770349,0.8679397996869327,-0.3106942443114852,-1.3361075395147737,0.3821862345385922,-0.6992176924385947,-0.15500811243003057,1.1716541818357045,0.7624993167657949,0.30799852600320876,0.21471698575302847,0.30358595907060987,-0.15986337822875998,0.24386701805241245,-0.4290819513124454,0.12228203750032272,0.13420049380144652,0.2313121878270623,-0.13379152566085808,0.05154375423918194,0.13131455427719657,0.12243955573754475,-0.1525369120864602,0.10235314955654953,-0.09258014157965593,-0.05988734924295363,-0.21060186476354453,-0.1827706303242451,2025-09-02 21:31:30,B,1756848690,10s
-1.0923297292034897,-1.4600660733646653,4.719265072264384,-0.30712118593038784,-0.30417494187141497,0.8525637353193677,-0.3457871602903941,-1.5002305874024482,0.4623838914212281,-0.7443167989806432,-0.13839329167429315,1.091750078601797,0.5628812892936573,0.38963278401012386,0.2916829912768543,0.3700602904158361,-0.3383099387313575,-0.3003586043095695,-0.32941772710500333,0.6315933920817197,0.17208270093135902,0.45165969486141694,-0.6444273908955267,0.13903419044358742,0.10189831024228363,0.06631418686343332,-0.10758500365007055,0.06120162917923509,-0.18552929396216905,-0.09605426894747363,-0.11837189887094324,-0.09230154070170346,2025-09-02 21:31:40,B,1756848700,10s
-1.1279243689258929,-1.668583562561193,4.5323079124495615,-0.24082794481548628,-0.6715695459718047,0.7211129411618262,-0.20718199744133228,-1.439260396840134,0.4654725487188018,-0.5892130057019367,-0.12084669353631161,1.192818637373944,0.6243556544447378,0.38406126300790916,0.07919614470080198,0.33991889143554554,-0.10133784467935587,0.4677777797503744,-0.3759674074128477,0.05733604381134396,0.06543814404616807,0.14775214110610985,-0.1389443523485439,0.23697453075929517,0.22031367257037804,0.2476308000891803,-0.14264359931716,0.10174112489010133,-0.019055888366713424,0.08829782134223833,-0.14517046595081082,-0.1231660755318948,2025-09-02 21:31:50,B,1756848710,10s
-1.3189781422205629,-1.433768972139927,4.836763534088361,-0.4241599656729442,-0.18689305366261397,0.9124180230857522,-0.5958507242344153,-1.4258016495725592,0.3969331131761388,-0.5533999332266906,-0.12083045026263309,1.3907372748457911,0.6974704337519296,0.4794447092866681,0.1384332058172559,0.3173759424318389,-0.1018827963228392,0.2204117507949359,-0.43634398512052364,0.194321605267893,0.2995516116595282,-0.06082161605292864,-0.36944907189741594,-0.34157119360152655,0.3428108947006941,-0.005890698848792849,-0.11377848982895251,0.021111003040654313,0.03987157716620286,0.007764406796795611,-0.06414775140064181,-0.0845341385580721,2025-09-02 21:32:00,B,1756848720,10s
-1.4280713017967683,-1.706457679275666,4.4744711002179205,0.20803121980458916,-0.6375710637595069,0.6877851294163306,-0.4475634937408302,-1.4918926354567852,0.6496488631014756,-0.2687471532262118,-0.03933762750606296,1.3573280406814647,0.2878798603088086,0.6538503797668346,0.035208905516221495,0.41140687359507316,-0.10818620002693728,0.48581577116383057,-0.3311240999059666,0.37780827703834924,0.18472484137470546,0.20589581959385134,-0.158083867345724,-0.052187092149439736,0.09119136182687332,0.15675459449550933,-0.15079341775889996,0.07647325240858249,0.00700742236773316,0.06350987899614265,-0.10218921062977546,-0.10046900779277122,2025-09-02 21:32:10,B,1756848730,10s
-1.6604159655946371,-1.6259285188668529,4.3545561328348565,0.415535453775396,-0.824010481655658,0.5383989897734542,-0.24581798227300028,-1.6333057944318137,0.7168818297553411,-0.31485716498323557,-0.05003116935992513,1.227554248654504,0.3154908831520063,0.7340431197698867,0.1271277479149345,0.3584994361843218,0.060324591836300366,1.0918050801416215,-0.35218472517646066,0.21228649245506498,0.4232872394582373,-0.21828904852828218,0.16219987724376642,-0.1357144455422664,0.1760867002249349,0.19618589705989162,0.08032368912726896,0.1260918406091909,-0.020787344682565812,0.20547850154597735,0.04692791374353647,-0.12275603646457886,2025-09-02 21:32:20,B,1756848740,10s
-2.129981067845235,-1.5872589242500907,4.776897410795898,1.49456400328989,-0.9215013369808934,0.3364695072070372,-0.36822122956688247,-1.782198697395466,0.9688213516855144,-0.3146150949839778,0.015663027700965965,0.7767184494684716,-0.08822958894247511,1.2324166730997639,0.5068808502190645,0.10586065925112073,-0.4185469542102164,1.0449930784939951,-0.19524735964192946,0.5016686503440666,0.3560181741549525,0.052015011448023424,-0.4924108164913617,0.05774303419352684,-0.07970487804400055,0.16110212727456666,0.17071285545699377,0.13004737727443377,-0.16524577631473383,0.08388935830345458,0.06718125688615748,0.025292657121483188,2025-09-02 21:32:30,B,1756848750,10s
-3.194792810224967,-1.1856463025746393,4.3097483458206955,2.7769361574522002,-0.8281423615559279,-0.18105346838601907,0.008750990384801385,-1.690947353003251,1.0633605825903807,-0.1275551692292861,0.04145942268613946,0.5272142983985495,-1.2747599833275949,1.743024659194655,0.4182097433480275,-0.30678888934081167,-0.09068476569211886,1.1082210857392496,0.32228566649024587,0.019760039843881732,0.21117231174081924,0.23525071655202082,-0.34261285583874923,0.38305562472936944,-0.34562335551238166,0.24047135328201166,0.21472891725100923,0.27888032254727624,-0.25097288223780373,0.0026883841430260414,0.11074114982479612,-0.02527294057886254,2025-09-02 21:32:40,B,1756848760,10s
-4.446233446844065,-0.4517854618205798,4.452987816225386,5.354377144882576,-0.9986811940833403,-1.1477502838745448,0.28751429450684957,-1.5118254302753884,2.0669260280553083,0.43225939778358824,0.2751423681530032,-0.23155626333851645,-2.5244538531513965,2.1388867881412463,-0.09923214530044185,-0.8723057002215066,-0.23975859618014095,0.9204876001280845,0.28042593559711965,-0.7977913478378448,0.09919365570618555,-0.03695086688822417,-0.24510575014819178,0.41439312005501017,-0.1981217066264922,0.07837244977814964,0.2805454409941587,0.062134721510944985,-0.08559682135900509,-0.14291298742035666,-0.11489742383185884,-0.012252118656865972,2025-09-02 21:32:50,B,1756848770,10s
-5.733988073893727,0.6722500551589821,5.665853167539152,7.927642506041715,-0.891533567373829,-2.051532316460746,0.8246039575044215,-0.9554884018531606,2.8811169301080195,-0.044438933160604925,0.3415218207838637,-1.4437974316609457,-1.9568948333058342,1.105120531074706,-0.6214886043065583,-1.0701345870662298,-0.597901231513032,-0.3236949116119176,-0.16292378899263055,-1.2221308314198527,0.2778016717231777,-0.4715521875637146,-0.16682661641369012,0.8569374412227796,0.4084099581738395,-0.03236573054943733,-0.1951748393878891,-0.21613872434034107,0.2845113720474086,-0.09446107597164517,-0.45169509121054346,0.08953461175916784,2025-09-02 21:33:00,B,1756848780,10s
-9.836284699800773,3.9878583858773466,9.764587110686271,7.566938796924729,11.469213171743482,-0.9793153379999945,2.1186555300392285,5.6865725970733285,-0.09980487175561194,-0.5628377869452151,-0.1304654612240818,1.9099921457416305,1.7591877501195656,-1.4854349875169117,-0.026054417212013754,-0.4662166152254918,0.7500658907999154,0.8742311535686966,-0.4465037821382599,0.19916427057559977,0.1347496832209251,-0.055243177662301905,-0.36096615259479614,0.1296053757698524,0.1318792669028331,-0.7105683299706913,-0.742346054978522,1.1154445178328045,-0.7501772095975264,1.3024670004893024,-0.7226974467490646,1.0413892114080145,2025-09-02 21:33:10,B,1756848790,10s
21.405936743932983,28.429082484753845,5.278838053767567,1.7303181073819909,-4.393314333344917,-0.8487187063965717,21.13023483571001,-4.890211166791153,-2.3106678617526413,1.344167712950584,0.08044729535204109,6.489884518577814,0.5713052866255978,1.7056449490910452,2.5492462410733094,0.7966455768303766,-0.2790615737089095,-4.791409222216119,-1.4871333794802652,0.5782578398169526,-1.2445190145485807,-1.5351425351951726,-1.2461733678527638,-0.5669890334411657,-2.633119767102734,-0.5457479635041436,1.849775503857082,0.1793539684465515,2.1427366473264393,1.1130806315795916,-0.642409992945288,-0.35828809876542017,2025-09-02 21:33:20,B,1756848800,10s
15.227037862530654,-5.744124384612427,-0.9207199389949506,10.424772414542476,-3.2032511199709357,4.909471103810134,-0.05354590398459236,1.9340986187411433,-0.7129294535709894,-1.119010593423809,-0.1907539348583748,1.1872907789506606,0.8914153554046477,-0.9410675913874923,-2.029881326022247,0.37517194603009096,-0.6265381799221235,-0.24115497553069387,-0.29775133897024525,-1.0991210284557467,0.3666640147544712,0.13428535409454473,0.5281840219012875,0.09090243082401901,-0.9753049567145419,0.35978910839039646,0.047006786744603186,0.6960270539652317,0.14211879965460128,-0.08514827046727841,0.4271050601238827,-0.035903063340673946,2025-09-02 21:33:30,B,1756848810,10s
15.151917609417016,-6.591529027570653,0.8302631018957587,4.786692798473394,0.4945915539211429,-5.291900192166376,-1.060348106746591,-2.452155781164132,-1.1774952596316886,-0.5864836936932835,-0.7938227538926862,1.612672212332504,1.2403302273369325,-1.141617623567192,-2.8836868873863732,-0.36278806741999614,-0.8235724537238597,0.44979127279745407,-0.21761671463264856,-0.2370226327563617,0.11729495889985758,-0.3571373449794939,0.7044868747780386,-0.4873175242446524,-0.3523670195818997,0.13411904492569665,0.685217053742052,0.21278064124834617,-0.2979092600987113,-0.3115453600028666,-0.2441236140259088,-0.030930695671496634,2025-09-02 21:33:40,B,1756848820,10s
11.294233108737181,-5.239300081767812,2.549073723913488,1.1332879554855242,0.03585710491227034,-2.3437920721325076,0.01595823510337854,0.4460551343238039,0.5486582345666002,-0.5700237119870364,-0.41660364218236307,0.6092773738587532,0.10359024865480021,-0.254543547770088,-1.5901317194533684,1.742101490857434,0.056174168110833776,-0.04072271239819614,-0.7689209703067057,-0.8247540657598024,0.3196423451149468,-0.507601178018609,0.22251351501846378,-0.6026460701457008,-0.5295620608841711,0.35355423642936157,0.06541121016865376,-0.12662444463816716,-0.34645135956887235,-0.37686713409963496,-0.29202910356683043,-0.06280429729808104,2025-09-02 21:33:50,B,1756848830,10s
9.35574466465789,-5.08777131253938,3.2006692372726038,-0.4445896413435345,0.3325421082795549,-1.5165883954529982,-0.1036537184740817,1.2679418703909575,1.226077360636222,-0.5101268904814108,-0.2634809362375908,0.32035357507959716,-0.34845644257066843,0.27819943392218854,-0.8479747603130453,2.448725751904339,0.3826877842700279,-0.5760051218126684,-1.0260754954150801,-0.8565005670064099,0.325927992291604,-0.4944026785391721,-0.20378488893710633,-0.2471742217740338,-0.5785399499877467,0.322490828399817,-0.3632694989506142,-0.378981495122555,-0.3427475105418292,-0.1716857571447835,-0.11315432745391678,-0.046556891768679366,2025-09-02 21:34:00,B,1756848840,10s
6.982241275968139,-4.229106350093206,3.4569333940255325,-1.4292764012548118,0.15932223902000536,-0.8584250733203408,0.5003274316007319,1.6055409345463985,0.07503044656297791,-1.3965166825084485,-0.4958072366151092,0.37398160473579495,-0.7812880311538968,0.662358452530686,-0.701818693263665,0.7420374180900573,0.659602673863932,-0.6290376829484619,0.34194019761944444,-0.31006302127616286,-0.23243938141883821,0.21169580394168466,0.2741354186034636,-0.5334422280994695,-0.25730425286046665,0.3218736290039392,0.1427712487792756,-0.5291472021044278,-0.23129360309115518,-0.04529284144410886,0.1397116893795966,0.23891522069876384,2025-09-02 21:34:10,B,1756848850,10s
5.442554591671577,-4.099371391591999,4.345136577736436,-1.9144173369129078,0.179223682983811,-0.10060127200127933,0.26282648952722576,1.0743433172973504,0.9697591006052511,-1.1270548037931871,-0.23052133826365503,0.21156561057890724,0.5017482067488754,0.43887592760849886,-0.4113449198694733,0.465279868297939,-0.3105879945533669,-0.5283698575245696,-0.6734902332943017,0.06455186967816531,-0.007031257014953991,0.10375884748623428,0.5491884787733828,-0.6438663989004748,-0.019917234815034466,-0.020715737001431807,0.21379001228801728,-0.5108730583735236,-0.17367843980461736,-0.06282090918179599,0.1748308896605426,0.18671721961972437,2025-09-02 21:34:20,B,1756848860,10s
4.925164552336928,-3.7650923441338366,4.5995653851228555,-1.9645668726034913,0.09132552427524021,-0.03756233997579603,0.2875323984293567,1.101620880063798,1.0168867889320055,-1.0988761728690113,-0.19563379103865355,0.21391506847113317,0.4835707467337291,0.5032447077710719,-0.46583729272907887,0.12155546061120022,-0.45229165065855104,-0.5894043478766003,-0.5847372694698075,0.1537316739590962,0.06632538769361111,0.10503586187141062,0.39872819139800997,-0.7208935197621441,0.08900134168935604,-0.14959923408953682,0.232815517371519,-0.5173382527335327,-0.026833123720648017,-0.025815154392936787,0.30240350427086093,0.32000554779370316,2025-09-02 21:34:30,B,1756848870,10s
4.511354610047704,-3.5103551349444135,4.037735892441458,-2.0393276278693966,-0.10848582991421489,0.06950360232671036,0.34169850874059926,1.2616820246487777,1.2228245985234387,-0.46636882013605957,-0.06036785701170358,0.7470934885039927,0.20729809567289767,0.3721338099636301,-1.1020252274295643,0.09388519753064617,-0.17710248779070412,-0.5251674817377318,-0.6106822881489946,-0.11863610581597434,-0.03658633828958834,0.12929700981671494,0.6993872097364787,-0.6049573865053286,0.19744979462852483,-0.13376005985997522,0.13962486090793935,-0.5224965330361178,0.0787530357485461,0.04767101086921909,0.23630904335774824,0.2652877663083261,2025-09-02 21:34:40,B,1756848880,10s
3.7700274880536253,-3.4546252963633677,4.252304128812614,-2.181795432678276,0.3201717640931239,0.3603811164758048,0.21457804515503107,0.8837617603649643,1.2486439890938428,-0.4686775903285118,-0.03241694479723809,0.7023427413676848,0.18148513579776993,0.7753921731273605,-0.610074072840774,-0.10476849983599078,-0.472309988984899,-0.5113012274306322,-0.5833161067688427,0.13853377582946527,-0.11833868922911135,0.4992492176769895,0.37840117487399366,-0.37868743381408554,-0.017230109646672695,-0.15936816073824805,0.10821033220897563,-0.2868064382248889,-0.10092382776912558,-0.11935072561947312,0.15661278333868608,0.1263936109658408,2025-09-02 21:34:50,B,1756848890,10s
3.462226967849663,-3.014360381233685,4.051651889314138,-2.174553661183142,0.09661089841521879,0.1329896194474339,0.8777332923577709,1.0196174387130488,-0.13663455239789518,-1.7093015134299028,-0.4755359109591911,0.4271350185745083,-0.10085698765360714,0.7936737788705225,-0.41230629261609125,-0.33442276521663955,0.5169045867637635,-0.24293265386031154,0.4591160558808388,-0.4866885987331614,-0.25842287933610497,0.22724485166209119,0.677188371017993,-0.25142933886054397,0.1701304738715349,0.07887287186094004,0.10503391148642142,-0.33545108993121775,0.012448621994879762,-0.0032184202219805416,0.06127174457844151,0.1470636358928527,2025-09-02 21:35:00,B,1756848900,10s
3.018054101317104,-3.217745502761363,4.593936566293518,-1.9356843443094849,0.02609060951793859,0.3864384572823158,0.2438069442059319,0.6510835251704516,0.9371299142155355,-1.0767660712484342,-0.155084704313437,0.37886117870752506,0.6821284397879624,0.6044971720727375,-0.32844006065675396,-0.17270930694636968,-0.5068325105458823,-0.6560424247780176,-0.5014424178316588,0.16471766788055592,0.055453330863665835,0.34127985314749887,0.2582612092118323,-0.12915241090245272,0.13382940233241303,-0.1046801642290467,-0.019243337194764305,-0.17748832624096333,0.031697315364960156,-0.055192384885611775,0.1407472533624815,0.10396422685558253,2025-09-02 21:35:10,B,1756848910,10s
2.84533625666685,-2.9538837232903594,4.0234807450526,-1.986570492576387,0.043405701632923566,0.13810731842563925,0.3289692928682526,1.0695312834616413,-0.019350401156351945,-1.2707242820260707,-0.37096194256496534,0.7675829710649869,-0.34272360212257097,1.0004869090834605,-0.5729846833248972,-0.4681112731317012,0.4999310188991997,-0.33105107207684537,0.5165349155475208,-0.4274058176643294,-0.18588060443585244,0.24576098155016154,0.4172847418119272,-0.15346897963961703,0.13822970917586164,0.058804628935064863,0.014149918594482289,-0.2134263829926728,0.177164901576142,0.054565494601204745,0.11943491222565461,0.1687198635049887,2025-09-02 21:35:20,B,1756848920,10s
2.574404581173135,-2.854963900038579,4.057634769421667,-1.4245843421395552,-0.1354762992500023,0.2135084301197787,0.32638815746251665,0.7156720042432205,0.043193727729220345,-1.358331434742988,-0.3758423104240578,0.6212534285262353,-0.544922808871677,1.2520862397996062,-0.18885973448891027,-0.44974457319553834,0.340167832890238,-0.3671415244618993,0.7546052930828537,0.3727408909851434,0.4264027525600825,0.1336759689192649,0.2419663359775936,-0.18567141410728588,-0.18894742589071004,-0.23982093639537905,0.17089181579767468,-0.1972898328030887,-0.030825949500102787,-0.005585148296009967,0.16362916526056578,0.17438768735570478,2025-09-02 21:35:30,B,1756848930,10s
2.2479657867099787,-2.611927768930353,3.9083268507379847,-2.0176567730916948,0.005812585698955012,0.34775820322967915,0.11179621622012012,0.6831690228474614,0.5406410147518719,-0.5983638068669282,-0.1511642672112073,1.1395674306516286,0.008423956626081159,0.8250921412332957,-0.8686442857474648,-0.2885907789563752,0.2202399471952773,-0.3669516685564738,-0.009020179931295225,-0.38879456036724286,-0.06696434923595945,0.20672269819545364,0.21972565806623107,0.0056559231375884365,0.3010450290544596,-0.07067098692312017,0.06615723606373271,-0.24829577667747688,0.2069235498852352,0.1185400276572669,0.13863916742995358,0.18055322400575713,2025-09-02 21:35:40,B,1756848940,10s
2.0112154275350074,-2.823343711781186,4.189824793052719,-1.6312158731169712,-0.27398724628169485,0.4612374591041793,0.3697901656914984,0.2396902761295159,0.9298804455035107,-0.7139223714966401,-0.09040263127353228,0.7794926819938117,0.6570439623288734,0.6101468519233406,-0.6944597458333484,-0.01603260111761506,-0.1493772091037977,-0.12230063420810607,-0.5294375376296023,-0.16337119221448548,-0.002433765848628363,0.2443178381480012,0.6374838720677295,-0.04393963872238966,0.1285481865748008,-0.18018170751918003,-0.12209994575438196,-0.19460170239182606,0.1985613163141666,0.19003028246344494,0.2718514292814155,0.07758937787988437,2025-09-02 21:35:50,B,1756848950,10s
1.6887763277909111,-2.686025398681833,3.1126262434003693,-1.150607176245271,-0.590238025488406,0.021702960649051677,0.14062013309680502,0.6344309397485014,0.29644296944691895,-0.635678665047998,-0.22410291730009851,1.2483670694268096,-0.8931654745610352,1.0538140757029717,-1.0683356290438732,-0.27995787781116654,0.9170068925412281,-0.2689422742529155,0.4864231498417388,0.20462789119177607,-0.35632145285007893,0.2685352539238617,0.314394851334048,0.05978086931435797,-0.031114861287615633,-0.10980571125907258,-0.06427689304126492,0.11764777177957697,-0.08408946143074422,0.05207853224475101,0.11888163974685181,-0.11911870661630332,2025-09-02 21:36:00,B,1756848960,10s
1.7604560752622442,-2.556328785541148,4.341077359680995,-1.282651952312085,-0.7382248583545121,0.2638464745389974,0.04128004263451894,0.17941599240758027,0.9151440817633089,-0.7559186411037917,-0.10077545063017597,0.7504718691273117,0.6065992100213167,0.5557678368670275,-0.8050702472389244,-0.1606564531789739,-0.17185006350807863,-0.29754289342110135,-0.43495298552547385,0.194907800523196,0.05650514964441634,-0.1436193291183267,0.04517746100618652,0.21256541075550855,0.29625270165870954,-0.16108599614456154,-0.1277249102602117,0.09353924920332786,-0.07708111632216978,-0.1271459781054131,-0.19854359420155537,-0.12326027985129831,2025-09-02 21:36:10,B,1756848970,10s
1.6176221701616915,-2.251772140590169,4.113978640596539,-1.5775958046625793,-0.34304720052078524,0.5535543821911928,0.5254105566723734,0.13691118506910843,0.2782138211565176,-0.9734445552813672,-0.24275942806776893,0.9873555027168551,0.3380554195365999,0.7940414143062074,-0.743559176953956,-0.209633648198623,0.310706916199624,0.0873588851889747,0.027589352452222694,-0.30212387252012785,0.0014935707697162405,-0.05988752825042678,0.3396553972008065,-0.06714727511210841,0.2309536917944613,-0.07227842814847353,-0.2947809411506074,0.023489397369226526,0.15774924213384012,-0.06832079095309584,-0.19397504998017082,-0.057655061728989064,2025-09-02 21:36:20,B,1756848980,10s
1.2788156386184384,-2.581988137451454,4.054292014641064,-1.2585282260529376,-0.3673537403009414,0.48376649963528656,-0.047937624771688676,0.06318706621924104,0.9985088415166143,-0.34496886957344863,-0.011231205725887244,1.0526924025290014,0.4639141002743736,0.7990617125174282,-0.8311736795221834,-0.02117984672824145,-0.1387831373908499,-0.17270490921143808,-0.45754533105214634,-0.027811557921849285,0.11478699260064297,0.21890903599957778,0.3915511026196591,0.06144536293697782,0.12518946141505793,-0.09994290421586836,-0.14970779037008178,-0.05642536216295954,0.1411755718379883,0.05621034303553375,0.016644988841794425,-0.026428942441655345,2025-09-02 21:36:30,B,1756848990,10s
0.7407090729249804,-2.271515164805985,4.633588297890287,-1.6237339999378535,0.20852608133023387,0.7124953018026211,-0.11308495571091254,-0.2909621931585349,0.7201333307460669,-0.6167773128204661,-0.08758303071642888,1.0439395839342984,0.8184267217331554,0.8434224284317527,-0.5476822442561282,0.051604003965464135,-0.23365633624594395,-0.3304902348139742,-0.46898979734238955,-0.2512472879431739,0.12341391616623272,0.21747793239771418,0.3247157892093458,0.06638301222739693,0.25687290769582005,-0.23111901431167334,-0.11965000651231243,-0.19352696109995568,0.09638233299713655,0.014404192518707351,-0.04902045703581502,-0.05452174272787179,2025-09-02 21:36:40,B,1756849000,10s
0.781577370619857,-2.1771065206771336,4.240426665510332,-1.4182811564738613,0.01156204320047611,0.49818293807811587,-0.0542187398699456,0.13717791507580598,-0.33310092898509014,-1.2049862003663352,-0.3739649484523768,1.1416451258773253,-0.0752704479428647,1.2363503748851952,-0.5379329490701311,-0.19735622637587952,0.7239829916716157,-0.09464016752384798,0.5504045807357295,-0.38769910730155116,-0.09851087192903932,0.0510498031149732,0.2677399083563405,-0.20368673495452427,0.202582869070158,-0.18162745653533546,-0.10745090249474192,-0.20108088135766017,0.24314421597971533,0.11654038057874265,0.017785531441190397,0.052951942033483704,2025-09-02 21:36:50,B,1756849010,10s
0.6916460195083932,-2.3977461429716187,4.526002842779614,-1.1473141748344604,-0.2628551309473067,0.6428577587060801,-0.02477540559454476,-0.43098636834073506,0.7021801975774471,-0.7231976848998385,-0.10898192122060972,0.9337890513727336,0.8001209119417236,0.8901751217789157,-0.520316880304198,0.22979517528815593,-0.09357122486038405,0.027288679267403273,-0.4325970246108178,0.068664312331355,0.20021131492896677,0.06046977335537754,0.5036131536206997,-0.15358594641790813,0.19479374322635562,-0.1858555817248238,-0.16030621874087844,-0.12505762242552595,0.137487930432383,0.10606453236794361,0.01600009713928127,-0.06300130239248068,2025-09-02 21:37:00,B,1756849020,10s
0.606558319886655,-2.185498653606747,4.334296741980047,-1.163385264702918,-0.18594432762026133,0.43806380097475506,-0.04204563925426113,-0.0971130564156168,-0.4455973121431185,-1.4908748534125456,-0.4320102570656723,0.9176104106372913,0.09011815873545914,1.3193148678196758,-0.3093048745983442,-0.094839464659968,0.743315501482449,0.13968696226635396,0.5375611209973763,-0.16354113918116026,-0.1171578247698439,-0.043130938369443296,0.18729426172047425,-0.398446518672735,0.25290657708580594,-0.11319747035330087,0.05163329960773387,-0.18928234355538637,0.19489856717944623,0.17341618887211124,0.10891578876620579,0.08631076647059471,2025-09-02 21:37:10,B,1756849030,10s
0.39479476755895027,-2.425819371265945,4.660869030955105,-1.2005027121496152,-0.0943809163037373,0.7159529684998142,-0.10699110048294783,-0.5214944748382736,0.6120687451159085,-0.8647439814421465,-0.1329105695342201,0.8035678539416806,0.9928183725487375,1.0438932001161612,-0.2519190733381877,0.18331028346062275,-0.19519119707108235,0.13630482176393566,-0.4753448102825381,0.003803093968836492,0.14254792141896452,0.16936324402123715,0.40876919405241596,-0.22863098188444944,0.15676297380445617,-0.10997625265783018,-0.11028618107829063,-0.06012991189106983,0.12538857621979463,0.08332195456552748,-0.0006521587812820702,-0.09874611489317525,2025-09-02 21:37:20,B,1756849040,10s
0.34049839255109543,-2.2968027135613975,4.641966324807448,-1.0663945171258968,-0.3927407594377283,0.5530066028230485,-0.03971872192000159,-0.5815465587549381,0.5562674716826425,-0.9372046857632679,-0.14989835679182217,0.7639327664423214,1.038761690503647,0.9157008229347019,-0.37128516962681984,0.26775536820066637,-0.16219364120706242,0.04114468025785315,-0.40032759304288423,-0.01824753716372109,0.12496772639784648,0.13341906371931528,0.2645291603003957,0.04827597603968216,0.34313775323830065,0.04529942046583217,-0.03599823607590481,-0.11885973129708213,0.17879058602895806,0.2169450983295191,0.0691500382427815,-0.00787274823100321,2025-09-02 21:37:30,B,1756849050,10s
0.1307549964076716,-2.1382824452264186,4.672529070716449,-1.042554922704923,-0.21830947296731507,0.6890016412955109,-0.018263163531695773,-0.7079198298623908,0.5253391943010942,-1.0304742968190788,-0.16793930929779433,0.7173319360876892,1.1240380601585993,0.9824468915085435,-0.21935950847702568,0.26637249335027113,-0.14273648689429894,0.1016236192463399,-0.4433049921318271,0.07533023139966367,0.2983702640777637,0.0627634478951888,0.2841359362387535,-0.24239794623155136,0.31027523962826964,-0.0050505626089087435,-0.0656682730859894,-0.05609374411124819,0.2165866951392011,0.19736955383749857,0.14227832165890664,-0.026352517315820116,2025-09-02 21:37:40,B,1756849060,10s
-0.44535193745504775,-1.8867345684714847,4.0627534903766245,-1.301666787650848,0.41281969949573916,0.7354004471833043,-0.1268793577349251,-0.43540155118471946,-0.39493340632289586,-1.0463700313865354,-0.3429226774288514,1.3018331402717214,0.02518619811705822,1.5408707904136019,-0.3009791266015469,-0.0015093014269905204,0.7999192808635607,0.12170894197063513,0.47060768094756666,-0.3800654992444755,-0.06591766604379075,0.24926551641723282,0.29845581487000666,-0.3176312486193338,0.06518249220433553,-0.028280385260358108,-0.06036617450090467,-0.03822038223518072,0.08706472030778062,0.09277497340560056,0.10207730940315156,-0.09054249007119855,2025-09-02 21:37:50,B,1756849070,10s
-0.5619286459463504,-1.7519367994785757,4.003245364564164,-1.0335702994994729,0.035913009994589795,0.5954714490159293,-0.1490852515679076,-0.5537660014639844,-0.42920916204854354,-1.1226160027755023,-0.35399055988064104,1.2497200327307012,-0.0035802981268833623,1.4187297974610955,-0.3727179844976313,0.06031715486809464,0.7505695935583383,-0.1440162890534318,0.600654701987624,-0.06879680404289593,-0.0939465116559699,0.36668524148345855,-0.043244153012949524,0.11857149792549564,0.044861570642380284,0.04433409922181481,-0.08570343866263905,0.017941614103422595,-0.05273418577033151,0.06619586713076958,0.07661880390324392,-0.06613938721895107,2025-09-02 21:38:00,B,1756849080,10s
-0.6118716812936661,-1.6782318541426677,4.319261748550399,-0.8418092657624398,-0.10740026849101267,0.7880039588974148,-0.3762476431966474,-0.9315320238319207,0.6970290143431644,-0.3307964820559746,-0.019356837829736368,1.261325341505662,0.7661067345575034,1.1428313040471345,-0.607277206170174,0.29312336798731725,-0.02299377082335846,0.10494776889661638,-0.5041315152197478,0.04755245399703769,0.09447336423930466,0.13727370491729216,-0.10824194305396688,-0.15048654315929552,0.21796003181394802,-0.10427815176931036,-0.07343163825162845,0.01549917946611785,-0.022262491740538393,0.014800979383300543,0.03598068839776777,-0.06968214900926435,2025-09-02 21:38:10,B,1756849090,10s
-0.8379212920937231,-1.8539328716904402,3.7948704274094323,-0.12450081211106502,-0.7854447402016622,0.2916785504932273,0.04799262410503946,-0.685485274247679,-0.46123781984283657,-1.6019071134492202,-0.43324357539794217,0.7442263952222874,0.13707701886380558,1.2785592955846856,-0.29737317133253083,0.10856603494135843,0.9383417421423913,0.11637181667148187,0.5543081227429296,0.2398849854471971,-0.17942599284168642,0.18086051681920456,0.047916187435230385,0.03911998881199769,0.033723378884946024,0.13914410519034204,-0.17776527977206283,0.2216080548624825,0.01497109696463032,0.17942375522290863,0.2236933006994085,-0.10622263760005377,2025-09-02 21:38:20,B,1756849100,10s
-1.033183852246646,-1.676691650420776,4.105070240522128,-0.29524449672105857,-0.681023706642748,0.549367455925577,-0.13785381278600778,-1.160627081317578,0.6145019105523949,-0.6478145252908473,-0.09287290601627193,0.9579813267198006,0.9206473816047868,0.9836971280094504,-0.43481613977237166,0.31536438775204384,0.04135961325001173,0.18959029760623888,-0.29565883972927137,0.2993641917225336,0.6220687801531349,-0.07100004469986183,0.16987153725781648,0.3415198370852791,0.12167130493921165,0.1045038187928639,-0.12141752530937591,0.2645086844157374,-0.10085290570797721,0.07604255764980981,0.05801367963376027,-0.204101729386776,2025-09-02 21:38:30,B,1756849110,10s
-1.066250551092868,-1.3853295755918456,4.502637169562334,-0.4905501010724178,-0.3924726298343181,0.6851179026962045,-0.17714118431249617,-0.9904662947493319,-0.16884089065833083,-1.1589555043710347,-0.28545384365792614,0.9886267105427975,0.8021259873994988,1.171149000724297,-0.34422692246952785,0.10216647280466905,0.321787408307201,0.1029874369272799,0.14450924791781597,-0.11562582378929415,0.18122712041507394,-0.06087468367510604,-0.3089412954762741,0.16063406418162013,0.24765767173105055,0.12094892533149056,-0.2385148180233637,0.16424597112839978,0.02263698810291531,-0.014085205554799784,-0.0852460764903811,-0.09802695236938448,2025-09-02 21:38:40,B,1756849120,10s
-1.184441074896707,-1.6251854218721729,4.336847442685617,-0.2429085247095956,-0.5197826543934352,0.7443165832609734,-0.03377434970020825,-1.2237847188148012,0.4826094801295166,-0.6449325523763687,-0.09172821697064053,0.9722212712969422,1.0799853910028152,1.101140744774862,-0.39834918829019905,0.3381684250429498,-0.05152066348549719,0.3969318988033669,-0.31819622704303224,-0.07632044353279445,0.45861999453649527,0.10113092784809682,0.21277131685151696,0.2100944447261395,0.08834835899125221,0.22436222030503336,-0.29772276219447324,0.15950730762868165,0.13407987978002192,0.11199391707791276,0.014389309992875467,-0.09890281551318818,2025-09-02 21:38:50,B,1756849130,10s
-1.3247092995694976,-1.493511620542292,4.577150023674714,-0.28880165156091814,-0.2947841896580381,0.6471433181169753,-0.29916716943026284,-1.0687107949129602,-0.13108420797140227,-1.0222642998029627,-0.24723619521830942,0.9832661205170017,0.7012016294213533,1.4211311739391026,-0.2056961840282324,0.16022796181104046,0.19350982323289495,0.14111508516659296,0.2185100795451318,-0.07407987049627217,0.21819863876277137,0.14221502191833926,-0.35304148319972145,0.1754768704022424,0.2198630188535928,0.26380369906015455,-0.08143691104002962,0.08092167899577338,0.07495658897862197,0.08745051339238884,0.023129884808208812,0.00648999499989965,2025-09-02 21:39:00,B,1756849140,10s
-1.562405553362462,-1.4822319386919192,4.664502053035211,-0.22017569748327387,-0.05447766188295439,0.8634909445539903,-0.17895965647793585,-1.4013244223561525,0.511526602934365,-0.4509427382298235,-0.040340179798484366,1.045231412975888,1.0048657945281685,1.4752992843147723,-0.23034888342367152,0.30819176057840597,-0.20367298022496175,0.5760221061500521,-0.3842522560231573,-0.19988255623698184,0.2770797290171126,0.22936784397369123,-0.0755719211630573,-0.0965236240380563,0.10257309825410647,0.19153470124933633,-0.1184507424792967,0.10042074167367458,0.09829579762870623,0.11083587925940955,0.14634060767176382,-0.015260608291150841,2025-09-02 21:39:10,B,1756849150,10s
-2.2851899544870697,-0.8949561042121892,4.187224441532555,-0.4700219056060269,1.0222702298306807,0.9333289455221395,-0.4468461477654712,-1.0634858327039856,-0.2324999831150036,-0.2278054410106309,-0.16142064904267817,1.8059531171939496,-0.4011039430786392,2.0809887587761984,-0.38219714122711285,0.0038654689827009223,0.6945045644222,-0.01471375680739502,0.6724415619185642,-0.3514686416621529,0.5656816262522726,0.23991218471111217,-0.13133149840895528,-0.3059690427642259,0.04591370775321151,0.02052559102045292,-0.0660161258602719,0.11897702088303592,0.03816354092054795,0.050528510101453,0.33415725883866504,-0.04441828929300004,2025-09-02 21:39:20,B,1756849160,10s
-2.2966164029270835,-1.339098387934656,4.748678804140699,0.9090969427688209,-0.39156587124619224,0.4985795755717626,-0.29891924682996196,-1.6034905595090452,0.7743096643728146,-0.45929959490466754,0.004658344453237183,0.6603698630928346,0.6451943845899472,1.7632785923130836,-0.03830957593312485,0.17929176687757997,-0.280405134083679,0.6399229553994622,-0.3015528407113061,0.2088323837817312,0.43641049398090676,0.08261897741025798,-0.3565872825665383,-0.07454039350979594,0.028004230459008256,0.06006726933043975,0.05599742407271467,0.21316396127330448,-0.018468127611240576,0.16000595758647468,0.397697621533124,0.017435168373625222,2025-09-02 21:39:30,B,1756849170,10s
-2.5722617840167166,-0.9995757380822611,4.316941504066065,1.4599309911954914,-0.39985437143565167,0.22670502519381616,-0.30874569016688075,-1.221359080830491,0.05118737715286548,-0.45538503317644236,-0.13729669849122145,0.94235082033992,-0.7448775363324225,2.510122282193354,-0.13093917665378954,-0.37035176247005314,0.5544696722655555,1.1367861742831575,0.7690236615657249,-0.1369411760667959,0.34459401680473645,-0.2513904937549296,-0.6073149430909669,-0.22473730870417125,-0.08519957794100817,0.0591997877866035,0.18957913403130233,0.2293967782446957,-0.0032007815527371176,0.11795001953927048,0.32792711530394936,0.14443075864155883,2025-09-02 21:39:40,B,1756849180,10s
-3.4276278629836456,-0.9620924218841698,4.672860416363133,3.470531282238799,-0.7198841524694385,-0.20519009170534952,0.05147165384122832,-1.7379061858876683,1.7335288898938714,0.29914810411366516,0.27469873622560514,0.06039257168432693,-0.6724966590532325,2.5454293752674957,-0.17480342032121993,-0.30497184005489025,-0.5313959535582876,1.2228349571161614,-0.19166709807112087,-0.13935683295652787,0.5632095296006425,-0.06707492473316608,-0.2067227012606408,-0.09110402877281211,-0.26918855980444617,-0.058782323060016836,0.19945029402066358,0.18785745012668564,0.0388351233830774,0.05893152853805018,0.32628006529643544,0.12012928876046254,2025-09-02 21:39:50,B,1756849190,10s
-5.112776953458041,-0.24526055995783574,5.454704940871148,5.847762436054956,-0.5012612327014578,-1.2252540224032498,0.8941214726549696,-1.638100949892476,2.1785291328489906,-0.42838165681499,0.217804453407388,-1.539115552824579,-0.9358238432245034,2.2851153712452197,-0.21881895703709184,-0.5707995228618067,-0.7808403552968141,0.0877743913536256,-0.20267117370638393,-1.3730360811002467,0.3868232085153403,0.13281421306356364,0.49621558144098205,0.5096133342114526,0.10846481085147745,0.09818812478414775,0.05936034597151438,-0.09261494907743788,0.2706657100830325,0.05284412704389568,0.06556016905843533,-0.07428606837030369,2025-09-02 21:40:00,B,1756849200,10s
-5.871255315233704,0.8812205034846344,5.770641413418665,7.530195664862674,-0.5034548509508989,-1.8578018745508287,0.8722121856584243,-0.8985424498564977,2.0600832608230646,-0.41011952220751813,0.19640428333033166,-1.667710886703731,-1.7316047283396752,2.2733377470869236,-0.7479103493016609,-1.2941829538323755,-0.3781664621468767,-0.19505131446761156,0.4203777788361196,-1.7677553173452119,0.42383226624813264,-0.4946970897115916,-0.24509460952667586,0.7902980070599874,0.32224113260082204,0.0343934789746981,-0.12283207039817252,-0.24876574091003925,0.451458503618778,-0.22583697952150458,-0.2589150220373872,-0.020337447158757228,2025-09-02 21:40:10,B,1756849210,10s
-11.61179560380613,5.33924789973736,12.729391966061069,11.413113293494387,18.779082159515074,-2.4171613483743433,4.4234116618227315,12.15873583123854,0.36981022596763774,0.24159740594378204,0.19269308979031155,3.334427450582958,5.666523661452449,-3.438904468945187,-0.22737601227937346,0.3353352178477594,2.9602184314366626,5.370124926198323,0.3057918201947115,4.198326415978128,-0.6816748706105349,-0.6123645883419359,-0.9475756452694292,2.7802944013016613,-0.5169164286424577,0.861551755887249,0.815340367302977,-1.8897931167026638,1.6479717697106793,-1.4579269638878507,0.7622637963126561,-0.6084377604869416,2025-09-02 21:40:20,B,1756849220,10s
