reduced_feature_0,reduced_feature_1,reduced_feature_2,reduced_feature_3,reduced_feature_4,reduced_feature_5,reduced_feature_6,reduced_feature_7,reduced_feature_8,reduced_feature_9,reduced_feature_10,reduced_feature_11,reduced_feature_12,reduced_feature_13,reduced_feature_14,reduced_feature_15,reduced_feature_16,reduced_feature_17,reduced_feature_18,reduced_feature_19,reduced_feature_20,reduced_feature_21,reduced_feature_22,reduced_feature_23,reduced_feature_24,reduced_feature_25,reduced_feature_26,reduced_feature_27,reduced_feature_28,reduced_feature_29,reduced_feature_30,reduced_feature_31,datetime,direction_aggregate_direction,timestamp_numeric,time_window
3.5794536873456115,2.787889599070958,0.058139565420142765,-0.25629478724452426,13.531143180540042,3.026915254290218,-6.973341234870365,-3.788274562567734,2.018357189298195,-1.70304532630854,-1.7252032486600128,-1.681717013286086,-4.082532130743007,0.1932246202986948,1.7471918826780506,12.490401703658078,3.2358701152120024,-0.14860902401702275,-0.5480761593794357,1.2767843387333384,-0.6737061690094068,2.823664212251088,5.061811128541466,3.40242741149492,3.5894146485562226,-4.831758337688099,6.0759089795534855,11.182117193882007,12.289701994604231,-8.743155364073049,-1.0280167009659116,9.152926186329427,2025-09-02 19:28:10,A,1756841290,10s
3.2490083941019057,-1.4407037415472836,-0.9370984618205757,3.499316232276783,4.56438829251242,3.4039150002480705,0.2497302661849052,-1.0499928336836688,0.8689283710974918,-0.8617531885357531,-0.5485133238771133,-0.23935014752474076,-1.7169421056186445,0.5455257123094618,3.4095648313055666,6.921417154390696,1.877984765418368,0.4602826784240292,-0.13737501219754272,-0.8598368990868036,-1.6436194661010448,-1.3658013873152994,0.7369756015057988,1.988645030250055,9.21550651509385,-1.1272266818381587,10.867435120248539,-1.5778777881317962,-6.271036100926275,4.872688730220768,-0.20423739673485644,-6.84516479490781,2025-09-02 19:28:20,A,1756841300,10s
2.2608132554688147,-1.5423948062434718,-0.8210007513372732,1.0973337922343924,7.036061703289969,-5.712049673744565,-2.1322677417576634,-2.578078246496375,0.34557854682361233,0.1869308695181276,-0.816720141940929,1.1913265766357342,-0.7154673723141016,-0.28952420310848515,1.2798255946540738,1.0540676934189295,0.5428177976651555,-0.4735203198810631,0.5623747271906056,-0.4811947087890575,0.522203074358313,-1.5106182511621171,0.09501151384113865,0.8693235305783764,0.6052423020795504,-0.5551608291490105,-2.7671886745428096,-2.3180095478506297,0.21960179837777302,4.091212760353107,1.7022664498739226,-1.3002888758475426,2025-09-02 19:28:30,A,1756841310,10s
1.5028632581000432,-0.9240493538001442,-0.442281848577039,-0.3680298264472586,3.565536647852886,-3.7749413756714847,-0.03035699395539109,-0.507573553353075,0.9049720091662118,-0.25877910057595116,-0.44306616425394246,0.20151807127587604,-0.7652295263169948,-0.28735494096746794,1.8422601159119287,2.02673998218086,0.7399217762678467,0.654367180230536,0.6610843110727119,-1.1159013424132378,0.4798517529189593,-1.5822713367724701,-0.668464500224147,-0.09430203889251054,-0.812324995562251,0.19998164054642303,-2.2894200305839836,-1.0421063032431137,0.2793400154861427,2.4690618874110557,1.0880832689424302,-0.7446388808987954,2025-09-02 19:28:40,A,1756841320,10s
1.2116107611996583,-0.478635133710824,-0.29767767797523653,-0.9242896310977393,1.8617791127337195,-1.8095363983185007,0.9568973390226043,0.5952810696150056,1.1168154073132046,-0.3041272350891238,-0.04713848850527966,-0.05268845482168392,-0.6217079680435225,-0.6006378708690586,1.4747381749003663,2.6661700602459173,-0.2511238071826064,1.2887524912972446,-0.3616484833533831,-1.6285914054064985,0.8576675152942462,-2.1699156140615345,-0.44613638464162736,0.15073057694534822,-0.12132506333223789,0.42123142476313546,-2.16223681069356,-1.359611380900823,0.550040772043413,2.28774356466903,0.7172312031441996,0.040410850856898446,2025-09-02 19:28:50,A,1756841330,10s
0.8487602123923597,-0.7243663424189392,-0.18123335747724342,-0.7620409207142739,0.61095229450733,-0.862193904072424,-0.4138633750026222,0.9420369979718288,1.8926639382940813,0.24776628594502084,1.2084921804504443,0.13723279663996257,-0.019875965192812695,-0.7838018221011211,0.9920511949907531,0.6328690143626087,-0.8321953487443308,-0.16177803460373752,-0.08579199312101754,-0.18017505529161598,-0.5482450475111995,-0.38611042173180515,-0.3896679561437384,-0.6371246837096012,0.06491036380128384,0.3236942750504383,-0.5722699171366383,-0.23321042060917677,0.747517380257003,0.8372793017723069,-0.1724721277871712,-0.3604270287292893,2025-09-02 19:29:00,A,1756841340,10s
0.6558370279107254,-0.4024019274934334,-0.23250472686851198,-1.2368651042026046,0.9642318968354708,-0.7138030073261842,0.2681087129868881,1.1441783834363914,1.1119518858844193,0.18033203608417717,0.5941349659108585,0.6950750871567638,-0.7581532722928306,-0.5825395170107732,0.6743904481581482,-0.523858723235484,-0.028781963063939337,-0.381876526646839,1.547283966984502,-0.44953842250640635,0.527151249939001,-0.5752593168780533,0.7183293536324488,-0.4327672916513815,0.809586236368035,0.6892461838067211,0.2872682212033963,-0.2530808857587619,1.3939529779880868,0.9684415211206511,-0.3147127205407824,-0.0007309019066496718,2025-09-02 19:29:10,A,1756841350,10s
0.6104247755673647,-0.16746659615943843,-0.26853419456847966,-1.3879303583731715,1.1607965748990754,-0.3190574255518901,0.6887294546459661,1.5582895435624984,0.5751752093145382,0.33731426713665624,0.4730762248988542,1.0221222300444917,-1.6060641615374045,-0.313787841761323,-0.27289894903675815,-0.4362720319655484,-1.3960648220094374,0.9207724133966702,0.04993672735820968,-0.8324133236017345,-1.2980751227638094,-0.1507199184326313,-0.17197395607470375,-0.6078630934063896,1.953259516129071,1.3244990425253358,-0.6853935410818444,1.0941233642540338,1.9875320133248993,0.0881547355411675,-0.41870809939230874,-0.04511007694593522,2025-09-02 19:29:20,A,1756841360,10s
0.4524392645363619,-0.285532819468239,-0.3748976918308776,-0.9921457705274848,0.7374029401900304,-0.5498135177387233,-0.25262058585386915,1.6768534747215864,0.592617862256372,0.2952144412141324,0.41582101487486206,1.0792054365430188,-1.6482739803906137,-0.49454807555672664,-0.04354865102331731,-0.29902782689057655,-1.2075307911323865,-0.7108269309764981,0.4599552636169677,0.8520526607812221,1.0164227838914655,-0.8662801987654606,0.7261275784406575,-0.22299415634294928,0.8727383584476135,0.15395452637986362,-0.04578030295274201,0.12679905633361346,1.170812477086705,0.6622230168925347,0.3645929291863464,-0.07591322964037983,2025-09-02 19:29:30,A,1756841370,10s
0.49593305324118747,-0.24290954172326515,-0.05658850090430601,-0.902384217184768,-0.06297907952811042,-0.19615344940478316,1.4011602250873003,0.34360497191062334,1.5908972187757155,-0.15854336537502484,0.8740171442270492,0.027320091222085046,0.5191601376854722,-0.9555515255821109,1.0886046764214297,-0.3038962951175354,-1.3661596923796726,0.4859746376577383,0.4650739397098807,0.23275586473678958,0.21608520463495365,-0.30133708637949413,0.37831388887738965,-0.6526669588255851,0.5417013363947478,0.1837492194602446,0.9224952131293145,0.023471378207258156,0.4707299230301365,0.25655136533784734,0.2763858061315892,0.4081493912973986,2025-09-02 19:29:40,A,1756841380,10s
0.29947829551538524,-0.26608510757631537,-0.14172257697194243,-0.5361250280286224,-0.04607081785115988,-0.5622161795826859,0.5178762430533311,1.0275352838447067,0.10930777962986205,-1.038246655446866,-0.6439969488232102,-0.09720099276243353,-0.6665014786252405,-0.37336600139907405,1.270422039994499,-0.38429408023470474,-1.604584376096516,1.0672000298965378,0.19864431418862952,0.6858549950931256,-0.7188995920244242,-0.5446676716736694,0.06538777828912803,-0.7039221337479858,-0.14819059045419464,-0.4935631509881901,0.7319078164553949,0.20074626946884533,-0.21381594666730883,0.17418799153207953,0.5124985161604456,0.18897550487395356,2025-09-02 19:29:50,A,1756841390,10s
0.30687757289499557,-0.31276373965000587,-0.01156490264249646,-0.5367385108769992,-0.46720549389581106,-0.3296174059566189,-0.2797199930191143,0.4638645443169866,1.5346086175930538,-0.2088110774172049,0.8800014820867335,0.014293519772500672,0.5937463614719084,-0.8484151477154253,1.2276530655407831,-0.48447244850668736,-1.339271363410965,0.26312267142721296,0.46125460451998446,0.38541676088929955,0.24969797317046688,-0.7931969477276561,-0.10648199716893063,-0.6090530650274288,0.1535342131184612,-0.5279098043431873,1.1405740237344444,0.02399247354904712,0.15397091598204937,-0.2085126459689127,-0.3525768780067478,0.36287792342078223,2025-09-02 19:30:00,A,1756841400,10s
0.19980616319047248,0.03186017930414982,-0.24333425979282555,-0.7510110029610825,0.516633557288678,-0.3375851756007854,0.2729641325624054,1.205628965717775,0.3373474613865004,-0.06658831419567748,0.14159236998448194,0.8743772948511876,-1.167773585282878,-0.5432506926291633,-0.2721386591398399,-0.34971318379181804,-1.0889349241362223,0.6234347772055796,-0.02320671428046414,-0.9976445286303396,-1.4517279150443039,-0.5460165784017113,0.28585248769161825,-0.8499406807363737,1.3531379159864243,-0.32497798237704184,-0.6612149929959381,0.1398771680618322,2.038466516866421,-0.00246322394628927,-0.5379331659731883,-0.18798090634098485,2025-09-02 19:30:10,A,1756841410,10s
0.18452253681026926,-0.019257278266597302,-0.338346728573885,-0.6038623083711246,0.030773825105303,-0.34290030889929124,0.22539039496628033,0.9949128409530547,0.39215176788502504,-0.15170977173465727,0.08479156664537225,0.8077894758840891,-1.222962206223954,-0.40439051697881945,0.2849486636514926,-0.296212985849152,-1.0684229055859773,1.0201281771478419,0.2769753726004612,0.7441577268057807,0.17677891239163004,-0.9776359071388495,0.51129036456926,-0.6232121798436318,0.17829393925700884,-0.3691821695245997,0.10978128600067258,1.1096377489499512,0.8505638575738875,0.6593791133474054,0.6691420051166204,-0.34952302498328003,2025-09-02 19:30:20,A,1756841420,10s
0.20031896387642753,-0.22687481823326539,0.03281816329570098,-0.3353856612172127,-0.6011803586578185,-0.2577035953991575,-0.12159766179194681,0.27822094728796926,1.4625302889269713,-0.3561800126472403,0.8123616777550994,-0.06579264499987075,0.7208139468596126,-0.8207186684505658,1.2042500448980573,-0.46181484174992476,-1.4187816204921986,0.23317345001526676,0.34688631236909623,0.18054008196475632,-0.6671514313788826,-0.3903543161310779,-0.8276683993646005,-0.6265822210569538,0.786496219130987,-0.12500937867916778,0.9531202520422327,0.7294638326798825,0.7799862342495911,-0.5612607671223767,-1.1844698831067884,-0.0733045262389958,2025-09-02 19:30:30,A,1756841430,10s
0.0005717360141401953,-0.10341024061061414,-0.16834077810336653,-0.4559928820893661,-0.12569344377959307,-0.08030998874936289,-0.2866083319322787,0.29710448439157394,0.7417380638093252,-0.21449857481888054,0.29872121936427964,0.6941633983445413,-0.22925139366662267,-0.5894987003527448,0.8501464923265424,-0.2816573243338559,0.1718896296964312,0.42408903039043283,1.6303701368399959,-0.4835753537908583,0.014512555596986096,-0.30931923792880045,1.1761285964901398,0.039910896660151705,-1.4154721917512174,-0.7215093830571517,0.11584323499213414,-0.11529363753705026,0.02902762706573173,0.49555908453733083,0.08327209592918776,-0.2776094712582327,2025-09-02 19:30:40,A,1756841440,10s
-0.1307469771137454,0.032987660648955974,-0.12041924030757163,-0.21673416937950887,0.024163495608013334,-0.3070873922477533,-0.4565683120848645,0.4390703206980361,-0.08645132537299231,-0.8914564736728063,-0.6119161561451872,0.37199048810982854,-0.5725331559673921,-0.43476472980136377,1.0452849564209776,0.09309094839800769,-1.3774246620303272,0.38292443151036076,0.40655267197582495,0.6032008466571194,-0.08033015930447465,-0.7952237302423257,0.023818403502021905,0.13443155903169185,-1.063377790960158,-1.5127874612445795,0.925944742037908,-0.27044489527248095,-1.4851466775584767,-0.1927757995251853,1.2801241869400546,0.4529377688840268,2025-09-02 19:30:50,A,1756841450,10s
-0.13476505516811943,0.07388385151193413,-0.025340939425687273,-0.08012922885837732,-0.2764042570605832,-0.3693460553818512,0.48364814593709743,0.28646610194947714,-0.11390182017548983,-1.3006173806609889,-0.8558882205203523,-0.07033600781700491,0.07339155527660615,-0.581010102473128,1.2150554939584768,-0.08566839025803616,-1.013182805162661,1.2924581859430306,0.3982704797960491,-1.0724925173036615,-1.3114625887804683,-0.7986776456475925,0.33300297359652836,-0.546513121899822,-0.43497736289259314,-1.041689101519965,0.5864418090352373,-0.6698243197837174,0.31698618363059794,0.5287680947681945,0.694034548294608,0.5258515535473697,2025-09-02 19:31:00,A,1756841460,10s
-0.17748545060706286,0.2131629497327106,-0.20203138185125186,-0.1784363453601693,-0.013210356839108473,-0.22337264262444845,0.07208078005826056,0.5169890774073493,-0.008606742271020795,-0.5154442611014775,-0.34036920935289156,0.7312185716429499,-0.6941460582907519,-0.6445607284420717,0.27052398905318265,0.23093082543650956,-0.9941156879699816,0.5868823783866126,0.4407475016795988,-0.8028296872072544,0.28808744701932176,-1.1176208394450153,1.5005596157040937,0.2973748754697449,-0.20348767863837927,-0.9316549942997284,-0.43816041588366067,-1.1735494247589169,0.8076644863728254,0.7008969398535474,-0.24626075333014158,0.16928644006816007,2025-09-02 19:31:10,A,1756841470,10s
-0.12029569193489591,0.4115225734626561,-0.2656736355775327,-0.07188944899581158,-0.31587293822647167,-0.08325819172710865,0.34630979547014656,0.2004823798092878,0.1314971585549974,-0.2075126102062324,0.01790585710186748,1.007419029533559,-1.091521940404024,-0.5599152957391178,-0.20239496333364623,0.38393633746896694,-1.039064177404356,0.5885598708377585,0.35484514405202755,0.03644571336665323,-1.1369174080531257,-0.21896379051380052,-0.5235898223224389,0.6806199158550229,-0.06024717530002014,-0.9491940934695463,-0.3599987794970458,-0.7585957138865552,-0.8303772440455298,-0.4635448988728993,-0.7740156652990794,0.6732660641891683,2025-09-02 19:31:20,A,1756841480,10s
-0.144637642484902,0.2260989541750722,-0.31672817410243304,0.27416391672895374,-0.7933482515772747,-0.3780171097091921,-0.7619398559781725,0.2970004536507629,0.1736585477385433,-0.3013454559455691,-0.011760935243956652,0.9057019299124974,-1.1702022361512217,-0.41826930608007445,0.35879831890259345,0.25486395788495003,-1.2016541454499114,-0.12171635116403441,0.7147197476137025,1.9928824409063681,0.6282034957267925,-0.7344755355379659,-0.9044542358450175,0.8797810629856908,-0.9181435013215088,-0.9907882407981716,0.24787876312091894,-0.47552078471251,-1.7007930147422705,-0.5221458296371255,-0.25558555563165963,1.358064411914064,2025-09-02 19:31:30,A,1756841490,10s
-0.16910534423832785,0.13760758625712774,-0.018171288260665327,0.18809259439007886,-0.5252921333174568,-0.23115469602530558,-0.43925062706065865,-0.23888572908912806,0.44572975715824037,-0.9115589518514785,-0.20113373857027622,0.1526192770948454,0.24523381483599996,-0.5216714221872883,1.342053237258641,-0.23095457581819717,-0.19804535145441446,0.3426023448509213,1.5728528128739658,-0.23931514011629412,-0.883052606528972,-0.1760777031298212,-0.8189561029938153,-0.05170580268570486,-1.0428721578321343,-0.26138259539636527,0.6541011340258597,0.1545860180848663,-1.0014461544947038,-0.9057609520349136,0.004931767709199718,0.9298869170089084,2025-09-02 19:31:40,A,1756841500,10s
-0.18759649482862562,0.10897812227055352,0.04128323807961668,0.12070197515853301,-0.6908940063761159,0.2742294475279404,0.22534775056453168,-0.6470438705825245,1.0990186498114847,-0.5869678475834696,0.4859116466771121,0.11543144411460418,1.1803393332497096,-0.9570113538201515,1.2454526421639756,0.3635683885168562,-1.0675230543516634,0.6872926982057793,0.48539932125318236,-0.33978315561343675,-0.08419928981205757,-0.6101177325126698,0.1157329994097017,-0.0658791849811089,-0.6441176694002148,-0.4714156047341711,0.17919126037340988,0.12471417998146213,-0.49037107809592667,-0.5358432558441459,-0.19358083558853384,0.0848437146098345,2025-09-02 19:31:50,A,1756841510,10s
-0.3869584109954467,0.2184851687335373,-0.1213706094261406,0.3033473456021714,-0.11270541441071176,-0.48410018267540705,-0.5607282897167928,0.17330279841661758,-0.16324558389236898,-0.9168006749854944,-0.5974648898605132,0.48225435135190703,-0.5128421580517342,-0.6169045553187686,0.6126918778171058,0.5759009901843949,-1.2792451424217006,-0.8349366579111374,0.44637623753076355,0.34431511588278424,-0.4653974627657476,0.027998700500754484,-0.24269393785880092,0.796336961976868,-0.6744154820835065,-0.4423772166016451,-0.6586700362614571,0.17469949074440463,-0.4237032449547505,-0.258636798289338,1.1087618956369303,0.28585713845656735,2025-09-02 19:32:00,A,1756841520,10s
-0.30775240312513297,0.20065724394487733,0.0846468592046987,0.10675054701895986,-0.4326834674391274,0.23416098932356785,-1.1164897172043002,-0.49868135003539865,1.1271877756083424,-0.22939833230622672,0.8249983858483504,0.5341186668597729,0.9923306747910123,-0.9146437383733578,0.736628893728987,0.49852945174466495,-1.0218698313576817,-0.29283047570590837,0.3687616304301209,-0.44522669600217885,-0.8745187329328827,-0.2733964661549011,-1.1123127021528478,-0.35600144546361423,-0.14268684500324785,-0.7482265276960482,0.3691312417933649,-0.34156863571498475,-0.6377249980132554,-0.9640878724094424,-0.11413700603210239,0.6704974364094698,2025-09-02 19:32:10,A,1756841530,10s
-0.3715323267403208,0.4587517376548279,-0.32740767565944184,-0.023921997314675408,0.018732886835452794,-0.035922858355664944,-0.27014512058739976,0.2318275612564113,0.03946927012690205,-0.030176607165345436,0.001270635324266515,1.4096238021689371,-0.8910617271041185,-0.7675761104901908,-0.5435716661721269,0.9465035146013121,-0.38976305445508663,0.308262147179113,0.4756039970571303,-0.8037766977149193,0.7549492007721859,-1.1725823913167972,2.1765008089108644,0.2228942655942604,0.2201743524588979,-0.09310927526746342,-1.4265715795725957,-0.9437292480498206,1.3840847160822551,1.3935656361978843,0.2779990913376031,-0.2074325153249492,2025-09-02 19:32:20,A,1756841540,10s
-0.40357521613464326,0.2905170889084498,-0.09679913375310026,0.013196958199762179,0.24792826225674458,0.21461570402891963,-0.43728835819449347,-0.04419309279817822,-0.36421580190097225,-0.87130771444988,-0.6987506605399129,0.770299539975708,-0.2078566967925229,-0.48600667789481466,0.6862347663180076,0.7888766606366087,-1.0361812454307366,0.6322926720209738,0.40109057462494835,-0.34395262349419536,0.0705385142940446,-1.0208098201192404,0.7509505210484799,-0.3679378552208267,-0.2384527064887717,-0.22626044603442041,0.08613710500900267,-0.23400379140798672,-0.04219870197472386,0.3920568418015559,0.9802541821103532,-0.016073243615665603,2025-09-02 19:32:30,A,1756841550,10s
-0.41065498091546915,0.31576352700667576,-0.12805881424791504,0.09180866888827462,0.1787738642113011,0.06742974394231568,-1.2353718181789082,-0.12386628223800561,0.1979237753521006,-0.20740425291431744,0.08655644008620177,1.1952427106627126,-0.44078600391590067,-0.45772615147437257,0.365952762959883,0.5805473212872474,-0.43028140793251235,-0.532174495696021,1.219469730434505,0.22868644899040336,0.5680615155181202,-0.6376931099211048,-0.10732121622629191,-0.1383530754886479,-0.6496935519769902,-0.204160394321738,0.05697977082940744,0.0020527581885769076,-0.4681857596346847,-0.3246150500957274,1.0769418267500912,0.6266988208267017,2025-09-02 19:32:40,A,1756841560,10s
-0.42722418918449684,0.4321949959197633,-0.338943392820613,0.11606904120216638,-0.16521611213182036,-0.029480637894417874,-1.2075436960284351,0.07614160882530518,0.16678725914448256,0.34671396559202194,0.4778504292495303,1.7543479071038215,-1.246074831275241,-0.3347254840712437,-0.7107430285746121,0.8890049803411694,-0.5722537616083057,0.45884473157610023,0.15865485276054897,0.4133552973087246,-1.4171846208220353,-0.24544281923469444,-1.1857529551629733,-0.34073246265889934,-0.2705877020988783,-0.34989219484024137,-0.35435793747378624,0.4463892023051908,-1.2453442782089024,-0.5761005923377925,0.9041780282981688,0.4331615767157033,2025-09-02 19:32:50,A,1756841570,10s
-0.4430918458725046,0.4376930472965204,-0.022244156473485967,-0.03777753963138567,0.5243863655607346,0.3169644616800051,-0.6012476439792123,-0.09403367605029764,-0.4568907545664868,-0.8369235369461555,-0.7245279712527888,0.8985297774826461,-0.10833115346091923,-0.48253339855348226,0.5235049713168954,0.9143687222417941,-1.0379663217634385,0.5815937316891993,0.44969027021548014,-0.8255021370325614,0.2614105071659714,-1.4203510735775347,0.6228222636889028,-0.6609184364920276,0.49729991737869506,0.11342972589933925,-0.23076779692191116,-0.5754239216544732,0.5219072508404955,0.16749012452810544,0.1501328614100897,0.009066085867809211,2025-09-02 19:33:00,A,1756841580,10s
-0.46229933671202905,0.3626214196653091,-0.04997448661674365,0.10967705253568301,0.5962716113764708,0.4022120572261481,-0.2622155647573296,-0.11867075650742083,-0.40291268475443687,-0.797784020732017,-0.6162524242010181,0.8976650520891735,-0.1405012161011042,-0.38890406496771707,0.3630155543511531,0.9968808077690839,-0.8887612222591273,1.0828708661077164,0.08173712881602867,-1.079575726446737,-1.1422438446673744,-0.7887961203978598,0.5587470974451377,-1.697881846498342,0.3327400662147315,-0.0792434673671042,-0.6689563155158946,-0.3280122131044317,1.197362978256423,0.27948655321333415,0.8115486718651721,0.21578682221169873,2025-09-02 19:33:10,A,1756841590,10s
-0.5200079592162028,0.29675167005371844,0.0026009416376669334,0.1116899701407506,0.8494990486735081,0.35520033972123893,-1.2250196426022673,-0.37588232071026134,0.3720763450592508,-0.3609116859158475,0.08933577154561316,1.093187031153985,0.18223939170087122,-0.5559883763356227,0.5846264992177538,0.8275789883406403,0.42169107040453496,-1.0930063073865746,1.574597756242684,-0.45522426154555123,0.19190264103194482,-0.5537500839047675,0.7836358554025948,-1.7355150447156087,-0.22270606111347885,-0.08900623757989755,-0.2501172928862838,0.2217367079880473,0.08561965591991716,-0.7070970613707114,0.679233526968925,-1.0703314268516786,2025-09-02 19:33:20,A,1756841600,10s
-0.5090906726570299,0.36750579577052717,-0.1523316409141638,-0.15117953962538022,0.4895984150400539,0.4676015634142234,-1.6352968966050156,-0.2521869108699953,0.6271581831936247,0.6257307464767448,0.9462578944139021,1.8940509027881014,-0.25775424808528463,-0.5394241430367307,-0.2758542121600592,1.2230595898795997,-0.5855993923621531,-0.32885411608598686,0.7783314880523063,-0.16062402830847108,1.3672793577568298,-0.9613783046058073,0.7371798421805996,-0.06937115105555318,0.19808085350409582,0.48028429676679285,-0.1631684607642891,-0.2992918429904715,0.399487976171722,0.6112468587703997,0.4205316909113169,-0.12796796805155589,2025-09-02 19:33:30,A,1756841610,10s
-0.5135837721394948,0.3947579458115629,-0.016518559286890246,0.41460650012236094,-0.010065370275564754,0.010024799099112743,0.5189153399031516,-0.3300137874790109,-0.4916832350119869,-1.250631518702856,-0.9585981122402228,0.4381353511222667,0.11261322069216015,-0.43049739560527883,0.7167529314515463,1.232927784638695,-0.931781967864014,1.3952142765092779,0.13318003779368534,-0.7322730406054055,-1.3515599513109375,-0.7884256185558883,0.40789104482044336,-1.4767198629690395,0.6870165574002988,0.6120351423495035,-0.229169070814764,-0.5159084744497886,0.7509536230542512,0.3632247436827064,0.3938237512647071,0.211940602375912,2025-09-02 19:33:40,A,1756841620,10s
-0.5882102522555073,0.360010939844881,-0.03170813656847698,0.4583263618699366,0.29254965472169087,0.0020021976172379828,-0.43993933530571216,-0.19263620453603758,-0.35167775350678504,-0.7317891362393534,-0.49402627821343814,0.8858235208956933,-0.25652738164650507,-0.2765330274251204,0.4111248384821382,1.2130451841227297,-1.0399531847065415,0.7569903342963735,0.31079377258379987,-0.5147545919888538,-1.211221224158493,-0.3245210002482133,-0.11990985896601442,-0.6800532054959328,0.3545754124219527,0.8528147099787717,-0.2201269541662484,-0.1830872883619581,0.168166197472163,0.2817348717625704,0.13693492921096667,0.41330254436239033,2025-09-02 19:33:50,A,1756841630,10s
-0.6297880630013585,0.36949602433773543,0.05960212755846247,0.6754922096808367,0.5020559434639494,-0.1701964744396235,-0.7693106986113712,-0.1733409779094237,-0.3932189864878976,-0.9112739853615596,-0.6706140457038434,0.7149708122948852,-0.19472925598802715,-0.1930685025688194,0.8024006439662159,1.078088468665701,-1.244214619594831,0.30649410819328193,0.5575304881798213,0.18536492588117665,0.15407406482249972,-1.1323219160043814,-0.05716587892297892,-1.1574911371984098,0.2354883459374534,0.4268395849195238,0.12739014197726795,-0.2821798885634503,-0.001626718213192838,-0.20017945593140563,0.3961179764418291,0.2752432145704253,2025-09-02 19:34:00,A,1756841640,10s
-0.6582781214207875,0.2718678632779237,0.033319635480588757,1.1383224963276002,-0.1506498652133398,-0.2340830725759998,-0.9793153272506347,-0.6426091447445881,1.5617794124016913,0.5109772049616168,1.6325420163359707,0.9169875764059867,0.3522463264176151,-0.31913466908054,0.28017834275918513,0.923689404556339,-0.7150695735398058,0.9193578815094401,0.36644969527697097,-0.2574871326673935,-1.0217597555336297,-0.09861917067536909,-0.5969941596037858,-1.3919555634591354,-0.43559845539345887,0.5825890333534732,0.49112857797140175,0.37190654493252945,-0.1761370965641741,-0.1940836894023905,0.7513226800895099,0.784334588664167,2025-09-02 19:34:10,A,1756841650,10s
-0.9302286356775521,0.4009349347197475,0.2074221740792881,2.8835856241550646,0.7079823204703791,-1.782499316428698,-0.4832864660684109,-0.3747997080013901,2.348993542044216,0.8339667054000776,2.2266983223113517,0.2515339126481988,-0.8832605598922632,0.10174246825507073,0.18775661396033147,0.5527665373557075,-1.2922994992323134,-1.003492791745347,0.8201003441260488,-0.17656386642189378,0.28539027152861157,-0.036532744901264534,0.5754353809841568,-1.0908386539312966,-0.47584509795267294,0.1082168664476896,0.45566936192536583,-0.7123182794010766,-0.41476805149709745,-0.8404469223796832,-0.15903941451899078,0.21223756682807535,2025-09-02 19:34:20,A,1756841660,10s
-1.6088656435383402,1.4960346807137257,0.94140090477271,3.5679026092653423,11.560822639051011,-1.8197201423404994,1.1622886335940807,3.391940122343086,0.7558700330147882,0.6919917428062625,1.0534389671659232,1.928527403527309,-0.06800553867758069,-1.3273648241193536,-0.32354526635036335,1.060582229490954,-0.5604280000668279,-1.6281065588845054,1.1317559176940137,1.249104030862942,1.0904697073481833,-0.8479307550259148,0.8316974181359692,-0.7137776337157683,-0.3045936966051807,-1.2023380493319569,-0.7817822841666445,2.3370776809735,-3.263805100476768,0.13704465064973378,0.7297418313081818,-1.7273056681230425,2025-09-02 19:34:30,A,1756841670,10s
3.2578710933191997,7.7708340831260685,0.5786294914688761,1.5023172810272694,-6.038581233701566,-6.389944291518766,-3.5656695916500336,2.072909253405174,-0.13825908335307852,0.33313566518175575,1.3809344147203368,1.697839909270104,1.1897203637980172,2.0469932324749354,5.394654949911697,-0.747389076512521,0.00032454365658269734,0.3511273839231122,-0.4057325027604672,0.14347560206490084,-1.863313342053261,-1.4157441306446155,3.9611471740737456,0.4137242051590317,0.5791923843139353,2.416002250441507,-2.943822515642416,1.580115859023517,-3.104427876959078,-2.446227107421524,1.8053790189026147,1.385321160629172,2025-09-02 19:34:40,A,1756841680,10s
2.083600324319385,-1.7478878326775618,-1.0654833854351624,4.778234275106429,3.1209984640724358,11.503565869687236,-0.13917550513600732,0.30025295899714494,-0.005786505790868528,-1.1631986196956958,0.3650804127450292,0.8860084530264661,0.7935539126195446,0.4588355980323862,2.0385461685201482,-2.290257031016685,-0.3340517733726034,-1.544527027607075,0.10919182685364523,-2.079385675223638,-1.3436418516949615,-3.2757459401363516,-1.3303513782821466,1.1269444792285328,1.9162823738187025,0.7112568008872119,-1.0393240131079517,0.4079459517256129,0.3574871334319135,-0.9884688666987516,0.24909447490953648,0.7410251146515068,2025-09-02 19:34:50,A,1756841690,10s
1.780273081240928,-1.263436387643498,-0.7301037636571096,0.9235893935677647,6.361056584996918,-9.896981232692191,-2.518538285993447,-3.0326221562947584,-0.7977897926390066,-0.5139326028039667,-1.901219754422395,1.2329575800970567,0.36770724857869025,-0.26675090448698024,-0.04822150805530469,-2.391558403254777,-2.0491295928061235,0.11700172082121083,0.38623296983612776,1.0863380650710328,-0.06710680353360053,0.8536474189455779,-0.2453928835384654,0.7806436036687563,-1.2612990686552248,-1.5830944892875607,-3.616101419989553,0.4044990326796177,2.4985383499064215,0.7098632511661405,1.2644941773435427,0.7873466673572396,2025-09-02 19:35:00,A,1756841700,10s
1.140471575053267,-0.5780230945229877,-0.15317761049080586,-0.11862619729502379,1.4551068966783092,-2.2716734988457934,0.4922265858572475,-0.1483804283511588,1.7002830040779606,-0.6855997385437032,0.3051462036863764,-0.6144384078039595,0.5687802555427836,-0.17068036849311524,1.4996621333927207,2.1842273016013265,-0.7938045553261749,0.31149367094294644,-0.35128642957851486,-0.8198615289673739,-0.6471416118914242,-0.5919617488617769,-2.0722488867864906,0.3618246253183263,-1.3281689084904362,-0.9696131864605433,-0.6391957279539274,-0.8591225597964074,-1.309312295594817,-0.5270797823313227,-0.3563029352006516,-0.01763202835272932,2025-09-02 19:35:10,A,1756841710,10s
0.9744867829211423,-0.5128267075049328,-0.11807213689194762,-0.7267096770993573,1.5114444152525404,-1.300778443964797,0.21112070513545272,0.385410268797185,1.8346216317468842,-0.4524252360674513,0.6255225671406954,-0.41479450872856677,0.47837422976598026,-0.1564125767673654,1.5447674448297437,2.764661027631964,-0.5641991412490374,-0.20279574295407304,-0.27738190582963623,-1.916052330478487,0.007380029198684382,-0.5737758642993085,-2.056583378875745,1.8701495638072274,-1.6229216074582578,0.12300770620686714,-2.784576806901039,-0.7718606041424734,-0.20234233782263772,1.0876692219794137,0.2205932651955944,-0.12998440501760258,2025-09-02 19:35:20,A,1756841720,10s
0.5991987455632789,-0.31979107770868936,-0.1609221102125,-0.7585827415483023,0.61290445775259,-0.9946358310321746,1.8526157608234777,1.0535253160228664,0.07183216219705159,-1.7095815663477716,-1.1296132285342395,-0.6673990322173691,-0.00047877122720634295,-0.1472276646107134,1.0019747302907458,0.2506224359632737,-1.4535728776193666,1.195664106826941,-0.03873762317222767,-0.923480561027412,-1.3778132702078347,0.12479204110040058,1.2403896851093728,0.5253892643141898,0.5786452488534395,1.0269567006076417,-0.8817146422340862,-0.6572863402179974,0.316965241659164,1.56468871476679,0.9514510554002797,0.3563938496911106,2025-09-02 19:35:30,A,1756841730,10s
0.536422795145665,-0.22126825974738965,-0.2858201427892601,-0.9610971360883291,0.6627102600024536,-0.6590641087022228,0.20801059652398424,1.374772293145619,0.4798221400920711,-0.228966770605027,0.20545603916442157,0.6800794719837767,-0.9108848317265799,0.16723693119291358,-0.17966125611268188,-0.3864612446349373,-1.4979430410918362,0.3198191032744301,0.28341833320931303,-0.5014210409818065,-1.2668593109320192,0.1550615450081897,-0.9901501008875095,0.9136868650826073,0.7524453899931427,0.5062764649426897,0.19832527050181895,-0.5083301777747646,-0.03530270139638603,0.2081250161685278,-0.6108078555156179,1.1852172562969925,2025-09-02 19:35:40,A,1756841740,10s
0.48315089345906237,-0.09517667780681639,-0.3827406177144683,-0.8349955582114346,0.060042528795532804,-0.9785401560009986,1.3060123812555846,1.3404764291404518,0.4933119211135527,-0.3059673149189851,0.1615695814690015,0.5765123568201447,-0.9353003156894248,-0.11793943406480568,-0.5132198862564374,-0.213423648389523,-1.4074644026562824,0.24127923159532802,0.23828046870672745,-0.4736647188742404,-1.5086625617141207,0.8596361043015766,-0.49457275697419484,1.5744098866811764,1.5200735038797926,1.6704717861058653,-1.2369839979229726,0.32901937652795993,1.3861055172077765,0.9835758833341021,-1.0470088564167694,0.5112322450156395,2025-09-02 19:35:50,A,1756841750,10s
0.4142224607797486,-0.2696328655488507,-0.13335080845778036,-0.7396977001863565,-0.2621751710876997,-0.42476156823209976,1.0002340959799574,0.6009926535413134,1.6800450129292706,-0.4143790583345139,0.9338104549409721,-0.1610939889479963,0.9191235446030834,-0.5827041713583019,0.5752433544668734,-0.2651125812977793,-1.359428716759331,-0.5490500914270543,0.41446237666759006,-0.1894605268165034,-0.4719256774062022,0.7722081130232121,-0.05512393131684899,1.2276459130912691,0.7330558627740761,1.0434896159063283,-0.14823981221199972,0.8352842236545933,0.7701182119450577,0.22147479758501418,-0.6714031469472278,-0.2267018367258765,2025-09-02 19:36:00,A,1756841760,10s
0.44037321556534553,0.009525092185455147,-0.3075568350620973,-0.829370261124116,-0.05043311516317651,-0.43736435502020776,0.9092310116604536,0.812789884034963,1.1918362903239161,0.0905953598886611,0.8498650797627779,0.7191897066765772,-0.5033928506654369,-0.07945801713052553,-0.09464254759606436,-0.6648966167617181,-0.2312080102770903,-0.29197758304893334,1.8155706795563953,-0.23320028828850145,-0.03463423591924062,0.5296342011454538,-0.5280938161250149,1.459280860965172,0.4715523860870339,1.1994152111690575,-0.23067260272485174,0.2089150981779385,0.025518180726521122,-0.0289512030068104,-1.2234241291156307,0.9758492098951116,2025-09-02 19:36:10,A,1756841770,10s
0.2698370064892099,-0.3850676277846318,-0.08124996166381672,-0.36608544455665515,-0.681733630870177,-0.5696108185045825,-0.0834410371202964,0.6080916294176361,1.548739634564631,-0.591833790685234,0.8010326031840964,-0.2756765889274514,1.0703462686922731,-0.4858025635003171,0.914063664870832,-0.34325441840649384,-1.4771024117941671,-0.9083560675686609,0.550472630485836,0.5516282399000461,-0.0237886389013204,0.44557359220245335,-0.38857423358492926,1.018364747297028,-0.05757281402353644,0.45210131220571603,0.16461984387720985,0.5171190401878059,0.4137340784841179,-0.024255100155863536,-0.5781914665779917,0.30921942453173035,2025-09-02 19:36:20,A,1756841780,10s
0.20905050405552963,-0.1831527150387366,-0.11962787863527113,-0.47268115460718185,-0.7217390088515505,-0.6318038353980995,0.7980463943213111,0.33033983517711296,1.5627579055958727,-0.3915878279892813,0.9036719171400828,-0.08141028073119136,0.9890032108211567,-0.6070290961486693,0.5520081295562548,-0.1319160005681953,-1.3517663798175392,-0.6452207008090841,0.6858180432995468,-0.11230495427626316,0.09676867015530828,0.6123959782338374,0.23871038917592063,1.9378131437137274,0.016374655207978168,0.5938136365989969,-0.15924385982273911,-0.10466174857747022,0.34338330679797635,0.3659794837090511,-1.173456925824786,0.23008293756338055,2025-09-02 19:36:30,A,1756841790,10s
0.2996719695967201,-0.007436037562054427,-0.14985771850320817,-0.8480262592842122,-0.27317196551270184,-0.38031398191048504,1.2750250638618286,0.8240902738832717,0.8839731925643112,-0.6220574693066517,0.2403907058281838,0.15248853433107795,0.15986652356568665,-0.1858815671689463,0.5635276342679418,-0.887352689325184,-0.5700385875870109,-0.6291046538929542,1.8893231463077653,-0.40792005359224826,0.18770739873272926,0.3717954895845099,-0.7490821000417989,1.5971082713985716,1.1692405444619642,2.4929214821176746,-0.8071683088447841,2.336888936425189,1.203316676595527,-0.6951798084772193,-2.1790026941079335,-0.7009465843430394,2025-09-02 19:36:40,A,1756841800,10s
0.16607753276599319,-0.2820502875334494,-0.1276532795114779,-0.3146579640861551,-1.0460984586476743,-0.4340290528939292,0.14081213554903696,0.49455481411773367,1.6167435233609186,-0.30405007141695806,1.1064436836440794,-0.06353508197485212,0.9509094055396674,-0.3863031770110669,0.5229531417982494,-0.358727718360355,-1.3571684327966862,-0.0805777531457761,0.4084860613858428,0.013526609574160282,-1.09643828728246,0.9381818259946891,-0.8439059121666743,1.2589919891435501,0.17139442960872203,1.3003670132442209,-0.4631454802336596,1.7279470952062195,0.9892973775274705,-0.18355383582433113,-1.1965713245846206,-0.11027383111533726,2025-09-02 19:36:50,A,1756841810,10s
0.030258279207293244,-0.1246515601074876,-0.1873198423387008,-0.3254480092017572,-0.827240632934995,-0.2408787839301926,-0.8648347044026606,0.19209991032569226,1.6756462491357615,0.43989774111165475,1.6370686554266611,0.76140103015749,0.5277045031615184,-0.2617582788916845,-0.16186500074209442,-0.018131154825467982,-1.002668714648529,0.06750180388764322,0.4554694784566201,-0.043604928441222025,-1.1359314695704041,0.5777835550121219,-1.041477188849607,1.304788174080725,-0.7261572356559937,-0.6096122445849944,0.7257652839004769,-0.10357060041524765,-0.8132371326126833,0.0014521841247755701,-0.5583417336864627,0.8494910432795809,2025-09-02 19:37:00,A,1756841820,10s
-0.044677506004659785,0.1482681661901399,-0.2491540482631386,0.0944166489536347,-0.9229062865339324,-0.7465972008510073,-0.490103561877991,0.4818826597142127,0.527404377816105,-0.3561495031310145,0.269260662667086,0.5855420763409527,-0.5006196297527125,-0.058796226052515395,-0.07336398992403746,0.09944080850201471,-0.6815692232972238,-0.5810802944767697,1.3365938263341821,0.6047532079651076,-0.19440318494635156,0.03711635692480105,-0.714281057073059,1.7944709465771003,-0.8372792609222864,-0.7469400563260323,0.17445053705562596,-1.6697814332757024,-1.1566779813464287,-0.433552049404336,-1.6451557786651407,1.8572653184716663,2025-09-02 19:37:10,A,1756841830,10s
-0.07366179583806523,0.08764421503159746,-0.20497856138242834,0.20475927634756153,-1.349943743105532,-0.535081934607575,0.7055835285257352,-0.03842198695083481,1.1068463092292373,-0.5251203589859841,0.5599928887417931,0.0807656552266078,0.5992846324734366,-0.4573446648198661,0.3253983666237844,0.23331192745741547,-0.3628010128715252,-0.042166704365749194,1.2257254297364075,-0.2563754750770003,-0.26184844682993963,0.17313887371487965,0.49292099308343956,1.7494590187380024,-0.7195345925559223,-0.02898954072305175,0.06320834604672833,-1.1870619040374495,-0.18052098161347147,0.7444442785389621,-0.7921415056134973,1.2283331920382095,2025-09-02 19:37:20,A,1756841840,10s
-0.223997665227312,0.21638629036187904,-0.19260508206208077,-0.16685016161429875,0.029721573181426143,-0.28850735559664636,-0.10297231921371516,0.4283480109042159,-0.09743155790774308,-0.7184108583161737,-0.3780271269905894,0.615257179536494,-0.2699855145314779,-0.10735097614407214,0.01477781418531346,0.3192524994348203,-1.2590713636211825,-0.31130402758543047,0.6460810409353809,-0.3122989143313798,0.2613986041412906,-0.4876014599340068,0.45326615401893294,1.7726417046188347,-0.6341929561033511,-0.7593409284062839,-0.2887671759402026,-0.6514139997308753,-0.6446962015801905,0.21858832133010062,0.12275356579662171,0.42181798009802046,2025-09-02 19:37:30,A,1756841850,10s
-0.118111556543245,0.1687736169313297,-0.2003725333126676,0.17927663186962758,-1.2529812676801788,-0.628940466590501,0.44711139033054853,0.06503579201108481,0.6665450605445363,-0.5242841052842467,0.2341732690886894,0.345548303201007,0.21885819794972794,-0.20629338699016891,0.2388257278635056,-0.08445589121393003,0.07429132803656115,0.17704902615667653,1.9330513782730065,-0.7151067937465587,-0.034976298390857176,-0.3011377242056119,0.2790671668984031,1.770781980188297,-0.8383791109856996,0.16182258749502448,-0.05904200755427608,-0.9904392616745917,0.11118492266431508,0.19787137298565233,-2.2027231893694155,0.8970723861803709,2025-09-02 19:37:40,A,1756841860,10s
-0.18256405093409536,0.4535707944398476,-0.14344740056728042,0.13236208158544083,-0.12613750114147534,-0.1298759376714149,0.883386698063179,0.10244838874165703,-0.0727646796113468,-0.8813850927670507,-0.4220000189414945,0.37684710163860224,-0.38365556800905387,-0.07556477619498561,-0.14437970693683208,0.537989371209073,-1.3870177038963099,-0.2635167299581412,0.520652107522293,0.010235464906545819,-0.9080518806793068,0.045699531493546885,-0.5638159689892828,1.2127582790446456,-0.22414700657473907,-0.6995428226260357,-0.9818226326305286,-0.9877021652816701,-1.0230192573071732,-1.3564039858410228,-1.2184502745571353,1.13819353545474,2025-09-02 19:37:50,A,1756841870,10s
-0.25533844141535084,0.2377306915636651,-0.3428275869623199,0.1756079163446353,-0.6146144849854607,-0.572711006494756,-0.5839277662088532,0.5436233303413285,0.20559192886714017,0.023224798211704086,0.3860463200221343,1.1196017651881183,-0.8857815094244053,0.022955096500106235,-1.0003233687836814,0.486524702600247,-0.9143302846217196,-0.07948669953453588,0.36782020697855267,-0.42451625711304286,-1.5918407917504556,0.24117390288815388,-0.724425451507106,1.7180383779025754,-0.07825497115657774,-0.12064501062359113,-0.6710453775128187,-0.6927346965410304,-0.03780331691220964,0.07898415228794393,-1.0638791074553553,0.9201826914409837,2025-09-02 19:38:00,A,1756841880,10s
-0.2507458592696523,0.4275618747367517,-0.23377524433816882,-0.04623304622566971,-0.08599510298642336,-0.22296933864530472,0.8150265830476354,0.14825321424985505,-0.06028218314377883,-0.4700926612486234,-0.15373112167494002,0.8210312744399213,-0.3927542128194524,-0.11689172513164632,-0.673575363356672,0.6540178201363968,-0.9704789321415717,0.3677172875687671,0.3154955902097238,-1.0169965530768794,-1.4485485945596328,-0.04593268857233964,-0.00983776743890939,1.0627405028943802,0.3209185013675237,-0.2820723874431436,-0.8887628294459142,-0.6631610239202006,-0.10060227090157081,-0.14984831115685493,-1.0008404930565642,0.10639943479042144,2025-09-02 19:38:10,A,1756841890,10s
-0.24862171368788294,0.24870538728449018,0.006318267635996241,-0.07230970210032726,0.07725787614790884,0.2661864525239674,0.14191506936849024,-0.207316495287724,0.300923654701905,-0.9302168029118271,-0.20906509811380644,0.2612470658088242,0.7798879874142979,-0.08217869633857099,0.7486314519138549,0.1766202895979175,-0.0642801261586204,-0.17106258570652563,1.6907287752578999,-0.9300500344775546,-0.20969707762363263,-0.3597479821033796,0.08979223051866037,-0.07000911366014201,-0.7121046204125242,-0.28027569847622386,-0.06905195157983808,-0.24474445378327478,-0.17398068145543416,-0.7797394134659404,-0.5348579812219676,0.22131235646682926,2025-09-02 19:38:20,A,1756841900,10s
-0.3220298689481733,0.24905273851685708,0.03479122821231962,-0.025793031525297255,0.46103581522058296,0.3631064352907837,-0.06994657693872953,-0.3526272479735782,0.316309823220258,-0.8926765354274019,-0.16305750157783983,0.31784372007665457,0.6549900636721537,-0.027802117579807537,0.776061860726132,0.3599624982779181,-0.18080525012009352,-0.9452039580504783,1.7202887517587078,-0.26689097366884884,-0.3717362522971886,0.3649832349039179,-0.16361842951685954,0.028313964670383298,-1.4124247943863344,-0.31532939907878793,-0.5506407992366712,0.7872795566892447,-0.9492685841879809,-1.4752687935212172,-0.014611636333314915,-0.5935465273952724,2025-09-02 19:38:30,A,1756841910,10s
-0.3576784705072328,0.3331808147115494,-0.14868907468820658,0.032235494171891574,0.16856359306306284,-0.007103428671663656,-0.9867640453551659,0.06615228728564701,0.22813421012814172,-0.21249630507326303,0.21230534759274622,1.0331876720364854,-0.1679597364365019,0.04597382763137162,-0.288035650107736,0.6242298722695169,-0.32773777212754546,-0.6500777847887413,1.0775050163258735,-0.059525375731253306,-0.20598859036721984,-0.5921052166584347,-0.38131148923610975,-0.1286018390898467,-0.42889905113248555,-0.7949877321660198,0.148277455116522,-0.3600829209602588,-0.800340621663721,-0.7939170191030851,-0.06430173928173895,0.2799363076019069,2025-09-02 19:38:40,A,1756841920,10s
-0.37321232529099024,0.2557167968604533,-0.17645119137497048,0.2850141414705824,-0.47751500315627526,0.030777268373497278,-1.4176084811820635,-0.2569259853177844,1.5929126341535567,0.799541728599733,1.8929195433328618,1.2156908602230831,0.4026983887330917,-0.3029430456471695,-0.9680341771420068,0.8782239984873259,-0.43631387262638405,-0.9201689026406366,0.3121496745161068,-0.13994894694364624,-1.2581195661132303,0.3364556386878472,-0.9400857492553488,-0.14997598286274844,-0.317150431277636,-0.9198060995112136,-0.3126293980320511,-0.44050764139916415,-0.31569375491024837,-0.7613422107685173,0.12517495637146683,0.7307355962739196,2025-09-02 19:38:50,A,1756841930,10s
-0.41313350183206937,0.4567272367065875,-0.19761527430121872,0.07695353789771346,0.05697147859661017,-0.02342851827144273,-0.7193563126817271,0.10372568522564282,-0.05746951378873209,-0.09275490994433674,0.1766930611959931,1.1931186810241237,-0.6127884504947286,0.1727027184881295,-0.7944976674648944,0.9392650035956034,-0.9671391932903525,0.058422646992100535,0.40072891118545256,-0.33466939219857433,-1.3341724585640504,0.05377671909001872,-0.8559287319475626,0.6940174379530487,-0.0897917930201831,-0.11500952506466926,-0.5145177375430492,-0.27110194040812485,-0.8788886172598982,-0.6033642426259112,-0.1252580315855362,0.6771413746041451,2025-09-02 19:39:00,A,1756841940,10s
-0.37483385456006035,0.32494356629957394,-0.02188587127649741,0.17146897559411517,-0.3511534329820783,0.4704285985166345,-0.6335656402219533,-0.6174847759967669,1.1263003018254214,-0.09340012580944518,0.9858247510949457,0.6064724984430376,1.230090383322634,-0.43084838124933356,0.10575788901368281,1.0007735032646876,-0.7908990883328485,-0.6894880904227091,0.7127433086594388,0.04126333114336574,0.5570697572089317,-0.37550892537165453,0.0221140280593246,0.2668974372022878,-0.28048929634780057,0.009423593027451242,-0.09206608920240596,-0.16219848690541275,-0.2836982542500309,-0.37247823463210644,0.22616888201909682,0.5374461274122379,2025-09-02 19:39:10,A,1756841950,10s
-0.4103017710979641,0.2788241111191236,-0.0912516435091748,0.43051282992575163,-0.4984849716565604,-0.21710312326308825,-0.4262921488000814,-0.26623025253837596,0.35295150330940056,-0.6538561391243267,0.06521932887233792,0.4633354917792305,0.6277986242190199,-0.12356428848282831,0.09288260410078138,0.652315721147522,0.4592160325998681,-0.18642523374890654,1.4308736845812708,-0.8580202799163718,-1.3485942751708229,-0.17434058486263848,-0.12463850248275325,-0.7485148803127251,-0.0045286895968184035,0.2892247861015962,-0.11894903222173464,-0.5729417318973689,0.7268229795903106,-0.029158127280493655,-0.23962278910794027,0.6946067244254351,2025-09-02 19:39:20,A,1756841960,10s
-0.4525543991826973,0.23891955097567005,-0.0662542991883122,0.3103811882471158,-0.26399089563185824,-0.06978866692354531,-0.9467163791748303,-0.31163718452727657,0.33521566840263883,-0.49500709028383694,0.14390373283971036,0.6700080781616261,0.5164767557598102,0.0012510768573834367,0.33734594678254,0.7368841929976663,0.23321494904587842,-0.7777952805200737,1.8426695484957425,0.006993853219959271,0.09900999891561257,-0.2179555543552534,-0.08215802504741097,-0.04505274507052856,-0.6414958020261411,0.48836434652039756,-0.10910112721849051,-0.12467816341763677,-0.11557031747128267,-0.27717081053564707,-0.08641559270827993,0.4708996786594468,2025-09-02 19:39:30,A,1756841970,10s
-0.48920074153195087,0.2991013020071114,-0.16435547645121243,0.07263957380162904,-0.16074572069777512,0.34976197230002637,-1.5141671404540842,-0.48947517870385604,1.3495066554025872,0.7039074906428554,1.6216318414137374,1.340709493906668,0.7644344291015658,-0.32059284638476027,-0.5119843548298284,1.227015904892651,-0.3699210012219598,-0.9310687582859898,0.708658419013116,0.44892110467808655,1.013090038657122,-0.4770951141371738,0.1145403184297012,0.002056985365058824,-0.36024779590400724,0.09658455508126713,-0.050942474407359814,0.5202108063846803,-0.5580143041555722,-0.16990517285693885,0.8812435335600244,-0.18320033179501227,2025-09-02 19:39:40,A,1756841980,10s
-0.5104268092255062,0.3984031698925962,-0.01516920833594541,0.24160725437754618,0.19946563410987997,-0.5777945881009329,0.1921296179637086,-0.29106615941329783,-1.4256070001040648,-2.022358330174495,23.46114210418462,0.4423877249193253,0.03279633677774983,-0.27592244312824393,-0.13875876577165644,1.3493588729374606,-0.6416404996430626,0.5478001241057446,0.1959767060673666,-0.9528051740388706,-0.9419278718899474,-0.4522936407413497,-0.009757596945455655,-0.3319976137451336,0.6880317139545299,0.824789550720039,-0.504166463391021,-0.011906762197633548,0.09806851381730666,0.17711251474099324,-0.22414226545860907,-0.40004502973405537,2025-09-02 19:39:50,A,1756841990,10s
-0.4856219025888234,0.3036470317907216,-0.20498025726362112,0.14418993169516162,-0.41628069532058865,0.5638384951347792,-1.6541372054020806,-0.489238005626588,1.4372547633721513,1.1871906735335074,2.1050378365316598,1.7271377152119416,0.49586140725902567,-0.11254751986227174,-0.9558674319514071,1.227178165954458,-0.38123600493347876,-0.1931990508733081,0.6451747390053268,0.15489133941142516,-0.21217624183619482,0.1172729862631175,-0.9711855991786003,0.3776772184490174,-0.30200792778266894,0.7683706321352389,-0.250342180885374,0.5638952886385163,-0.3219794551709523,-0.04047929178691302,0.21673768726217413,0.6983238615392939,2025-09-02 19:40:00,A,1756842000,10s
-0.5297008060518893,0.3870624674531066,-0.10677912781384931,0.6449622852342222,-0.6054071480793884,-0.5625532308911246,-0.4238364579263997,-0.08969314636456453,-0.43962473375334676,-0.9664903303616817,-0.6196400980542549,0.4094280770349845,0.1796014104535628,0.09787068756936158,0.0627793968532019,1.2506696777769282,-0.9072234535834717,0.6079779286196674,0.4855303743621406,0.24503502269387759,-0.5561789837940218,-0.8806714709227216,-0.2099142225472185,-0.3175752092338539,0.6914162218227236,0.8919267248513355,0.07828060516294777,-0.838640922476267,0.5248496807698123,0.3967063165984863,-0.2687699122670688,1.1508830175235643,2025-09-02 19:40:10,A,1756842010,10s
-0.5966065694792495,0.3866124047234757,-0.11135177945981524,0.6020440997986378,0.19670376301229178,-0.12237984052682843,-1.236714930963304,0.06379221733385658,-0.21349733370884416,-0.2004922757084215,0.08046906839928879,1.0785436395729397,-0.3629766141910438,0.4044212073295354,-0.47691655834161306,1.213899241532723,-0.9025627422420485,0.2885927114983809,0.3637320221403506,0.22531297390338675,-1.15562807336659,-0.4472762514562473,-1.0979917538338952,-0.8492343507550473,0.16403929981731988,0.2551608420701332,-0.08957351444368927,-0.15339556137778573,-0.021039553213691078,-0.25266113273414526,0.19352551488670808,1.0767720490249608,2025-09-02 19:40:20,A,1756842020,10s
-0.589684609941823,0.24805510719300433,0.11051577266726027,0.6436013114338365,-0.03244466226197362,0.15496713198738638,-0.8858424936309688,-0.7407771586372298,1.017334517169056,-0.04335839232445502,1.018233606829011,0.5282141935272878,1.3835049065933418,-0.04789806709583397,0.4459861387051293,1.2718025606999193,-0.8584403380501267,0.2471143299926747,0.7791062049978961,0.004514384879999846,0.514380095421637,-0.5441589273715923,0.10633609232244953,-0.5260476851136505,-0.13889423527265857,1.0569038585256436,0.31414695197620296,-0.12613398579309543,0.2401605850383464,0.11766653063805659,0.48102291604272757,0.6794852849783786,2025-09-02 19:40:30,A,1756842030,10s
-0.7983842339279301,0.342673818780112,0.11534152376172974,1.7848783483105952,0.42214357920538126,-1.1633043376580288,-0.3981443166354807,-0.036413822042363236,-0.06331336693202964,-0.8706058356986749,-0.3169832254842583,-0.10020352187042629,-0.4213343880934756,0.7168477973775371,0.5973095880557455,1.0029873474172137,-1.5278634585638349,-0.045490973584328895,0.7078667228342068,0.6296816702915664,0.02584607334464107,-0.560704233067116,0.03432730196439043,-0.8672460282403402,-0.4269165621550977,0.5747353119445959,0.3767398390837645,-0.5740834188500811,0.05802283694876588,-0.5153319508016004,1.0487865264742176,0.4098387851035414,2025-09-02 19:40:40,A,1756842040,10s
-1.121496435442372,0.5572671130398551,0.41177992911901057,3.7991751203287496,1.9582795624107654,-2.9799888858353496,1.023162377472355,0.4060295409236629,0.7493907464571578,-0.5683258018245175,0.3111980253853696,-0.9355969793701111,-1.4789042188262809,1.1020569261121607,0.34666759558030213,0.500209442059735,-2.074810156615612,-0.8627557684982501,0.893715298088694,-0.8987102905456378,-0.2688188476713272,-0.2117183386406135,1.4430933852435124,-0.5851167152699888,0.01796262721113,0.47590953674771724,0.04236662054607119,-1.5645512813728528,0.29630032636273396,-0.09458644904469451,-0.7220071764620594,0.08102099259784833,2025-09-02 19:40:50,A,1756842050,10s
2.3187444427912163,7.6126981591315275,1.0987172747224276,-2.226605460704079,6.718753460158656,5.796599560099828,-3.2042776509853272,-2.418927609996317,1.8945209265358898,-2.0197663416132046,-0.22191899473592677,-1.9331245902192034,0.022862881000162438,-1.009382313519828,-2.841261779130213,-0.47344553821933455,-1.6242250060235848,1.2627037897681714,-0.03550463375712398,0.46913018273213686,-0.5076270533019444,-1.9176410925899656,0.4729009648754694,-0.8403706008404991,-0.9590894010713373,1.2948277933407746,-0.5129094946138504,-1.0578398020668267,-1.470621753397627,0.6920247107781304,0.7138594472360459,-0.6175083097956604,2025-09-02 19:41:00,A,1756842060,10s
2.6272504733550734,-0.36101489314890395,-0.7955445728813554,4.469129536248035,-0.5734453121945509,6.513707576081665,-0.6438928349948894,0.6620764444327855,1.151657867233759,-0.269787420426204,1.475068051669537,-0.11042208800172104,0.7001599792577818,0.40445075741114156,0.23866049869080674,1.3364178391990968,-1.4110631300096679,2.5530606622778964,0.3491159280480857,0.8345725954982443,-0.5131758319188254,3.2103560976052106,1.6110531784513835,-1.4621915157506225,-0.13944232131573975,-1.1588738045954483,-3.0887314613518857,-3.10052613544506,2.449824425625632,2.6654409461209654,-1.885700017713211,-0.36718637564691736,2025-09-02 19:41:10,A,1756842070,10s
2.148366538980861,-1.5891224089807876,-0.9805330539981457,1.7872026671167704,4.927472448674726,-3.6421185655651196,-0.7446350998660038,-2.1303382996245253,0.18423250254426293,0.1829852288904652,-0.19392749156552266,1.2889647115112857,0.140882403950818,0.5828600453194995,-0.5289564553708676,-1.042750137457082,-0.1422857376427943,-0.21209517034410938,0.8945602926790958,0.8550923013089633,-1.9657386476713556,0.22622768707703994,0.2889683672708865,0.8355019631428328,2.1890882814451884,0.09263225428874992,2.0439967470769305,-1.6016973022494554,-2.597948558264294,2.190659787175696,0.8012784098067783,-0.3938810003492416,2025-09-02 19:41:20,A,1756842080,10s
1.5105623443679066,-0.8210338941129788,-0.46411862511224383,-0.14554611187728128,3.3747437225199115,-4.164086074694039,-0.1394886033734053,-1.1369015359749568,1.5571127126186486,0.5740775305488395,0.9107638494968187,0.5028015311251323,0.46890696813191907,0.3810016779534126,-0.3215873541896148,1.0776110651841497,-0.7413731011457618,0.7763541942579513,-0.2540541183514363,-0.37446793022280583,-0.8662286509626178,-0.1909209562636299,-1.2057512271377624,0.42009754079570366,-0.34654421488996245,-0.6866843804940043,-1.4239996798670458,-0.21472593685629024,-0.6511372321718822,0.5463602107449528,0.5119786998563038,-0.02192713795187929,2025-09-02 19:41:30,A,1756842090,10s
1.1229400402948433,-0.6760665607838433,-0.29232905379810936,-0.5989095698034893,1.6686055601424319,-2.1938963315167888,-0.37650777845766464,0.8777976070892326,1.1291142604142714,-0.3917612952281715,0.13560732685051763,-0.28541944613553827,-0.2683584520015338,0.8361914249956424,0.9652050561234674,2.2403182749685713,0.7476667167462848,0.09533516593717148,0.8892520062674331,-1.07461600589009,0.19200681653402826,-1.5869321621985668,-1.851427681260721,0.5697511838531678,-1.1731653325714702,0.0870160134705608,-1.6352512180119767,-0.45916271379977297,-0.42700346472029416,1.4971110490401487,-0.0313196402221299,-0.48839353126950347,2025-09-02 19:41:40,A,1756842100,10s
0.7940773359813162,-0.48330643573546656,-0.2866779147755429,-0.920331959863678,1.3650925633256237,-1.9321149412447018,0.7937145619764403,1.1171283323360652,-0.8886210507713653,-1.8199617501020875,31.089748518476476,0.026064095484316412,-0.8930376778894107,0.2519690032183047,-0.27808266179918084,1.4257132126486436,-0.370953388478466,0.9669137310875887,-0.2917801800571473,-0.917618328411556,-0.5183866780963453,-0.8329297501448685,-0.21014333201897914,0.21518560565553913,-0.09716841098496275,0.0008507011561777072,-1.4437106326075093,-0.2050336585669286,-0.27068016501374753,1.28941296890008,-0.15339605377172763,-0.9133782755084995,2025-09-02 19:41:50,A,1756842110,10s
0.7086607351979922,-0.45507340669716756,-0.18973802166628226,-0.5445690473132344,-0.6083978286592159,-0.9006082259929413,1.2257884763191373,0.6623221549792228,1.6133054964885707,-0.3636564161704624,0.9230306331288501,-0.5553175902769418,1.1091704198104897,0.06880259709999159,0.3747262338984426,0.28452746567208276,-1.017242021713208,0.7900666601299708,0.3640942965873697,0.6144897656735723,-0.09662562096294389,-0.3295755209317289,0.32077145407972735,-0.09946243180617204,-0.20376221932989852,0.32781548100358765,0.8052018736781543,-0.5878284577026995,-0.6551300006063991,1.025739507241392,0.47831875538641666,1.0530439107193807,2025-09-02 19:42:00,A,1756842120,10s
0.6315572914979631,-0.23393046069936607,-0.28276234327594996,-1.2528904442342932,0.33401484278631094,-0.027547788198357116,0.5823560317407137,0.907875446620953,1.898251356300243,1.0184984902746899,2.087692416942683,0.7876932515578848,0.41141048957870535,0.18713935722406727,-1.1084793291612047,-0.1637714706891248,-0.8863226818599443,0.46296319389847884,0.2739598739748701,-0.8790949741715004,-0.974176698417285,0.16962856291846826,-0.4777223603556347,0.6127089915987163,0.9237056071449032,0.8818295454873171,0.0017776068231359565,0.6322088370992446,0.14339287556947927,-0.05052173812567321,-0.48982663002218235,0.5749084085528279,2025-09-02 19:42:10,A,1756842130,10s
0.471557320800762,-0.3113263685801398,-0.23004979450818913,-0.5761052271541189,-0.04453169712361417,-0.9969991628322311,0.09796109442007049,1.5214194256976226,0.20353256896819108,-0.5772943776483411,-0.08428598501647964,-0.025084573946633815,-0.43136916618100535,0.66209994193021,-0.1986747888861195,-0.3216102825648572,-1.616928577714751,0.12470188920269665,0.3647313809818884,0.92658871954167,-0.7759891399476706,-0.30800844942123107,-1.065895810328593,0.14350482017529786,0.3272498932235143,0.13164574814262517,0.1642586327933613,0.5932293071698125,0.21860016890760983,-0.363119727994358,-0.5614019055176058,0.659792462870135,2025-09-02 19:42:20,A,1756842140,10s
0.48737149061962526,-0.3374443213694891,-0.18807712824248513,-0.8029025214316486,-0.2761157839899672,-1.2176071660073708,0.48538875428789724,1.7436243624819312,0.04874962917413148,-0.9095223641296853,-0.4168704792594558,-0.28681412207944795,-0.04828106112622936,0.4227042977078121,0.050076841832410846,-0.4204220886672368,-1.7809547657117661,-0.3049306878124216,0.6164815557973045,0.7746046210500561,0.17047347990589473,-0.48127941520487755,-0.5156606146824226,0.8487233920879664,1.6283504765244818,2.0232624851031455,-0.31186182997474116,1.7289754434337283,1.7594114583484461,0.005713066990130861,-1.7761360614645005,-0.25580630372319485,2025-09-02 19:42:30,A,1756842150,10s
0.44642125064918414,-0.1853064616412626,-0.19509073624305415,-0.9638442041080969,0.5156080495677247,-0.34932052842467454,0.6817842384758347,1.3330140316012107,0.38631693814851487,-0.29099778717842967,0.1841334110682775,0.19567158580678137,-0.36625913368712026,0.7064145420229282,-0.15322635153686756,-0.38994629594096686,-1.4029236502250007,0.08905330388777523,0.9318079954064237,0.6302151133100775,0.3897542902728964,-0.20276084510391817,-0.10877148291673738,0.23212229136041568,0.49975996536563194,1.1972989834499452,-0.43836303874972987,1.7360782459142945,0.895588014610696,-0.7827584070999976,-0.8460701178684267,-0.18424878891075566,2025-09-02 19:42:40,A,1756842160,10s
0.31134410053878486,-0.352669429862352,-0.1093399530790222,-0.31058653557168503,-0.582362638463369,-0.686019202364837,0.05517360215456879,0.6675538048945504,1.5525323216136284,-0.3105674322815826,1.0389398844623656,-0.501940252406625,1.0952862142590463,0.07716576209911033,0.32045077144437145,-0.055560279195233264,-1.222615495622233,-1.0083146663945135,0.5416343794177645,1.3556515175001218,0.13408151497435386,0.06679892243184869,-0.1718958379186726,0.047158121325247195,0.45963382005952114,0.22798104482380988,0.6865885806223431,0.8330764226160375,0.4606891265997336,-0.13273048268472948,-0.40590606819895697,-0.115586996461277,2025-09-02 19:42:50,A,1756842170,10s
0.21711797627831192,-0.10102302146942678,-0.21025196042882577,-0.9089884839366962,0.36732919353222554,-0.32916043867536804,0.2325377192559599,0.9817314051263099,0.4361910712396656,-0.10138325669043273,0.3741275511221655,0.42849804772198175,-0.06337968575285356,0.5623224502655338,-0.38753498604385894,-0.34314527718828913,-0.6502369616699764,0.2743468649080232,1.0181362891230221,-0.39421823468215217,-0.4414346016622173,-0.32849593499925317,0.010617353217249026,0.5437201019377921,0.4049297026187764,0.2767568278296158,0.1582844789016447,1.1330825140115737,0.5556774286328247,0.1685618646268996,-0.3359433737683661,-0.46053914633932574,2025-09-02 19:43:00,A,1756842180,10s
0.11708464266850305,-0.19466772524751302,-0.1088902405252581,-0.38358821603940013,-0.32596569036705786,-0.21841260240066523,-0.28220172233347646,0.428684450108883,1.4578439691613474,0.08156314486681003,1.2536296799178346,0.002678204972316981,1.0632064523207525,0.06631916452278967,-0.04855285043093225,0.09764396459089796,-1.0049639186571406,-0.8692785624329019,0.5916051558936886,0.6392277585544469,0.35620034733416717,-0.21506760986524545,0.1169896333679318,0.33275952989311086,-0.6486814475805706,-1.0199801720903847,0.2781762748448063,0.057412095418349685,-0.24092934596898527,-0.4199480649446766,-0.07403766654894162,0.0031031099053910184,2025-09-02 19:43:10,A,1756842190,10s
0.1453851703917473,-0.05675539074611856,-0.09161975904471555,-0.5400199640205444,-0.1754476172941893,-0.45986221530614446,0.045109338006563436,0.710688792619372,0.5998546717790435,-0.5170998100478722,0.22087822496553566,-0.12616892619632353,0.5666389510893655,0.4549652304930414,0.2780288551355135,-0.5096502544723654,-0.11125722733661232,0.009494795088066058,1.7120906815892003,-0.24193632085138633,0.03777825557002282,-0.5823881010577736,0.003300451159669356,-0.002197273215468466,0.0166304957092052,0.17216255283925352,0.4612998496144798,0.9345285505218699,0.7607759823305429,-0.20814447645895875,-0.7165314592930925,-0.15233294778975334,2025-09-02 19:43:20,A,1756842200,10s
0.10670040977333492,0.09714156635086539,-0.5205096062715832,-0.5006937770048439,-0.18263205217719772,-0.5025709818840836,-0.6388875158484083,1.3479411813158237,1.0459105484255202,1.28698388009487,1.7516796875358498,1.4818784638459266,-1.2309311281968867,0.49558867295839415,-2.194960543053822,-0.25915787454094547,0.058488666939458325,-0.8650142167462107,0.7796478514466835,0.06559737308878445,-1.5688865178885367,0.30040426291313077,-1.2218677567658671,0.6162964828935185,1.2995160839734616,0.30932588581231857,-1.1484429895697996,1.6986800861945754,1.398818382887016,-0.02259707887269658,-1.165319286442302,-0.6867277423627355,2025-09-02 19:43:30,A,1756842210,10s
0.008580028288895784,-0.11163402905413371,-0.11933082753451534,-0.1128766303413484,-0.8031968837352802,-0.36582597181224474,-0.46428344926743825,0.2931532782771488,0.5798829438023393,-0.18476994338992253,0.571017054441318,0.06682858936583154,0.44562158961131587,0.5936422322104985,0.11001714855440006,0.1628886083197515,-1.3544800874630898,0.7962492295581515,0.7077629817712967,0.7933603847362588,-0.3747854682960164,-0.23129588230552678,-0.7035695923614756,1.108926251136369,-1.4419970347465372,-0.8340202092476983,0.9631661294135925,-0.2885281195605652,-1.5419677455026322,-0.5436194400667171,-1.0304962268641062,1.0081199741872167,2025-09-02 19:43:40,A,1756842220,10s
-0.11616788506922265,0.13337344150958608,-0.30314336261269,0.14830775726015716,-1.0615387078018288,-0.45051508040560306,-0.509855799392243,0.11430529890168045,1.7153501071313473,1.0023485235925078,2.1407623564528664,0.7354279191376953,0.3427809166904559,-0.08155292101420003,-1.5192644785524723,0.652919444745159,-0.39579374225618635,-1.2160946985489154,0.4263836454970783,0.21929251892863838,-1.5518016146562181,0.7881719362035117,-0.9031700073557805,1.5783429039746888,-0.2487572537528096,-0.9869931059430289,0.09411150539159198,-0.9154090421735218,-0.6549409119666513,0.37282301770509874,0.39385259322195026,1.4355570910516788,2025-09-02 19:43:50,A,1756842230,10s
-0.12275360450642342,0.3003424123624574,-0.31404221657973724,0.24254096278723422,-1.0721434837385158,-0.7994956311040948,0.7359589193694983,0.17481643154719856,0.7308115809932236,-0.08910668930350191,0.5732255810918907,0.18438385731923357,0.1720632330776162,0.047811258814509,-0.703685108178677,0.27734799138759275,0.6930316415976466,-0.3545700708406381,1.8160144726737206,-0.4954405335590764,0.16348238187741712,-0.6118160644233487,1.2442842976362076,1.360264666982712,-0.08758857289107569,-0.20961537894011617,-0.18053188031762682,-1.3420563739698457,0.17645115016487276,1.0723294993207682,-0.8805744972026978,0.6203672218412176,2025-09-02 19:44:00,A,1756842240,10s
-0.20288403004070912,0.21968808634688283,-0.08275002959335598,0.14990817223520125,-0.0802086284231886,-0.23583643297755286,-0.13886096750321808,0.4185847819612158,-0.40494866831778265,-0.919872724378049,-0.5670464285841761,-0.12894419918723593,0.2710949058975743,0.5358094706540381,0.07758119402790187,0.277102492902073,-1.2581594402661775,0.4692133451563629,0.47485462995696354,-0.10767496782783377,-0.10607713805635446,-1.3122360307834728,0.013406956752279143,0.1146836046777119,-0.43572714644323723,-1.312503903374065,0.2430620155979756,-0.7169418943146113,-0.24845288464518647,-0.3863870147535343,-0.1758424816200892,0.7619887278511926,2025-09-02 19:44:10,A,1756842250,10s
-0.23635890818575192,0.14876668587234937,-0.11657148164743308,0.14225704735263275,-0.21306106652729936,-0.2550045917997123,-0.7084200700411797,0.14782596626243058,0.4444135940253442,-0.1905421076333795,0.4705831955367905,0.24896690462056992,0.4744545010091262,0.3887061741449095,-0.2472400035941809,0.07721374856351378,0.22372503230934873,-0.6915697527682316,1.5898414240049203,-0.4624428032079231,-0.9624258730916201,0.0269637845605988,-0.43752982541676816,0.1995186259625467,-1.1334217358739558,-0.9731422473989851,-0.2656784495463084,-0.18659275755949184,-0.111124567117329,-0.8830327809005547,-0.4234660717263958,0.6036263381662839,2025-09-02 19:44:20,A,1756842260,10s
-0.16185137358400192,0.25117940444324227,-0.29397690678685817,-0.031968657624064006,-0.5934976876719746,-0.17667050746369783,-1.273310724878434,0.21145056087729458,0.7213129108143169,0.6805764546023596,1.14893278495547,1.0213317502605623,-0.18591342862725518,0.5203093612170429,-0.7372157751858459,0.18614455884737213,0.4246748025283671,-0.5393373469588241,2.1125836465763657,0.6971848673548255,1.146899367351668,-0.7964915204928823,-0.3625166731361409,1.0102682631956517,-1.0681155754157539,-0.4352941645043746,0.30873071774710875,-0.4029798963343205,-0.9791227321482235,-0.3952343867859522,-1.2616232911901217,0.9340696686530567,2025-09-02 19:44:30,A,1756842270,10s
-0.2155927789407761,0.29903561632242054,-0.24110252464549772,0.24854356188466123,-0.9265221792105006,-0.4706624769442798,0.6171789075668294,0.22338499913795476,-0.33264558299000424,-0.7089908158026081,-0.35854054002145175,-0.013770300650761999,0.14487624157215512,0.3670937117143535,-0.4558086570921419,0.7576931894746147,-0.8409406002252513,1.1709785019135013,0.3107649945349351,-0.1482735156353499,-1.4877847994007525,-0.343845914829607,-0.07210822503706425,0.8912181949001672,-0.09928917251711467,-0.013187750571372916,-0.2581978668536051,-0.2755525508755961,-0.06779366872110548,0.4456075777614996,-0.7485492252031409,0.4887920942087125,2025-09-02 19:44:40,A,1756842280,10s
-0.3339310648792332,0.2903690763003039,-0.16309692217833022,0.013623107528655722,0.34389649923871024,0.11290271029818028,-0.9976777256719708,0.26846684314918806,-0.30649040912724446,-0.1831303299484193,0.04796004591551694,0.625628446864158,-0.18151067050040953,0.5879800390669584,-0.6676814502647238,0.6723519934836819,-1.0772040744743447,-0.510759622278034,0.3566564243537528,0.4932369076871727,-1.2633267426303818,-0.07024828542720313,-1.3646051878441465,0.5827507528229227,-0.6926502315021547,-1.020547692814831,-0.2045120128351267,0.7910699357270338,-1.7250515801534727,-1.4785370381111311,0.348242831180241,-0.05803719732685575,2025-09-02 19:44:50,A,1756842290,10s
-0.30590914305615824,0.1572279044715749,0.014930297079520625,0.1651789394245813,-0.3166067836211319,0.1374074690765651,-0.9418008470533952,-0.4386357349248442,0.9731773758403517,0.06997422730383734,1.1052195297652447,0.1200577454258484,1.4606454743144788,0.0982158752872948,-0.11353135316627332,0.7204254968849376,-0.8558302238649311,-0.5594076750722793,0.5198554549782941,0.05335903720006749,-0.5452025303545135,-0.09941705970703756,-0.6909361453540172,0.13245153457047995,-0.5363127967972835,-0.7900728730990365,0.05068409786353116,0.13685308120948128,-0.4486459542517791,-0.8433761812369284,-0.1519728636613102,0.3473596472782133,2025-09-02 19:45:00,A,1756842300,10s
-0.3798852897635484,0.2679981177161639,-0.2942515952124099,0.4275724885696594,-0.8464791164820242,-0.6793304022374813,-0.6528878477775482,0.3572194224700267,-0.17290196147710887,-0.10128677819378507,0.17569710282640982,0.47959148591623096,-0.29424823856368976,0.4742459649338023,-0.9790526853772048,0.8731207809960753,-0.6209733720801726,0.34129903251902793,0.29364852097238964,0.14572761288090638,-1.485304274488239,-0.30882177186045257,-0.5570113039071655,0.7609342145700292,-0.19740616290097146,-0.28714468289449935,-0.3501202242545494,-0.3536120554467668,-0.0139812998623509,0.505362208218453,0.11509975003159327,0.9741420751149171,2025-09-02 19:45:10,A,1756842310,10s
-0.36976300458638434,0.4409160251080826,-0.2614774762724591,0.21249144097601289,-0.4960685302960008,-0.3718872521939418,0.025339408943519038,0.15608411557428314,-0.3902084074121358,-0.37216025887210896,-0.23928791284102238,0.40762291560149216,0.07884267994318485,0.24487384693844402,-0.7231862715191096,1.0758711023205336,-0.517299431134249,0.36315234051739226,0.566073870345204,-0.02666143638869462,0.4172974880465482,-1.3755007555830505,0.9537020086145135,0.6336506379178455,0.33521390504772974,-0.09063530318970145,-0.3606770741593398,-0.9068715622712915,0.19330219611945,1.069768435615022,-0.01828381894768847,0.35962300684963017,2025-09-02 19:45:20,A,1756842320,10s
-0.41741633970060327,0.2995627944700289,-0.2023368879290407,0.47097765631888244,-0.7185110836938778,-0.36976143685531,0.23202175296809702,0.006250117789674907,-0.5310257979180716,-0.8179104283055353,-0.5590036126510839,-0.06410119129130896,0.38715381880584515,0.39063507975185,-0.06390235522307594,0.9704734786853049,-0.7639328208436079,0.95243516305866,0.47096860094413173,0.24143932971688342,-0.11637359049844685,-1.0049498980640545,0.5907154102798648,0.33164834687383465,-0.48550106878128574,0.2423392683124933,-0.06971640018198037,0.026753325073730707,0.03525243886848842,0.8461187887276973,0.9324973395252292,0.6357102275091004,2025-09-02 19:45:30,A,1756842330,10s
-0.404024108012784,0.3644199723066456,-0.07556224234624499,0.14304179694535166,0.04050760641203578,-0.06502799997874373,-0.5533868218090321,0.06296652086081247,-0.6704956277233145,-0.5653075725768271,-0.4705344434652387,0.29444603270596714,0.4053420644246024,0.5012688359242277,-0.21232832592165682,0.909456159668124,-0.9784966364384727,0.5945811117491441,0.6304260512004661,-0.4644392673785314,0.3480484137835248,-1.4729767530163793,0.3373836747346066,0.21110755407182713,0.2552714836812023,0.07749773533311885,0.15223944027632236,-0.771580600989724,0.5528420132892637,0.5929139378357844,-0.24544140943218884,0.7114951173820494,2025-09-02 19:45:40,A,1756842340,10s
-0.4833643538520755,0.32734379537795744,-0.21629033793119917,0.4628040281342714,-0.5096268027208244,-0.3447689878301493,0.08854279245546927,-0.015071062616267434,-0.5454915787808569,-0.6304839576423912,-0.44290842572532946,0.15436670214971307,0.2807726787394487,0.26517992692447195,-0.3596041129145388,1.300909163567054,-0.6862825485661701,-0.02750224717934164,0.5709625156476148,0.366166369029524,0.0033388095461531976,-0.4875909217908305,0.8031248707130227,0.7695058953623974,-0.26467042192827783,0.6037690377000658,-1.0108617421807826,-0.07902751696867759,0.5587698115622152,0.8721614613763692,0.43453779627538053,0.21228112563408325,2025-09-02 19:45:50,A,1756842350,10s
-0.46290919565436456,0.3627591009084559,-0.11093780332922581,0.27656474496975214,-0.04704070873798008,-0.12804334286735897,-0.8262115745963546,-0.0009298788713721901,-0.5839799290150484,-0.3547649112681662,-0.24084901434633368,0.43088872683881396,0.1844718767365421,0.5904845440547363,-0.3843597935832574,1.0890751922616564,-0.8923144202518146,0.3718165284434905,0.4814779584785249,0.1627613446843331,-0.4915281884477085,-1.0065330669016197,-0.6095617474443827,-0.06377299800600976,0.19872353952376326,0.01570973833636049,0.30222650652092453,-0.2799009896212816,-0.5081368726069836,-0.3605008709269049,-0.44718331906645237,0.37113093927801516,2025-09-02 19:46:00,A,1756842360,10s
-0.5384711769202228,0.44555767232814236,-0.25139780118335997,0.1457750182727059,0.3585255201167934,0.0544007724330254,-1.063321859545775,0.16271135850840654,-0.41140269236192234,0.2079146692871228,0.1442723331233097,1.0320642803000766,-0.14103600939892735,0.3705733076024901,-1.03915199641755,1.3614854083499204,-0.3633083077727755,-0.42106139630057454,0.6088936490164022,0.3615920734379832,1.0083715488925569,-1.3476421745645673,0.9964800524332069,-0.20272457882117337,0.17423920149915212,-0.0013430616756749,-1.0647045712761924,0.07951688197928503,0.4892153055543631,0.5579408329894001,0.45456631722666524,-0.6835783051547801,2025-09-02 19:46:10,A,1756842370,10s
-0.5237736348119065,0.425756969017803,-0.1140182189756999,0.3402197664546311,0.09732837210146734,-0.05997989264879456,-0.4256002429336672,-0.07099826810870423,-0.6082070188152987,-0.39345536004829046,-0.31408479066330647,0.38567437814129485,0.22096411700927074,0.48267692988145516,-0.34036838451033524,1.3152505327075141,-0.8082251643041615,0.09805059195469232,0.6532707731751809,0.30956919947168626,0.41144122047681897,-1.0188376496700522,0.3568947359837342,0.029215290197539445,0.26377815111034875,0.4929860722544032,-0.357403375936756,-0.20520748332055827,0.15988276759128342,0.43285596811777666,0.2324861034618395,0.36061240759966057,2025-09-02 19:46:20,A,1756842380,10s
-0.45289262224917914,0.4245545424140897,-0.08506735496759056,0.4526062482747865,-0.5848479597833577,0.30828858580812296,-0.002095395604341619,-0.7782161208911383,0.9661419834660155,0.5604762519481735,1.4333632008107673,0.45955999115766394,1.2842885777804682,0.014900835741191101,-0.6838797060026662,1.394503365060178,-0.3563163648587723,0.03179875126754066,0.6198652516481759,-0.23134997424742904,-0.17723786464468413,-0.42292684328897584,-0.10696561501072666,0.018015642807233185,0.8034196619367865,0.8175833717988327,-0.15254062940153998,-0.6130718354890291,0.7129775208295537,0.3888301969841969,-0.5217391412540452,0.8868199185332174,2025-09-02 19:46:30,A,1756842390,10s
-0.5635078315691086,0.23117199194199367,-0.0228723944129264,0.9793068135616104,-0.8153261487444786,-0.4001667708401572,-0.8166112472674433,-0.5240861039122772,0.45834800989882285,-0.3314175651117996,0.5101760755004917,-0.21794271143264748,1.2502146757670658,0.1834583902045111,0.2601294127836235,1.1568248113848763,-0.09345537058515921,-0.797749186259774,1.233819698551375,1.0310391725978403,-0.06773983827218666,-0.22361991190268155,-0.4243287021665482,-0.2543935294550469,-0.29425421982149663,0.8327510686218738,0.03008594615187744,0.04183255345683406,-0.19447593303744845,0.055444531617269914,-0.00013345740207470095,1.1345211114780585,2025-09-02 19:46:40,A,1756842400,10s
-0.6209258848814583,0.4738697350237453,-0.057960647570358285,0.48053981285750264,0.2189503343503531,-0.2553270530716203,-0.6799371723085675,-0.027045352161749726,-0.700475497426575,-0.3252339700716912,-0.29915036897783787,0.4279978798334822,0.31642100595608036,0.399603721417935,-0.4493274717472156,1.3987812237011206,-0.8126582733336208,-0.2241139613770544,0.7529787843559238,-0.08974545352865217,0.43695330655789105,-1.0819119402586028,0.24432656996045096,0.5180608264511726,0.9071517163663487,1.21391626419772,-0.4209240896110862,-0.6296212661295667,0.7566899413396918,0.5954327327691644,-0.44666060804195756,0.47014254193325716,2025-09-02 19:46:50,A,1756842410,10s
-0.6998445351683933,0.45476920617009325,-0.1874840279521858,0.9736463625131707,0.0768487836123384,-0.5297247959174151,-0.4972938044310365,0.0822450029936167,-0.31130360599419005,0.12749929563350582,0.19730704362804052,0.5792399925069982,-0.31189463856542976,0.4674712317342056,-0.8804405295205044,1.4821067723741717,-0.5264230980253768,-0.4997580959822488,0.7525730392584054,0.5894133073684759,0.7201853124545655,-0.8701572844037962,0.9328592883141258,0.31515139555015564,0.24929138716629962,0.9934480624865683,-1.237294583317715,-0.26119205451944705,1.030639529387508,0.488119846955502,0.207959422423055,-0.022741052270479192,2025-09-02 19:47:00,A,1756842420,10s
-0.8558074592941675,0.3756102173146936,0.08819931408212021,2.37859886104292,0.09346264883485204,-1.8834409368931833,0.1277460442471285,0.029530597491782405,-0.04017559220433378,-0.43364881741405514,0.04268244358294328,-0.7210468132202277,-0.5658491087771724,1.067149108240111,0.04125289320926335,0.9032729179791135,-1.3411367036543544,0.016473049259274748,0.6792458108303919,0.2948778835021996,-0.5251115638283922,-0.5210663921374354,0.24735442660307286,-0.17102134151063023,0.015399706802420962,0.9136703712457996,0.40256280441375036,-1.0037781131999448,0.49727730005629334,-0.10753566201616566,0.2694281451368422,0.4501831930511364,2025-09-02 19:47:10,A,1756842430,10s
-1.3101032392016358,0.8970783472327981,0.6131263775715481,3.4274529025328073,4.863866722241177,-2.011779307565814,0.6027595943913738,0.7757096149260656,0.4240220488263096,0.2668182173243567,0.7869348832221745,-0.5279296600093784,-1.1505342656025752,1.1851059135418167,-0.5062754898849572,0.5412964886048505,-2.07796528308337,-2.8067323247399427,0.7098867617593955,-1.6578317706765673,-1.0404498222975513,0.820366395178031,0.14426820545317487,-0.8814266947455189,-0.07664906486565701,-0.5105673016613609,-0.9108282443511037,0.9101412036985933,-1.1633541072534812,-1.940974304579064,0.19878781136957865,-2.24993259033128,2025-09-02 19:47:20,A,1756842440,10s
2.421347884031625,6.764445271563085,0.6877036900271019,-0.8678143998234916,1.7975886456264887,0.3091673913206396,-5.938278868959597,0.577395707249551,0.48725391890969805,-0.031565221014602546,0.5863489426854892,-0.13086808732553515,-0.00428283080891518,0.6510168730820519,-1.1000289677803101,-0.47944508783059525,0.11320022932538239,1.0763144027178315,1.2196957216543995,-0.5098089380953622,1.3630030251192364,-1.886806517306742,1.0268029488334158,-1.2956978948819848,1.7756450233798358,-1.9196907545457869,-0.979337390488752,-0.8037511887080933,0.33154778868345147,0.720313869299328,-0.8606660633844525,-3.7234344082866047,2025-09-02 19:47:30,A,1756842450,10s
2.407205355572961,-0.8853564623877529,-1.097714403109892,4.643156526965791,0.7000226174272609,8.31260273695253,0.49314776033182706,0.7807176290418126,0.21198275329517577,-0.0617113834933634,1.1626845409325464,0.16032668961772897,0.21195787275066177,1.0660046316796117,-0.0374201952242057,-0.3767967536989532,0.0723150250234469,0.8696255074687006,0.856930250501951,-0.17199685378155602,-1.4016298858195961,0.5695495026141449,0.09804358801774145,-0.2537636095144536,0.4338970942555584,0.15200051312746868,-2.8797894553231154,-1.3777800430413671,1.3996483046076569,1.6169210204872426,-0.5216979717911029,0.7229172343646512,2025-09-02 19:47:40,A,1756842460,10s
2.0308168201120615,-1.264974276003185,-0.7214309651258022,0.9701966388949642,5.9965646657972815,-5.860903433893995,-0.7397771389344203,-2.5338331219620294,-0.4986282419096197,-0.031243757370775303,-0.9873430293702902,0.5432347482371611,1.121376223149776,0.4681042715242208,-0.4958217269448485,-1.6260888138047336,-0.4374309846918824,-0.4837277208532966,1.245487729913391,0.4567878828769432,0.07547097839925093,-0.4132791087267647,0.9544575731313775,0.36923221608494644,1.527895416200487,-0.288624382012152,-0.45196564594694144,-0.3950827469794414,0.49462428828026245,0.43034780305725445,0.1373733402617585,-0.021477277670268573,2025-09-02 19:47:50,A,1756842470,10s
1.415505650735537,-0.6853308638487472,-0.39025926421653884,-0.17077862811345973,2.819222793157207,-3.2263343552690804,0.84670692485316,-0.262767325471444,0.520388294735006,-0.16732081900010126,-0.18456411727158162,-0.5643370578577118,0.24836054823151962,0.947804329155901,0.3847406714597558,1.2833503544209228,0.4763781481555007,0.9110978629184401,0.9193199931950858,-0.6694684345448246,-0.176113645168144,-0.8205897395426527,-0.4110054265680263,-0.3788626347716276,-1.203641017357044,-0.3953176958322745,-1.1158151519933057,-0.48457127559837465,-0.19885653267263517,0.3477632113857287,0.10939941149189208,-0.1586447591268691,2025-09-02 19:48:00,A,1756842480,10s
1.1693123892953794,-0.47546363025998195,-0.40856737619265887,-0.5369631391212901,1.6641951047385855,-2.094336983353554,0.7559650845844561,1.0319315117466237,0.7142055572486101,0.13982041378271393,0.31071677045788165,-0.46332309150609763,-0.701128535025894,1.02544120697519,-0.15404782628761843,2.655100647402651,0.4960055664489352,0.3057320933019547,0.06415907916417453,-1.0986706922105574,-0.9254690255680709,-1.215220427024538,-2.0097364116614105,0.7311326410404441,-0.09190824615197953,0.284153765416809,-2.369679974020716,-0.534213903487038,-0.24666911065625474,1.603479910624486,-0.017020842923421608,-0.46487371186325654,2025-09-02 19:48:10,A,1756842490,10s
0.8508281438594248,-0.4872212579531544,-0.1895838049136872,-0.987983639918995,1.185575649324026,-0.5906265215314432,0.44033695347561147,0.8353811350647942,1.5336261012860384,0.5410801347192968,1.4012042779217353,-0.40550968665206527,0.8626549449924215,0.4911951078244459,-0.1349972320033226,0.6690097160324727,-0.6867104706852071,-0.34361409842401486,0.21334828387874263,0.08109905529967025,0.7605398230969956,-0.9351508326405578,0.12472981318952078,-0.24700636746192486,0.2572715430108558,0.018877652434876664,-0.3726625794221193,-0.020291690185932403,0.38747803169103534,0.6308279272437938,0.8645517004903263,0.17963009700463725,2025-09-02 19:48:20,A,1756842500,10s
0.8870428084489351,0.40941376091109105,-0.2806891786993505,-1.2952677164798645,1.0594701617218918,0.7575875857701823,6.220502562067312,-0.4986598409425151,1.4537818943174048,0.4946411657587929,1.2810976714649505,-0.2658976365467449,0.9115728763147096,0.050403653856299364,-0.7624438725834026,0.845381184634735,-0.6688814392878129,1.3527227958733394,0.513727974340266,0.005687387323306973,0.8682725001008962,-0.5198134891956452,1.3534425815372737,-0.18277906439228306,1.1349458383758086,0.029036372593560976,-0.5389578659066616,-0.9464572371021388,-1.5749552955657993,0.10831890949331435,1.3406639117905794,0.9948075421674833,2025-09-02 19:48:30,A,1756842510,10s
0.6565466268759672,-0.2606911468025634,-0.06128149250649855,-1.0439871702694679,0.9158638205343627,-0.15325130979935675,1.3474903648344274,1.0395579569261917,0.40474899697409705,-0.47706896390139364,0.1118861942660843,-0.7794757690701215,0.7970573038115022,0.6538899953079362,0.2774248489954767,-0.5242241244787725,-0.24436029136203827,-0.2710217040917785,1.4455151575605572,-0.5533719106246567,-0.47357740123305947,-0.35146343400091407,-0.1595777237094814,-0.4622921969161958,1.0632261180429798,1.041243932909095,0.276827624440052,0.5928567584408989,1.0169224182922905,-0.3767772635579362,-0.34761751671135277,0.3700574505248915,2025-09-02 19:48:40,A,1756842520,10s
0.5009588917564126,-0.4040740173350484,-0.1464659023664046,-0.7347724779226443,0.3991307642492882,-0.31256752295088774,0.6610275346519048,0.6666442852571204,1.3907696861383303,0.3839741926645196,1.3855809451827872,-0.5632262429081885,1.1212518777977403,0.4160956897633841,-0.23850369742943334,-0.0911637305771221,-0.8661123524578013,0.03643209851739008,0.16462917709704633,0.2858631892753636,-0.6670969980243076,0.17215228660717571,0.47098755871792053,-0.6503049448257568,0.3914806276456443,0.0532847349297724,-0.2055652576296963,1.2580359155704455,1.273694869274511,0.3253509021952006,0.44369939237025063,-0.7140257719401608,2025-09-02 19:48:50,A,1756842530,10s
0.40631224722658527,-0.19348058538071064,-0.11104754453990605,-1.3081701664334995,1.353736304102056,-0.24585455041188348,-0.06405784549292216,1.4747430245866187,-0.31195929880727047,-0.21548640824459578,-0.16157317986301092,-0.14562331234392314,0.09285619098205448,0.8279534114769066,-0.21546312195915676,-0.3046357112446223,-1.4705758945347287,-0.45890834219858634,0.4461514608100585,0.34688417969011776,0.6321529917089994,-1.2415987339988381,-0.29802487471011474,-0.14209822363084426,1.1317205138803554,0.045994365028237796,0.5814904459639189,0.953684960669589,0.8338568270655627,-0.4569939360495445,0.22571746186116232,-0.07639000030947128,2025-09-02 19:49:00,A,1756842540,10s
0.29148535949309207,-0.1729480618300389,-0.23965111245924348,-0.9151805818110103,0.7450006321618119,-0.48588925188455345,1.4103403085541417,1.2978547523994717,-0.22843563206144904,-0.43524102224447525,-0.2945259894217352,-0.48199599778225677,0.14592861479989047,0.5303107363556318,-0.3870285855749636,0.14618964165961065,-0.9295323130814382,0.11051553568273254,0.23083163635111068,-0.007062780283503026,0.0406236982111027,-0.45536433237092816,1.893238673214822,-0.1355590387085417,0.4990537726829634,0.21914435134781127,-1.2293561490736777,0.9643931763660235,2.1603862803030323,1.224427125692935,0.7376688621306275,-1.3531560839672638,2025-09-02 19:49:10,A,1756842550,10s
0.2573947513683772,-0.27498497416222106,-0.11033972052925521,-1.1044683593301505,0.45691854593938747,0.16616393029395715,-0.1633413428813895,0.6872049100049721,1.2251500754632032,0.687981624600359,1.5016354019762717,-0.10192950826111308,1.2180058641820872,0.3025293312759849,-0.33122449999956627,0.018267010539530112,-0.7692262560229775,-0.4869341707057215,0.5377470316761319,0.048810328985741995,0.7740666619708969,-0.569826840860166,0.9086193244196199,0.38760751996431847,0.4571870218145826,0.10788231452484594,0.5229638351780799,1.210303614099803,0.5835483621207748,0.17120039901299966,0.06134160610425627,-0.9852956574424766,2025-09-02 19:49:20,A,1756842560,10s
0.20488319929066406,-0.11629829288398738,-0.17392846045770924,-0.9881543541815482,0.5512883108840229,-0.091633768668769,0.0571829179567621,0.9418054120162064,0.45295623659822026,0.20821415316184352,0.6114633432294859,-0.09775200293235228,0.5241757182484141,0.5151860201436089,-0.29179941075318117,-0.4492657508355853,0.27663497648914376,-0.792523483444397,1.6323857433818887,-0.08348584224690454,0.390722369112258,-0.3819550987080127,0.6767454911784564,0.11942039022698012,0.1137691162232079,0.2891006644420295,-0.3480494718403513,1.575635344537074,0.9478765266483069,-0.16812568182038562,-0.05440213591120755,-0.9902119766849542,2025-09-02 19:49:30,A,1756842570,10s
0.11198489140538538,0.06976455577556588,-0.17994420410287473,-0.9167550143329876,1.2246560708035998,0.10370875836910033,0.46857364496701037,1.1038095919368918,-0.16015840547384755,0.1774546729639066,0.26098270210089575,0.06194015214350312,-0.2610879415070111,0.7666383778413887,-0.9622766791723923,-0.07401678000524084,-1.003693921421666,-0.07821010356118452,0.06864190653850262,-0.3413330011008424,-1.2450370711731489,-0.2309446971833914,0.09859704418576958,-0.28505680895484364,0.935943321687449,-0.4476096408129591,-0.8831667087672325,1.8632012101420574,0.9766168910222074,-0.6983465193415344,0.21782249701138878,-1.5017729874120307,2025-09-02 19:49:40,A,1756842580,10s
0.11336821708081558,0.009147436571480275,-0.09685830847381055,-0.6108600909397934,0.30912444855868265,-0.03866461310425511,1.2451567552600926,0.45007044163048066,0.2561752732367663,-0.3151875131066501,0.16634633595240594,-0.607874067857315,0.8282444169115472,0.4326248047681588,0.10950424770514003,-0.29089770662326053,0.13836684505755567,-0.6250882097129421,1.5937952684173295,-0.16078812806185455,-0.17764743817762746,-0.18681333860570365,0.47846518602667887,0.16986521338502023,0.3513750125291833,0.13470753803737084,-0.2236085312487881,1.5043876521998203,0.6928666161715936,-0.32997902237791793,-0.5051765193172179,-1.4295351791606334,2025-09-02 19:49:50,A,1756842590,10s
-0.01849011214232441,0.04078284649347136,-0.27303496498528346,-0.2985342653696019,-0.13057295296145427,-0.3872149930670235,0.08731668740404307,0.7664893010754668,-0.2335131308537648,0.3062999288469474,0.36328634138022997,0.11861011433619992,-0.3495511095058723,0.7822377942161896,-0.956666310860822,0.21858722027935332,-0.8919185883690136,0.547698938276671,0.3055478623503036,0.11828812933163728,-1.391275440327296,-0.16711420768559865,-0.37401295477592295,1.0941972997507974,-0.35887543263169075,-0.8566662276825446,0.008982202657432678,0.20214450147485472,-0.29193027138721955,0.14549697722290764,-0.6967060527271036,-0.13400940942596723,2025-09-02 19:50:00,A,1756842600,10s
-0.07968948581461567,0.2088299031975282,-0.07814950263783502,-0.191861564675342,-0.058490961569682184,-0.08286299789633716,1.6203982344293746,0.06033030686052493,-0.34228863109461577,-0.5992641038511913,-0.32480128060886027,-0.684243587790717,0.7609677698490894,0.401782146751331,-0.0062163268609036135,0.36460042134695375,-0.41334290363256243,0.22278875570423948,1.0008376067524951,-0.6377659029155579,-0.9073501212399931,-0.27612913694024377,0.5736273940662442,0.9848347309767862,-0.3868520439487783,-0.8749473919366685,-0.03893036204497508,-0.9090748422423024,-0.665544265400576,-0.04445340745464329,-0.8534721022651977,-0.0073599955684957525,2025-09-02 19:50:10,A,1756842610,10s
-0.10274805691463482,-0.022346867404479536,-0.03999567170718043,0.26072748217467123,-1.1667349882960947,-0.3672527220074118,-0.1451947535909073,-0.057286419294991085,0.8243647197720775,-0.06344480720127504,0.8992397969286483,-0.8934467939558403,1.697417320078591,0.058502924745904454,0.1291578572014361,0.43242234948653185,-0.6882789717571489,-0.24953715453418487,0.51459208232481,0.3910649565933809,-0.16652253189830793,-0.5225913345351944,0.12878059050521953,0.5904071178092425,-0.5212828711405452,-0.8595205990343361,0.5494548279211953,-0.7450189125235658,-0.0003643848679780647,0.19352959882919263,-0.5568211213759547,0.7480272964021667,2025-09-02 19:50:20,A,1756842620,10s
-0.20579210632414338,0.2867884757842378,-0.23302715462118334,-0.43430581217054065,0.31220174222900304,0.11050415716232506,0.15381728032405093,0.3950894822616499,-0.33164446481649923,0.326591093964521,0.2664693374008579,0.30261765645023564,0.10972897900261672,0.3861930449187218,-0.8940443310608803,0.5314450444298734,-0.35245081561955194,-0.31253648248907545,0.9606212947716115,-0.5609615890637928,0.6133648512940516,-0.6292942335004935,1.2435422752987422,1.7681455158668118,-0.34275117131678784,-0.3037748142194501,-0.7517696986243297,-0.009916477132113148,0.41388321037547465,1.1083440041120347,0.42619023392315614,-0.2287965693319436,2025-09-02 19:50:30,A,1756842630,10s
-0.1602366750736139,0.17464317847400296,-0.14677586832821296,0.2530371835439773,-0.5460674753793138,-0.4073745341992731,0.05762195481936608,0.39751917349674976,-0.6043847096358693,-0.522114347303098,-0.397050468550582,-0.6142596129474952,0.2635573380191614,0.6955320973996918,0.02813880818464902,0.31927501468887864,-1.0089982237269326,0.6928676341235042,0.4172192146065743,0.9998763378206974,-0.15088847528294325,-1.2115964332048783,-0.3352879922529787,-0.05978772841851214,-0.8493146128071568,-1.2185186413309768,0.6371110372952857,-0.3094898420585704,-0.7917807158307979,-0.42170113944772997,0.15738344677563756,1.066821941524519,2025-09-02 19:50:40,A,1756842640,10s
-0.11856668081250002,0.3362699116028476,-0.13042238642444567,-0.13039695535961945,-0.30035919318829946,0.48940477379202235,0.7067503737842767,-0.4467274682197701,0.9432375902904276,0.7074236246808306,1.440428019503685,-0.09783846735163002,1.2976306548345045,0.08205219187619403,-0.7062829415423907,0.5943599994867182,-0.3341880769564066,0.3495372712685638,0.32889515893283716,-0.1104086257678675,-0.43991112094264223,-0.5475341974753407,-0.01033624249344064,-0.1974168024578219,-0.17069695834533702,-1.0354747323153064,0.13196479439365902,0.3168214559588426,-0.5015720585005824,-0.5503577220035621,0.34002006540215646,0.009291253121715352,2025-09-02 19:50:50,A,1756842650,10s
-0.23087930036092208,0.4693688911934817,-0.27809520832282214,-0.246259929992791,0.5061968446753617,0.3557357569457569,0.1391586692840132,0.28181857399862187,-0.37921528591893533,0.6965471682757521,0.5414629778749661,0.6297289343657146,-0.41974038304864686,0.5278912379378887,-1.6176332907357802,0.755835146608928,-0.46331864677214435,0.08001205313899094,0.2105571740179431,-0.44147690717135746,-1.3589005477255331,-0.24974370977262048,-0.17399005296615233,0.7007547679082614,0.18419308665130316,-0.6417593620858304,-1.1489006500700747,0.3039067753292007,-0.4887347478673101,-0.5211541793216766,0.0352373493819636,-0.247678060938533,2025-09-02 19:51:00,A,1756842660,10s
-0.1476766875259437,0.2885393652858017,-0.2869482388358738,-0.028773766274253675,-0.6864849237641402,0.3420127530266363,-0.39136519667891717,-0.32721280120870494,1.1132172102034463,1.2737329157902109,1.9518538668965806,0.3718840531790747,0.9491628749541692,0.12407373207638696,-1.2525559817433891,0.6585579007754542,0.12917609172374067,0.7256918087827151,0.13706829016242028,0.15027815467134983,-1.0239786424927293,-0.573951940409989,-0.41190900878400144,-0.2317880688350125,-0.18197641753098096,-0.935232705645721,0.22860443145463527,0.564196310307102,-0.7543143213440238,-0.06429147721462361,0.4786179613940086,0.09056265176430633,2025-09-02 19:51:10,A,1756842670,10s
-0.3032449066123812,0.29457108775926405,-0.14950898578093644,-0.159710732393765,0.6407055303954211,0.24165418895312657,-0.9302473585355149,0.30666437184175804,-0.6646114453639207,0.30957883568297745,0.08282035283591925,0.36565983970372545,-0.05560332479865939,0.5875956620062628,-0.692180931572906,0.7174057823376968,-0.8702000035249345,-0.8517559114639217,0.7009485884274909,0.5370881357524137,0.834360104606452,-0.9901086646560551,0.0775116857278124,0.9578009957983366,-0.40841818469632407,-0.7851396082580293,-0.6064325743193665,0.0948833405100139,-0.702238177179033,-0.7688755173647736,-0.5762642680964183,-0.5462917525941915,2025-09-02 19:51:20,A,1756842680,10s
-0.40729150362876926,0.2884076091230335,0.015815653704184005,0.16977645292311455,0.5713967124541691,-0.020075767706532986,0.07894968001094536,-0.025829350108188466,-1.0115695777055913,-0.7535573349891138,-0.8102592286477813,-0.6085059682982296,0.6764540859796006,0.3758906084664774,0.06044841306432988,1.033104671550735,-0.9732204978081233,-0.751595281770812,0.4166759640444204,0.07324542505115497,-0.33737779316744604,-0.4573227214895136,0.6458302621421486,0.30180367343377656,-0.29273280586607214,-0.49951987345701543,-1.0540180765982021,0.07691275799559333,-0.26411373929337717,-0.7173263865401179,-0.16140644161461087,-0.9347365218838465,2025-09-02 19:51:30,A,1756842690,10s
-0.3244029626017191,0.33496091075339335,-0.07054186234211843,-0.22393978284102356,0.2915760990085291,0.5006810236227848,-0.0722498409573051,-0.2650842137848213,-0.2018098564253079,0.10607219348980994,0.2620705766636777,-0.03879783884558323,1.0524735118168864,0.30061716525759996,-0.25630674490169936,0.6152913567206674,0.8021760250203142,0.1481332619922115,1.4482613791603496,-1.2019705579650655,-0.55691454797728,-0.7021244720506402,0.6779835998869056,-0.3113310965026256,-0.32169266531774904,-0.10012828962088392,-0.06618696901291124,0.12921837066482295,0.037879378408384366,0.035166006949988796,0.21696340915240492,-0.3336916379636781,2025-09-02 19:51:40,A,1756842700,10s
-0.3474846822569956,0.19815215220900884,-0.019497540479395045,0.11409618449420611,-0.18010945409050644,0.6133267453952915,-0.259146169223402,-0.6073152917966096,0.6123036332413629,0.5257896765030196,1.2078989904402673,-0.22708925627341545,1.6490045528535113,0.12625764546618268,-0.2454721628687803,0.981376776412028,-0.35847020549789965,0.1693943868963829,0.27583830119272984,-0.3490622555936452,-0.7573229410165762,-0.1925612368691898,0.05097340892555641,-0.44916696460357236,-0.542423087809935,-0.46055127464942347,0.012869957834687982,0.2383405437308898,0.06962514924385342,-0.12260322787125821,0.7560126696784688,0.17742269644270997,2025-09-02 19:51:50,A,1756842710,10s
-0.4320402726419233,0.3304823664974524,0.0022334524807736994,0.16915596462619809,0.4966331691990255,0.08431144818069652,-0.8009476896429683,0.054252896953210346,-0.9904571946112309,-0.35189940916343054,-0.5027864732885813,-0.2319676802473092,0.47079466824041244,0.5225906138839872,-0.08918990800830229,0.9835606920092451,-0.9029761162623885,-0.6733143502237156,0.4909527130726575,0.6174017743853376,0.23116935789992724,-1.1745861560693849,-0.19728107566741104,-0.4861198906605183,0.0018185543894270943,-0.8264701151442803,0.09093644607210889,-0.4357965654026611,-0.3289608099411886,-0.5579151364673375,0.48099767017282724,0.2648806542515906,2025-09-02 19:52:00,A,1756842720,10s
-0.41706963029343735,0.172688855058298,-0.035178792696962814,0.41052006710787536,-0.5289173453386994,0.11767167523608625,-1.0236692486918828,-0.44401900071795614,0.6540515450089807,0.6312215106546527,1.2645761543861065,-0.1976660460423014,1.4607724057199867,0.0017380773408255837,-0.3281660323896736,1.180053563005829,-0.2913789558137596,-0.9479951262183711,0.6115278295866455,0.5019673653590199,0.5600273390006341,-0.5631666968611541,0.5262655846481129,-0.17413238482620735,-0.1719488021284162,-0.21137126095201492,-0.1943413294689948,-0.5418765602575917,0.6954587332909179,0.09429351351993491,-0.27679143514676163,0.25284592684816454,2025-09-02 19:52:10,A,1756842730,10s
-0.4222588042473862,0.6145753110727605,-0.25995113779604667,-0.26666832632469817,0.7120869144735661,0.5910575958444925,-0.07396628306579346,0.0033827169523537822,-0.5835016100429117,1.05698910974458,0.6649372594224362,1.0304459819609857,-0.3852527296275593,0.4513207639438637,-1.8607541574787454,1.3428437069239505,-0.11716866941009203,0.19375948165259882,0.17447373621116447,-0.7629770485940379,-1.2971768138727833,-0.5013676636879109,-0.0678622434356028,-0.013554669772910307,0.9232618084585388,-0.013360375695867096,-0.8469327755281966,-0.1180326307676321,0.10820107986642866,0.29050478123597506,0.27378193320584404,-0.40499136227851035,2025-09-02 19:52:20,A,1756842740,10s
-0.41971751404728125,0.20489294214300274,0.015441465022899649,0.3196649816873874,-0.4078520575801741,0.4941716356229807,-0.9165546917218905,-0.6302817206344072,0.46415469835524287,0.4216376000403887,1.0351151352227341,-0.2924436404427463,1.7437309566881858,0.004063263510124343,-0.03727219373993455,1.2435634904754111,-0.31541663086487126,-0.4634083129245639,0.5500020474725544,0.5296991778959819,0.3990919524847953,-0.6984000301863476,0.3409182668752982,-0.47982368167005857,-0.0030361241928909045,0.06850716918340777,-0.03887207269695323,-0.2459689128358444,0.28951364422564174,-0.1265701804384555,-0.18210240386684443,0.20020755413990818,2025-09-02 19:52:30,A,1756842750,10s
-0.5232028155793296,0.42329039973304033,-0.17151933392353397,0.10587184634956714,0.5550293827068524,0.1391501654055712,-1.0627668099111847,0.07484276154579357,-0.7803183221576473,0.548427791584338,0.17322688207338183,0.5668405068531684,-0.11303469952321049,0.3570656461740104,-0.9976942759650083,1.427533502161917,-0.44719146219936484,-1.3340337264942816,0.7094526419644165,0.7491469197397076,0.8763507406716067,-0.8089026563927588,0.5689393532627051,0.6355573789317894,0.5202418789898652,0.3168011536623104,-0.9975903139494677,-0.3048450189342375,0.05599017754953049,0.060902512536662484,-0.5909330802293501,-0.6583094881587566,2025-09-02 19:52:40,A,1756842760,10s
-0.5112186201830311,0.2625180236023709,0.08836295112617631,0.03724075202238779,0.31116871948253483,0.792070319580643,-1.0014970271765202,-0.7209270700343002,0.3530016061369494,0.6281698590986154,1.146418901297506,-0.00019278882597288985,1.81800796454899,-0.009494976129368393,-0.24551038981988255,1.377927495529605,-0.3478581019154473,-0.6552137547970639,0.40212757918739267,-0.28708420184098593,-0.5762890201781876,-0.0071852204083643545,-0.1824281258255643,-0.23559043844398828,0.2285929980601351,0.5813492016193944,-0.34337977622183613,0.6248275324232145,0.24241607874458151,-0.02467723380101846,0.4694014352813921,-0.30336451455608354,2025-09-02 19:52:50,A,1756842770,10s
-0.4987497118366042,0.24360563788204842,0.06603616643110335,0.4517067433158131,-0.33011660210956645,0.3119598405310059,-0.8913410549290413,-0.6709716446201298,0.39085757352933304,0.4395593882971909,1.0121443539320734,-0.30810949764140894,1.7650289800042933,-0.08444032118944833,-0.08154517248984298,1.451657614170549,-0.3216710738673441,-0.9277389787738333,0.6122768110147092,0.37800447026799044,0.37084011582624216,-0.5914373237452648,0.21438767691834626,-0.3089914254984308,0.6423871698146418,0.5988554852564184,-0.15729389449369963,-0.575933218995534,1.0116695910404967,0.22896212775477204,-0.38163536148371746,0.3302671907618424,2025-09-02 19:53:00,A,1756842780,10s
-0.5374409548220175,0.3830077878244704,-0.19842356348898596,0.31915852362984265,0.24141172077785353,0.16016208739493834,-1.3861074798413828,0.05562725996087062,-0.6181070311925593,1.0775960927747217,0.7281997750047896,0.8233057240587099,-0.4530577768485454,0.8350879070451739,-1.2247069251827998,1.2664251525028012,-0.31009081869877125,0.8569520168778236,0.2712858936811284,0.2924232587423163,-1.0924583612007328,-0.7065983798505617,-0.8600582614025826,-0.735207803746627,0.18465548599148918,0.20520251189199148,0.20731987098672175,-0.11454607375477673,0.3856397216338547,0.32474117527276747,0.3881506853660615,0.685578616951865,2025-09-02 19:53:10,A,1756842790,10s
-0.5350335454996121,0.25041370542379454,-0.11914799998516144,0.9066495670583599,-0.9233966440332675,-0.3805718575302071,-1.2248827245637814,-0.2905234574819906,0.012840298732975434,0.7316820119156952,0.9430932810548259,0.016792078576880202,0.47346647542057113,0.46965862014524196,-0.36926328437681266,1.3154261412606396,-0.37297403692229975,0.2871876870756945,0.6831911566404287,1.5467532867968024,0.20178841181946774,-0.8576898788092675,-0.7262020613317363,-0.05640794415393459,0.16189833393611605,0.7641273850776356,0.7619614723552034,-0.9581204375244388,0.047280699652384114,0.5511337709413326,-0.5307634131899469,1.7963437878838462,2025-09-02 19:53:20,A,1756842800,10s
-0.6328007600277783,0.3528491480474342,-0.06211780060550854,0.9864308607648732,-0.14780031381940542,-0.47642887881218804,-0.5853487668994872,-0.07141055137492197,-0.7652801139830463,0.26902596308831633,0.08387505616088056,-0.13045690489732573,-0.03239062192394255,0.7917009241583838,-0.15121809758276578,1.1606115219595692,-0.6796969400830498,0.9966260777712803,0.6415403909145171,0.8589187105181293,0.25394852099211296,-1.2425938920383484,-0.19926826681153909,-0.21877476042195618,0.14608767773555126,0.9704641170067259,0.6130057904122606,-0.7366129824407411,0.448380380064258,0.561060477610049,0.18900424810004973,1.344649955919562,2025-09-02 19:53:30,A,1756842810,10s
-0.8772323150229319,0.2409321518454835,0.07568540832726331,2.663681764575597,-0.25803978812533235,-1.6963277100129497,0.7642384564674674,-0.5313868468473163,1.4977095406613463,1.241629224223948,2.194899319090187,-1.0148273412256976,0.18806513656343232,0.6479711857635442,-0.3293835259802115,0.9191363346892509,-0.5863817236487682,0.2967849445188248,0.6706249693471107,-0.6054870273599319,-0.6675934413768116,0.616830880065073,1.5686788350366605,0.7684754987113038,-0.4891196504289382,1.9297769363783217,0.08046016913587019,-0.8066644822764727,1.3358773620239877,1.3355055213511746,0.12209601928068108,0.7265936450042871,2025-09-02 19:53:40,A,1756842820,10s
-1.487117533328545,1.2663449779549723,0.9509249803263684,3.338376500235522,9.89201510954827,-1.4555419451456804,1.0795952821685313,2.3952607636537797,0.06802591184730566,1.3637102275081319,1.3125016052651273,0.37263815065486056,-0.05876537378086501,0.38515519734910664,-0.8138967520957926,0.727442482718252,-0.8424255268445092,-0.7520350336137447,0.6082394589814438,-0.8434746316166499,-1.012388158974648,-0.463518595506159,0.04577251702985721,-1.2639107820024407,-0.0014564756695342762,-0.7266393086348424,0.849393828985983,0.1407247550370402,0.45490084793878816,-4.879360099376999,3.3741238687892197,-6.524373706664343,2025-09-02 19:53:50,A,1756842830,10s
2.9107586773821787,7.155174243038077,0.47535520182326946,0.8764188738791997,-3.7722296500577173,-4.1510448287697415,-5.023197504621132,1.768364828297283,-0.3099498292061391,1.674600871313352,1.942859323296445,0.9266233940362855,0.6613789032401002,1.9451354417473423,1.5513875425388088,-0.23132475327157576,0.7639970017372818,1.3028298335435984,0.06396308650359672,-0.5479489072458408,-1.8079770930832937,-0.9360548313331122,1.8632714186424266,-0.4097987621557678,1.4683416045027284,-1.1507201074804743,-2.3267882861111455,-0.7958225848813727,-2.4433049550422647,-1.6605623472020303,-0.6981536549445237,-0.48910146537123356,2025-09-02 19:54:00,A,1756842840,10s
2.2330040508554183,-1.3010936339286956,-1.1761472343214,4.632767821218712,2.404564980444962,10.823236953218409,1.710478163544118,0.05407607860851518,-0.3531943944636116,-0.0007672431828453709,0.9166670446607272,-0.03536152042054386,0.7404404902080627,1.1210205268685438,1.0560791052451186,-1.4975029792440178,0.3034512383912319,-0.5991388559547143,0.5084554831576402,0.05799189583031533,0.23226268692635188,-2.7670950723178276,-0.3751383992821804,0.6538304618166798,0.7695928393678763,0.30932554790606426,-1.3276885412775725,0.3637608277753695,0.3577139439929559,0.6378989736941841,0.22318428638397594,0.06898137492596416,2025-09-02 19:54:10,A,1756842850,10s
1.9601101484229169,-1.1796457161763994,-0.6259830879970937,0.6426172715682216,6.430888077956722,-8.122527897011588,-1.5173983529364135,-2.9361245017718804,-1.0041902909084082,0.39508658714112027,-1.1821038922851344,0.17178026733217547,1.418990749450009,0.3009640956373623,-0.42235622211227275,-2.4331542957626104,-0.6466539011563319,-0.3869261836772194,1.2745681494584076,0.48820586755817363,0.4816622938847875,-0.030128384342310733,-0.193757961719152,0.36708120636285785,0.6322573883042176,-0.24116273191193555,-2.3691620699607756,0.6828027910532978,2.6380991667261133,-0.43141178759423293,-0.5364941848185402,0.9125604232177628,2025-09-02 19:54:20,A,1756842860,10s
1.2524911493151092,-0.6411582889874685,-0.320304564932742,-0.39493923416539867,2.471921049782273,-2.5139759888132662,0.7828139633600647,0.5666145488870398,-0.46668075230659334,-0.21736629579015165,-0.7398966602989686,-1.1472506992106817,-0.26551931078268454,0.9605146283195981,0.6845871466623965,1.9648882431529087,-0.813310030175099,0.34742898470046935,-0.18467859222125044,0.42975360698727033,0.6471881648667704,-1.1028209424884963,-1.3414993465784102,0.597190969204576,-0.8710479566507885,0.43214049946125516,-1.9083043617514244,0.7267201018807609,-0.13813425559759127,-0.3399536668348038,-0.6737322950877489,-0.8635098183929046,2025-09-02 19:54:30,A,1756842870,10s
1.104332865352977,-0.7558727420770238,-0.19029961435611878,-0.49999570511446645,1.171719088601443,-1.6607487227719218,-0.028879780467020277,0.65176150648915,1.3185231472090366,0.6277699854445175,1.1723132958449654,-1.3222368181460105,0.67851671335552,0.6924230553306148,0.8274150509187641,2.6100665323758365,-0.008124904857833314,-0.1849125445436986,-0.5491432599967191,-0.07999130827206491,-0.32677933462952213,-1.2567481150502675,-3.172907557923209,0.09564594254069796,-0.7197577919217606,0.033059334838807644,-1.5196588086112837,0.5637460896352298,-0.1016878090605499,0.7375513374859128,0.2836525965946869,-0.37829213080482726,2025-09-02 19:54:40,A,1756842880,10s
0.7513655729346161,-0.41846948585571386,-0.1485652686153014,-0.8442966956318674,0.4521621960856662,-0.7758726482357997,1.2044063155185254,0.8087876804250674,0.199606986976996,0.00946621934697074,0.16325303220035775,-1.1326590519704491,0.5705477418306621,0.6219021472573354,0.47770664366215115,0.17947144447601343,0.4761113775594826,0.8063127211645066,1.252152092538693,0.27958337171385444,-0.24388741605438188,-0.8493735543216709,0.39776386132882635,-0.9110394664987516,-0.7704597017643391,-0.40937183686742196,0.7188538817742921,-0.7909446567761789,-0.6430884394642729,0.6362405206394531,0.2042084180526377,0.5038517596776679,2025-09-02 19:54:50,A,1756842890,10s
0.6524172921822102,-0.4286690864680374,-0.31325912382692395,-0.5963917802017484,-0.5590352698462108,-0.9334636619871431,0.9672868825996495,1.2249297558549208,0.47977350500138355,0.5390373134740594,0.8221591494631019,-0.8469646781766914,0.2011723877879089,0.5599635257338234,-0.34176613529092514,-0.35754068182960785,0.7138784195243179,1.0692640093462036,1.0876863291605199,-0.1415441455981338,-1.5397007368560893,-0.30110369661623143,0.13751860708518385,-0.561217921368417,0.3650483926175126,0.5879179073608501,0.991011378188138,-0.47775598048300894,0.5378581976530595,1.6189601547815182,-0.2634530069805018,0.8978562217068686,2025-09-02 19:55:00,A,1756842900,10s
0.5433834867046108,-0.4247158914502432,0.09782803426577757,-0.8688044436985377,0.25995058812751975,-0.10008101324317834,0.6926462969556965,0.6633754068001936,0.6912281434652559,0.09074882904052656,0.7979838324707755,-1.4191785223514881,1.7164382123408328,0.1973086152086183,0.6148674651935159,-0.3127945183438767,-1.2239483873001775,-0.4224754272714647,0.3225591211036249,0.4386220129112754,-0.15381516922071317,-0.37910918289830786,-0.42760028157056496,-0.31136473766759765,0.739028975274011,0.107086849488744,0.6812347953661305,0.4484151332578096,0.6268097984679604,-0.49440026407280957,-0.8044056560594958,0.07653853363698442,2025-09-02 19:55:10,A,1756842910,10s
0.439581873737941,-0.2868522094919091,-0.22921905122854952,-0.9363451983430156,0.32463007076541006,-0.4851415094198016,0.48161109759886367,1.471566979038051,-0.3683719089188658,0.33882260878042525,0.21939162761597059,-0.5981757879725431,-0.28368924255140643,0.7205257092026246,-0.3950973859348371,-0.4227194643460322,-1.151513181409769,0.1397709816234126,0.15112367389456421,1.0675728586946398,-0.8833909814024279,-0.027111721071001117,-0.8962466008940388,0.12997252382946123,0.45885921111769895,0.38867656163754766,-0.09721725503908582,1.6437194656469132,0.9352838339721171,0.09650467118706633,-0.020936474453650888,-0.04846388546091956,2025-09-02 19:55:20,A,1756842920,10s
0.4432366232829634,-0.3220063954674839,-0.23130343140657333,-0.7532302469421184,-0.6015065557935634,-0.4438509497387265,0.30617594607389464,0.8989965403446895,1.1705714669313108,1.1024943478805473,1.7148242990285734,-0.665620035867749,0.8966458057420851,0.055426962660575126,-0.39590069571211844,-0.23138592902105318,-0.536108063266072,-0.5058092573118207,0.4887030393991499,1.2305632367034889,0.8527722609924634,-0.40881866749758383,0.22114851069733113,0.44874944411436224,0.8151690819924481,0.7450917168154318,0.5618805698887088,1.1679778529106355,1.0177800889685042,0.8124569139535744,-0.19126947054838306,-0.034606931127009716,2025-09-02 19:55:30,A,1756842930,10s
0.4147700023071758,0.06345089224696197,-0.11573287086590693,-0.9211154548795287,0.38733245474520295,0.277233124377397,2.5571346015948913,0.44226834974428775,0.06580649296345677,0.23987069363177987,0.36404542435324816,-0.859859310803033,0.6675351724595345,0.35575176358384436,-0.085064105665313,-0.413450573538596,0.400693741117497,0.978494009222615,1.3432744603566444,-0.9937500279504146,-0.6944279911886312,-0.4617931453227092,0.839302121834552,-0.43353278489148067,0.6412730237767903,0.2688288262611644,0.2734971141592676,-0.0011826094102615997,0.8484882697810884,0.07503119586919763,-0.759784268265569,0.07592380700999919,2025-09-02 19:55:40,A,1756842940,10s
0.28903409438107575,-0.20000196786666966,-0.38799666637151475,-0.5255033306746206,-0.27927299725056143,-0.3037990654037089,-0.041012171471944144,0.9887202951267481,0.6380508272815311,1.422133588145096,1.5736592833329817,0.0032901630977255803,-0.38939983757488567,0.5846020947825752,-1.0730711530769612,-0.6710679213393453,0.868820380650746,0.057559841705137,1.1325239806117324,0.42514511364036184,-1.6184776427581784,0.210018091089359,-0.733424263868878,-0.1345863885520382,0.11156444130516367,0.07786523906790396,0.10803600817043213,1.8895104816237187,0.5583217474980854,0.32277378631734227,-0.02969966002208812,-0.6217694475675106,2025-09-02 19:55:50,A,1756842950,10s
0.16283151035808693,-0.10460374221961347,-0.2545161358004124,-0.6664818892235824,-0.0373564583357534,-0.4761839383798893,0.02043448352873728,0.9284280589663929,-0.11483782346426723,0.6880265217774253,0.5960338642955944,-0.37319339247673966,0.020072516730621166,0.4561102058434919,-0.6221474766450404,-0.44389768576042843,0.05037055648137943,0.4090943949111993,0.639716890078544,-0.13685768540141774,-1.0859943930643212,-0.43750542939205445,-0.1516214201545326,0.4248091048881055,0.25728806565985973,-0.23448142220720386,0.4747725395092754,1.1265996576286537,0.46029404753558034,0.5584810360245539,0.01542632490165721,-0.5189230391499456,2025-09-02 19:56:00,A,1756842960,10s
0.8590702702635312,2.76561893385319,-0.3867288547125288,-0.5761702691580599,2.187392870301998,2.928231221870308,15.785740528642187,-3.0739086692563067,0.21964229601186472,0.591348830537071,0.34036846805352333,-0.41918952534565573,-2.0680602195019504,0.22042039406349043,-1.6950746696708496,1.503930333713586,-1.4632833621259842,0.7374454240074976,1.0489271368413124,4.426260449350113,1.5493654356807125,0.27076751483979505,-1.924178871435853,-0.09480593066342559,1.143898519848655,-1.3542739902420537,-1.8425024206760412,-0.25856705894704574,-5.691108690945579,-3.9710456139080437,-1.8752757792942398,0.5505306118031678,2025-09-02 19:56:10,A,1756842970,10s
0.03867439905232626,0.08330484448724945,-0.2655991099925392,0.5097086259036777,-0.3953906799307816,0.11101634264206528,2.741285139916231,-0.010267617948579416,-0.7018241326315143,-0.28287223846093656,-0.35817394031972416,-1.1831734073589697,0.04636071337791254,0.3500163997197873,-0.18937086404601958,0.2620940678364838,-0.5379042091095245,1.28603560777266,-0.025545448612933976,-0.5651191014451199,-1.6955900417534768,-0.7390393836607706,0.8727820564600325,1.6403473950013265,0.2153373067880584,-0.7350949628947819,0.3271479376308419,-0.5695730248222901,-0.45233792516413346,1.84013034128675,1.595027992724293,0.5316909773041211,2025-09-02 19:56:20,A,1756842980,10s
-0.03825021660104408,-0.0007755463334652952,-0.14141322857155958,0.18287003596030904,-0.6734811400667613,-0.9265801315506742,-0.35979492660901036,-0.28367362789294154,0.6368012236271705,0.7819813133985949,1.2273737791555521,-0.753998925403221,1.4107685834375596,-0.30155614349900756,-0.5635650722273283,-0.06998357784521818,-0.1607518451286055,-0.30946919069803797,0.05195591057612083,-0.3670374952498932,-1.1997709821185345,-0.5571637501992268,-0.43555831084463686,1.0094447118514316,-0.06837127621980604,-1.4613849946736146,0.031074508765435653,0.014119140069974424,0.18282500367382018,0.23481494540206646,-0.031931752221887565,0.1175980362506094,2025-09-02 19:56:30,A,1756842990,10s
-0.07950554716820579,0.2407683899473483,-0.18619300806251543,0.12141688193498885,-0.9160875213215409,-0.3556616602986767,1.2485663400783276,-0.01173166554015504,-0.12152307260121058,0.08916609400566293,0.2392630290570422,-1.081276464285542,0.9727843832515203,-0.19485555649647726,-0.20303085568047843,0.40432192836115266,-0.15963762536239073,0.8045123325038043,0.1358914484558765,-0.3941763073048071,-0.3785960266806147,-0.8835544339867402,0.9294120639212043,1.0274908064992432,-0.4458684071748271,-0.7843414125557823,-1.0198211681993747,-0.022871553478976656,0.48359862120725217,0.7329707895851313,-0.05045213516717856,-0.02131545887793391,2025-09-02 19:56:40,A,1756843000,10s
-0.17178328925298295,0.28296079903812127,-0.13291283820011543,-0.11263552864731557,0.09479305676934276,0.07775841831877238,0.9589734483804793,0.2667071139306761,-0.970793204782888,-0.12168436839716174,-0.4341124662920026,-0.7793110785831606,0.335870835681817,0.09408118730461763,-0.23396099895429232,0.47610335085878275,-0.6046114652884272,-0.027440240331472684,0.16225372514812578,-0.5300041824562036,-0.6767675078203045,-0.597607065426302,0.21292483927061592,1.5015328826457366,-0.38914542761888316,-0.755777429222626,-1.073956481364941,0.37885141317158627,-0.3420337217897635,-0.2954180538851176,-0.3186338743734714,-0.7542431433746396,2025-09-02 19:56:50,A,1756843010,10s
-0.16916668921801067,0.13343316881868897,-0.1627094633476784,-0.07996942926042545,-0.44213633595756074,-0.08452720096643067,-0.1287376006774144,0.11271676275996133,-0.2017619295929536,0.3851311030490047,0.3972003673747978,-0.6281981612329669,0.7930161037922793,0.09666229428590717,0.029157833586599402,-0.21705052794289065,0.7952342222556682,-0.018243885052228313,1.4293062483179668,-0.5068853567404962,-0.18154266094263322,-0.46487278536470567,0.3578338341323249,0.6863750756803185,-0.9902701382081082,-0.3841925508991702,0.06504966512040407,0.39439948716790146,0.4930196893458874,0.4908152428096971,0.22710456732992718,0.2049219507288929,2025-09-02 19:57:00,A,1756843020,10s
-0.2562801706084012,0.17021355852518796,-0.030637762257621208,0.052381664683275694,-0.04863411178714708,-0.08563504487125718,0.28363333277249003,0.24100861742876037,-1.140623472207274,-0.4282071631982964,-0.7006498778090084,-1.0747729755931164,0.57545427863864,0.20849054001974232,0.34684449032182135,0.3012564780757366,-0.8863751233852563,0.08182537477465888,0.2986329326444161,0.09013864930193342,-0.29240289412724774,-0.5928695328734888,0.35844876289337907,0.8938359076250671,-0.551632441914947,-0.5061180342361844,-0.5090129810570565,0.3026089695720003,-0.2011050653662847,-0.3045312016279095,-0.16137074028850998,-0.2185161869657783,2025-09-02 19:57:10,A,1756843030,10s
-0.27437963284750694,0.32805609604863156,-0.0669720959255748,-0.43170411449835105,1.0228996655503775,0.5816828907338183,-0.3449724772874049,0.3095646758476621,-0.9987522008705959,0.46972484117022684,-0.0717568432062135,-0.10263405809967548,0.10001397504947607,0.32328063360744724,-0.35402054604271516,0.36792130256766037,-0.6591526872205301,-0.29225689792402576,0.3816152830469765,-0.24386093142755408,0.7687611879470669,-1.263222456636415,0.6265470458172752,0.2577889031649239,-0.34493429934603625,-1.1357478785395063,-0.5451642407096938,0.11550619254157164,0.06255037038155208,-0.435825230329836,0.006815242910066875,-0.691289214517216,2025-09-02 19:57:20,A,1756843040,10s
-0.29065706247657075,0.24392555984043773,0.021337100950587745,0.10081467072166853,0.3710343844062567,0.14441894849968376,-0.24952751551224112,0.19229504335156408,-1.1221215483345626,-0.31897916080021443,-0.6133553938638395,-0.9615781736604662,0.40830843001181394,0.3002268464370946,0.31529516185286416,0.3993973109190749,-0.8982276460611888,-0.3614210479958334,0.19718699223196617,0.7397686461232212,-0.40431349961707586,-0.5726915123960147,-0.1938416808516735,-0.31568477958556745,-0.7508114946718655,-1.2404040656878468,-0.45680578650671283,0.42024116430490577,-0.5830018058805653,-1.3749411584596674,0.19547847300118815,-0.21216136490128457,2025-09-02 19:57:30,A,1756843050,10s
-0.3551661379210266,0.1836307463765444,-0.06179707982978146,0.07685897321784489,0.24714375666850946,0.07347272369275672,-0.6374164285240584,0.2679656783664265,-1.0056071692098283,0.1429998799407224,-0.20319965086480962,-0.5529801651823715,0.15241695586770102,0.3629306010055591,-0.10389577381969432,0.43199696008786026,-0.6632053517703017,-0.21530993165118004,0.018883623150491687,0.4554264376093686,-1.1970632179509735,-0.422643840418223,-0.7387982486773312,-0.24047583376353068,-0.5711385488938142,-1.1979822489157066,0.1978271442464719,0.6160563929458734,-0.6755013413454324,-0.8920104846995377,0.6233941964356975,-0.31462038906480866,2025-09-02 19:57:40,A,1756843060,10s
-0.3772540795237594,0.38173944967660445,-0.04793082287068768,-0.5692538671425564,1.2718736879508563,0.7671204152669129,-0.5408341442664154,0.1701588714816899,-1.0966621849667346,0.6832192145316145,0.008029509216193694,0.18364902355730237,0.08400259346222218,0.2344444823221236,-0.5178005781927785,0.634310765597918,-0.5697205386787985,-0.4683566855926764,0.45664549222893996,-0.5521561122179597,0.8576418017906757,-1.019901297457764,0.9265550324632189,0.5960336946356288,-0.28069015026721816,-0.6546529830867039,-0.7483353738239984,0.2420272226827106,0.053582943900068375,-0.06418628217142539,0.4774222499238809,-0.9375581597152391,2025-09-02 19:57:50,A,1756843070,10s
-0.4405415556169518,0.317307075503004,-0.18834463870193133,0.18177290944640878,0.1455366102085507,0.06808122464624852,-0.4171807097952093,0.22752700799104297,-0.8961267182328111,0.4566263264530975,0.03228248640351696,-0.24799258326247667,-0.06510022914233253,0.08630095096111323,-0.7458898838254662,0.8557831062725632,-0.09339232800624415,-0.4232420750814239,-0.16394448286869331,0.32680621543683963,-1.474982525441787,-0.24794190029629612,0.043586309207151314,-0.5945602732458728,-0.33711725704472617,-1.091410228868256,-0.7466653492221541,0.48045158734803045,-0.3959061997079589,-0.5205007539229061,0.8599665701104855,-0.9181148553428042,2025-09-02 19:58:00,A,1756843080,10s
-0.32026228852156313,0.539731478078908,0.0678328602277147,-0.3470819402604865,0.8666004570358367,0.9747422414458867,0.7583984614347792,-0.49844539341497823,-0.9799490550406841,0.1272247371890562,-0.2627885740503818,-0.4610817175529704,0.7736941216325229,0.1042828170335814,0.1797434623802577,0.6164762355750781,-0.07201408432311493,0.14545198585042232,0.9576758699911796,-0.668745333594943,0.1895966684480161,-0.8785799382353964,0.35498057424338425,-0.10814780230804674,0.16263522511228204,-0.08941422798356861,-0.12282585479278396,-0.11864209151991527,-0.5632232673606652,-0.5646947744475154,0.05944630638101069,-0.14988856949749316,2025-09-02 19:58:10,A,1756843090,10s
-0.37129726289650283,0.15810220509011658,-0.1571092372511861,0.4426005636174263,-0.8012878818102881,0.41737571306020604,-1.0568436512847386,-0.462033356910522,0.6886166053677975,1.5212507546314489,1.9000170679261565,-0.1170367349156913,0.8351274782531681,-0.15551947798037224,-0.7121692139493674,0.7861048005692697,0.08094119588641084,-0.470957014821026,0.10816176053388862,0.7237073430899083,-1.2260687408856115,0.39738503954815396,-0.9061799625300806,0.023719685516008275,-0.821982364093802,-0.49559174499548164,-0.19214173165454804,0.49823712497430483,-0.44166108406264043,-0.46551132299130127,0.631383987284525,0.6227887748130752,2025-09-02 19:58:20,A,1756843100,10s
-0.47640099847934614,0.3365179660638275,-0.06914451643868524,0.13787550534077433,0.10558042310510303,-0.08508036211176928,-0.6461712375331639,-0.017189081279791303,-1.194124847422407,0.20291256453521797,-0.32960570108289977,-0.37901872700848516,0.21924095746511552,0.00815713288640803,-0.16891210068239998,0.9004037310408181,-0.5431407809865936,-0.9814198293336506,0.4556863931359544,0.491771299230229,0.2715844656649139,-0.5968250183337395,0.059198809813166366,1.1308287442596157,0.287412390357616,0.24068376460508964,-0.295940097854297,-0.18292648708593637,-0.21920102351617454,0.3014983495096801,0.20121091191287369,-0.016015761880289525,2025-09-02 19:58:30,A,1756843110,10s
-0.38246434734187085,0.47083319945464747,-0.10824580940942391,-0.05905532610759922,0.08785680696812141,0.731246656708255,0.11907610816517823,-0.501616079318214,-0.4014731560591843,0.8212573027892489,0.5381628286063942,-0.037913771781290184,0.6037806930318589,-0.07446713127252597,-0.22365048421652647,0.5902172706833672,1.0809035634132982,-0.2337311585193725,1.568684509394627,-0.2600192380412173,0.5489056868105716,-0.7082484774584761,0.48482137667783093,-0.05542225410993089,-0.3487584686636259,0.3677389802900474,-0.5238981733172207,0.481040704216131,0.08089632201036541,0.122392467507769,0.4434391862284092,-0.1191786247686606,2025-09-02 19:58:40,A,1756843120,10s
-0.4787552595983236,0.28641591309095055,-0.11311647769177324,0.4427037201932976,-0.20337206373798278,0.12359958260359394,-0.8441487925559825,-0.28384559933834985,-0.30795377873669694,0.7097921456086446,0.5483152898754731,-0.28072336978634255,0.4560039985134127,-0.07887271478991013,-0.0977009704494822,0.6350175396928676,1.0787696957216566,-1.4492485837638893,1.5196565823318682,0.582097701388003,0.34972207105408076,-0.41060346943223586,0.16861085247624713,-0.21700159945620826,-0.3296387584810321,0.1359974343740265,-0.4435827954590963,0.10276427865163701,0.18298834165868266,-0.13652660493004606,0.1349805567139159,-0.13641325719340922,2025-09-02 19:58:50,A,1756843130,10s
-0.5229669490855092,0.35527480716635634,0.01833234341195465,0.22976179912118763,0.30195295357006824,0.1653733621398741,-0.8436683048142108,-0.11091353405314865,-1.3075699752847243,0.22193761051498673,-0.3596928397635281,-0.33953770542666856,0.26831645072059984,0.12990053567038198,0.06168960110967006,0.8992701836639179,-0.6869025789787756,-0.6866875525070701,0.4777067753171723,0.5272382081328821,0.40294957545822846,-0.8276069102284487,-0.34274575424680487,0.3890439654830203,0.21313765323043507,0.26748814979542984,-0.3203875350112168,-0.028845848143450908,0.02370563004499083,-0.2654423865422906,-0.30943169403718,-0.01409619525063256,2025-09-02 19:59:00,A,1756843140,10s
-0.5315553958279472,0.3884914950071725,0.017430631535440638,0.1452927421721927,0.5104221404144477,0.6434037568326424,-0.6708320467794378,-0.43933208017490777,-0.5361939863814061,0.6034348126386444,0.35069960220670565,-0.21321172261120735,0.7500839472216385,-0.09774150486372017,0.098139045349144,0.7162896927125249,0.946530282799276,-1.2948029055694863,1.4879486977048302,0.005500934101778505,0.33868148444779855,-0.37647764106570636,0.18348726843170582,-0.7121664097986522,-0.23890503816050915,0.41966564106293514,-0.7317887693876771,0.6701996732432143,0.405489705140003,-0.43181903196182575,0.6878993481193266,-0.4554311276575426,2025-09-02 19:59:10,A,1756843150,10s
-0.579974483640626,0.40093784782859043,-0.012532388636836365,0.16125259529105837,0.6366722486927174,0.48623039832545983,-0.7974823893627624,-0.14129326220467409,-1.251580512025436,0.44914722674886576,-0.15095063390280491,-0.11681168259301553,0.1530806153912608,0.15303279535802844,-0.12586225005203372,1.0666102076082113,-0.4955653501375052,-0.51607739918752,0.22564142935242146,0.43088906501408103,-0.32944345771593125,-0.37528849978629686,-0.5853901186659486,-0.29311004535843094,0.15106069683910558,0.33408119632531985,-0.37574611526719454,0.5367372358090066,0.00047631513661912936,-0.3402502753252756,0.786379520095665,-0.2360535915657044,2025-09-02 19:59:20,A,1756843160,10s
-0.5983089241675488,0.3664301910642429,-0.017248328898523412,0.44213176851911884,0.128110125304918,0.06495036183708906,-0.5617128979364986,-0.13892139090947547,-1.270325473378487,0.2559559239438446,-0.32251417985737474,-0.4002409764521817,0.22156405171120971,0.04363186727166242,0.021211888005015746,1.1139438588920492,-0.46466599357022076,-0.33693875843456145,0.4117875411421239,0.3325844687051825,0.26630432544711335,-0.6472164179267279,0.34788339450384076,0.2590186890971261,0.35937396112024506,0.9104430017268651,-0.44484433151577984,-0.2303849997078946,0.7545858350400841,0.46130392266810105,0.06182600264999368,0.09063834104136698,2025-09-02 19:59:30,A,1756843170,10s
-0.6139494434596577,0.44933554825094035,-0.11612432226809648,0.661715137124168,-0.015054498959039988,-0.17284789905489056,-0.3096586603899146,-0.043905470982296343,-1.0780057966924206,0.5078186689682215,-0.07789172997955289,-0.24349396438956442,-0.029479286404830152,-0.07529807676679312,-0.4162428910766069,1.19297601737891,-0.05186439507094938,-0.22906190788133418,0.2581309072804759,0.5311419589876342,0.15872597832131508,-1.0532809728223544,0.48509853414974274,-0.3513510164758796,0.9119997284420471,0.6550491967827736,-0.3989014940688636,-0.4192504263425211,0.924603302801202,0.9544755720179346,0.07979625991038612,0.2948799416111054,2025-09-02 19:59:40,A,1756843180,10s
-0.6144389055512911,0.44594064504666037,-0.02616299677011927,0.5549426600185556,0.6169219658576867,0.48055642546423905,-1.6202269564256508,-0.40040680950899055,0.3326337468209815,2.1419927513970403,2.0262932195921453,0.6625726076461562,-0.0006613036728787279,0.08244955759348872,-1.0977320254648903,0.8418375452545002,0.5553642596149088,-1.1877521947912322,0.8561618117868908,-0.12993547450132742,-0.7678654850730701,0.17668404642289168,-1.330572338398631,-0.5502985205421135,0.4576311439502735,0.41722987695084324,-0.32229082610413107,-0.19687798099403217,0.47539613522207796,-0.5744812172656039,-0.03736817022536421,0.5632094729947896,2025-09-02 19:59:50,A,1756843190,10s
-0.8320015708107688,0.3726405643316699,0.1640473741937605,1.6570429814767904,0.9299147911972575,-0.6673848832214174,-0.29613789555225883,-0.10646510941194326,-0.8188846963987312,0.49361070623287234,0.17929279053922292,-0.8104822448893871,-0.5198978683874088,0.5728590759370628,0.21456395820556062,0.8280386680073777,-0.9857883991691202,-0.6108757479802726,0.2836377101793009,0.5012380189187772,-1.0849927529426755,0.49832309046384315,-0.6855834474866731,-0.4468803616926782,-0.37335413171335347,0.5434243115858316,-0.3505688358317459,0.03494528997578646,-0.03665816847135333,-0.48913739780678067,0.7243527994163986,0.44905696429543523,2025-09-02 20:00:00,A,1756843200,10s
-1.1676874314885684,0.6072529399238752,0.4758678098392686,3.830251787647331,2.2740094895427463,-2.780102793784763,1.0435073962105088,0.43447759608104175,-0.08798526585559678,0.39654553154983413,0.4534468440235038,-1.9690296946283357,-1.3376873433449283,0.6823707688933793,0.22469349948474887,0.38975056649574913,-1.4441517025060353,-2.105131171801781,0.5290305401934113,-0.4457784005109535,-0.6993464505788238,0.358809295763993,0.9849393622506067,-0.2447466370001943,0.4822031631393719,0.3668638284567404,-0.3910380327996207,-1.0367607989102714,-0.14670001506741484,0.21977653736557637,-1.1402355349965976,0.0630558062563962,2025-09-02 20:00:10,A,1756843210,10s
2.1342841896205456,7.0125444327439785,0.9354764622105027,-1.9593453463342592,5.902782239718779,4.427597536117167,-6.226754438094183,-1.0208066378084475,0.4890808900122542,-0.07928950870763794,0.23769536526701865,-1.6467958199359536,-1.1460134818281493,-0.4568340648971792,-2.865825555110151,-1.295103745725564,0.147110012832545,-0.5038808932655519,0.785084571769125,0.8633629485905943,-0.7925296356641309,-1.4940375271155912,-1.3572514649564833,-0.8012872792519543,-1.3806483480147191,-0.37979770465627194,0.126414439919409,-0.4032679572161441,0.007018715447057601,0.8787387691358917,-0.8724391119108549,-2.2479240587134854,2025-09-02 20:00:20,A,1756843220,10s
2.5419926912219406,-0.43858877388528456,-0.5874772824718668,4.34673669385806,-0.18611106278756304,7.0912790714142355,-1.3135774178200441,0.46975762291384066,0.22106162262400747,0.6136429410572832,1.5127062410124748,-1.1758855199380587,0.78115016992116,0.40990903969212716,0.8197093946883337,0.6364127777512435,-1.3649516456356023,1.445204164781014,0.21042317583652828,2.183812623594359,0.06464874049421263,2.391896295629677,-0.3581630521937659,-1.6328269180681763,-0.7607318605708061,-1.7477505164417226,-1.9535153630754947,-2.5306116924591278,1.6424960100200017,-0.019965758604133774,-2.874709558443547,0.9287208728329085,2025-09-02 20:00:30,A,1756843230,10s
2.085156883431311,-1.6907041196847012,-0.815108948234549,1.606782026712243,4.937731801054309,-3.3261168192639476,-1.2670729850750577,-2.292316407872152,0.1893109870279153,1.7388135069888133,0.8638921788088374,0.2500353144647938,0.7814556558316634,0.1302660280129929,-0.2892535672941625,-1.1109702874574872,-0.7582410906938655,-0.7288934497666891,-0.22955920139214392,2.2252531637425306,0.21593564816584737,-0.4177696585579959,0.718384416053905,0.2508563586682473,1.7912472026227073,-0.426713157012258,2.257644693616082,-0.9744922159747528,-1.1549742785481054,2.049258991936002,0.8518297723880175,-0.8999409870197789,2025-09-02 20:00:40,A,1756843240,10s
1.3863059040167467,-0.748562828816598,-0.3350183375159237,-0.6142072368339292,4.0609093281297355,-3.4560753151889196,0.48056960517275255,-0.9162587556798668,-0.2349788575155322,0.6666540719364122,-0.2612086028326798,-0.7327511817669428,0.21468145386876936,0.3446183649758882,0.7186470547641594,0.4772422703159648,0.6269578159330124,-0.226875671827172,0.7751964809076891,0.14850585198498154,0.30303663642805206,-0.4497504147894074,-0.9068582812674963,0.05427231727455688,-0.674942884429154,-0.516444626221075,-0.9915427299534983,0.2271716793169391,-0.23800132395719287,0.2397888825527473,1.0493462057866894,-0.3098210981361633,2025-09-02 20:00:50,A,1756843250,10s
1.1171180396667704,-0.504322992513035,-0.27343548071116924,-0.892577989003231,1.999304848709214,-1.0243206547529755,0.31852278659129085,0.3668164326654095,1.3266351422832798,1.7140881219752275,1.7398521462155723,-0.7060342995388371,-0.08320166638461739,0.2030176710281208,0.13638053629737024,2.4729759632080017,0.5961993023107293,-0.23620789593956748,-0.6981215999548999,-0.23303481727483485,0.08985295854889379,-1.2038163196268548,-2.087765208850095,-0.025439807350991907,-0.5915261167141594,-0.7540118267461745,-2.0230733398438785,-0.3502686461101015,-0.6496618656456205,0.8765860465834779,1.3480299060939513,-0.06280084562939506,2025-09-02 20:01:00,A,1756843260,10s
0.8621316657970993,-0.37235662217070964,-0.22861961653127705,-0.7234835932920254,0.7036008736042442,-0.9419948170751072,1.2197991215908417,0.8519469677317333,0.3129147378497578,0.6524421104787471,0.47826125135076586,-1.200357096132249,-0.20139194921728198,0.19962211729676188,0.5193673998228056,0.5137653171408455,0.9298280725990954,-0.12691757350236257,1.054186705657786,0.35925250660098346,0.4299616889194266,-0.7145924727683094,-0.16066673389315142,-0.09591555946602677,-0.08459468823962163,0.31256513597624935,-0.5116534082820682,-0.28239943771084386,0.07885088697686447,1.0845508770354064,-0.025012501503161956,-0.05145816234264954,2025-09-02 20:01:10,A,1756843270,10s
0.800474715593679,-0.28886089724069947,-0.16074753473481293,-1.1357672621906334,0.7304911886816471,-0.26023114753176985,0.9320028534438582,1.1994762828791172,0.23855729203642342,0.8229469414017567,0.703270500490677,-0.9400837954836059,-0.0628881176927533,0.1903153750018771,0.2772692275037404,-0.8854302787425831,0.29205766050114573,-0.4123284422518402,1.309745907091554,0.629649246097902,0.5274079932922915,-0.4075245175023438,-0.6736774704483464,-0.460705673578363,1.469645342456229,1.819459818029012,0.295934553260482,1.514528185020306,0.9339199319021576,-0.49457803873549605,-0.5279818554561823,0.5148231681474174,2025-09-02 20:01:20,A,1756843280,10s
0.6635706242878721,-0.43680072761745814,-0.09373196369048975,-0.6433753618320202,0.17584991420740798,-0.36925441660639285,1.2930999218524417,0.8806346953443229,0.050424775995084166,0.2921207775276676,0.3005918794912497,-1.4160168914544102,0.24219727190844856,0.2346210083609538,0.8655124729737873,-0.9509641803867439,0.1204863867669606,-0.17377314985548345,1.2206413819504645,1.2534384997627184,-0.29053663013380704,0.020840828638648525,-0.7656381355765686,-0.8561984263956789,-0.02873667846032344,0.6968487834430862,0.5805996681426931,1.3471700744364565,0.671492971309545,-0.3050132289312673,-0.38142648456767486,0.17671633482265853,2025-09-02 20:01:30,A,1756843290,10s
0.5055796611167497,-0.3288508843199692,-0.2171335093117647,-0.9691196050933952,0.22557273444888754,-0.484486063659412,0.6272636638418377,1.023938856896495,0.1794190399882779,0.9252184465371331,0.8073312426528912,-0.8092046149520727,0.060412925828393346,0.03639898485683338,-0.11019217417834452,-0.8561146601609877,0.7778174848744903,0.3177820700777645,0.8911248088883998,-0.48043112915839714,-1.5412608206469818,0.3852196335740518,-0.00823972958147457,-0.14758997756463857,0.906504470742429,1.1057037562616243,0.24565376462170588,1.323898832704505,1.3074505060038624,0.826813414784668,-0.1380188731259329,-0.3759477834691126,2025-09-02 20:01:40,A,1756843300,10s
0.4348586044661622,-0.2865716551314151,-0.20025656105411646,-0.8694014350840419,0.24202643889860825,-0.2951182005439503,0.4669097151243737,1.0877749253146969,0.16787789469097808,0.9366242309282131,0.758020378760979,-0.7527399725781871,0.005868390596915804,-0.03374236772909764,0.07116004175755386,-0.8992912506518429,0.7049260418446409,-0.552844229633611,1.27450532613922,0.1595739191516059,0.5223044912282198,-0.5410431580592234,0.48903838622750856,-0.10555178009533538,0.5981346922269386,0.7373449035876846,0.2201391834382833,1.019585819630178,1.3354790541582526,0.4123016839202892,-0.10908963295018584,-0.21130405382725342,2025-09-02 20:01:50,A,1756843310,10s
0.402195047453681,-0.03197113111540743,-0.16973512509164557,-1.2425828173311084,1.0496280260573043,0.11371770566183485,1.4764375699158176,1.1563583430399194,-0.6335440915133738,0.6368064872576525,0.09265107258121298,-0.6872733463395005,-0.3628555564466865,0.10006956971658339,-0.3351589665705931,-0.6254627490782982,-0.6382095515309857,0.972827174136348,-0.2604203136717081,-0.5198423098375934,-0.8128586937224176,-0.4705233717876056,0.3945224126517364,-0.40918052814789097,1.7478069388393989,1.0008934249066823,-0.9518859074107449,2.0827360285012735,1.8806268698535145,-0.10972993108784182,0.09099033781332329,-0.8212305280313309,2025-09-02 20:02:00,A,1756843320,10s
1.439799585972508,3.7739089931530496,-0.5512444973855889,-2.1419995632991284,3.8514525818904133,5.742099402448667,27.513348755651325,-5.316194665099385,0.7095284700666955,0.6016757016503373,0.24373651331952906,-0.8700310219555477,-1.1920760212123713,-1.2296605358781794,-1.94387449828532,1.7108056182250426,0.6765469446063518,4.859554725389414,1.7025713225751646,0.3728051768490823,1.1743867269428827,1.165044049714625,1.9117370025797558,-1.1955251404638745,6.780901459360251,2.606926290924702,-6.359962581760064,0.7044827592954368,-9.930333652129365,-7.91347803298285,2.6880200707547104,2.5362363068849634,2025-09-02 20:02:10,A,1756843330,10s
0.14939860720960904,-0.28847895697941783,-0.26698452524318167,-0.20135517771839515,0.8246645666141463,0.4080336626081084,0.16146479398325422,0.7486524141016963,-0.7915319622727028,0.4391028939251777,-0.10555629445281692,-0.6964987987427289,-0.32606775026423884,0.023780512395759797,0.17462590623669214,-0.3269572059480706,-0.37771038413933566,-0.6085102229965758,-0.11263287157458428,0.5656941126156363,0.20645131675337844,-1.2166456301973405,0.9335174745521826,0.7557694118976999,0.6819590616192412,-0.8644175688914524,0.43263360870848633,0.7226644335473223,-0.05766706432335076,0.5709935994130554,0.13441423928065355,-1.8690964955018725,2025-09-02 20:02:20,A,1756843340,10s
0.012331348931607629,0.010630237588122057,-0.14343667248347294,-0.47389438346696583,1.1624493930283517,-0.6331923933715995,-0.521926645099536,0.10132374791896084,-0.4782085008005826,1.1418868821611499,0.43066543520284,-0.15495965819684548,-0.361270654353229,-0.03221900967271875,-0.24770849550575563,-0.3468380229359597,0.08553043586840305,-0.8458239219457446,0.9053199723547006,0.03619393383635774,0.7891010992519293,-0.47080078753659904,0.7989199065291076,1.3248549737219082,-1.1839737152946155,-1.5719557485949072,-0.5959829605907836,-0.17612185221659798,-0.5511668083501908,-0.11768673767809631,-0.29269902161026695,-0.8510627734447368,2025-09-02 20:02:30,A,1756843350,10s
-0.03083933451234172,-0.10268654124515894,-0.011127056349665966,-0.09185765157728135,-0.7165211239433188,-0.04178363811720615,-0.02617990337329907,-0.05951675261887857,0.44247140908308114,0.5900629034767797,0.8810558466551011,-1.3479774557888842,1.3963142447214494,-0.571137932676268,0.7477229345824067,0.049248027565040355,-0.08218730627034998,0.20027432543918286,-0.03321893939578977,0.021101894155251627,0.10587769970685453,-0.7598663808299427,0.426414127232266,0.3271773108821788,-1.0110297747293058,-1.3013404306930108,0.5702711974902658,0.15451587008395712,-0.2653479331286196,0.35806641605242023,0.29815363968691333,-0.49488817228023224,2025-09-02 20:02:40,A,1756843360,10s
-0.13218225210137127,0.1388872826345771,-0.05125768435459437,-0.5375937099053307,0.7155612530960992,0.32806458396243154,-0.010784942709279662,0.5003534555100896,-1.1176902675624787,0.2599880047681464,-0.4064375561259609,-0.7284894823582946,0.1430071589571332,-0.12604220564324586,0.24290959374825183,-0.013582735256139544,-0.32661606913553204,0.7088464177877968,-0.22322850052305127,-0.9279355007036647,-0.27735734476932195,-1.1745636380744944,0.6979672654626046,0.007996231519090397,-0.7299292305910242,-1.40521372317556,-0.4533052802334649,0.5957286083156561,0.19395944382415653,-0.034643049801773976,0.7163679546271225,-1.0348319504768204,2025-09-02 20:02:50,A,1756843370,10s
-0.05213701234702526,0.23198403626120956,-0.15909045376563824,-0.37712630848765666,0.02580400708817861,0.8789519386502506,-0.07958432176289759,-0.20395805976890066,0.7874015049877495,1.9519259061813818,2.0509898090635503,-0.047563616263845185,0.5047201492781273,-0.42026159474952574,-0.7621780537111956,-0.07879459190583907,0.24458372091584582,0.6781295255889405,-0.22604318178211127,-0.546382560700252,-0.9289248050375596,-0.14353087789399815,-0.09317178915944128,-0.5180683373328677,-0.3561281799946075,-1.2882348248515292,-0.062316861051797824,0.3518032640722741,-0.14352290657376854,-0.3559869486098727,0.9344443116167673,0.3625232069716331,2025-09-02 20:03:00,A,1756843380,10s
-0.2134788757633991,0.1103336324135444,-0.031842234126918,-0.1408407945590498,0.32966915644273354,0.1778086423266674,0.404002250290532,0.2910746917495841,-1.1650705811432198,0.10057558514254122,-0.5007407575342364,-0.9190002301093926,0.12548340147939024,-0.16148964928923853,0.36385892772109407,-0.012174571083204525,-0.5205925492398523,0.4259979732307321,-0.10931245443237911,-0.47984673605677486,-0.5931008292012689,-0.6053428693425129,0.7216533236060565,0.17066342403669302,-0.4619721877518632,-0.911044016277444,-0.09134485417614892,0.25193044945419407,0.2150489872325886,0.023160998605520434,0.39119617433908893,-0.7091357738915077,2025-09-02 20:03:10,A,1756843390,10s
-0.21633820691716535,0.1209601898775275,0.026700220054478467,-0.19873131103474326,0.29621952490924497,0.40933003375215393,-0.650390265103886,-0.0022729040659631946,-0.3445287937013976,0.81462661019512,0.5211704045976362,-0.5825468352324036,0.4082943565047963,-0.28676185716577407,0.34032592880717194,-0.07813870907399217,-0.5655801084340076,-0.7698894672566111,0.26378824278193874,0.5902350064299918,0.6506906113198193,-0.5589931278447832,-0.2004602453840005,0.4950257471334523,-1.032291588895709,-1.424716045193507,0.09479550765753429,0.5754826187505068,-0.9508623321121537,-1.1613671924347901,0.03391429651859815,-0.5916602980678501,2025-09-02 20:03:20,A,1756843400,10s
-0.28587355632251055,0.3243503774405653,-0.24891134243558105,0.1854838177429192,-0.21427550287645497,-0.32866148919858174,-0.3812055154409088,0.4548821502016391,-0.6952405671190756,0.9433830821184434,0.29252031456217803,-0.2674257002331948,-0.8617279235644153,-0.3843410766718122,-0.5836821643670405,0.23308328618830879,-0.19980296992711935,-1.6902160769789563,0.30084046778043266,1.4307352827063455,0.8627913175477206,-0.449382408336404,0.1981101609063585,1.3375210444852077,-0.44494936834468973,-1.1740911212991179,-0.9192222007689125,-0.22401148516843886,-0.6257016734583591,-0.37865904924826993,-0.12887666938376122,-0.16466220644181945,2025-09-02 20:03:30,A,1756843410,10s
-0.17912024968661508,0.23726022874967803,0.060069687517568644,0.0791194328485976,-0.7180620097907119,0.43976215824208814,0.8965181263497658,-0.5677228826901083,0.285186021696815,0.6705767895711757,0.9112007093169864,-1.128851663198674,1.34509103092933,-0.8031736744146485,0.3908900811595011,0.07749406180378768,-0.24079040998598977,-0.11922729858669094,0.047152861677653674,-0.27906188210986155,-0.495181426582346,-0.22962147157412025,-0.2795654864494045,0.48169075842454195,-0.05671827649566191,-0.5748808186019788,0.14727761341251566,0.195302458424001,-0.03484433997797988,-0.41845847278004533,0.2575743477506101,0.36409371074124125,2025-09-02 20:03:40,A,1756843420,10s
-0.25001500076593014,0.4540004479351518,-0.21276381665772587,0.06443204662719565,-0.2702401937086557,0.1505271344083969,1.335553200166105,0.06156329436894563,-0.9654436970711067,0.4912046571343883,-0.1407050749629556,-0.5746525317435066,-0.269271659043109,-0.5197888952317646,-0.47956988465321687,0.26950664853999295,0.01737529898740752,0.5207213483890973,-0.24615172852994546,-0.34439738153535926,-1.088903252851711,-0.3672305761969747,0.5190490667645197,0.3458463975969495,0.35249370554294396,-0.40056067309821847,-1.1344975043489651,0.39896702733694367,0.3901323817833056,0.13617996656159145,0.20042212351417635,-0.5468686304287447,2025-09-02 20:03:50,A,1756843430,10s
-0.2628239131581948,0.21143247899487436,-0.15623520381667585,0.2581326985079541,-0.7105130484402248,0.08957914154626179,-0.2683722806147977,-0.20892487332293924,-0.27918694045754455,0.8018522692616428,0.5131030222665282,-0.5686505772681688,0.19819812270306875,-0.3775429913221008,0.3467514275260118,-0.2546168080347049,1.1002480188868395,-0.15472744826453078,1.2852230812217056,0.4168001994403835,0.20947819057468833,-0.4998275727174007,-0.1071004835080597,0.2847154051056163,-0.9575280993040973,-0.3708484942810194,0.4742492101412094,0.5179252554815194,-0.5586351317612233,-0.05633676897114278,0.407035366809485,0.3151882474243634,2025-09-02 20:04:00,A,1756843440,10s
-0.29905738910064633,0.18934368523361017,0.05109470352534825,0.27810065909304726,-0.4580718853128534,0.398912021317232,-0.7842059799500536,-0.5852182067589162,0.2725763449536871,0.9559353583167711,1.0582910864477766,-0.75485816638528,1.18121099871453,-0.7197994790560911,0.46029140002144975,0.1863998841702787,-0.05573673155338823,-0.4696994440069852,0.1230627018065053,0.5819822608753092,0.6372870680370488,-0.8994443123052573,-0.15823835966011804,-0.47322899038830335,-0.6430641420302784,-1.2705525896138035,0.37975425844300675,0.14921116627062414,-0.6110142078316471,-0.7579835429477806,0.5819442891328979,0.09892510294718844,2025-09-02 20:04:10,A,1756843450,10s
-0.43297080045442965,0.2700380367456916,-0.07696551859256347,0.38463113377450964,-0.23039752032548744,-0.03141853428129559,-0.7500458437286185,0.030911419502461908,-1.1547615973478316,0.34075209259222483,-0.31644670497161936,-0.5843849497215607,-0.23355890024066733,-0.37300722374788786,0.22628997309860888,0.43145523205277736,-0.3501817275372864,-0.8790443835910025,0.08097381622437544,1.2792934903452582,0.029651626366724675,-0.4325815624507372,-0.5430296176395578,0.3709534829108444,-0.902067420087132,-0.8174051122772313,-0.6099831799187547,0.63082650025639,-1.0038205810869034,-0.9694831239183327,0.6570669632060955,-0.167224534717006,2025-09-02 20:04:20,A,1756843460,10s
-0.41395320893420817,0.4795501967687137,-0.05681202140617338,0.062462573109591524,0.2518416136099231,0.2590298984696388,-0.5055558857175807,0.01776153375051624,-1.1693036149256737,0.5941671199089207,-0.16699864924143148,-0.2774528864986924,-0.27663054857214076,-0.5223010110736042,-0.3434564304623889,0.5274564203000774,-0.20376129222934464,-0.8648291168699801,-0.006378517718070727,-0.051152862908777644,-0.4554700436147941,-0.3951441031982239,-0.28313885336413086,0.6068671058852484,0.4051612413719971,-0.4150527181451885,-0.9024623558292303,-0.04037174149445222,-0.15615105972542168,-0.5974017324096657,-0.05027798761157415,-0.2047576306638259,2025-09-02 20:04:30,A,1756843470,10s
-0.3990191548217576,0.4145867811688518,-0.017116908378267404,0.2907649363037081,0.24473805096527237,0.5296803570858248,-0.06380379744490053,-0.21613145323543825,-1.2549263320984674,0.17283537529529622,-0.5115791905989722,-0.667527196457606,-0.08280195488838331,-0.3430165276027633,0.4655646600222999,0.4551865591435373,-0.39352882571998316,-0.25896216947574147,0.020787029273342063,1.073938268829383,0.2933346118795435,-0.7958708489150779,-0.21791037963551219,-0.596576982585956,-0.6817751988983141,-0.8040344377731774,-0.45538901514327346,0.6154598410822754,-0.8571344029692466,-1.2532513254406956,0.8376130608869051,-0.09372178622998076,2025-09-02 20:04:40,A,1756843480,10s
-0.43963700835678415,0.2705897682903068,0.0044209186561406134,0.19226292442785292,0.20281177890921595,0.40147728404271893,-0.9682348786857672,-0.2540527368948892,-0.918789765432346,0.5552009783074386,0.006747079524374054,-0.4007535193050264,0.15235223373317092,-0.34890427911999755,0.376438385525411,0.25825304030345714,0.32370329741351633,-0.5698077151329549,0.4511244082938884,0.3956251757654961,-0.7438593707049057,-0.19406705255445714,-0.9516786435339559,-0.6528340927787044,-0.5225754143851535,-0.5452996124057078,0.12342237147157048,0.750354139280435,-0.6812591186329341,-0.9638058954048827,0.9088185657386888,-0.06574562825838826,2025-09-02 20:04:50,A,1756843490,10s
-0.5227536555310228,0.4332566704752391,-0.21134538799674452,0.2792509834825121,0.1934420148507167,-0.054223755496641664,-0.8294635636273232,0.10665284755033722,-0.9356650812579318,1.1036568587511302,0.2272817037178419,0.1606352012843375,-0.7447352082523174,-0.6052950099060358,-0.6379451125309387,0.7805751657191118,0.1560379025464256,-1.6408457539858572,0.18495211031593067,0.8271752364042108,1.0457240832715295,-0.6571595899136973,0.6715190407606508,0.4274183197177628,0.3396659704532218,-0.2712211760340251,-1.0253081799387995,-0.2657777655052953,0.33734467073973595,0.20885070889736568,0.29302835385681353,-0.5866307632898338,2025-09-02 20:05:00,A,1756843500,10s
-0.47498976225353856,0.4185943838803299,0.07805543387480789,-0.14076152545713694,0.5277827077131851,0.8064127130763574,0.11631539032693289,-0.3531389262524781,-1.5388909561090507,0.20534722380163878,-0.6095771911266719,-0.42043457858615213,0.25237145351133666,-0.4133573885132691,0.5675885893213782,0.6408470022336565,-0.5581668371629064,0.05220145877560391,0.11407479999124828,-0.2666167379691243,-0.07763476129935586,-0.3521415192037654,-0.43486689205434337,0.44957076552580033,0.0014564756695342749,0.5018330730281216,-0.3877907561978805,0.42479711214688115,-0.14362440520005687,-0.12862342502397078,0.6754677925191707,0.0059959014932005825,2025-09-02 20:05:10,A,1756843510,10s
-0.5245661220199255,0.32937825622389844,-0.019860880560318657,0.4442178847754514,-0.08966032693800988,0.13992356918829826,-0.4268003277638762,-0.11634719892106894,-1.3664141113412558,0.07633098912217956,-0.6340327961568366,-0.6918388267866497,0.1027722164313034,-0.560709295471672,0.4886617703131283,0.7553165606152559,-0.13671442334333678,-0.3349191651186977,-0.053149260005558925,0.6188881247261273,0.08734377509930782,-0.7095727267981341,0.3651456465602312,-0.6251565146653009,0.14380357780441722,0.125590178759543,-0.5485716113535393,-0.02896777482775819,0.7572478240008845,0.11181786894033863,0.3611637332295336,-0.13816954929340228,2025-09-02 20:05:20,A,1756843520,10s
-0.4911565322084946,0.5493784247445579,-0.14537592696962653,-0.07157528895611896,0.5675527233300759,0.6293257213873882,0.2786801345776417,-0.21886477080382943,-1.1538611666688934,1.059197431839903,0.08544895204047068,0.274493549940023,-0.4173758223591278,-0.6031819702294196,-0.6732415229854947,0.951317544494552,0.282139219864383,0.33462388865802956,-0.08602843424747501,-0.9223027937128081,-0.11667035531024264,-0.674639396811792,1.1848598352428845,-0.12352545509838425,1.2190936864529291,0.8539751515161794,-0.9221688970204163,-0.2963491050306763,1.3267283156573115,0.9610217200346154,0.35204914772008034,-0.34849809682050237,2025-09-02 20:05:30,A,1756843530,10s
-0.5742819652207629,0.39849834640046133,0.0723266962342081,0.11675717950633212,1.1316412677792564,0.8547282030615985,-0.7988585731707095,-0.2835723496266072,-1.4035765205916448,0.5009370810956546,-0.38037041595003496,-0.11742329901047861,-0.09916033744701494,-0.3880767588546702,0.4007265767947449,0.840217000330013,-0.3358166375618435,-0.8350271511046155,0.08533901812359636,0.5636078529120606,0.622759030260127,-0.6395957862671792,0.0741199711957402,-0.8058131426101361,0.1099925256557409,0.10299849552951099,-0.6328855766057768,0.6365663703346406,0.03524101869221434,-0.6632501421502361,0.9322467531368577,-0.8201957202803567,2025-09-02 20:05:40,A,1756843540,10s
-0.5327802435654475,0.561405336467604,0.0166837477624477,0.262920249018033,0.5061357208895884,0.7001420194893694,1.9197559054040694,-1.077011004820237,-0.680435514899179,0.3221423980151703,-0.12251357186219262,-0.6671219123065079,0.6784160920756589,-0.867459939134081,0.6396742124370167,0.7562343508867724,1.2918847006344683,-0.28650378267721927,1.0813346572734857,-0.7337939241667325,-0.19378174351695893,0.2087830438352662,1.2020248472197026,-0.709281805643162,0.3448055766453744,1.392552964772113,-0.8305689791185474,0.6123824039171508,0.15998595315843445,0.04876585711027233,1.2966235616850705,-0.6858666509067947,2025-09-02 20:05:50,A,1756843550,10s
-0.5613299584140148,0.351212361659997,0.2642841657761714,0.3655248971516547,0.4749053905037931,0.9545959403801184,-0.4756447821012674,-0.9886447298782709,-0.0717499057625577,0.7769295060141691,0.7719192788541206,-0.6297209614296483,1.5252337523814115,-0.895039634056164,0.8147758979730146,0.7850628525809049,-0.03635353896736894,-0.3623402925082005,-0.04475570495799817,-0.4565601898783735,0.04186605009098202,-0.6085172002035263,-0.2235155882802033,-1.365741985007154,0.7936189364761368,0.43280111182628617,0.2549802883905821,0.2259799583668632,0.42630429777259266,-0.2244055675221948,0.9038881629429864,-0.305782191915577,2025-09-02 20:06:00,A,1756843560,10s
-0.6475436589246267,0.4305815987650671,-0.10621299271391979,0.6866416921132545,0.5141747429999132,0.1369699071628798,-0.998810751860382,-0.031392522424168394,-0.8788596508414946,1.4939837716889066,0.6355565627883754,0.4231987067530099,-0.9778431522490539,-0.19642391989163155,-0.647946968322651,0.7518045031846096,0.1365844768021866,0.3979934385546864,-0.22918752839534237,-0.17323311177241985,-0.9868339123126753,-0.2687383293340476,-0.5058985031447063,-1.0851638619659618,0.36006216691400433,0.3189030596173507,-0.602834992152083,-0.20683910705456396,1.3643935761691686,0.305680170793388,0.5714025353524795,0.5601435051272261,2025-09-02 20:06:10,A,1756843570,10s
-0.7303069827469191,0.32733565953295946,0.158001035256621,1.138584269372344,0.791908904249382,0.17660213022510546,-0.358885323364842,-0.7089157749150371,0.6855179163277261,2.0313409972692633,2.0331251564159465,-0.10789565697721377,0.25355212714492037,-0.4489281305259211,-0.17069065057365146,0.6390005848705351,0.17148372928227876,0.5866776657512304,-0.12050143323271698,-1.5152925747918553,-0.8807018513381062,0.17285258010442714,0.654536785634405,-1.1321670845070804,0.28021675086881576,0.8247390882028263,0.18193477923657667,0.22601216695087895,1.103741811550969,0.486800966301527,0.277402131744985,-0.4736322347588636,2025-09-02 20:06:20,A,1756843580,10s
-1.065871268671446,0.4023327902273284,0.46673406741440215,4.030765980499395,0.6513036491633643,-2.661245899611587,0.8170394193449073,-0.3929772291180922,1.3654442429807745,0.9807571866554102,1.6865155496682729,-2.298633159126467,-0.4870782625009224,-0.40166668308524817,0.7288810163470415,0.22799232156396598,-0.7330739923928504,-2.7011672947661722,0.3674494277970244,-0.01622232067267123,0.10526279024714656,0.6039041230657758,1.5066073023681184,-0.46928251995558595,0.4310156416881019,0.569328626467829,-0.28594426725769234,-1.8728197103271835,1.0630267083095608,-0.4153243957916864,-0.9725103775829598,-0.22328912619684488,2025-09-02 20:06:30,A,1756843590,10s
2.0277434800990832,6.827156901889674,1.1442117784996815,-2.2614886005214196,6.7982688986776365,5.371529903393613,-7.7056206329704215,-1.3338241185750725,0.2471794908716706,-0.9610584587747065,-0.6987767451466936,-2.449842550268685,-1.0557864517499111,-1.2084196149715785,-1.9941357589193147,-1.9054737194043936,-0.004155737737773864,-1.1191230753134864,0.7890566228048859,1.5971279092566062,0.3285037778003739,-2.2960987385984977,-0.8026610476143561,-0.29871316408195286,-3.1670217351532024,0.9786081035501895,1.5317992473886617,-0.42420082509571183,0.7888317206413147,2.3303082898568013,-1.2131483149324698,-2.117612021702248,2025-09-02 20:06:40,A,1756843600,10s
2.7793511798262784,0.36092684138209724,-0.703868552319339,4.134060835834901,-0.11021312637891417,6.6583770384852805,1.9254103090790697,0.06994905234662831,-0.27064660594886286,0.5367723435664196,0.7645891204927169,-1.0472472966019537,-0.8601619068547193,0.05183197941674164,0.7674163931318159,0.9354083689504019,-0.050062328851667524,2.5190276687718867,1.3132595511691845,2.5409736604615873,-0.12329332797704369,4.768231888476932,0.18513916598790806,-2.023527888731665,-0.4116791161424218,-1.723254436221808,-3.4885380241644874,-2.164265972996107,1.4171606538828048,1.0938565239653169,-2.230747603566007,-1.258637419274149,2025-09-02 20:06:50,A,1756843610,10s
2.194322251604273,-1.827692358922491,-0.7729651465365097,2.0505456473984225,4.824925596039879,-2.4520715703683744,-0.5953311633114157,-1.9939677484259317,-0.9163686098766903,0.5499782931283864,-0.7117011954781579,-0.32500425418764606,0.3164413639993329,-0.19981786552554584,0.9971906590882814,-1.6136766540145615,0.2413738740201381,-1.1969016386693125,0.560781491824485,1.31364389244218,-0.4427941911410988,-0.5337059490121671,0.5229257792174072,0.7976799521025725,3.2771616159212194,1.1888820077186368,3.574227996403301,-1.355201711376613,-1.615238578737111,2.1999067386823064,0.04468061141039592,-0.876800723863342,2025-09-02 20:07:00,A,1756843620,10s
1.6028236708757833,-0.7699622885425933,-0.3965681021281499,-0.3802484860950371,4.2402886506484005,-4.084570503933941,-0.13330211395653907,-1.4706135625507837,0.6006672817221516,1.8048428430865648,0.8416745305162878,-0.19227157663173267,0.18675431136955706,-0.6022355394049019,0.15600202992181006,0.4534196921586387,-0.11080284584371879,-0.25022663790728206,-0.33539066920388033,0.1914213684445123,1.677579383327904,-0.423066860343583,-0.031827255189153865,0.589821906216736,0.23021941345516614,-0.29943998262259375,-1.9095551766825474,-1.0402670791342883,0.9713664066887452,0.8858873823421458,0.09681639361832567,0.48984902189340634,2025-09-02 20:07:10,A,1756843630,10s
1.1206723778719805,-0.6198846480610348,-0.3302593308650165,-0.6717570958963397,2.2397051275324835,-1.718771361974863,0.36890015127007425,0.921341068329027,-0.3275039335793837,0.6014149371338444,-0.3339964698621473,-1.0311129673898194,-1.3471141480675408,0.02505814294656949,1.055941782187875,2.421744157004863,0.44218388028009226,0.1425400055724357,-0.8216830296767283,-0.10722570484326831,1.054295365341782,-1.592270366201454,-0.6704840166193463,0.7517937694950365,-0.5185937787433484,-0.10184812574174697,-2.3322160251819155,-0.9556525696893158,0.041115923102091514,2.3765576500564594,0.5622797000614327,-1.1172342477191541,2025-09-02 20:07:20,A,1756843640,10s
0.9017998245216678,-0.4936225428405792,-0.1444551222546529,-0.9326069623132217,1.4360202107767412,-0.8453949740784977,0.4730581152991944,0.795887583065794,0.17030821026677342,0.7420719585396522,0.29619408671473696,-0.988849562043604,-0.4393518087955592,-0.2782685943216388,1.056699946874128,0.43389166507612975,1.022046354911904,-0.7767175959457668,0.7586962984283574,-0.11084964504936574,0.6920824008677756,-0.6377853778394817,-0.805794176505895,0.08225374950355782,-0.03646346910098191,0.46896627050331835,-0.6665210414044602,-0.356176896833829,0.24226892780723136,0.6508060123304237,0.1802366256013271,0.25964758115175474,2025-09-02 20:07:30,A,1756843650,10s
0.685231114589518,-0.47614258049085173,-0.001658272977801944,-1.1244668102398618,1.0679941105185984,-0.020228666091208786,0.7793941813990314,0.7803423311606339,-0.0547439413691851,0.4446006475175984,0.1891267765548522,-1.143621174408821,0.03227078040065112,-0.18432970433593676,1.2027643704662772,-0.9292970751472798,0.43522781639044117,0.29131892694233563,0.6541365418390467,0.03024932866234297,-1.0869805566322672,0.35941461756588783,-0.8664580387716673,-1.183818715195336,-0.15984765478809831,0.5782477900552832,0.47296688024836014,1.1576555932681405,0.24816141256751612,-0.6207268672883873,0.584752957763962,0.30761564641442896,2025-09-02 20:07:40,A,1756843660,10s
0.4207228924141024,-0.44018211011538827,0.008286296276004966,-0.852863701105883,0.8022572133853197,-0.13746761126538667,0.5772974939799546,0.6764748370413903,-0.11586998176249956,0.3072861946907356,0.06218275753384667,-1.2194559890741714,0.13343282721066418,-0.47976833440243927,0.9625737273628829,-0.742380342468252,0.7537062825563744,-0.3213325719723743,0.5979736013266838,-0.5245515873911076,-1.5929308650487488,0.7175940563157961,0.5392896810325748,-0.4748844318318083,-0.6929467672438852,-0.5784275106786165,0.14948847757369285,-0.00606222471490315,-0.3301365876368371,-0.04960023956921642,0.6523178365818161,-0.6682948575856912,2025-09-02 20:07:50,A,1756843670,10s
0.327523192257384,-0.14037464519213763,-0.22256129252485377,-1.0485828199935745,0.8046837454275249,0.00902629833358374,-0.011526207224081559,1.0876425187390746,-0.49872718785807874,1.4223797250466066,0.597961034821877,0.1044943119983209,-1.2471952026836373,-0.2403283978896062,-0.5666992046893846,-0.5140730029093288,-0.2560328007033981,0.5263962688441314,-0.4027731726284873,-0.49664783182570704,-1.1520913213639976,-0.09903264226537735,-0.2338109068923414,0.5297061120376395,0.03511263934697973,-1.1362866050770501,0.5908967578254748,-0.8976958570123339,-0.3218844890366664,0.6404201098566342,0.38357400851127615,0.6234219992159363,2025-09-02 20:08:00,A,1756843680,10s
0.22636263450130797,-0.1631879635526223,-0.12149089933024601,-0.8574924697946964,0.3736675000036454,-0.04414025464096722,0.821813776491618,0.8611390080854534,-0.8362882951247481,0.2345196182688912,-0.4193434440145498,-0.8987085479879612,-0.42365754653012844,-0.5188171629030088,0.7123383643695093,-0.5661206884898754,-0.5541771339822611,0.2793077740627331,-0.16584874854568826,0.49267059334643504,0.187419983636262,-0.058340652219286394,0.6900096264212089,0.8111482012537861,-0.3587537732442557,-0.3154320000526778,-0.29423163206423625,0.6137300377053779,-0.23471890803755363,0.44726241372816694,0.5863242596376085,-0.5272657841086946,2025-09-02 20:08:10,A,1756843690,10s
0.27334149102248123,-0.008508044502225974,-0.2341312184145504,-0.8332715411893097,0.2851449186675476,-0.22176594313124098,0.17874881174322482,1.230858471723128,-0.5166136884811525,1.0291030733336912,0.292270523960435,-0.2528782743501484,-1.1006931471253143,-0.553590418862931,-0.14634676469552677,-0.7985421927645866,-0.4961291313726234,-0.8423162012586806,0.08764024422352441,0.8183676146628694,1.1822983740333952,-0.5519232102068098,-0.10419278642756563,1.0994814948009919,0.9220496608999,0.03307320068742462,-0.008802941096225958,0.29845653587951215,0.7063991226054049,0.22039885528996056,-0.5031688809426186,0.16614744432431228,2025-09-02 20:08:20,A,1756843700,10s
0.329358961532661,0.04204054219552725,-0.1042123500111945,-0.824256841477817,0.18904524013655805,0.09669541608083297,2.05015314150729,0.7921478871790165,-0.8657750686702463,0.12984096421092453,-0.49456566457766143,-1.0130052184338683,-0.3723470101898825,-0.6535320871239907,0.5751377672729732,-0.725956969765494,-0.7344687332618045,0.6251425148614244,-0.07718269069456181,0.017271638906549744,0.3020891194579494,-0.11330820720973127,0.5263717486046718,0.636603407897563,1.08236314179846,1.0613710331054091,-0.8273277062471378,0.7407143099423136,1.4725580032777952,0.12784468035574317,-0.5694094592935279,0.25675360261218216,2025-09-02 20:08:30,A,1756843710,10s
0.17393334285578027,-0.11018227260512208,-0.2400204681884131,-0.534800360610409,0.033930643984297064,-0.15890101456725755,0.7466765190523476,0.8671471889178444,-0.5273164167668284,0.6781510018715912,0.05266518996857865,-0.5746588134985863,-0.7245205536123999,-0.6584792031790367,0.22323745971235756,-0.5708157688070988,-0.04461081514214318,-0.12634858966037157,0.06855815530129186,0.43144219747683005,0.5069016181423929,-0.11598862328552416,1.1405791176626985,0.7407479417535286,0.5392348856830933,0.4044503360162321,-0.3146704620401087,0.5460476400571468,1.2736966481600733,0.9623767172737882,-0.2026725085984188,-0.6373171590486718,2025-09-02 20:08:40,A,1756843720,10s
0.0812491057225023,-0.06418541540585056,-0.15729205163390153,-0.5616855270382577,0.3055214218135079,-0.17184627718204007,-0.24906669317588961,0.800411014316047,-0.709624055329921,0.8742656883969102,0.13823994170058915,-0.2550656607217716,-0.9001227325911534,-0.47145538602759507,-0.10748230482914638,-0.6072508199582423,-0.31105400566449964,0.07037116751418564,-0.429978469819344,0.036241028074702454,-1.1470168065957154,-0.03656674461582214,-0.5825166342418338,0.30053888301244003,0.2568758776080526,-0.9146520529319363,0.40459054425371344,0.20787300556906504,0.19615242601763663,0.13092431039955707,0.3769822328455104,0.022164657759721252,2025-09-02 20:08:50,A,1756843730,10s
-0.02404421920945674,-0.10623516528344282,-0.04754169930624522,-0.7550695443379711,0.7907039243975373,0.29377580498251493,-0.41638184723944227,0.6215555408273089,-0.5145546796495486,0.7001854737001852,0.11526797704625397,-0.4164269280766053,-0.2883278019330193,-0.5302944713705972,0.74667871603548,-0.8152681938222307,0.1845724196025192,-0.5641135058697477,0.3923268058026075,0.10135103999726032,0.5994202759482943,-0.22357876029833482,0.3351163256496813,-0.12420830304279393,-0.606676847800398,-0.7941911235807126,-0.02945054814600656,1.2675435062975917,0.43855115688397756,-0.23675276259574674,0.7882010070549471,-1.0577987126231658,2025-09-02 20:09:00,A,1756843740,10s
0.15234578121974127,0.41787219246710416,-0.20964890427129626,-0.8561296239281659,-0.016616362430707618,0.914544984404851,2.908772881276838,-0.46729214660983737,0.8433348134975472,1.7123371220129657,1.6093182453131538,-0.07850983158060554,0.2500730030531719,-1.3621154508540179,-0.3581020420286365,-0.034930186723544684,0.38465247747418396,0.21495215003717405,0.05869621963077078,-0.2843946566926099,1.332699155830476,-0.20418124880094146,1.4653099628594972,0.9098834298456189,0.9908010189576986,0.13332836912803622,-0.7302475463335409,0.3829414112047501,0.3479676799120095,0.7382733421604102,0.26613727382388375,-0.6772188691288913,2025-09-02 20:09:10,A,1756843750,10s
-0.10100757944296991,0.10894788576581306,-0.12410790802704348,-0.3160048147274612,0.16090099631470767,0.31771189678303197,0.1815917299401599,0.457836158623212,-0.8668715944183732,0.6956790270144436,-0.03470595174693259,-0.3180142623309684,-0.7180777280669388,-0.6344058805595147,-0.014825165760585571,-0.22146232948524677,-0.20334329430016618,0.4280952253044084,-0.3940124065160629,-0.7886085322516038,-1.3072330315791065,0.25557194134573635,0.2855790189161988,0.9166982972238998,-0.24349259314060442,-0.819512445417797,-0.1874343924148714,-0.42956792842672586,0.06284212311254614,0.11024235181173324,-0.6147789604926918,-0.30575997363787266,2025-09-02 20:09:20,A,1756843760,10s
-0.18420370262887886,0.04073969918639825,-0.036018790741597154,-0.1758545266904423,0.001406054036850616,0.03471955140528468,0.17258299345033165,0.1916530757296631,-1.1467957763744796,0.04288378802749161,-0.6652008511290257,-0.7707493918285602,-0.23132591567256092,-0.735677358675096,0.8835963388280036,-0.21713082095743463,-0.4976721030933828,-0.07159944075838584,-0.11386264738310932,0.28545629987190946,-0.09336359303495574,0.03554799311252457,0.34025087471689996,1.249560175627676,-0.9434263621952889,-0.8425086124146818,0.004768970796340412,-0.053046093358730166,-0.9330821696646114,-0.07904680366800348,-0.1407637363324846,-0.5575827078116427,2025-09-02 20:09:30,A,1756843770,10s
-0.13662136205895972,0.21364253882444806,0.002763927410833594,-0.17630803945976664,-0.28340240795704896,0.7405040755781422,0.11846287987493145,-0.6912367701153459,0.520557335060888,1.2467957407974386,1.2495578153322822,-0.3702396809198021,0.5201677535802502,-1.049429464673119,0.6665239153925293,-0.1120312930901359,-0.1580543623332432,-0.5441847320459383,0.1250228200255935,1.0393312885494639,0.9409242720366939,0.06881206454257625,-0.5782782510097383,0.8112062726420695,-1.4622078642167402,-1.2139651724718605,0.6738990227479874,0.40061103592062813,-2.0213831598714,-0.8522513650139638,0.5052850320424919,-0.006478553789015484,2025-09-02 20:09:40,A,1756843780,10s
-0.22047640971710758,0.13537960105897887,-0.08683910731760758,-0.03138599543218376,-0.5984813224202552,0.2099681585490865,-0.10803379072005305,-0.12870107830544705,-0.29012595926262824,0.7205006866446242,0.3619297644604599,-0.4610257766026768,0.06369978625905792,-0.832074705481813,0.5943402955028269,-0.5808407698740163,1.231118145793963,0.47961428369870013,0.7686869305283439,-0.9859889247721846,-1.1197243005395108,0.16284084334718707,-0.269752492368479,0.41554661724926517,-1.051687960832047,-0.380020872862197,0.423310280294602,0.32252072623938255,-0.29227725983934316,-0.07268273563929559,-0.11441990419522584,0.08593632549858546,2025-09-02 20:09:50,A,1756843790,10s
-0.21085843819079708,0.07327479046164484,0.07749032913404238,0.12392878274787346,-0.9171536447354276,0.3210228104416713,-0.30837853256016273,-0.45872636724290977,0.2934255938289919,0.729760219119135,0.8416096953696123,-0.8365100338162245,1.041697171449846,-1.2472929750275485,0.8900558112239618,-0.17294892235635392,-0.09006170270857873,-0.13491994350374736,-0.08067017138750456,-0.1971556374426006,0.003033217389819449,0.05178017502137221,-0.13231978038725456,0.7645133093290253,-0.48472038493612285,-0.46619959769142266,0.1464387135794877,-0.35841018131716207,0.11329412615684467,-0.046165503418948796,-0.7394703437722863,0.3663623615084675,2025-09-02 20:10:00,A,1756843800,10s
-0.21753453095342437,0.01984543328617717,0.17457185521385116,0.014701692676573345,-0.539325158788448,0.5999172181608678,-0.23392178420983506,-0.49605514971534764,0.1496210669714587,0.5327616767253923,0.6366860576425067,-0.9251674534073466,1.2789136950521829,-1.1937713082236174,1.1281352996493894,-0.17537072061982106,-0.21115673990198933,0.09066529243543354,-0.2182545865389837,-0.567143493755898,-0.43785436279445394,0.14453549379356292,-0.1177190639485176,0.012419246008479719,-0.4076833654681413,-0.38903178731973576,0.04122752969032943,-0.030700784393489607,0.32588398476241476,-0.4966391064963168,-0.7948593296247822,-0.08927824094990827,2025-09-02 20:10:10,A,1756843810,10s
-0.2927978688435922,0.2242250294919284,-0.09209662266926102,-0.002616337195480766,-0.07350344326024111,0.20155633117708596,-0.036126543723413125,0.072441483321214,-1.0235784269274217,0.46940430238011965,-0.33783311828963175,-0.3016860075855177,-0.5867487582097113,-0.7592646760573678,0.4910367992649935,0.06034967144192102,-0.17893447061445414,0.28449566752290006,-0.08708522905284592,0.2808653116369355,0.5284215866714594,-0.3865238804936884,0.7036804353322224,0.44758384403231005,-0.5034281438292093,-0.3157446217711269,-0.2721123172912031,-0.04219374475206218,-0.042999538048388374,-0.11653078223742204,-0.2843532251934293,-0.2342798212135642,2025-09-02 20:10:20,A,1756843820,10s
-0.22172357763241676,0.23499391073428297,-0.06398284622687192,0.015180154844064424,-0.5878713517618009,0.547790418384133,-0.622897244255825,-0.49904631624136375,0.6033007883289846,1.6173693536223959,1.5545148836010396,0.04431625018417899,0.28845088062766777,-1.2301265726830408,0.06268076081141699,0.127732897443857,0.24617554297362057,-0.7015204976968916,0.05143620453539374,0.4121393059771705,0.7881185484548779,-0.13530452900333081,-0.19887725480516513,0.5555024970223382,0.10569379841598812,-0.385537515506768,0.3873675959656673,-0.5733604106530705,-0.27904163302489204,-0.24107323686157,-0.733591176348809,0.37761028180984496,2025-09-02 20:10:30,A,1756843830,10s
-0.33787185146618376,0.29530358434092024,-0.043650057166699785,-0.004027952997986326,0.27819753664447905,0.46402938790686704,-0.7155091808762654,-0.0028765307146971474,-0.992321897738393,0.7376318217559711,-0.05058853147436512,0.029988394112363242,-0.8276887746029226,-0.6746761646547866,0.1387841109003149,0.1331031045377379,-0.2990087120021027,-0.36907849268475196,-0.30682116331693704,0.3631197641079074,-1.049450154598026,0.5444756285761772,-1.1110139742069067,0.35711740906538314,-0.4949500048953663,-0.5426188737974483,-0.4804557576470465,0.38024097463844925,-0.9013592806927322,-1.2671023407372777,-0.1751229405920881,-0.10748752180814233,2025-09-02 20:10:40,A,1756843840,10s
-0.3171954908985579,0.32347390832304157,-0.012725591431666933,0.17622051778930478,-0.18961248173064046,0.15233532674887812,-0.2243216242659288,-0.12773048364260084,-1.147487320039128,0.1469188425528058,-0.5952937742148456,-0.4724725997034839,-0.4862311278355455,-0.8959396165140149,0.6791799500066923,0.264956934698423,-0.3464115688307154,-0.5382490386368038,-0.010790775563335546,0.9138656973255119,0.3318808261627301,-0.12194468656547369,-0.28130051656827093,0.7775060109668401,0.11795953692391081,0.00013594703053972722,-0.24267793804681856,-0.3629557151703914,-0.6172253354744858,-0.479057424178547,-0.3839686968684522,0.4013396843567755,2025-09-02 20:10:50,A,1756843850,10s
-0.34027509345904927,0.20273301351359005,-0.00809704775810455,0.24024338947133003,-0.45769251010298445,0.5849322039313924,-0.40698292502777794,-0.7470958825176656,0.41907258149462945,1.2159929067735435,1.1601314811325922,-0.1794100061945337,0.5874920909384406,-1.3825238925248626,0.41601179637699864,0.46687104876557767,0.3173379130977095,-0.8279320417033722,-0.005304339677714203,0.2605698004319331,0.8429873771173265,0.009535559533826508,0.5793959279186516,0.3459147774906159,-0.15804820363939212,-0.06549672881770306,-0.07199080481145706,-0.45397634093402295,0.048476336357176505,0.14883304373448794,0.09671221529451779,0.03590644088595462,2025-09-02 20:11:00,A,1756843860,10s
-0.3796845303243887,0.21609123718037077,-0.09275033530062969,0.10910633431964464,-0.49807242558353765,0.5575119180140463,-0.8591446962626059,-0.7056690443587971,0.5797635723302924,1.8549804573105528,1.7525254359530824,0.4226529982920679,0.22247757980575458,-1.286628971090577,-0.331283470157563,0.45218715814294413,0.5599667184380042,-0.4159693430868671,-0.3448586358024561,-0.33502285043039504,-0.9421875496059455,0.6224698045764303,-0.6454137884468645,0.327780461688196,0.06709745067999849,0.11561245657399764,-0.10832879902006481,0.1329577517105535,-0.03205989488004851,0.12209969536292423,0.2538701246209056,0.08206629181436396,2025-09-02 20:11:10,A,1756843870,10s
-0.4093773008246475,0.12219889735151367,0.33597780172943764,0.17484319751468488,0.02954304584597271,0.9147710857361325,-1.0017544442622528,-0.9221650355298007,-0.009204374746173895,0.5621356877341506,0.6032092415482223,-0.608456092827931,1.2326958262529626,-1.054106375845423,1.4086692348792278,0.21303206774261538,-0.3928156768619339,-0.3086488373465295,-0.20718575330638492,-0.18185065743756637,-0.5222361734433916,0.21828937438958362,-1.3984819352648714,-0.7754657155181096,-0.28836628688070276,-0.16010108421369013,0.4111367596671344,0.24840829548569204,-0.5573958827625035,-1.0308493877033917,0.045115900733240615,0.07458992251113879,2025-09-02 20:11:20,A,1756843880,10s
-0.48123127357417195,0.20564640917183472,0.04900260548896161,0.6185095459813797,-0.6331139215047694,0.00883647591752513,-0.17995268582672075,-0.5379937406143925,-0.4696182635204869,0.16640445894882763,-0.09231108988913207,-0.7154994126718569,0.19892471452102697,-1.0789605797084467,1.0575568922070966,0.11310722590809145,1.173207821495989,-0.8347613152179705,0.7644334523139635,-0.0026553667890917023,-1.2060640780374365,0.9241308329047633,-0.4700791633844106,-0.4705606127895326,-0.5959810267202039,0.5097693626871032,-0.37889725577466077,0.11095153265797768,0.24208205207324512,-0.3241987193909236,0.3989738341384366,0.3175071244466188,2025-09-02 20:11:30,A,1756843890,10s
-0.4848165364377125,0.401787939446343,-0.10049518419866109,-0.02362749322849686,0.27094257271609007,0.5482670453201943,-0.6914296925843155,-0.11586233758120489,-0.9401108768055833,1.296886122864879,0.3247414973391459,0.684636347446847,-1.0135016905022711,-0.6519701491035287,-0.3093775628918509,0.34880384763147393,0.15759840038259187,1.0323941337521993,-0.3703467058606731,-1.10258278555698,-0.7240905695163992,-0.36169061679540015,-0.29340323059050133,-0.17167798646872245,0.5581486164947381,0.46147544347810326,0.346754823210039,-0.26049323427550036,0.47455118283683007,0.5163147040128881,0.15166444820246666,0.4219888029097429,2025-09-02 20:11:40,A,1756843900,10s
-0.6357016340937187,0.22470246139390765,0.1422253596575674,1.164036238225696,0.16978120463595728,-0.27341666287985195,-0.44672017173799544,-0.2570169937400283,-0.9914480785924421,0.09485409797919737,-0.5104460567928379,-0.7572978421329346,-0.7839635772939391,-0.4835666395120668,1.178295363825536,0.20301048071238978,-0.5676740237841733,-0.38504660323576106,-0.15407355648537124,0.49760735631583614,0.3233199851123189,-0.16456613450603497,0.24748316524152214,-1.1507444713188173,-0.45853097437574697,-0.19095289973316218,-0.11173757851352341,-0.3762005702451432,0.4356103567021784,-0.33492516240208237,0.6337435995195304,-0.007515288262145337,2025-09-02 20:11:50,A,1756843910,10s
-0.5285377126824541,0.43477608247297234,0.044872142889974265,0.4482400781754346,0.2248205223545405,0.18266366267545653,-0.7003168209526194,-0.24994852924872718,-0.9108303433714182,1.0288084746562436,0.09554153416854594,0.21787462942953228,-1.0092131659537595,-0.2616360826080708,0.5573127765900813,-0.14464578780661463,-0.22212916847569059,2.2483174283289507,-0.047035755052021455,-0.9952702185574412,1.2723950213826485,-2.007923940376798,0.39851468378957217,-1.0886943873282262,0.23578189400273392,0.24849619427132066,1.4778144084882892,-0.4731324336696428,0.47842521647058783,0.6267362877640398,-0.03324838766955323,0.4475186732161249,2025-09-02 20:12:00,A,1756843920,10s
-0.1427781970660775,0.3307603399930011,0.10792599247910742,0.7033878901895452,-2.5811994403470595,0.4209156880976779,-1.1487442908505703,-0.6487677341993872,0.0026667110324767166,0.7859866719135015,0.7421180661616729,-0.32024909166779714,1.2623489612086558,-1.3043626546054694,0.7414636370267069,0.16738996544427606,0.5365526701350961,3.339943216974774,-0.16883917791230416,-0.23429782009663722,0.3707200493334535,-2.95711002119258,-1.0749380388792473,-2.37757357276413,1.5411632736958696,0.42131691490929096,1.6390433201164818,-2.76522333576486,2.5224340970782557,0.9842583702969314,-3.428666826769334,3.341574465613781,2025-09-02 20:12:10,A,1756843930,10s
-0.4448930023150849,0.10366452535850697,-0.20534473924920366,0.274675614821185,0.2011524356222477,1.0639459794869268,-1.063462088731405,-0.18895701825990385,-0.9093767573380331,1.4922818812607654,0.474813169486214,1.0574491975581708,-1.2282364592547352,-0.5023147767021576,-0.053724098128751556,0.8709379191375283,0.32171270165481,1.431667823364461,-0.16666487450231263,0.8812327204041931,0.26337353578074346,0.15508603134971657,0.7590491554166662,-1.1685941127803796,-1.2616661791957537,0.5608188296564409,-1.0031026159799363,-0.16407047525440152,1.5835426579909484,0.6563536053279966,0.2642235285287057,0.6500425334079916,2025-09-02 20:12:20,A,1756843940,10s
-0.5632969204987072,0.25429357761854743,-0.0742296990637175,0.4535767035732779,0.45985047045309374,-0.23088359679796808,-0.6659429737975282,-0.34509879903006707,-0.9227296733637314,0.9657867039335516,-0.022366746496949974,0.4748901828119658,-1.1061337382243517,-0.7902537352401329,0.19332153802384472,1.0339431417002987,0.2020406397077668,-0.20322466942505776,-0.022243899878869818,0.9650510057850611,0.6991789615258632,-0.3332700325759328,0.8209178917854958,-0.34279391181094887,0.9431072860442231,0.8672379761932238,1.262846039961453,-1.025757192249198,-0.3182814226472779,0.6449507101038199,-0.04431438376308424,-0.23194305393817455,2025-09-02 20:12:30,A,1756843950,10s
-0.6493891385478034,0.2206968093129829,0.22664030024127038,0.9626944944535918,0.5436655683301098,0.07475412596064712,-0.9407327751876717,-0.5698523920033914,-0.16449130291503078,1.1246317934036258,0.7801385184526406,-0.012400908194194798,-0.4360496008685348,-0.5165648539882378,0.7917716301094464,0.5130682378956085,-0.2531317540792997,0.5838883799923842,-0.2047625422173919,-0.21009814399527627,-0.6681077773403226,0.2011033898052794,-0.8396641118743754,-1.0509943350905921,0.19435663435051595,0.728261465962711,1.0951623252198897,-0.7198706685378649,0.11377468364543898,0.11469955861244527,0.5053865201615491,0.8088598231051565,2025-09-02 20:12:40,A,1756843960,10s
-0.9510914709174979,0.28135377912868964,0.26836498225070243,3.2296423566089785,0.28009925939841895,-2.327625331992137,0.7587355945856635,-0.10441853182297217,-0.13446289615388665,0.2968818403437678,0.10936641768549214,-1.5665446058547259,-1.9270141744461486,-0.05437996016774421,1.2348395696987307,0.12181306555816096,-0.8181378042762053,-0.12321284346192792,-0.07624385735444696,0.21697896632881533,-0.4637717940762634,0.5169269539674245,0.8919835500584543,-0.6298034853252388,-0.33439322924655696,1.0166441603337826,0.4423916066403317,-2.001091076068124,0.740946709354426,0.1899170159484556,0.36145499302612466,0.3164209004626573,2025-09-02 20:12:50,A,1756843970,10s
-1.5187578190858761,1.2615265431310745,1.1971122036629056,3.0508590754068474,11.085509823637597,-0.6711385376099415,1.1366458640950436,2.441341536573645,-0.46028486749833414,1.302521078680385,0.6158467324235111,0.5486695834149828,-0.10102707470390764,-1.1661468590596111,1.072102573062034,0.07532569851164923,-0.5127051408539897,-0.3981689537983881,0.3427869657753184,-0.36005430728839166,1.2596024562410675,-0.5035890460509662,0.5387338581910249,-1.714483966183907,-0.5535678057377107,-1.47251572400839,0.19591644996484855,4.256221249131358,-5.53208824764141,3.519278303590271,-0.40473742148399183,1.0009400100908068,2025-09-02 20:13:00,A,1756843980,10s
3.21768650939947,7.4166310207526775,0.45609014308115264,1.6833157492682296,-6.808756177211093,-6.538615581035354,-5.239269976131751,2.465659409439885,-0.6275487478309015,2.5942575692662713,2.4183056621828976,1.8495113047734228,0.046225708610050174,1.5706195097526046,5.007950784826426,-1.293609004454637,1.0098138252776987,-0.824565948922074,-0.5744330465189355,1.7599019998269756,0.12804257149576842,-1.1056512052687264,2.5216104403574198,1.1585395268669867,0.03920302425209521,1.9721126621700473,-1.6321840629799407,1.0096129062138346,-2.918560490509123,-1.738664135132731,0.4259547092787993,1.8825927939739378,2025-09-02 20:13:10,A,1756843990,10s
2.0990166246384354,-1.7592452809024042,-0.9952842962030789,4.552317017769853,3.400906690128496,11.878945777791854,-1.3070642634328267,0.1953296395744697,0.32772587141210796,1.0738847175462765,1.8768142878188365,0.5182697911817957,0.4585723253031764,-0.437248316260864,1.6875099983203123,-2.609655319389897,-0.30151726074495167,-2.9327283195382026,-1.4235198780295004,-0.43875517809202674,1.2294661821539865,-3.230611815890363,-1.0605585315494284,1.010417271523863,2.0950811936449645,0.37398158481768123,-1.083293818230504,0.4485076939438761,0.7841408977644092,-1.5267139722725276,0.12619532587913462,0.668780410648777,2025-09-02 20:13:20,A,1756844000,10s
1.9604372375031847,-0.8823976587656044,-0.6247306919272867,0.6417383513860112,6.6032988441267655,-8.761630489593074,1.138660372308963,-3.654833731990765,-1.8144828369353283,0.09845449065747185,-2.3179405597666896,-0.012447692450727698,0.10500349927358896,-1.0480756615721472,0.18386371712846614,-2.6607844580657116,-1.396400540616588,1.8924510904590615,-0.9115986261637097,0.21491608225637596,-0.8364811017414563,1.6381903692648208,0.15473604929015272,0.16959379279284928,0.32881263484105505,-0.6053604776713261,-4.074864196148235,0.43468991250579625,2.663237975958401,0.2721697751433262,1.2689386097556685,1.1127970341902969,2025-09-02 20:13:30,A,1756844010,10s
1.1799557270060816,-0.7194087405526822,-0.3103520858418884,-0.4605485270917257,2.174723803074543,-1.7020522547242698,-0.7070092310087595,0.42991554098220786,0.4275875978234393,0.8602700347489377,0.20190327767985503,-0.5113682781745209,-1.0107186945526967,-0.35976799206170335,1.572869201685526,0.8112752940562723,1.546921306974958,0.13428813948721866,0.17047034875595593,-0.56556258104089,1.3449839344727694,-1.2602143036079958,-1.418904844108393,-0.013562856077599538,-1.5839965714997424,-0.20022776491161826,-0.03574035527017887,0.35965985394149436,-0.4966337758590217,-0.06632984681122665,0.19262036838741334,-0.33630717472320887,2025-09-02 20:13:40,A,1756844020,10s
1.0922117310004984,-0.5251170180860163,-0.1348731775508376,-0.9232707688801967,2.3204584326389486,-1.1845143906847635,-0.0933797508074384,0.6580782020960102,0.46850671876515343,0.6775036186615224,0.1359466759832404,-0.7187466627449012,-0.962238031185748,-0.33090488463260864,1.7230465253619842,1.3457931017311833,1.6242415604231786,0.27227275776689586,-0.03838801860564514,-1.5155931486241017,0.855070571899586,-1.413467298055187,-2.1531512572623908,-0.5101335541488081,-1.4537393511684633,-0.07421520297228934,-2.35045176069449,0.35886323438160583,0.3721825790405999,-0.3081596772113337,0.35542653247872336,-0.1007736209463058,2025-09-02 20:13:50,A,1756844030,10s
0.7176152535928128,-0.5542209140801104,-0.14320779158814168,-1.0546199415380837,1.0308625676045267,-0.4185647238104789,0.29159266722333427,1.1989894474815521,0.4275965006701124,0.8166601733656234,0.4742833862140686,-0.40268724562979635,-0.7822102856470706,-0.7418421566406028,0.8624611347796707,-0.9631587056613048,1.0141760845855339,-0.715219270833272,0.6146830062516707,0.08066408537962078,0.8094343752207086,-0.1832045198909869,0.5488590403529086,-1.1660536769548933,0.3129130703555679,0.6007253090983006,-0.16438490719082446,0.4832825114628124,1.2068788242849589,-0.00145218412477557,-0.3937758123507194,-0.7705125214656958,2025-09-02 20:14:00,A,1756844040,10s
0.6922970529520343,-0.631773649717582,0.06262789119390941,-1.172913403726704,0.33657609392536614,-0.14749620654718928,0.15007487817361267,0.9146881613688967,0.9517885806100118,0.9211136415636378,1.134436593364622,-0.7085382785555108,0.3709794562721624,-0.9058416437348019,1.0815227254929476,-1.1539851279920494,-0.5402423682897528,0.342957149883963,-0.6237102144207539,-0.06265026911663071,-0.44424664136802927,0.29433971756914135,-1.0950525173140329,-1.2793744435342742,1.1046363993304171,1.250157372054066,0.991969133505848,1.3283134754333519,1.405318065218632,-0.49767158803214184,-0.3932281837090091,0.29838586199789685,2025-09-02 20:14:10,A,1756844050,10s
0.501772715464573,-0.49355061027710384,-0.1588152248741085,-0.6833418482672371,-0.3000626803003918,-0.5974733786350128,0.5666118063726047,1.0239125338111421,0.38023568772865035,0.5451735440099752,0.3774507039598815,-0.6582438808464313,-0.6497211513735586,-0.8170377490270259,1.0757670910915753,-1.2370742781578243,0.8679210549560555,-0.2588074463288466,0.7873221917736722,0.8974239146589951,0.3759831748442495,0.5645331041022282,0.36433493599044703,-0.5889335144089709,-0.4537771721518738,0.4474468597673585,0.7096843804103177,0.4945665674383229,0.6084401953349788,0.7141212454643073,0.17607390072016907,-0.09131259210474846,2025-09-02 20:14:20,A,1756844060,10s
0.48233358470426624,-0.11302551564197316,-0.0648896881295473,-1.3394339641622726,0.9596745044097296,0.2920438708478302,0.585754540797385,0.9201135310896921,0.37414931490859926,1.008674252846131,0.7230517880185282,-0.06980428918203015,-0.7530972216506341,-0.7806213543592813,0.4327691846077715,-1.4903698696115555,0.7840224488406226,-0.2753491636480978,0.627241183615271,-0.7550844570982812,-0.33390156662527715,0.47617615027777865,-0.5145826875036187,-0.632412797258694,1.318823772348671,0.7803204434925043,0.6400553552224405,0.6550587521132984,0.722531320507961,-0.6636094153174696,-0.26985570252155144,0.43640681765277095,2025-09-02 20:14:30,A,1756844070,10s
0.31465269175437516,-0.3379299255980658,-0.148437896116056,-0.9147079433697071,0.3013574876063619,-0.061243556398308176,0.7869705364583554,1.1754856480490827,-0.5238330654060468,0.23641560940816,-0.33028186993684405,-0.4777503926359873,-0.8314902501646845,-0.7390605677503318,0.8406845684300863,-1.0447301952969434,-0.4191731635790743,1.0789282016207926,-0.5412123061251435,-0.25548454389473607,0.015384610549674235,0.24370284991342325,1.1206204614744304,0.04534280531814195,0.2726040764872073,0.7643388286848085,-0.11979799662831936,0.8966373363295354,1.7375955932064835,1.2731351305191079,0.28134141643015137,-0.5890212120660271,2025-09-02 20:14:40,A,1756844080,10s
0.3335060894030292,-0.24693181132914205,-0.03716906353462615,-0.6732241613039095,-0.24143643435949647,0.027952065674343975,0.861088415221634,0.23673424723834843,0.9802524962530128,0.9235836523969668,1.1143282953478997,-0.5593207303873353,0.23310818215722456,-1.2440489109946107,0.8889151239150863,-0.9225331938543625,-0.21830440598179135,-0.07965319316691274,-0.23456090338119737,0.3762099998220888,0.8569411074921001,0.2673234155963311,0.4258893851507631,0.14412849294386235,0.45154684481106205,0.059116945029703966,1.0051896028669893,0.2783206602151834,0.32818543059707583,0.30770037609939765,-0.34862788331507055,-0.34802429038784377,2025-09-02 20:14:50,A,1756844090,10s
0.25730087491373266,0.2533743412448424,-0.27043648588586033,-0.47335939727312143,-0.1522704036427461,-0.11272116619778441,3.273798887306178,0.35748964701038527,-0.35457910305170853,0.30557674826254844,-0.24867837443296967,-0.40202392703876716,-1.2017443657956148,-1.1058363399778042,0.06170076202119678,-0.5935439622658278,0.010203205731534283,1.1794495049493292,-0.6537196576753679,-0.09237537821354497,-0.6643612734590403,0.16724281311498668,0.7157586858774417,0.1847363867295694,0.9160230554040875,-0.2469419160932417,-0.36066931952920045,0.21125848815496007,-0.009139120886658962,0.4947390019430012,0.38830765154572383,-0.41400220125070925,2025-09-02 20:15:00,A,1756844100,10s
-0.014198286763361016,-0.005570819895950373,-0.08510135684962379,-0.6707079250056349,0.8663277042747859,0.38992486596696474,-0.023018340305391467,0.5884711260810432,-0.6279924234895221,0.4555123667077949,-0.24818070495248395,0.000757759431768299,-0.9656490334541252,-0.7902157796872097,0.6589059690685892,-0.8189293799521786,-0.3301354174878508,0.12830768668091397,-0.43226482978913805,-0.36199000221857386,0.5187970118566876,-0.25825963038962113,0.5638599598260526,0.6243807209825059,-0.9497918598158669,-1.3506537843656328,0.4714690410764601,0.3846237090188454,-0.7669674339428295,-0.1443310873825036,0.7371010048728184,-0.9608043647348611,2025-09-02 20:15:10,A,1756844110,10s
-0.061792393760927974,-0.18746836086901705,-0.03993831984949421,0.219393552069729,-1.1653660269157349,-0.8239679410472817,0.16341092916079358,0.2985770756189728,-0.47422411469675574,-0.4641380151984815,-0.6773134075854468,-1.1336112845606119,-0.12307510303392406,-1.0341624868259498,1.551590398187014,-1.0776959244616495,0.2604449080293776,0.6500715316752783,0.0279230681306725,0.14486064893911102,-0.7395952224089528,0.13856950435385407,-0.1756586839854914,0.6200590984358757,-1.5833997213616413,-0.9546037912763166,0.8252384386115865,0.009581341585265449,-0.8488509148464749,0.05676073161414788,0.2943636804947878,0.5074327565151238,2025-09-02 20:15:20,A,1756844120,10s
0.15459854092127684,0.7458758339896536,0.03568587072842634,-0.6098669166709227,0.5642812001589159,1.07766863099711,3.7104727610731447,-0.6783698193949715,-0.48242216223682377,-0.23646856915937264,-0.6479969500601099,-0.7621790932793916,-0.2666356647858759,-1.06838683344194,1.1098457904061008,-0.7332104913333624,0.12057232802552381,2.219373733504391,0.22992096595452918,-1.285418277741456,0.26520234463960657,-0.10214163743887877,0.8399906257056133,0.24882796519897818,-0.2147756174854207,-0.07214538696467868,-0.34938651584147834,-0.19185464678140066,-1.9061498767146756,-1.4389583900211247,-0.14090361261629586,0.6705791967254013,2025-09-02 20:15:30,A,1756844130,10s
0.04864534510904454,0.37437196537848566,-0.402048471098232,-0.3339055875768232,-0.3920540679305614,1.1103387239640028,0.8811605020254181,-0.308108999357828,1.3155121646657244,2.1611523568586626,2.2001464780667916,0.8339879478388278,-0.47776759416989906,-1.7021012377399747,-1.3272511824815152,-0.2699383964306406,1.332024608289236,1.236728110942542,-0.9089556441003781,-1.9524271772521993,-1.3309889984179413,0.6575544597299805,1.5689318429349615,0.966483836150318,0.5244051223277173,-0.037253268013405394,-1.7272331018781328,0.3010739568566999,-0.08755087696929315,0.7480966124015604,0.37731299336028196,-0.5752647198153551,2025-09-02 20:15:40,A,1756844140,10s
-0.12381470466841886,0.1733338569617126,-0.172087109210891,-0.3442445301384035,0.8191116419998414,0.21618123350813997,0.0734521759299763,0.23922605180993162,-0.7018401337403023,0.5853642632101597,-0.24499366619965257,0.33529352609229673,-0.9370628214759633,-1.0928181053397032,0.1815727601724706,-0.6904112366484183,0.00017459822216911577,0.03318410628202689,-0.36808917985756917,-1.1447870424774071,1.065020563946684,-0.678821457074498,1.3799400688564847,1.0564334581314558,0.16411688914751627,-0.6633622131404614,-0.35926669189681815,-0.2663657508324639,0.4958743645001385,0.44823271387216246,0.13151526674516686,-0.630719552904251,2025-09-02 20:15:50,A,1756844150,10s
0.025562139991812224,0.7245947251609178,-0.015204035791524266,-0.2555998077460302,0.21362851391380364,1.0756407857054189,5.544454574313234,-1.6993049677019387,0.5773131552313219,0.2155720471464693,0.3438379676025179,-0.7464184253423823,0.7870090180879534,-1.9563931733088853,0.6737689669243684,0.09348726452299551,0.10927255216930469,0.9687395635515319,-0.36980602793624656,-1.6339428929748527,0.023189083248199294,1.0132211477232937,1.7394319160777159,1.1927418606219125,0.2749630770892106,0.2911336863840438,-1.8870557837143953,-0.0017060862524178111,-1.1180200059639605,-1.1112928173949985,-0.37194714291320835,-0.8468301727824452,2025-09-02 20:16:00,A,1756844160,10s
-0.2277995708644908,0.012575941962690003,0.09324644258564771,-0.1248559637306119,0.19142245958757576,0.42947552487897744,-0.5184853810072363,-0.04493270031430684,-0.24605180403456978,0.11457780441465724,-0.11357688733246646,-0.3789348846328284,0.24069498480599652,-1.22134514813028,1.2763743952522482,-0.5056438041997589,-0.235751886492469,-0.3766654257164369,-0.43289577417234915,-0.7219265247112633,0.5322081687100715,-0.27184312766163,-0.0977847799547113,0.5322701928598385,-0.44966842652223254,-0.5469233932118711,0.20874622674738463,0.637344593368177,-0.26996699247307165,-0.5711291227421891,0.1662474433894554,-0.8937215599688833,2025-09-02 20:16:10,A,1756844170,10s
-0.3005197608714948,0.184209349288647,-0.009677420753488656,-0.22164428350367288,0.6661680830860337,0.16469269806487122,-0.7971944736316385,0.2292888173871854,-0.8537999302858631,0.23040677250460279,-0.4953093612500163,0.1455051155072761,-0.7362185618743922,-0.9890830383033886,0.7700550518178758,-0.4442669068140496,-0.2984915085477299,-0.5085004586052823,-0.3451985646718318,-0.12781925434228958,0.9448571055038009,-0.128963523595938,0.15527921810533124,0.2174058635204073,-0.9447864477180444,-1.0389279018962936,-0.7600737363561716,0.4586647476967441,0.14674354230598444,-0.6364113571444777,0.3601054101225009,-0.6630791905680998,2025-09-02 20:16:20,A,1756844180,10s
-0.28585597147900693,0.20749599639467858,-0.0031176323518393575,-0.35343944605795713,0.45303783038604456,0.8609091883627104,-1.3511303540766284,-0.1640708129145835,0.9535380259411201,1.8101864656306015,1.8463615556609883,0.8390145631822177,-0.17203107385465172,-1.4366819212532678,-0.39262304193418374,-0.26878094124984386,0.3358408546922217,-1.5440476373672336,-0.6048618612712083,-0.8891895720936778,-0.7829224057800731,1.1263199706361124,-0.9451433345117047,0.05085673089069268,-0.24515570212690746,-1.0026021723406455,-0.5982085444726678,0.8648075011382673,-0.2803994080781271,-1.533429724657986,0.019689556659422375,-1.100267207329735,2025-09-02 20:16:30,A,1756844190,10s
-0.2525468397641969,0.44524659914320797,-0.13508480154476254,-0.6570655962048042,0.847291082029512,1.152027178558264,0.11015752152617095,-0.2690248857089351,0.17586817309206515,1.3720822966338957,0.8910661700358634,0.9858903527502304,-0.7861880265467073,-1.146377761781609,-0.19106245905743344,-0.5415515901972674,1.6075834038069392,-0.008535059362376285,0.5391222874269161,-1.517865533551608,-0.35930179266509177,0.68273321665513,0.35309217434034007,-0.2544634107314764,-0.6901526702214607,-0.20404311053627006,-0.8306752285587332,1.3940964514195815,-0.7621612927790034,-1.1571502621914518,0.7515430333593419,-1.0966261754613316,2025-09-02 20:16:40,A,1756844200,10s
-0.38600405855000625,0.11943895793500756,0.15618129948839288,-0.09709770245513416,0.5332972067676041,0.5514035820069267,-0.08026053243416914,-0.006298728736116824,-1.1175355726561005,-0.38326495080414613,-0.9648948186207439,-0.32046855727795687,-0.25781904757266594,-0.9469516125598444,1.3214006218972423,-0.3638006773677005,-0.5966476536737702,0.14920161311848257,-0.4701528377577147,-0.976752034357724,-0.4047239021621942,0.37665370559436834,0.11114822324088308,0.33065354598599983,-0.4857277803902687,-0.18930671886566355,-0.172078550476002,0.5210966396730259,-0.18289093396785452,-0.6523080776585961,-0.18182361255259394,-1.043539416787304,2025-09-02 20:16:50,A,1756844210,10s
-0.40907245997435726,0.31808266417886877,0.058639250766715986,0.08282951407009981,0.40498986356795175,0.22262993979170279,0.05850582511120581,-0.12369802149565377,-0.9583664974008987,-0.17100663785989237,-0.8007669450880185,-0.1189310596896261,-0.5735733627011645,-1.1206696020759161,0.9190405564154114,-0.11735032452612891,-0.32676153684718373,-0.48753453350663933,-0.35181473905194777,-0.18247851042892613,0.47379087074553966,0.09354978623663966,0.2962978130839784,0.08292013149434546,-0.45356557189388635,-0.6290223970071427,-0.26890066424264913,-0.17606903800169232,-0.45497065907344847,-0.6201731250615103,0.5990731533435726,-0.24230751928019334,2025-09-02 20:17:00,A,1756844220,10s
-0.4257712185200961,0.2384415670617656,0.01592128659243534,-0.003870802592371979,0.09682405292231533,0.35018083266366906,-0.5001986315080136,0.02916323444452401,-0.9816188011761475,0.04066093948718382,-0.617400602695287,0.13615418556932332,-0.5059474818293739,-1.0556459506785552,0.6629013308587535,-0.09147801196729526,-0.02776738665036476,0.704901202077285,-0.6630685278371495,-1.1192912889732807,-0.6759397514196883,-0.052202668093071475,0.14673298159568582,-0.3121108631635708,-0.31210154327825335,-0.25816419950993785,0.02787529969609389,-0.10372245319494777,0.1476035675357427,-0.18290312429652872,-0.03926890263689698,-0.3426411668421035,2025-09-02 20:17:10,A,1756844230,10s
-0.47337516956500586,0.22228399018399594,0.02980786742420567,0.2617861099407298,-0.07713010209024168,0.096658940186711,-0.3988858425650626,-0.0677353593694615,-1.0203056193597873,-0.36182229055492665,-0.9306471067135709,-0.2204945896028258,-0.4044536183445985,-1.1860680852286796,1.0990610885729495,0.04096539156047843,-0.1900486329948838,-0.33519584147501846,-0.42947785607634315,0.019887359039011128,0.2500058043093718,0.2307845960972024,0.3288061038182216,0.10576363670393324,-0.6301192561484042,-0.09212501020149068,-0.35259257797690496,0.0596550233797282,-0.2520319357270175,-0.28125492013505815,0.5833342634941183,-0.2851899760908739,2025-09-02 20:17:20,A,1756844240,10s
-0.4621262479840368,0.26219289717018834,0.04902145031082286,0.30532366039682296,-0.3510590324819601,-0.008918453512563757,-0.3781122300435499,-0.09566480130140559,-1.0192080366750331,-0.29058240543030656,-0.8226104164914602,-0.1673935864349578,-0.4410713581687793,-1.1506958989715972,0.8696618318980135,-0.01837328160836289,-0.24323615214741595,0.04686112620075054,-0.5609578785322837,-0.48652250244815254,-0.9667075697716603,0.5142832765725327,-0.6613517379005521,0.3304262918826107,-0.02545159837333244,0.2528371435625296,0.06177684269028035,-0.12460633336516191,-0.19181031935941378,-0.3122751133472468,-0.03422040457650501,0.2997777236653535,2025-09-02 20:17:30,A,1756844250,10s
-0.46296435167850447,0.27957550188765123,-0.004348739815403779,0.15861996975608514,-0.21286225053712396,0.23469383962472062,-0.307692754890968,-0.10577637749811133,-1.0316186351569059,-0.19650456101113695,-0.8185110663549704,0.030924872659057225,-0.3904225067390651,-1.165673384180385,0.9544628307748889,0.048688475392394674,-0.0618119168544613,0.4285333707656859,-0.4125947250216065,-0.4513006620525896,0.43729271581380347,-0.15245558180764912,0.43818903256425495,0.033991331206847074,0.0021373647597521454,0.4907805656522115,-0.2353720366800885,-0.2967443159032364,0.6957781113283003,0.550144644978433,0.1734360963097974,0.21749315767514513,2025-09-02 20:17:40,A,1756844260,10s
-0.44689995643139796,0.25682483984545595,0.11614130147347528,-0.02079693617554965,0.14526207143768807,0.7587092741328676,-0.789433244720674,-0.5689935800340081,0.04807830100285999,0.5366512244471933,0.3579965753219983,0.32535025873257933,0.40072689022350405,-1.4814844044128987,0.8019220794871006,0.05321474535253262,0.8168525512439129,-0.5352662925527233,0.2770310556514803,-1.268704710707886,0.7815331566661141,0.1278394487844553,0.8947431448420025,-0.29955383990149553,0.11570820079226712,0.6257034315278945,-0.26854251080279495,-0.2682938115265069,1.1299020347352782,0.20728119248428348,-0.267447678519178,-0.4599608124859903,2025-09-02 20:17:50,A,1756844270,10s
-0.4709125266016489,0.1657291242800072,0.14210834804719258,0.39193841538743557,-0.2153723152773773,0.3932296101858111,-0.22508178030914266,-0.5751287950099395,-0.41494479072971424,-0.2506796613392376,-0.42598320906673537,-0.312668545325612,0.4423633117472046,-1.3778112210267544,1.3519981727464665,0.3020082439355714,0.027681853718319847,0.13510651683978644,-0.48819101018946687,-0.31957377777594753,0.1797945422399853,0.12091280970201534,0.666277849167155,-0.9779811351668701,-0.12143329217942934,0.2539274688821155,0.025798778803979096,-0.30621576927117844,0.5918304407387164,-0.05755370553164681,0.07931095935495554,-0.226286121904956,2025-09-02 20:18:00,A,1756844280,10s
-0.5208644466563118,0.3003875726804995,-0.0030546797733705697,0.032568049526610784,0.2921722957011456,0.3966293963732789,-0.7791915873959894,-0.21917083892302716,-0.9891738162855521,0.09579938183998152,-0.6303227469225434,0.4856863888404884,-0.6183506501096258,-1.126802851851339,0.7601258252502289,0.3848553176067308,-0.0025357049415234193,-0.1971979113832066,-0.3163758124121411,0.08450011420146701,0.8119106573426971,-0.012358946920022934,0.28487912588221936,-0.07602643465424477,0.06220412846108565,0.6037407203863888,0.0044223975505117575,0.03925316631180688,-0.0418099896142987,0.16872815779382294,0.6937474483613172,-0.19292776494620031,2025-09-02 20:18:10,A,1756844290,10s
-0.5293601975692243,0.30684036078370075,0.10336524119837343,0.30206598448728833,0.2786358660115979,0.3382198610516475,-0.6665434893005463,-0.25499885019511953,-1.0208725985975915,-0.09186175382310295,-0.7120022380788616,0.2335422900854116,-0.5615422937529545,-0.9933815706280813,0.8716677619870865,0.32945973028379166,-0.19166561950414482,0.18731648283084973,-0.49772106116127784,-0.39211806092694884,-0.3595389723330624,0.22850076066965955,-0.3682745613439239,-0.6491641059883588,0.2747693414926869,0.5232962171765789,-0.05011782269987785,-0.36420238790559667,0.19268500963393564,-0.31901247891967943,-0.2508720607509876,0.22263078568689473,2025-09-02 20:18:20,A,1756844300,10s
-0.5900704199329276,0.4281042729759226,-0.13509060236248058,0.38466158818035723,0.27742324634649734,0.09289571529131098,-1.288351079276265,-0.03884837255608895,-0.5783621070687402,0.803305885366,0.03981007219564123,1.0555427455180257,-1.433015540158738,-1.2052301235915557,-0.10919309925503354,0.604589052135649,0.28012792696548616,-1.8028967862527794,-0.1557972517576029,1.07701100358661,1.5309313819356156,0.013217612037665886,0.05423025579699142,-0.02022109496139432,0.5124459106091535,0.3074146151315133,-0.6971071574641998,-0.36894580608463723,0.0003643848679780647,-0.31491176801063947,-0.007865927244288879,-0.45905673115804263,2025-09-02 20:18:30,A,1756844310,10s
-0.5775539577770741,0.28353907372210807,0.27084487424464465,0.34859349640379583,0.39722833023217247,0.5972322262133456,-0.19229296121098938,-0.8366276993299954,-0.5032663219823404,-0.2483294350149037,-0.4927570464617686,-0.059667069484279446,0.3223587746430438,-1.1300383667710459,1.6747156987298026,0.03360548486947302,0.8757088253192199,-0.3598258386335157,0.8552717262709543,-0.9593613383692104,0.09649939842905512,0.6022292208056385,-0.07472399510572598,-0.7342518123522559,-0.2541141245253019,1.324870693120289,0.06382926961923276,0.25202445896805775,-0.07370383844318223,-0.6452739233678275,-0.12302813702759129,-0.5159570919003919,2025-09-02 20:18:40,A,1756844320,10s
-0.5921749291301177,0.21498858006451424,0.17517665697402277,0.9952027404900328,-0.9567109356386388,-0.045089682686124774,-0.7310366182779084,-0.8465634042399913,0.5161864061594323,0.2272786564892383,0.5559486537218711,-0.24683720141239138,0.7482960410241765,-1.6617750462943142,1.2094518581378373,0.5141905170206805,0.21646130810000702,-0.78908152044959,-0.24548951231990096,0.5328630634564924,0.4852696846095063,0.4575809239231076,-0.2709418488699259,-0.32468802278929904,0.3052761876016261,1.177409605173563,0.1489171574643997,-0.4469494485676077,0.14896268761594417,0.10398532613678232,-0.3802275979740549,0.7695739940754023,2025-09-02 20:18:50,A,1756844330,10s
-0.5967025531317411,0.2915187979990997,0.13815264155193696,0.8234541281050172,-0.3810741332236496,0.08717617312053368,-0.7579784709520995,-0.6209326360114146,-0.098346336006977,0.476785181376949,0.27277862913095346,0.3810960721949621,-0.3919116229005652,-0.9195698488693939,1.0499502832898866,-0.11939160453286009,1.019456607431746,0.2943163355024305,0.9607849842249045,-0.4863746350586559,-0.22160119262177036,0.6134434792722634,-1.0959774839341376,-0.07456093058115545,-0.4234458162855458,1.726004596411589,0.5879427316495754,0.005452742454216341,-0.11947001850212452,-0.28533106335312663,-0.5314463434180623,1.1958105362980755,2025-09-02 20:19:00,A,1756844340,10s
-0.7441706362386016,0.23496437878027576,0.0775794432745388,2.316524080129974,-1.0141450994943637,-1.2434191028249544,-0.5696922649863039,-0.6246871747765287,1.4139279321658627,1.1677621115376025,1.6686963142389497,-0.1367377037050878,-0.6682887392978138,-1.09582611849713,0.7243044271434675,0.14487841255808262,0.20686019051491555,-0.42558069033496,-0.0007680234645120359,1.2910699207029968,1.2494885066565415,0.2996253343693328,0.20384435774928616,-0.367180937746048,-0.39776008691691506,0.9895316947780225,0.6604159300467242,-1.0684934561126211,0.09876339557070633,0.3893758052772112,-0.24356417217444656,1.66664800099277,2025-09-02 20:19:10,A,1756844350,10s
-1.1854098131466382,0.6393392873172972,0.6426116477123124,3.7551357907146974,2.509244336415371,-2.516959047772331,0.8693551800433619,0.20647143467402906,0.10058936840591946,-0.15843007140926085,-0.13736259032977666,-1.2833530070090182,-2.0065199240723905,-0.41176445347966206,1.2295280890533902,-0.3398723252143534,-1.385536047687944,-2.4696331989215086,0.04081495703786466,-1.1178243912705932,0.3943000534262546,0.8894749929196628,0.8690896756207883,-0.36931772060878754,0.5205226343543158,0.576011988287055,-0.07975912713143371,-1.954417314238531,0.6567717393496741,-1.6678935686822143,-0.3359713069920068,-1.458265916838168,2025-09-02 20:19:20,A,1756844360,10s
2.3598714062071515,6.938824645778655,1.1415066859305805,-1.1561906133934776,3.709265277424303,2.371897918857838,-6.6852031963360075,-0.6416273055626913,0.20988014375528302,-1.1802597567939865,-0.8256144414890068,-1.5194442659233314,-0.9100442779251512,-1.2660689171430497,-0.16425679134237267,-1.3789010274455202,0.050353851782112026,0.7410599822150654,0.3387920065062393,-0.2904551595482072,-0.16414539585513407,0.7436247952886397,-0.7973595848119038,-0.61690600067126,0.5209233389694002,-0.9183264668031478,-0.2697860568309259,-0.916896658898917,0.8864150807104217,0.8967072638846909,-1.6213072929362815,-3.572696665201904,2025-09-02 20:19:30,A,1756844370,10s
2.495509136995732,-0.8086847681094219,-1.0681406075955744,5.046622061218922,0.4324605279935567,8.17294242395046,-1.2922056821103765,0.49054822672742177,0.3426859704390974,0.7313199267083919,1.2433543263363702,0.5936027312056448,-1.6346193129014266,-0.24512314810630897,1.1418712780416433,-0.7205796378727625,0.7657103285260439,0.058913815188513005,0.6253049857413646,2.2798887044974374,1.520324595619323,1.9093573535404142,0.4525221697856425,-0.036648082219778666,-0.5566277010508259,-0.8896150397298178,-2.15013586840586,-2.9248464794327935,-0.02979270421324401,2.0013003250350545,-1.3170951939143858,0.0903700313212238,2025-09-02 20:19:40,A,1756844380,10s
2.094145523302495,-1.6643635162077997,-0.7827304177995862,1.6496911703874595,4.9352059329178095,-5.798406339598074,-1.9323411086556344,-2.619855051426945,-0.4162013006906387,0.6404318562553831,-0.7646608554087491,0.8760662055856071,-0.37036653421181126,-0.7419923089033558,0.48104108595326145,-2.6937029081552377,0.37881288220869075,0.05874779631119125,0.009570047315065052,0.7494970741678965,-1.5038926169675915,1.208113434138417,-1.0829295356872801,0.998187083401063,1.6988701174312268,0.603890234012687,1.2393674527901046,-0.04655672396620721,-0.4926232055313615,1.6099002216113987,0.25759934011626956,0.12220585063276512,2025-09-02 20:19:50,A,1756844390,10s
1.352466370025191,-0.9164610669662806,-0.1475362182750401,-0.07783441365448233,2.8764829302949098,-3.588010365302812,0.13205541104645527,-0.8207851988972535,-0.022848066924562756,-0.6247707863661106,-1.2448879191388815,-0.8638146027965221,-0.07752464556269013,-0.6150801816559296,2.328415752954983,0.006841648537533346,0.915263718774996,1.0083461540447343,-0.16282090280633732,-0.90357150959317,-0.23264725851534218,-0.19300302910461456,-1.5196114536056116,-0.49784852406576824,-1.471413320239758,-0.5998732154582576,-0.338049908541979,-0.2984492528510502,-0.2749422650884485,-0.08379713905444677,0.2929957809782076,0.05340411851699642,2025-09-02 20:20:00,A,1756844400,10s
1.1362717789712968,-0.8860187304687572,-0.11069767363767022,-0.38259999036016795,0.8541090253309711,-1.9800890273433767,-0.5910050489579656,0.5706341482476133,1.4913300977545008,0.40136445922655606,0.612662358823961,-0.785023749211719,-0.32917561539286405,-0.8309557425746193,1.9815567790489566,1.7145770064974233,0.5355270063753117,-0.21451081370147485,-1.1083601424342238,-0.16853052049041828,1.5481892688925791,-1.1016827427253,-2.3484780745958163,0.2710751876035197,-1.5779665317408742,0.06782324098748767,-1.480282782888445,-0.3264273657780251,-0.4333288039622,0.6755049011591433,-0.05129682734400535,-0.18212469178911578,2025-09-02 20:20:10,A,1756844410,10s
0.8339883486156416,-0.5479124551331849,-0.13972706189936296,-0.9440387740888843,0.49114884165910755,-0.9274816408510812,-0.04459722917866697,1.088452287522976,0.7408495745033558,0.4306911623911037,0.3455140219685557,-0.12116914930171811,-1.0254131335472214,-0.6148754572968573,1.1322950927943451,-0.619709551015757,1.0353799679091018,0.2884628043172002,0.3279019192665505,-0.12409033046419468,0.13924593182267464,0.22169480684503903,-1.4060152894269777,-0.4990859089040413,-0.3269616204532857,1.0263070945694386,0.027373095454686434,0.7517400553191868,-0.018393408714428468,-0.19421256635408904,-0.487414552682566,0.3087197810730821,2025-09-02 20:20:20,A,1756844420,10s
0.6144235642677879,-0.2681614518498494,-0.40803996775844764,-0.6744728785586224,0.07924090194377109,-0.8416701349910605,0.17608335414894408,1.610487790753707,0.42101714691055436,1.1686020577510954,0.7544510971707411,0.8241559099531379,-2.331494331493532,-0.7739861488672573,-0.884955203514189,-0.702416986511797,0.14274499059401566,-0.156506577484901,-0.9213499855056645,0.466204391609097,-1.0515634303872599,0.7301000166534272,-0.8920327485843714,-0.24714423308975342,0.9137080328875378,-0.10464878152392872,0.06598259867671895,-0.9050564429580435,0.00951255378795791,0.5931915704001327,-0.03930832382118799,0.9985722599982312,2025-09-02 20:20:30,A,1756844430,10s
0.6177370657765855,-0.5424489182253159,0.014492407192528504,-0.6297654464553522,-0.6642667010294105,-0.5784806410739244,0.058021887495053076,0.8061193186393872,1.2557710332126057,0.3602314071875614,0.8631345278166767,-0.5057325998232396,0.17498364917922013,-1.1409617033068198,1.202227562995443,-1.2498903652419586,-0.4864179429790025,0.06587702316679142,-0.3753041142696527,0.7446410674699186,0.9598561342247193,0.19046569780003028,-0.4980295368590773,-0.42731376288501416,0.6009114344917776,0.8666530717808244,1.500557187096116,0.12126836512370649,0.5578121885218119,-0.030231572240601547,-0.9102962286885825,0.8965863307911,2025-09-02 20:20:40,A,1756844440,10s
0.5597149633308686,-0.3870488627288709,0.09994919410004345,-0.9735950548592075,0.09310260231470117,0.1349920890410321,0.8945458469892598,0.5630684092215914,1.1200188352889302,0.0366821617382106,0.553605665422133,-0.6592547344530821,0.525267203933925,-1.2103831424193054,1.3966234500073231,-1.2971067064512725,-0.47783644452752416,0.5342162654866989,-0.5817482390972772,0.050033135064164624,0.6229136423091455,0.44008482378497055,0.3235792193269804,-0.967667452529348,0.7744484289596142,1.1100052074337714,0.2993589768839437,1.6296863216208102,0.931281653229258,-0.7912547121349663,-0.37041895962296634,-0.5165389292946454,2025-09-02 20:20:50,A,1756844450,10s
0.4691733919668248,-0.44967560024985287,0.12422865085537131,-1.0159430165746866,0.3840208695951192,0.42097683018959864,0.21869303074628776,0.5531186597010952,1.0921869940659465,0.2951814955435325,0.7434307974473192,-0.27310168948083907,0.4069897202411366,-1.1143860690803822,1.3270089375169904,-1.2862666785391843,-0.5671072995110673,-0.24285265756906915,-0.45000508570687,0.24669696110233844,0.9621905720203328,0.32233959712144716,-0.18753420350876468,-0.6758914314890785,0.5338438755396174,0.46650357469727444,0.6549187002886611,1.3338537152814363,0.5870613125282137,-1.044768247116285,-0.482744554578195,-0.5240416824161765,2025-09-02 20:21:00,A,1756844460,10s
0.4860139911165192,-0.3068366357660765,-0.16672166521086587,-0.9756247257771937,0.29173801564825447,-0.3586423628840426,-0.29892793156105424,1.2102957244950592,0.8571509120030381,0.8379419425075383,0.8098866424827353,0.4939689557308759,-1.1971009684839469,-0.7650972942415514,0.38080353379833703,-1.8476199902474635,0.8466271447330844,-0.7168955704156313,0.6235875558948714,0.6733496052907487,0.7169753112564831,0.4450753207330139,-0.8767824339553475,-1.1122610626328544,1.1914635202697206,1.4232880039237465,0.11758766986627416,2.753674135147619,1.5030606934974653,-1.356867464580671,-1.394955387960151,-1.0075213897824822,2025-09-02 20:21:10,A,1756844470,10s
0.31748881729464495,-0.37100858237274564,-0.057487035081527575,-0.8568897170646016,0.31682554099011506,-0.18198616892587438,-0.0662119743192844,1.180809827823853,-0.21971444315742614,-0.04419271204340511,-0.38177772303357155,0.09423562519676722,-1.1745572919676877,-0.5286442363796889,1.0144005953843773,-1.2342594425490376,-0.7768085135823268,0.4544476677093477,-0.49198702672562206,0.803942119645939,0.5546925967554368,0.24790382600979238,-0.5662017944311487,-0.3648563725330826,0.02148060584940036,0.4814076197232578,0.8199898326121692,1.559841625335249,0.39628967681824706,-0.756666223386141,-0.6940134938005339,-0.597204390384701,2025-09-02 20:21:20,A,1756844480,10s
0.139216725155244,-0.2685959071203349,0.014640305588354363,-0.5027586495560418,0.10183081179165943,-0.5148838352738835,0.30011318370461104,0.8519673794023,-0.45295602633956383,-0.7282243242433647,-0.9890348580909667,-0.44076672527246336,-0.6930652685222483,-0.8439027640285711,1.2981979892124826,-0.8358947957498567,-0.560663605998667,0.21784128685108098,-0.6042954572413519,0.3366190689926377,0.17553664710048755,0.29780044227732455,0.505938321754573,-0.24817121176950938,0.17982945927248078,-0.27971217375452256,0.7026419040031977,0.1609580170899136,0.45537841147287683,0.11876273829992998,-0.30441788838415323,-0.6527338652841441,2025-09-02 20:21:30,A,1756844490,10s
0.08966633478542937,-0.1896309353377463,-0.16373802140289825,-0.6993432466243212,0.09193260346793941,0.002283121874871249,-0.6728759179349686,0.6594648533664882,0.6441447402069894,0.8279762774821519,0.6972746941434066,0.781252973860725,-1.007195685573938,-0.875845427537775,0.45490710358827813,-1.2128435649239457,1.2266117874460125,-0.6227084835734483,0.8074989723913389,0.050197292228614,1.3093067682374295,0.19561640849906445,0.5538595750787573,0.04275449070431978,-0.6196169223965665,-0.5296604995528333,0.8389530127563334,0.4295470773944202,-0.007481838171863585,0.17234711600997413,-0.24474614338693315,-0.7427765771145637,2025-09-02 20:21:40,A,1756844500,10s
0.00432485416227744,0.12778712524771052,-0.09766265901667885,-0.35820634840744103,-0.26278739499394416,-0.2722967907729383,1.356128670197969,0.35796436054197844,-0.43173653938531353,-0.48769205313732344,-0.8325223843371881,-0.12336827150091861,-0.7733457656663678,-1.076897560707922,0.7227705161291513,-0.44939026998644,-0.08046618070674229,1.2288262632225677,-0.5463513434368575,-0.7206017691858936,0.3380864550633423,0.06612296802338853,1.6389028636588088,0.6051769601036722,-0.0469157437914161,-0.4422880141336553,0.402246570235968,-1.117194155997852,0.2440360715042308,1.2107232914487902,-0.1533877808060693,-0.007409154588659462,2025-09-02 20:21:50,A,1756844510,10s
-0.12908461502827445,-0.09756804952586001,0.00755925434675858,-0.030475506793099464,-0.29765257096036063,-0.05356690937558168,-0.1288433967173571,0.40306092061051013,-0.5828635267925045,-0.5714274773950215,-0.8270619571025519,-0.10702408396159166,-0.6511752924935668,-0.8120063249805352,1.0437597070190863,-0.6239979522308894,-0.3867310844285677,0.7998172480403626,-0.7282259437977258,-0.5520384652666639,-0.9172061702403547,0.42171663181527164,-0.1819887019741922,0.32703099699903876,-0.8410715816444202,-1.0639972244661866,0.9699037895700382,-0.8864778862956294,-0.7584167578548603,-0.007039760120979436,-0.2328294293139692,0.331589481273334,2025-09-02 20:22:00,A,1756844520,10s
-0.06709533695001214,0.1297523221237825,-0.0538028063793593,-0.22408230498460802,-0.4541845922644393,-0.1211615402999895,0.8419106259473211,-0.11546869582700692,0.18588735440991497,-0.19092534773753256,-0.22475153209751988,0.011546164465187575,-0.14035288692099843,-1.254849326131103,0.8554563713750699,-0.863827549890207,1.2692462249027745,0.6151791676268457,0.6705132719409259,-1.5825658895987855,0.287893372600524,0.42323697975883123,1.4720672126245467,0.6341695066636409,-0.6471374565827344,-0.06680690623764689,0.2844074729909102,-0.8827815557122825,0.4668581594180135,0.7487600776871122,-0.4185901283114174,0.25118303395322894,2025-09-02 20:22:10,A,1756844530,10s
-0.14584717262893493,0.18259672422443204,-0.14553594276067344,-0.11664162381392401,-0.12715352295455873,0.20293184091379057,0.3055711422437232,0.2530835248392494,-0.3019981189426048,0.17892812464374602,-0.1944403726968595,0.616604503996353,-1.2343576110777648,-0.84480083858726,0.13126647226358504,-0.5150482839482662,-0.08711978067050748,0.8053373356907535,-0.6978816200485322,-0.6380934763672085,-0.6817480018344644,0.49174143433910444,-0.33760010134446916,0.5485533676958876,-0.6335054987317743,-0.7701075005365218,0.24889787451094036,-0.1521969420182671,-0.7832454070708288,-0.49253194482511187,-0.19599351466340173,0.13060936205487106,2025-09-02 20:22:20,A,1756844540,10s
-0.17280147160956896,0.082833236874964,0.0706380848545566,-0.03212034483159491,-0.5112930702091901,0.25180878372233645,0.4640343722799794,-0.5168628998308381,0.8626943561357677,0.08913255007085925,0.5789451740732263,-0.07565881478631321,0.6908200922414477,-1.564863621863792,0.7453382729072198,-0.4182458224174984,0.10484445111898,0.006027835247085859,-0.7133182421482414,-1.2542136399216024,-0.8026121004547715,1.0983799606198394,0.024829454597315326,0.5247355058619149,-0.38578291389164887,-0.42223670881514214,0.04881674775378321,0.09944601412628228,-0.3793376687792977,-0.8152320562234434,-0.4823204598901972,-0.3880509971477586,2025-09-02 20:22:30,A,1756844550,10s
-0.20203848995176393,0.14458065424129535,-0.07038999997302671,0.06193117566612965,-0.5419274118694485,-0.06296953650103457,-0.4712489083630574,0.02689500236597578,0.3097043047728898,0.1607292131847394,0.19696488675556414,0.4071650508899673,-0.41665288221072266,-1.0995524459393695,0.45741724462700906,-0.8765098699244165,1.3985272106202236,0.1549891270590603,0.3683712539238366,-1.286471237300872,-0.8630278681954462,0.5835581686668809,-0.275269124980129,-0.3167738119691558,-0.5445582549956762,-0.5679392365909997,0.4590200836375161,-0.32319928354536104,0.3022548363530439,-0.3709776998694026,-0.5167541809608681,0.3960119944175933,2025-09-02 20:22:40,A,1756844560,10s
-0.20154617721451595,0.30940648911881985,-0.10788097968458672,-0.016981010612155244,-0.3438312920593607,0.12311498571328043,1.1388580273022393,-0.04757006529584905,-0.5060372606048603,-0.3436554424902536,-0.7041977382715542,0.2935772038995969,-0.79935455568466,-1.0547772198810488,0.49548515081280725,-0.24456856517340464,-0.05159845286422157,1.1332585232017947,-0.5382332676745405,-0.7633326415406118,0.16277104986444582,0.2014344532073481,0.6686503902750657,0.6389979400336051,-0.29876939053974977,-0.11037927117509432,-0.2222053437834065,-0.43480008593949876,-0.09153287982887887,0.05281002813576017,-0.3271259715562409,0.30921801531347326,2025-09-02 20:22:50,A,1756844570,10s
-0.22865439715734812,-0.0253762307624149,0.07668284348395915,0.1451964214759475,-0.8761369758115627,0.15773802374165105,-0.39544840948724946,-0.3957722609806721,0.8032471803769722,-0.030992225287768994,0.45172346316810974,-0.0633211165721679,0.8189523414919854,-1.4956579038273525,1.055163943427537,-0.3580051510325052,0.22226975587003314,0.24717573870115694,-0.5213061751372922,-0.7409169530865841,0.6237484157453328,0.066252279846839,0.7439698523401063,-0.08722712297022547,-0.16123102022266064,-0.14889408952924799,0.6344924797315517,-0.20713063704659224,0.7199381074010033,0.3177049942788975,-0.2287434535975108,-0.047164606379251205,2025-09-02 20:23:00,A,1756844580,10s
-0.18103181667315832,0.229552889768237,0.0016582729778019851,-0.16960941391416756,-0.2656841879102522,0.672719898448693,-0.2161919451814622,-0.5506963847412453,1.0457910556992474,0.828023191586578,1.1836670731421794,0.756430458695498,0.21638894026758831,-1.3470472220713823,0.06492704384905022,-0.24995151565059123,0.373050373367113,0.583760653757878,-0.72048929182798,-1.1760591259079292,-0.5751463203029079,0.7303070734250171,-0.24847428410536587,-0.413148444946282,-0.18498455888023008,-0.35127584278350604,0.15428801172642617,0.08403773957197487,-0.09430254280329549,-0.9214144787499455,-0.39768055251721385,0.08994266454984999,2025-09-02 20:23:10,A,1756844590,10s
-0.32455328694463653,0.1461458152891962,-0.07004388664931353,0.4556586880251851,-0.8342808223511559,-0.41324389704591347,0.17825750786100047,0.03256015100801969,-0.5625417155947926,-0.6926529247782002,-0.9355172254019621,0.02659027849147506,-0.7147426643303034,-1.1470359351922776,0.7450815010643205,0.04132435528580861,-0.10826674474290074,-0.15866542182141588,-0.40494928972334415,0.12327349783635924,0.27190278937042767,0.528474530428786,0.5989654093315591,1.1311861500982416,-0.12621426503443725,0.3559773621698363,-0.326265312655936,-0.8790405135534745,0.014865267868708275,0.13930839170271664,-0.9426706330923726,0.34490138556933075,2025-09-02 20:23:20,A,1756844600,10s
-0.3978141527951978,0.17731790020160593,0.044430343253677625,0.19549525404048507,0.004708716813345792,-0.04701849715061171,-0.6158595192996132,-0.05334018389496347,-0.7034827920525819,-0.5508745523721211,-0.8925884628641642,0.3483239236563412,-0.5925511321484644,-0.9486035919719839,0.7764705175740398,-0.044810347631182905,-0.21248832095362297,-0.030551566009676397,-0.5982764659429325,-0.3870995974625474,-0.21525860780685457,0.29862813913294456,-0.24251806750746585,0.08380303837684087,-0.3602744692095904,-0.48694620834689234,0.36440678093035056,-0.46707216630065296,-0.754024619637817,-0.5964780557071973,-0.19565940534834533,-0.05952562791904473,2025-09-02 20:23:30,A,1756844610,10s
-0.3684489062654589,0.22945662768730338,-0.08516361587579034,0.12498707799924161,-0.4048374622040882,0.06893339928964286,-0.844486711242934,-0.2155335049395824,0.25727103603943197,0.3498604074429908,0.23106622181923636,0.9156644188218882,-0.478649139738981,-1.1575358225601218,0.31634244006842255,-0.2911490977069137,1.6314068172766323,-0.3452574375906674,0.7049984515228427,-0.7929319317323048,0.8375947817637914,-0.007003085233424279,0.6165838058061223,-0.39817072774509144,-0.5494148967600441,-0.1567356407292,0.2765744351731495,-0.556062335999676,0.3556206991377435,0.13687123503159482,-0.17590177132011126,0.08340855216194246,2025-09-02 20:23:40,A,1756844620,10s
-0.3191414384627202,0.1436097636799577,-0.10081669857127507,0.10783791084265454,-1.111035100484009,0.4510070845440054,-0.9734796319926933,-0.6113324619470283,1.0738819140544802,0.9386135061434104,1.3039233517652324,0.9989004873544591,0.14510985120678505,-1.2908741222078612,0.1993631641591099,0.10937888491869487,0.6193284035045769,0.8023982104477653,-0.4660595979168049,-0.18168528438900317,0.533739112417878,0.35770350224539516,-0.08320642966647519,-0.011588976837353361,-0.6101812671464825,0.25279327924426204,0.6102736018921999,-0.14996035207686412,-0.18792288024716086,0.490968143417395,0.35771584542869245,0.9570329716395445,2025-09-02 20:23:50,A,1756844630,10s
-0.4240838525131852,0.18770989160577134,-0.02997524949983316,0.4485514719811665,-0.7452517617429355,-0.17437376207747848,-0.7207937017434662,-0.2002739006660596,-0.25776260545176827,-0.42705134682670737,-0.5461793646695023,0.3714369477622835,-0.3998797415927475,-1.0840067037331556,0.8749010984022376,-0.052570560603505664,0.6736752411761453,-0.2930163176761999,0.12251234558407449,0.2913455532747058,0.5525909213821089,0.16782002560488707,-0.07684054148520557,-0.23547969060220672,-0.4580844503810023,0.15622206543343378,0.5073120655127483,-0.35481813071093704,-0.5750462678059542,-0.435792868723153,-0.44882797760732285,0.19947031100966536,2025-09-02 20:24:00,A,1756844640,10s
-0.388150449237564,0.1809700438648671,0.09046772429416548,0.5144168398467933,-1.042116263882897,-0.03935369846598326,-0.2944704790019272,-0.5206232982127625,-0.03935115514922745,-0.5297752092579815,-0.3673221120265808,0.08993520143540337,0.24791332375034797,-1.1906078310874335,0.9895666084240752,0.09558356160447407,0.016940114768071345,0.6225800890617009,-0.5972638314484997,-0.076118589035235,-0.35119573716415253,0.19721186070640492,-0.6572742756525948,-0.5907793751757897,-0.05918785127587136,0.206469212607895,0.6457823772493303,-0.4884444252869571,-0.29482850396005544,-0.5124447669192725,-0.477556774617054,0.8878544031834686,2025-09-02 20:24:10,A,1756844650,10s
-0.48601075889073597,0.2431952157026978,0.09267446638215877,0.3416893270018895,-0.17869642634387325,0.13928557789534868,-0.15668637500373184,-0.25709447516257133,-0.8860277145449115,-0.993112919107697,-1.2717421959860487,0.1637721453739528,-0.19549455438304436,-1.019719805891967,1.1493344681274067,0.2802562525405638,-0.18967163790728675,0.3508642830843087,-0.5216950297224208,-0.24455843911044323,0.26015376265263707,0.21329102373696573,0.2671962112833183,-0.33902632172098857,-0.17407612664150213,0.5067708846869958,-0.04121701550755515,-0.2865368889322427,0.15609240379701134,0.08359030804210613,0.1362453917857643,0.30109231597245906,2025-09-02 20:24:20,A,1756844660,10s
-0.5029565867734311,0.1986644720248669,0.12788379920026177,0.4247342389423007,-0.08317886235057437,0.04195570197785516,-0.7987529223385591,-0.18087533513613457,-0.8072842922850859,-0.7042867522547446,-0.9884461221422074,0.39284739219983983,-0.4325721913615864,-0.8217718804574745,0.8907217443381642,0.2355642894848934,-0.26258100374781995,0.30884122458850854,-0.6241451069877374,-0.46853294407170687,-0.543618671600652,0.3483400668824461,-0.5711082539998253,-0.6651122591775825,0.13700638407610183,0.3644092243690702,0.3405564224648384,-0.5721005321020488,0.1399114930493778,-0.4754093372398362,-0.5536340308625243,0.27392846958797074,2025-09-02 20:24:30,A,1756844670,10s
-0.5208649797658129,0.189094922143895,0.127353977923292,0.5130022540555315,-0.29627793333889935,0.05404813551659226,-0.7521636719481943,-0.5328661289732475,-0.05762497761893919,-0.5152926847802536,-0.42934102885513625,0.34352352719021123,0.10541810799396925,-1.0895966074986463,1.135183501006667,0.05452375140675671,1.2252053850242317,-0.742157411044123,0.6220468295285677,-0.3349174498965355,-0.05761960740784823,0.7890805777358413,-0.17061959908756338,-1.0220018258405423,-0.31329716198486457,0.8182376957300701,0.1725827436863581,-0.12236147722494391,0.1276228883317092,-0.4768308309981591,-0.05862148016126805,-0.027973370127247925,2025-09-02 20:24:40,A,1756844680,10s
-0.538714065013454,0.3153570646784238,0.07906831147884798,0.28523679526636114,-0.0462714397452354,0.15277037591033232,-0.3160887388432963,-0.29887373449724586,-0.8157938818612367,-0.6707006958689703,-1.0261262387951926,0.554171511092268,-0.3915279688286465,-0.9639492028807493,0.8283545265272328,0.4829359063108539,-0.08923048011538341,0.31372502957008847,-0.398106997775025,-0.40261736426572176,0.6365294307459536,0.041921709690721204,0.3518803969725034,-0.19880664811969181,0.4423560371458584,1.0408328104275533,0.12742701115493524,-0.5701643508138635,0.5409284374401196,0.4794963815158284,0.03838064539386793,0.28580739649765574,2025-09-02 20:24:50,A,1756844690,10s
-0.542336358630583,0.18394832281040152,0.14203893497019884,0.8375758953134363,-0.8555053247915634,-0.12929746405630618,-0.7839863110211251,-0.5642905799183819,-0.007228637296647364,-0.5210572019041283,-0.3112644511100878,0.1936278808182966,0.13192423957665816,-1.1141476073912,1.115628759162185,0.48022903019485735,-0.13757281712718392,-0.42857323866402547,-0.27045280911594327,0.5450963377265876,0.5373790357471729,0.5920300611153239,-0.5511038064889605,-0.04220092696862061,0.13924461636743793,1.193576407432235,0.39074647668496465,-0.9313527905254214,0.30067394577306056,-0.01686432466567269,-0.26622071003125675,1.3150077387948307,2025-09-02 20:25:00,A,1756844700,10s
-0.5388875718460026,0.2862466154224939,-0.0033687400455033765,0.6119987800507453,-0.5632869852968567,0.14998755517735238,-1.1682085910776725,-0.7179088941975437,1.1306027287408238,0.9902518951020194,1.3274084859171948,1.2194805756766796,-0.022107407083347106,-1.3381966044331326,-0.02336744718874585,0.6099169441553842,0.6115119182646135,-0.631054176964769,-0.12614061202852686,0.12554160715250223,1.7615499109766526,0.09490800980293097,0.5665899746611643,-0.15211316766274943,0.45135089963579256,0.9988246474496347,0.3002030672288177,-0.8157708913836748,0.47856896806689103,0.4118667969325338,-0.5069063003471571,0.5287288340556422,2025-09-02 20:25:10,A,1756844710,10s
-0.6098030968290601,0.2974571000557589,0.07911158647225341,1.1059941849311956,-0.49399285868285403,-0.48120486642807714,-0.721711915429595,-0.22965714883543786,-0.5445711529325853,-0.5819271486578381,-0.7434497336301232,0.42682654563198624,-0.7685007741558698,-0.6984569562537354,0.768652130630005,0.3782126067301814,-0.08710167613091055,0.525942591369015,-0.5764865670281357,0.6928838998673686,-0.2765151498016081,0.010251696610844926,-1.0840872009531917,-1.319802281468801,0.30522634361835044,0.566598522974094,0.7079429622373894,-0.7763037661417936,-0.23146903344198796,-0.6424944770964438,-0.11947632856692814,1.0942633107924054,2025-09-02 20:25:20,A,1756844720,10s
-0.6875954042319048,0.3193369358713449,-0.06805212062225119,1.4514631054229885,-0.5920376487128685,-0.9161557944163827,-0.6140766011041133,-0.0924144480049482,-0.0178635968195576,0.34823639697538955,0.18191187638458364,0.9226313746385272,-1.6273244481089506,-0.3989134606624954,0.03323212143144613,0.23347512902506906,0.12152980284541108,1.3836988540851196,-0.5482793400859308,0.21875283184615146,-0.5877741251400216,0.35685156321179395,-0.7997369050751927,-0.5682134543407185,-0.07974035931422138,1.060445249046287,0.7375035803667127,-0.7588477864267987,0.06208932334261481,0.07699633945159613,-0.21585363277233058,1.3853424673475883,2025-09-02 20:25:30,A,1756844730,10s
-0.9548371136061622,0.2993374152574766,0.210401394333423,3.618029698139476,-0.24407658282094472,-2.5120929885940373,0.1746315841790463,-0.3865455719059445,2.494404769454941,1.5968718246011027,2.6171569987700605,0.07504795517080792,-1.9540477668196077,-0.2700864561678509,-0.3391105246729133,-0.2488618150415007,-0.1542375373007543,-0.318045450077426,-0.2577796233027111,-0.979309319907409,-0.8320681176825077,1.5814123234889756,0.36149073289421724,0.055262636925448805,-0.21034409700977372,1.1993546242439448,0.7205135399130408,-2.0105967184141895,0.6946307174768902,-0.738082342882527,-1.3691504349725099,0.6864581600459972,2025-09-02 20:25:40,A,1756844740,10s
2.193824197360003,8.147616926510251,1.095005233089455,-3.173973120214118,9.637573613834606,9.596820950409914,-4.104653843801712,-3.974146618265223,2.7886771471454463,-1.2801230931314158,0.261729214624851,-1.8320025023302442,-2.504331314745349,-2.134728136585222,-4.52203399661296,-2.176590288937714,-0.6347122923755166,2.1221802084831127,-1.0374254121428235,1.410631254492898,-1.0503120254430007,-1.1901743421781734,1.1288743970139925,2.000370572050259,-7.062036789386044,7.141820469856375,1.212092013409251,1.0107913775115918,-4.356268118891233,2.969355989327829,1.9046307157133262,2.940024677538279,2025-09-02 20:25:50,A,1756844750,10s
2.748158871162659,0.7625810826745907,-0.3663432322656877,3.826940201539478,-0.6627462538440142,4.7403785848477815,-2.912476032160439,0.7446617451484233,0.26322443905242765,-0.8297600813073958,-0.1364695571364709,-0.5304419617675054,-0.9793611872240234,-0.2693582865101055,1.3346144238085016,0.5816049257289171,-0.0636185772820869,2.8295985489741997,1.1494309649272512,2.1804179126106473,1.5723954883368174,5.100156582594997,0.16236587735149882,-2.159579332997052,0.03387000152274022,-2.226728275596452,-1.7897768521642146,-2.31729016386176,2.2768696534033688,-0.3570396828048325,-4.402019928533741,-0.58502433208071,2025-09-02 20:26:00,A,1756844760,10s
2.2057330557893557,-1.9413201843749464,-0.668032437714413,2.3663490671337417,5.583579928725503,-0.18223994002516947,-2.0962611686585726,-1.7545432824710856,-0.22802461823144768,-0.2699188280837737,-0.7897253320056129,1.023630248007547,-0.24065657103091695,-0.07889640816779277,1.16732795010757,-2.060633514715524,0.41539710754662457,-1.4818253223780213,-0.42857656814047923,0.5283771636829295,-1.512533582924824,-0.3359763466118241,-0.7138519808193835,-0.6378001336957039,2.9744535322211023,-0.49296593869795907,4.538745886867888,-2.276521798654864,-3.302608202586745,-0.2554611438277257,-0.06943961581964353,-0.29128898342225024,2025-09-02 20:26:10,A,1756844770,10s
1.5887609751224177,-1.130985095781234,-0.40237216898836453,-0.13324903365735177,4.712569127959262,-5.616516268145884,-0.8649566528867331,-1.4536472276621317,0.23273774604883696,-0.1191708961507235,-1.0123166483871437,0.5616743356887149,-0.3370549757074695,-0.5109998107343676,0.9428867535094969,-0.7302777825336612,0.9458640660981997,0.21299229833721653,-0.07384433535134907,-0.41403784657579745,0.5399306106033243,0.8353509729765757,0.0703686809288274,-0.6573021753876277,-0.9104360738806279,-0.10358955899337248,-1.8610218802785041,-0.19834743700772328,1.3981550032066814,1.1180562334204631,1.0000462511668946,-0.4659367203848552,2025-09-02 20:26:20,A,1756844780,10s
1.2274234365797596,-0.5097106310388948,-0.12439390893272555,-1.0269448508589711,2.555416333077334,-1.3835897136895083,1.660337976610233,0.19984359967255116,0.9016112754332286,-0.5329458222680082,-0.569752162660012,-0.3462124612169265,-0.8184784203889246,-0.22418969373447012,1.8736001917556075,1.712020868431767,1.644013248641029,1.069075357643749,-0.2015946571247284,-1.8412969841031444,1.0479090481885358,-0.6640103762904206,-0.6794092333654645,-0.28951732782369477,-0.7094055052227495,0.6968777067330729,-1.2948721118466642,-0.4169675548540543,-0.5283865810207767,0.7459140069624955,0.27258226347757714,-0.9537260681437717,2025-09-02 20:26:30,A,1756844790,10s
0.9042102636158771,-0.43039439281197783,-0.28844816174638876,-0.8921131371199869,1.4175088754593868,-0.7005328879259988,1.1524435586980053,0.620544882162872,1.1192820009626563,0.19685816422555874,0.25973183103395614,0.4395046958401921,-1.1773660655495082,-0.35557250390491774,0.9532939304874986,0.5298813750024481,1.6715034035229444,0.267053881836638,0.14142048861616663,-0.5196012763485495,1.5607097016925213,-0.4884782051492381,-0.4788184761244465,-0.5448769616753334,-0.6484496804708669,0.08771441023475779,-0.34388060455175506,-0.5042214310560974,-0.3892530346956233,1.209590855323285,1.1691445227790151,0.03237685311101342,2025-09-02 20:26:40,A,1756844800,10s
0.702801862121092,-0.3093170653848324,-0.025467286016742047,-1.2997242985379491,1.319856417805783,-0.06582918044363288,1.1202389606359484,0.6883984993941819,0.7461523364574725,-0.07835932082928,0.100260214497548,0.4108788468279646,-0.5683517454262049,-0.4089932778373775,0.6487185493106394,-1.1114396974792022,0.8073618826123127,0.6509434342968046,0.18827147704190378,-1.0903034927366673,-0.5984475650400302,0.7332930646634304,-0.571293997175092,-1.4903228594200542,0.1372954020467078,0.12527058861802412,0.844777292725389,-0.4326887487201609,-0.31036218713842884,-0.6712624835969194,0.5155832431455858,1.0403118376049847,2025-09-02 20:26:50,A,1756844810,10s
0.5241450846425351,-0.2575008108789671,-0.1834101082111925,-0.8697268490692748,0.5099872286545679,-0.31142117952236276,1.8457036723098235,0.9426953064998956,0.1364736631404771,-0.5362327112325932,-0.5685947049135723,0.17899746064711158,-1.1190311911760302,-0.41395896315688935,0.5262239429745312,-0.7240652710383552,-0.30482151074639796,1.377445772639473,-0.94521706480025,0.23626000684326076,-0.2630149659045528,0.597322171178808,0.3296063430101882,-0.9114541447030429,-0.23851739374803485,-0.2577520563776051,0.5488860783920757,0.26034034046257326,-0.6339024531297466,0.31129016616430893,1.120649694682631,-0.2604874702176627,2025-09-02 20:27:00,A,1756844820,10s
0.4845852437109628,-0.18700871226704902,-0.17353237142934144,-0.9586671961525317,0.6224308324101688,-0.24906379399611023,-0.19569715977967075,1.027236856413074,1.0780416742482077,0.6367736320068181,0.778899355766938,1.0369020582890842,-1.2386463865917237,-0.4812602586029236,0.04118048809003236,-1.4057550901822926,0.9364190625807398,-1.1359849653887497,0.8104323907973928,0.35812901760546495,1.8546401086963655,-0.05121885804697187,-0.3894117198015178,-0.45495749239456384,0.24871290593810605,-0.3749240751748407,1.4493990206324536,-0.4358351038576816,-0.12329357954438624,-0.5119190571013983,-0.6044586857087687,0.6000615570526631,2025-09-02 20:27:10,A,1756844830,10s
0.42429771755817985,-0.2386571721371986,-0.034615482684365866,-0.9168306163101732,0.609057159673433,-0.31065183859707396,0.6612229898678581,1.1810600659589408,0.24302991051213046,-0.5652359052061185,-0.49014863295802563,0.13016299546578589,-0.8789651573029014,-0.4359172060333611,0.7300922317553431,-1.3819306210770168,-0.4353902592507146,0.036203885689341665,-0.28455354149947804,0.30005144105572,0.9683193369320316,0.3947936085813235,0.12451012518272658,-0.6539400023676945,0.021567774479013126,0.3569839807158628,-0.01588357160968794,1.2352534095995769,0.6943726795093456,-1.1214424913098147,-0.539059396853805,-0.5337743047700974,2025-09-02 20:27:20,A,1756844840,10s
0.4240001082614391,-0.3421443855944425,-0.08251916971182187,-0.9184422449738527,0.18661941137364457,-0.5493267225222996,0.14210428332091157,1.5727566683020793,0.10110762223004816,-0.49599829399949574,-0.45691656199870406,0.2776118329387502,-1.046315056137823,-0.38242769858153913,0.5724950814945232,-1.4385399871253637,-0.846383327059758,-0.22600518526406965,-0.5484692887709461,0.6523578152491907,0.8013188284856008,0.30746846596839617,-1.0763250322299653,-0.29595695538678485,1.6586093199100513,1.696547045374215,0.4870974155172456,2.0711980322060413,1.5555413943213698,-0.6093313422258272,-0.9478245634999357,-0.3128961915971586,2025-09-02 20:27:30,A,1756844850,10s
0.27004384874111453,-0.16774552449539876,-0.184899208673898,-0.8188456563878271,0.5530684863812778,-0.33508169422585227,0.010901961568678531,1.2121963483556368,0.21135019522994192,-0.007275894797110438,-0.14979787509916503,0.7950165244608788,-1.4018906336406638,-0.4324595164026221,0.01404002319091784,-0.9336908476098998,-0.3413012632163835,-0.032844770192021755,-0.4523418206604894,0.42419809431099187,1.4654745750529907,0.310939447454419,0.9004943014404604,-0.11204123515235637,0.19623242936237345,0.13671606174584267,-0.007636668324373612,0.6426522050334651,0.957829751391046,-0.10679033519395399,-0.35303610231447186,-0.5636751249240013,2025-09-02 20:27:40,A,1756844860,10s
0.16620357481456444,-0.12622944802995115,-0.2680026229805227,-0.753900898958601,0.2829292610186907,-0.31356888162234375,-0.22068850930944678,1.1778824911686054,0.32207475718184353,0.41742565472937504,0.2926836771173746,1.2030865651443265,-1.619325651113716,-0.42567439732105683,-0.7159907444618305,-0.8351093507138112,0.026371591280666122,0.28143198753994525,-0.9127046313676536,-0.48966898111863594,-0.8853680583633873,0.8438262371880759,-0.24723459339696027,0.10645203306368568,0.5306485949685255,-0.3649259348652721,0.6424097493310043,0.31895140344044726,0.16171831252421878,0.17456355430130863,-0.25283493681695196,-0.578827991517765,2025-09-02 20:27:50,A,1756844870,10s
0.05180133924741333,-0.10920323570620012,-0.07998262436336454,-0.44144317117249054,0.05326591498865715,-0.29891069295261735,0.2947126052362679,0.6188480149581647,-0.08354472978427467,-0.5746512655953517,-0.6062682949115498,0.3771467249166066,-0.8591909459557293,-0.3427340841758831,0.46911390866366176,-0.7471347307612046,-0.23218838967142874,1.6106489956204322,-0.8542880398943102,-0.5356584703887066,-0.5260476805515926,0.38108015711299,0.4173294282225185,-0.3435230366543457,-0.6466391405251471,-0.871603232006329,0.9630748838211816,-0.015947792806766645,-0.5500773242143125,0.37755284411760864,0.7444247793371697,-0.015045104028539997,2025-09-02 20:28:00,A,1756844880,10s
-0.0491291986174728,-0.03052923052326897,0.1394122801567493,-0.5527726280459277,0.6145072367679124,0.4427711345441325,0.23118951362539542,0.03263311628425562,0.3206677447788596,-0.7301269345319393,-0.4172111512722177,0.20365807902663832,0.10999574350026002,-0.586810245576225,1.1036482200518902,-1.0053264828112385,0.7715279683917883,-0.03344664741558291,0.4647152034995803,-1.3097489716602224,-0.3389321116186469,0.9464731916669935,0.18588520442465642,-0.17696570439715947,-1.2152303241452362,-0.9945023802422961,0.6683094163530076,0.17081529338259213,-1.5637207301962084,-1.2168797271811995,-0.005084323420857005,-0.8058774998153446,2025-09-02 20:28:10,A,1756844890,10s
0.01918213519381364,0.3440087597418745,-0.015737749666217393,-0.063026021585727,-0.07426834540528385,0.23732247807228557,1.9473333965796356,-0.4171667564583044,0.5437885689665465,-0.5985894471369703,-0.23218682975511828,0.21271238663976955,-0.3418940263554521,-0.7273896473446211,0.6812010341164438,-0.7333093142388306,0.8966822772777177,-0.17993191956349075,0.6527027995143911,-0.16809965571499239,0.1958239934103043,0.8589057942976337,-0.22242776655973184,-0.12343989594348426,-1.5631904597523443,-1.501419522445236,0.7834690898302519,-0.9349604197442013,-1.6309064451616315,-1.4188722656455204,-0.8600090397872446,0.3803868003465174,2025-09-02 20:28:20,A,1756844900,10s
-0.11354039047764139,0.12687132691646552,-0.18928878868503837,-0.11405152874539541,-0.20229294410668452,-0.1807683781850144,-0.44457117995988715,0.4646097987443228,0.410261947373386,0.16793904696801434,0.1851803933394544,1.069520676375134,-1.0651624381136002,-0.7108759042870414,-0.22822163135405465,-0.6582230712061234,0.6038981359747957,-1.0007282033812799,0.31532543058253937,-0.2198522199245946,1.4635544628041683,0.2626889017209658,0.497274645596492,1.2334640656754092,-0.578722928721501,-0.8160565150410831,0.14523156039159418,-1.0141371881818153,-0.6558511610491403,-0.4194514920184132,-1.3294383852836247,0.012100448768941728,2025-09-02 20:28:30,A,1756844910,10s
-0.1602718079280293,0.14305648819305358,-0.14011114801779184,-0.2242366823381309,-0.3534800546041645,-0.2252477088686895,0.3402133629547094,0.34510139543212454,-0.21940137064156165,-0.43438128303763507,-0.5199135261877101,0.722724571768116,-0.7232390624288687,-0.6288153549602382,-0.07721337058012831,-0.4827305775962035,-0.04521013912702866,1.2274175292836116,-0.7622983020623482,-1.4251148679476187,-0.8245832906155321,0.764079135855887,0.21565289922354644,1.0726538301147779,-0.5760100475323853,-0.3410168959524988,0.016172149557294624,-0.28123726499595275,-0.098072706531316,0.2777957224535193,-0.6021147133339011,0.06322848240650342,2025-09-02 20:28:40,A,1756844920,10s
-0.18219114702609068,0.1286344223142466,-0.14403451050967653,-0.1581887861650157,-0.32183750579626225,-0.0145799674634407,-0.44698526135529576,0.26870811382143167,0.232452554991691,-0.1879892946470891,-0.119449518763727,0.860592512128942,-0.6570738379112291,-0.6203964229542844,0.2412891644635894,-0.6369730465946672,0.6179904703628046,0.08012489458677043,0.16812224865479314,-0.26782767038036454,1.1905554002225454,0.20989581719233502,0.43457031535169893,0.6556994416021542,-1.0915258559462355,-0.6421915263753893,0.4246234364484915,-0.1408007805029639,-0.7641774327597208,-0.16102071408740393,0.022438507421863887,0.19120634214175666,2025-09-02 20:28:50,A,1756844930,10s
-0.217896335896862,0.20072156886482526,0.045455116058332995,-0.3747581071733854,0.4385091911384079,0.30818956948665815,0.18845477597521224,0.20211933649287586,-0.5398554330459814,-0.9538107868084232,-1.082220287873733,0.5131941086314672,-0.2139619843917957,-0.6093565405357023,0.6412571780287957,-0.413000900587296,-0.32850042029726517,0.6056111992424894,-0.5617948743478018,-1.125190789436736,0.7595663928321332,-0.14941243714330243,0.5622031080564612,0.08043141525846448,-0.509019972134481,-0.7631188528481895,0.3475313166742051,-0.30688350057749036,-0.06513442464561703,-0.3630366673337702,-0.1443194391974871,-0.33113103424096524,2025-09-02 20:29:00,A,1756844940,10s
-0.17028444123475256,0.24975386651058148,-0.03332427585992664,0.09049677263598652,-0.28592876846717136,0.19753734501117684,0.7708836728745968,-0.2632146108032273,0.48504537793129227,-0.5100631347697019,-0.12108358323942685,0.3766351822778649,-0.05481792168243913,-0.8313012848622698,0.48387789572436435,-0.15558094905100248,-0.06864259391838447,-0.017089926530369837,-0.4827739577011293,0.27998543826680006,0.9264138204573239,0.5716367879443669,0.32870480680987274,-0.31851400988044865,-0.8538860798231978,-0.7245690897041598,0.23238136373493712,-0.32797359426649536,-0.4885199228644701,-0.9649431729699431,-0.09920965552234641,0.39932678873418714,2025-09-02 20:29:10,A,1756844950,10s
-0.2703689363916675,0.10227149923867994,0.017334197665144394,-0.10276631972090847,0.28239948557069044,0.05928520229923179,-0.5648438849446554,0.3070763573068215,-0.3588595181658888,-0.6388942635650497,-0.7439352303617317,0.722385472983367,-0.5981704428461797,-0.4203467671730423,0.3537742469199213,-0.32223345156110017,-0.2534250326389213,0.30675335932296716,-0.6054199120417805,-0.6614239678724798,0.38461011486581637,-0.05722055998499444,0.13420380871360754,-0.29880707660037453,-0.37977159493121226,-0.89321451818136,0.7429457589042218,-0.3064303896442507,-0.38216584816337024,-0.645000310401269,-0.17866571275077,-0.26215325211612894,2025-09-02 20:29:20,A,1756844960,10s
-0.27665810512251326,0.14964453261322563,-0.030601642813310258,0.020769778477633442,-0.19666088846696395,-0.017729196194323938,-0.19635211186384868,-0.09325950549112738,0.42814506032668226,-0.3904069476114052,-0.05810558162878517,0.6419883522341002,-0.041993832307348676,-0.6898470855334098,0.2616558676970407,-0.5123781087063289,1.4251675887256061,0.23164670658003472,0.23966425290236262,-1.458923027541584,-0.9856070951147106,1.0056864696847188,0.14429566734356428,-0.9819449758399319,-0.6272305858505821,-0.2929273716825725,0.2966825178946677,0.009363257074640126,0.21083843714152686,-0.4811516928272876,0.21156807127373395,0.08022967785945133,2025-09-02 20:29:30,A,1756844970,10s
-0.29691303323773416,0.16016152601769515,0.06925446739751961,-0.18277262550588097,0.024099046374034996,0.43814993106816374,0.30063612800914513,-0.3409344091294925,0.19884766579061577,-0.6555230919219934,-0.41570853241522804,0.561120085130256,0.2482989106946651,-0.6968617207153025,0.7523066282347792,-0.352984959009341,1.1635430840005296,0.2496812219921338,0.668768375078041,-1.5524133289805047,0.4700414532089328,0.5507650994911971,1.0403168264362659,0.04874915333719107,-0.8651883804781179,0.3148349557734148,0.28179463761033874,0.22707219815911225,-0.29013775505634337,-0.3080737774347286,-0.49171899010622167,-0.9205652500701257,2025-09-02 20:29:40,A,1756844980,10s
-0.364816183129952,0.30793286837266154,-0.2660273760911042,0.4844193832953196,-0.7321240019136659,-0.548285334601632,-0.22840752241708082,0.21420973725019396,0.1424522731506541,0.15648201736448747,0.07574205677586679,1.3035484940532425,-1.4916537973496893,-0.6376241324301057,-1.1871034520346753,0.15058334302432824,0.5916247523071874,0.04404576544089288,-0.8768287859338726,-0.2507159924737783,-1.0676162703324328,0.4515892148555951,-0.09973881072163063,0.03128107250781577,-0.06262310032158014,-0.8706058820443258,-0.2868733478937289,-0.2520705060132347,-0.7376770569674417,-0.3651216646958358,0.05700205763824263,-0.2838370823396351,2025-09-02 20:29:50,A,1756844990,10s
-0.4270632380260209,0.352801757365493,0.05481036883521354,-0.061968775611210676,0.26731484427320623,0.24997060689129547,0.107317205224575,-0.1822114466467198,-0.6078920361241188,-1.0176428884154172,-1.1250818716375042,0.6059074628815644,-0.18618566000207828,-0.6699088194566809,0.5037231812085975,0.08423900704674035,-0.2878072530305983,-0.008053175039743125,-0.4276306938091669,-0.8297914993606634,0.6464861092141859,0.3662244052860447,0.3243783484579347,0.8604686377137153,-0.36605619829580727,0.29385331765853223,-0.15253337753204868,0.28866761467725854,-1.1638819479104185,-0.7910650348989147,-0.4326454054906731,-0.9065984805690018,2025-09-02 20:30:00,A,1756845000,10s
-0.414295576003843,0.2334007341882185,0.019683949609244713,0.28286247337488907,-0.1499455748111503,0.2233483519003678,-0.7793123290184647,-0.31713812079064824,0.33107475453660873,-0.47534303244516324,-0.1609329092616939,0.7362815530415292,0.00047877122720633715,-0.5945362742883215,0.6290420693693258,-0.3745199841114012,1.2342566870314404,-0.5449328351290279,0.6664668290679245,-0.31897870760598923,0.8981405887177065,0.37384169558483965,-0.11355131756519432,-0.7816439839445174,-1.1712641847609686,-0.2592604750578975,0.23803119228653286,0.34532224950359314,-0.8097584635011204,-1.0673746517305371,0.6071374178202956,0.15689006694722613,2025-09-02 20:30:10,A,1756845010,10s
-0.45905509025501634,0.24137715702871856,-0.026461535482427474,0.37760321355845095,-0.4050160589037686,-0.3445947486221297,-0.48519031137631924,0.05181073384993298,-0.461940084707771,-0.9581289490042322,-0.9965748804782001,0.5618739963707445,-0.32067080491565253,-0.5974104574220301,0.38508696848025326,0.076696651856869,0.041477216680136146,0.32543123649418937,-0.5803011236843093,-0.31559924527304,0.7642961015343798,-0.2758235844833497,0.4237950725193771,-0.44215348672782967,-0.2465220333984173,-0.07598131027774865,0.3767118780551986,-0.20565973080569375,0.16781044454541458,0.1519195534142353,0.5736061118309489,0.17429886601921807,2025-09-02 20:30:20,A,1756845020,10s
-0.4419745777942586,0.32791736060322463,0.026961715084642325,0.3305973375076798,-0.32707126805432785,0.11116739335131134,-0.05853292165931678,-0.4319165923083247,0.28561537149626715,-0.5825892387841237,-0.22038239642134996,0.6513723342714761,0.13959854635689706,-0.7192364400843625,0.23212677832989848,-0.11812091150571401,1.454007368862375,0.005731228346620917,0.3151470151637279,-1.4464740666694902,-0.9264099123649236,0.9463303265533631,-0.13206611941862795,-0.975547106950744,-0.25253649671344686,0.4385094711047002,0.0679840457520358,0.22303426214319458,0.2956679956265174,-0.4541564067005566,0.5623683673437978,0.2096270531483852,2025-09-02 20:30:30,A,1756845030,10s
-0.5009371584388015,0.24152934014899582,0.07052386478305242,0.3119828352410683,-0.08750377477830684,0.1672714625142853,-0.7184105418686846,-0.2513053834203431,-0.2431405271168852,-0.9042899649040462,-0.7443336607680306,0.6521769429481112,0.10088355948529253,-0.6232054539013481,0.531953058071859,0.1359594795707768,0.611801276895727,-0.33017152363488567,-0.10542450613409378,-0.5060444593501302,-0.142226804325549,0.5235157388787122,-0.36540643038892484,-0.8457579020025349,-0.3387887935935189,0.18783946820818778,0.18556823865875924,0.2635309937496574,-0.43784108718642567,-0.8500959641903724,0.29788889421082465,-0.2290018771437053,2025-09-02 20:30:40,A,1756845040,10s
-0.48401163860510155,0.3441235606543625,0.0050288571252398604,0.229050560129491,-0.027815091345939267,0.23320926866045893,-0.4895551109280014,-0.44261818466778596,0.32783458943315735,-0.18298051750307762,0.08595132467329267,1.123438147586077,-0.05842520312569557,-0.6541188186877127,-0.11501276225731584,0.07761242395137055,1.4942383789489337,-0.3738236459213929,0.4023014592888589,-1.2978582692841767,-0.9132914033747719,1.2132728649280464,-0.42894157677853156,-0.7624142059972052,-0.10539382176307972,0.7002629034770367,-0.16020328329584294,0.17923305381582222,-0.02286854740619475,-0.6504611045771334,-0.14458698140812368,0.09541533514100022,2025-09-02 20:30:50,A,1756845050,10s
-0.5310046123445002,0.38683256119314724,-0.16798775343951786,0.47064150856903647,-0.30135781313878385,-0.2653613053746975,-0.6166973494542648,0.06334908321907003,-0.11758612039649728,-0.05009644907853766,-0.14332921497438636,1.392413724201563,-1.0319765552230087,-0.5576864485782229,-0.9572829417422526,0.5615379337710881,0.5602969241995523,0.06839549973780908,-0.8547732062025678,-0.6777931456748637,-0.866048369208759,0.5338906420685079,-0.0567930806474752,-0.5926960053638206,0.8219430415526569,0.3763976800634565,-0.3656755729212183,-0.4157572868170342,0.5282608776954341,0.17808900182406343,-0.13235911904701933,-0.03209037923725206,2025-09-02 20:31:00,A,1756845060,10s
-0.4694816363355538,0.23112322749370173,0.17543675932718084,0.3498369029370112,-0.17018819499086504,0.23239843339236554,-0.6652692100145569,-0.5238801196905012,0.02292474185262232,-0.807451444973077,-0.5115707796352212,0.6296047113162878,0.47739958024202184,-0.47645774714786315,0.8599405896755732,-0.0009642856260146296,1.1237522408712706,0.2793814159200435,0.7061471253245549,-1.0699403795035531,0.4258106193891768,0.10925419311880669,-0.11861998293431918,-1.1306525548480735,-0.023569089275495062,0.9690895600531502,0.7510063725824919,-0.339259703316743,0.4220741309145318,-0.1711680774797952,-0.6013932035909668,0.43230950842201654,2025-09-02 20:31:10,A,1756845070,10s
-0.5720757662260976,0.29591315012188324,-0.061765697855632254,0.5640625657678341,-0.19423097196194544,-0.10476209753612784,-0.5637239737068278,-0.17249722108217413,-0.37525257258245964,-0.6553741993914379,-0.6858052047491727,0.9650679990481192,-0.5730222926499928,-0.43233266230575756,0.10380976306853083,0.6439011831206111,0.1250947393533267,-0.09263731292646094,-0.55266496609463,0.6381462165764301,0.3842749165646928,0.5520599932524501,-0.18661185475771083,-0.7680487250720225,-0.21776968686626236,0.5374318451815498,-0.14887661485752338,0.15594730026558207,-0.35059935143562054,-0.5280573333964308,0.36163433843225373,-0.09527970517167253,2025-09-02 20:31:20,A,1756845080,10s
-0.6058863642709938,0.3233971761007408,0.08906821397047435,0.5681886602885787,0.08987547058885892,-0.20399585428131992,-0.689969023026894,-0.20187771084984793,-0.46755050062550435,-0.6761647071264759,-0.7275911557681904,0.9183006311649704,-0.5170468796819684,-0.29617614501313266,0.2297874854759126,0.5747492294716325,-0.24359596043357384,-0.13803431227688517,-0.3230216465032733,-0.1590104033498439,0.4678949944193258,0.42952914512681545,-0.4877377216855691,0.06577620706619663,0.3284541645082311,1.0516838770277768,0.5504761165034899,-0.5317385195018542,-0.31315960874773446,-0.1119274145459826,-0.24204326019093575,0.6001578858826553,2025-09-02 20:31:30,A,1756845090,10s
-0.6393556549213528,0.3436208175698958,0.07522025662906373,0.9144689905822895,-0.21368826522302892,-0.37542493090785717,-0.691654273809396,-0.1720714590482278,-0.4361951377335191,-0.9244767107938383,-0.8453054685195408,0.6353439974118752,-0.4185352335090579,-0.30105144710434656,0.3998455563977376,0.5260253866765882,-0.1230885995375493,0.09659605622766146,-0.5196688101166296,0.4058690268940904,0.17821753143251545,0.28727767413699057,-0.7943498092861648,-0.9347406897798222,0.14142045298209144,0.777645210181806,0.3810628859022059,-0.40003210478941964,-0.1883119677632248,-0.5760363071327841,0.4557324371665273,0.8588176308975284,2025-09-02 20:31:40,A,1756845100,10s
-0.6893675022506545,0.3181606198157393,0.05200714550934933,1.1493132646981716,-0.20091537258207745,-0.5364386400354428,-0.7353793681811436,-0.18873834809103868,-0.19025353583871518,-0.47490759444502045,-0.40772394581528204,0.8496450247893881,-0.9052457458340859,0.004637356873069,0.34165043942201156,0.38573145577441986,-0.3096880911394367,0.348561794492951,-0.21839949929434194,0.7255362714655983,0.8950617323282947,0.32805924166861933,-0.7719185580040393,-0.17158598329155728,-0.5365937562216746,1.0726581905013055,0.6735402894699066,-0.12080545717502006,-0.749011935011463,-0.6039671650271575,0.5045181291427497,0.9241838689920743,2025-09-02 20:31:50,A,1756845110,10s
-0.9202496233391065,0.3561028323085372,0.21858253213882314,2.6730016612943963,0.3240263595881815,-1.9088610102525865,0.24414145155193318,-0.06739846019358704,0.40829104362787483,-0.4157869421441513,-0.040248625960215424,0.017422251532854937,-1.7099296166959828,0.4757528975998909,0.4574506147530472,-0.0340984503242752,-0.7855975406437418,0.10447919712176908,-0.13029165136437032,-0.24502270223318426,0.7502003400959856,0.6826946961486379,0.47370337943573226,-0.2427330013335969,-0.6378142510807068,1.0989434312754558,0.7933106149260359,-1.1004128085732652,-0.04015001727202262,-0.3414812877174634,0.3648036156214617,0.6002204630418762,2025-09-02 20:32:00,A,1756845120,10s
-1.4667437555432035,1.0633191686802583,0.9954612324313882,3.543519769524054,7.3460638440696355,-1.9080351325732008,1.6711197221870246,1.4847554028204675,0.20533442730260826,-0.8739008518189787,-0.4962231296666245,-0.07991360142118765,-0.33970801049457017,-0.5849359247643126,0.45593123957122106,0.10480514862307891,-0.7306788514710545,-2.471498493731864,-0.3650930818398939,-2.3838443384540513,0.3516358888692803,0.862568416921887,1.8594301404254487,-2.0260649907712054,0.708800813163674,-0.6415740752028641,-0.9664054944507727,2.021501641426387,-2.184165723763685,1.560130472735037,-0.5311504075827745,-1.5575036910723066,2025-09-02 20:32:10,A,1756845130,10s
3.0087252428110896,7.225242090651249,0.6758724207243821,0.8412358198319878,-2.715534912292894,-2.9987670704008895,-3.3384866031593443,0.8023668261731096,0.40090428909075304,-0.23789248199705434,0.39846700170007765,0.4985527420922864,-0.3512491632537083,0.46936141538602766,1.136773469050648,-0.35546811567122694,0.375260062134349,2.463249729009295,0.1859142968703748,-0.02863114309538218,0.2859736922372606,2.3031264905001945,-1.1369503400140581,-0.9878900073676591,3.4451766584600896,-2.051880913800298,-0.860770190504321,-0.41963452508877824,-2.102963885206175,-0.8363888208099427,-1.4449672571469985,-3.836238045925388,2025-09-02 20:32:20,A,1756845140,10s
2.156396565309282,-1.623757988146881,-0.8986443801708117,4.87500377743852,3.146982103222381,11.283679445564253,-1.0777232219242283,0.2158346177558407,-0.0231767555449928,-1.2324664848463822,0.08003363021172488,0.7270263813952506,0.3750091348361794,0.6639234463832772,2.043117616483035,-2.6177716277911096,0.5041188843031357,-1.5172669854040832,-0.6990209128740565,-0.5717803798199691,-0.04772653326328754,-1.8928669366595061,-1.661147269126168,-0.20770779108253898,0.6948189103699811,-0.3986559125817051,-0.23762118338719265,-0.23070273794901486,-0.7555463459316974,-2.122378143695168,0.7496771732875741,1.6745792516207427,2025-09-02 20:32:30,A,1756845150,10s
2.0179100455698746,-1.0004372694846184,-0.6492881272331501,0.9962340969509443,6.418038146780659,-8.46632737173057,1.2413507222914981,-4.046774061707583,-0.35061130931043333,-0.6154192380782276,-1.918543872788202,0.9968094576810714,0.5928694133398636,-0.3872439807672275,0.04262796248404104,-2.7619590414848436,0.068693378917363,0.9213243525855537,0.2613028024601724,0.5491139891158784,0.7607110152805803,1.6042534241250728,0.5473799975919832,-0.3534142063241803,-1.0333361802206649,-1.356141678107412,-2.0584476638267595,-0.16293876557050213,2.219489353707433,1.0719642563472647,1.1191910854390883,0.625219183593179,2025-09-02 20:32:40,A,1756845160,10s
1.1823261477438332,-0.7758552311909804,-0.19755510606947946,-0.34719545504224664,2.303278334489185,-2.46947767049492,-0.17026606647750742,0.2938855250087528,0.8887427483027491,-0.6898849781215902,-0.5583514539277917,-0.01814872694312707,-0.41527867268988233,0.21651634694200314,1.0664841357171462,0.8442533330095502,1.4815124084657085,0.2536845477175988,-0.3658482101860043,-1.5315277074237985,0.04755479149017877,-0.3877734749720314,-1.7260585393164631,-0.4853319820635429,-1.137054473623671,-0.3263166592026841,-0.21355068926532106,0.41594746946644373,-0.6523206698858132,-0.7563483108603085,-0.3998984985990317,-1.2038524445855265,2025-09-02 20:32:50,A,1756845170,10s
1.0577118717433578,-0.657668089506652,-0.09022536362327777,-0.7211271301085688,1.5958770450707311,-1.8654639306146907,0.0680606005424002,0.7640034287325503,1.027143686994331,-0.8887455007858119,-0.4843407507436157,-0.35811767398026817,-0.4447685523271593,0.3493548453319766,1.588949766914031,1.4978998479188153,1.423804830035895,0.2154388673133774,-0.33544722320122033,-1.4784862978062667,0.048711154403450405,0.03714052755703569,-3.1986133273765645,0.15440560404437717,-1.494336823271865,0.9273917107388512,-2.157528951753906,1.4978375873874763,0.11960888212181202,-0.10165781457871559,-0.15035174060034331,-1.001502631439543,2025-09-02 20:33:00,A,1756845180,10s
0.8207984886844999,-0.12790716580370687,-0.1318295156568372,-0.9617298373995599,1.307755853660347,-0.3488570434764984,2.745176358219338,0.9629940287983948,0.42647092391199853,-0.7270204947034223,-0.5482203827231077,0.24380247065513164,-1.2917626313854678,0.2819404538751986,0.34348175369642325,-0.41840412441345937,-0.8506891397232089,-0.1934230791924572,-0.5619671192784444,1.6052711662064616,1.4696957615200807,0.09359259794501441,-1.369175779217982,-0.9216029021459163,0.2247325861944494,-0.004500276020795214,0.5942717628151358,0.7755862181232375,-0.6661535185308821,-1.381328924975056,-0.4931607938702047,-0.17617279924828871,2025-09-02 20:33:10,A,1756845190,10s
0.5964525091540457,-0.41841381895902646,-0.07658868479285286,-1.1093193670688355,0.867664779629983,-0.547250740600349,0.7613931393032417,1.3813831614064762,0.28191368858148524,-0.7421742321518606,-0.5369341073134525,0.3335703163591005,-0.6700674543091858,0.17333295196759577,0.2720164772925918,-0.9708063460493993,-0.4587978913607564,0.39783245222960945,-0.5697659754011681,0.13393067287344518,0.6101508682317478,0.18368116959480954,-0.21858377104245216,-0.9730172716316146,0.5416479187820983,0.45481257039225775,0.7561972012867203,0.7455149723882002,0.3793761778239197,-0.3446327388477181,0.3022413987213231,-0.04290176154551812,2025-09-02 20:33:20,A,1756845200,10s
0.5622519189439372,-0.3337220531723414,-0.22320396110009932,-0.9399090885716629,0.2909191689353586,-0.5103088449159919,0.2533761872020817,1.2682691051424817,1.3254286336681247,0.45103112213969715,0.9574318898610022,1.0191161716038266,-1.0170756708822941,0.1557579757240442,-0.718630592594285,-1.3865858250493432,1.0499081330653015,0.06150160980396317,0.2795224696604113,-0.32943067709023555,-0.7276173787238918,1.1982749527230474,-0.9179103950170958,-1.1407881569755622,0.15428129199918655,0.39261002736066625,0.7504071665677355,0.84759785071402,0.04943485776155915,-0.7134640776353868,-0.019680658348233612,0.4474345144573063,2025-09-02 20:33:30,A,1756845210,10s
0.4009567784791013,-0.1774327529497081,-0.08755597147662778,-1.1366987509547846,0.8347359509212942,-0.31294362730308956,1.198789748248683,1.2860907102147436,0.1394196256670085,-0.7755297242516482,-0.648635345866435,0.38437719634187034,-0.6389479471658263,-0.040475776309975675,-0.09216120383859733,-0.8084863546878592,-0.4195766347756426,0.5637922221888929,-0.5857780744284022,-0.83291147411102,1.0324579146867108,0.1727186401693296,1.5330710354893153,0.06000389029700672,1.0747055814552466,0.8800167468427337,0.08284099072241485,0.32753248813226493,1.2391852891973931,0.5720917547790336,0.15584887095481578,-0.3767009545243459,2025-09-02 20:33:40,A,1756845220,10s
0.36298693749585126,-0.12528730563376345,-0.13324728408226422,-0.7479886985238869,0.40213684002099087,-0.0059624205039743835,1.2896982736266818,0.6032736732383466,0.9437048860358818,-0.3634189884163045,0.13213994103413212,0.5174535338703399,-0.3580049769897368,-0.07287086300808009,0.10895212469598299,-1.0644171907885913,1.0267711101224615,-0.11559225250920871,0.5978136832409017,-0.004074045258204073,1.029519927556497,0.5153945210645764,0.7370255166231102,-0.7826364541209624,-0.7155734087733876,-0.6687550292959051,0.9446289592031059,-0.016844189987889873,-0.7447115932201182,-0.3933372756802652,0.66083358291675,-0.19915710930302236,2025-09-02 20:33:50,A,1756845230,10s
0.4328990419314498,0.38769973206116665,-0.19642568844848685,-1.0748754438542436,1.3027856160784033,0.3868689808677824,2.7994406224055335,0.5566239319567093,0.43781190461983976,-0.19886223053096866,-0.10694912171972572,0.9738480791738762,-1.3926359096762064,0.09180697589321217,-0.5662909145994914,-0.8535728707104793,-0.628620212267303,-0.41770877638211523,-0.31869784964118575,1.4626519187460947,1.9796480946647033,0.15055097076343374,-0.7419130429039087,-0.23768029254889772,0.6088743168496528,-0.272841450340125,0.21669008525812336,1.6227043599881088,-1.3087589442382284,-1.7762271520355035,0.18269750506973734,-0.4786396340358108,2025-09-02 20:34:00,A,1756845240,10s
0.19732997182550166,-0.22025085489875687,-0.08747953749276675,-0.3842322448965528,0.02267221513765545,0.006626117762482542,-0.4632060423568017,0.4751290497346227,1.814639887516409,0.4403061789041739,1.4435646417791368,0.767352451952612,0.09571530292215386,-0.27214025552131876,-0.5692665200769002,-0.815462252157832,0.11753188046651321,-0.74010943749968,-0.8592405665221517,0.18200442054171864,-0.43447631022999444,1.084490454903877,-0.8953990423947508,-0.8803239315421684,-0.25099406623588016,-1.55877316907115,0.6187777575319384,0.5182858557318075,-0.4979860409471013,-1.1771085846918614,0.1880327095427445,-0.36168409509883803,2025-09-02 20:34:10,A,1756845250,10s
0.03913351724101293,-0.2968018778983888,0.2525406230679713,-0.19504610240704975,-0.18347169369927532,-0.20111744985621094,0.10387846077455767,-0.07387301334531392,1.0901383175498158,-1.0373024981047172,0.03124051577621315,-0.3974361172295984,1.3846263064989135,-0.37773200427587383,0.9405229603312465,-0.5368011529844167,-0.3387324404168268,0.19474868887525873,-0.7402287367183852,-0.6252012370906103,-0.46179336101934226,0.8311690695987632,0.1959510772625087,-0.6165389100130374,-1.0097135621179636,-1.4439330853403423,0.9662868223503078,-0.2866629775076033,-1.284292595310006,-0.9191034309791848,-0.08720958748129885,-0.583097437582263,2025-09-02 20:34:20,A,1756845260,10s
0.031436797773777295,0.13948930195430262,-0.14826549697468405,-0.41804640121354286,-0.4443025197885641,0.24424384646151967,1.4158376677635138,-0.2106317852980359,1.5991528459739397,0.2769385690724153,1.1004799378807453,0.7850635675158709,0.39945059789364346,-0.6377085569325912,-0.5421270250660818,-0.15619390100084718,0.4138793344400164,0.13138401154041063,-0.32583522014074995,-0.5248574331126471,1.5177509753978873,0.4539271289820104,1.522304001381096,0.9970125423636662,-0.7513951763256048,-0.8733954526233129,0.26494967568107036,-0.4520401239956807,-1.1874502910177478,-0.1826332767429766,-0.39097306912062135,-0.6142871880217002,2025-09-02 20:34:30,A,1756845270,10s
-0.05295251182542488,0.366201726631363,-0.1961176568201602,-0.5502624551035196,0.4371722963673786,0.16799171852641454,1.324022742425134,0.4231071276309935,0.046982574141161866,-0.3217288325195692,-0.3537880424433652,1.0667418628704466,-0.7886157743711384,-0.26111976301100775,-0.8971974515551573,-0.20396066841955768,0.13264503994008447,0.30065090472841555,-0.38806231862553553,-1.087571928110253,1.4858336476971925,-0.25977984354338735,1.713791206541656,1.1413319996904152,0.01533994476011183,-0.7448264740110151,-0.43298015180116733,-0.7537874312261132,-0.871839212807323,-0.22472212709013636,-0.5583930463125123,-0.5384079948560161,2025-09-02 20:34:40,A,1756845280,10s
-0.0007376559139292984,0.24817259629847413,0.007357804681473923,-0.03597406735555145,-0.6368967017091833,0.3714950681488156,2.5743677211614724,-0.6168814591375539,1.2104716984088806,-0.6923968912811935,0.3475873498876951,-0.044314440238160314,1.182934393641214,-0.7414396583067484,-0.024592978901622837,-0.19590114443839884,0.17047123432949846,0.8829261670209277,-0.7519469282548085,-1.440402350015355,-0.5559599496658463,0.9626746370478374,0.6850472832150661,0.0817527088828386,-0.34583192304651655,-0.7673111911419113,0.19759335025897037,-0.6237908934864902,-0.4736497511255956,-0.6612235044513569,0.0728161868039041,0.51498036755343,2025-09-02 20:34:50,A,1756845290,10s
-0.19232914278969673,-0.02453907569041135,-0.04118394864185472,0.2119456062709045,-0.5442082939396223,-0.5512621027981963,0.5599953579816627,0.3388728478192782,-0.2725370955815726,-1.3359160238611838,-1.0812065853385444,0.04021621377053983,-0.09838059827714947,-0.03180796264478851,0.29710741714444383,-0.44567787405639875,-0.28221509939337164,0.9124589954878726,-0.6644401909420843,-0.6001122054635303,-0.2170857347663971,0.2932851669888036,0.4968943495528108,0.6637108323394959,-1.0191152605062206,-0.7898557683910319,0.4974141675230974,0.293293277356483,-0.8808829771915568,-0.28788719429396536,-0.016676588314272905,-0.4921108693851143,2025-09-02 20:35:00,A,1756845300,10s
-0.17884889896075337,0.2098584214933964,0.005919206945793449,-0.17366891899017325,0.05787729116413022,-0.2077547520960643,0.355109239999687,0.2956271116493504,-0.35852707611421847,-1.2240287945621962,-1.0825182176178458,0.31183882016939196,-0.009659895389921366,-0.04471436598482384,0.23682602945419207,-0.47089969925837133,-0.3205163546417511,0.6879161739677726,-0.5446442624169207,-0.627957095659003,0.830609286188968,-0.3160897820962761,0.26424445059357365,0.10558546160925875,-0.46049490483016126,-0.9239930604099168,0.5010139601040348,0.05880151300418935,-0.5341793406106672,-0.447492572244026,0.21840772974689293,-0.08104602794856014,2025-09-02 20:35:10,A,1756845310,10s
-0.2808554964318867,-0.07078339999011292,-0.04651408563079854,0.8190193334645544,-1.5919605138323412,-0.837165207050143,-0.11216694572652113,-0.09513563735232028,1.4010571986204952,-0.7606197016604452,0.41609532233907587,-0.24311572448887994,0.9589657836341751,-0.751175776359113,0.09844357347663116,-0.16008492446731365,0.5531822218033943,-0.8638935956420403,-0.7240213489781585,0.6166727510688417,0.5246786136750389,0.21673357363093948,0.8038447906053477,-0.5446645598416087,-0.9900025844907948,-1.2460253734959466,0.017411481834206734,0.647234365011223,-0.1472201799509206,-0.4678276536759461,1.1679312914100708,-0.5582222114004367,2025-09-02 20:35:20,A,1756845320,10s
-0.257315794241935,0.12222333414147109,-0.5107700308210362,2.4363030326802506,-5.281030195524367,-3.928804222675312,1.909746770757092,0.1693008884835106,1.420661465925071,-1.365787225448358,-0.1874992325979658,-1.0187540498237015,-0.6780312721952282,-1.166906778535859,-1.3151109180203073,-0.39991071712794374,2.8913902505082603,-0.8682853393937596,-0.04939206833436309,2.0838376816183715,-2.548202875327223,-0.08260749777318073,0.47947045750023876,1.1361731704726847,0.8213549415307642,-0.1936622776181008,-0.9247302799858825,0.47957748288263097,-0.64727972510086,1.971315690387231,0.6912633969577399,-0.8845713505029259,2025-09-02 20:35:30,A,1756845330,10s
-0.3235556353702499,0.22187800543592615,-0.4145978092160364,2.234934817316412,-4.969430458197485,-3.27820898714239,0.5672830995042144,0.20514835354922242,1.5651175314403873,-1.2007250857381708,0.107066142564368,-0.9081729602587364,0.11489467921411096,-1.298587828901779,-1.0569004902795658,-0.6233596114623009,2.2698414164274325,-0.6647912460218443,-0.5005770833417861,1.5269154472400752,-0.896984545667864,-1.3814083377364827,0.2717672867734876,0.7008551106006846,1.2904431929771893,-0.4208036286128165,-0.28742858704776175,0.5223462166102633,-0.3455140554521466,1.541406448413461,0.6197473226571699,-0.4938015673424945,2025-09-02 20:35:40,A,1756845340,10s
-0.31943389407947226,0.3875014608075168,-0.08451257361715703,0.8754010421090712,-1.4965842421699613,-1.0013547981711568,-0.04019479796166515,0.4687366543873171,-0.2181465194361643,-1.328433785363698,-0.9915128301162555,-0.04555232961081729,-0.045964960075813285,-0.15331674216242575,-0.09968384045610792,-0.9780152298290706,-0.001573402380838463,1.156788343128951,-0.6432581501974166,-0.8721677923120502,0.9889955072381678,-1.6442105089646952,-0.24440059403045009,-0.22241589389146704,0.08005225961616887,-0.7687890219246721,0.01888660990380505,-0.2437935011986068,1.1312526706034705,0.19731318293647693,0.11887537939565172,1.2577602169963777,2025-09-02 20:35:50,A,1756845350,10s
-0.30060150475011477,0.2087438232843624,-0.09217691062997044,1.0624099877253725,-1.6828398844573542,-0.4761668342338468,-0.12324001966489728,-0.2927653778683999,1.5467971979931383,0.005688232171053004,1.1151837170410444,0.33601859683900065,0.5727537682075362,-0.35582748697909633,-0.6669994786392369,-0.543891338207293,0.5807603574444993,1.0134912090315695,-0.8587390671014449,-0.763936639945613,-0.32687309336440284,-0.026115479355330484,-0.12070360345303341,-1.2423984464513618,-1.0126806802925172,-1.3355678956757424,-0.27230110868013324,0.11533670087393756,0.9683657055996359,-0.8013077454492378,0.24626201159831781,1.0852541144530226,2025-09-02 20:36:00,A,1756845360,10s
-0.34587092380064927,0.2537543732282773,-0.09629184150718964,0.8913408490703201,-1.109302991171358,-0.723005198586914,-0.3386374911820634,-0.14396213414082198,0.7171893906292849,-0.5235967616403313,0.06605869788406848,0.3988479202135735,-0.1106179197406549,0.03566369448718567,-0.13586338807944573,-0.729651405328117,1.5083739279543897,0.41983836685360715,0.5406434899035394,-0.19947235213899162,0.7701019440736853,-0.6137242089223243,0.09900205049225104,-1.2958415629291118,-1.2242671077548548,-1.1361903091211796,1.1532457618821643,0.3096912315653097,-0.6921145684345461,-0.9093647844102705,1.0439489114219371,0.7037460058267763,2025-09-02 20:36:10,A,1756845370,10s
-0.4085161171848683,0.15299171392659772,-0.12037226197031345,1.3773202205251143,-2.5214541768239247,-1.3104011159558366,-0.2904534790769258,-0.34979529208637106,1.5026817084980963,-0.37610937513265646,0.7948963136106636,0.0029660390531519535,0.6529460736103779,-0.6976125773557289,-0.6108194071875638,-0.02320754921659967,0.743462868557873,-0.5163963114297638,-0.6555032534262603,0.4425236958204348,-0.10873589327214915,0.12456346334077065,-0.09291115962083887,0.1922757971403657,-0.23185569340165216,-0.41248200876973024,0.07500639564862599,0.15268327340250099,-0.1964253496806152,-0.40906542417320413,-0.27303539395165466,0.1605070655628001,2025-09-02 20:36:20,A,1756845380,10s
-0.4397583947878035,0.14295970194786592,-0.4418635742015583,3.142354336271029,-5.858052617543986,-4.206743070767762,0.8419109479309705,0.04333878969731203,1.2592199281313292,-1.7399336439595774,-0.4784247479882228,-1.335963730914454,-0.4796696677767336,-1.1220689795856287,-0.9684635895352214,-0.263570781030466,2.8167224139583094,-1.6436447814997068,0.1617711169601619,3.2797334796069957,-1.5834986790950993,-0.803870835494912,0.003217786526785172,0.6811218980090634,0.7128586316957848,0.056616646583302864,-1.2305522355699956,0.36032745750594,-0.6392057503240249,1.021773255424324,0.128265669807121,-0.3239641355561914,2025-09-02 20:36:30,A,1756845390,10s
-0.5359971592159828,0.4442514392694908,-0.46189554291143214,2.770709226782518,-5.163301090469509,-3.888863136985919,1.212674476125146,0.16099186826734316,0.8084360556629413,-1.6633590478873448,-0.7621421948841322,-0.9635939249263717,-0.597884821677473,-1.294454772422166,-1.4182438284939503,-0.13829445640794688,2.2383043750260714,-1.7586410947287816,-0.2755195098128762,2.2925314129693084,-0.40966429425045464,-1.5794058238163005,0.581544309731248,1.5126416944808418,1.7459899314577574,0.4043992373550864,-1.639614035348526,0.6765531793439952,-0.29571052536321896,1.2208965844419224,0.15254781380470844,-1.124914648176804,2025-09-02 20:36:40,A,1756845400,10s
-0.5249695622121843,0.462500467937463,-0.3500679959205042,3.0700046000436862,-5.413568297790799,-3.6176886087081876,1.4251980171108027,-0.1543268559654571,0.919420156168193,-2.2239719791098067,-0.9664309414394175,-1.5436590644473833,0.20654311369001216,-1.3543478508212683,-0.635159323717225,-0.5389190039006306,2.68500185840269,-1.7665048160383272,0.10625749072171364,2.5584725970054074,-0.8854035518457439,-1.4782669317755657,-0.5042585391988079,0.009462793190555775,1.130522071270212,0.012692372219048516,-1.8984770967862465,1.2601431191946115,-0.07938483990552145,0.22959126676536679,0.7066718170752664,-0.5403104109849521,2025-09-02 20:36:50,A,1756845410,10s
-0.6464988377223742,0.514106572633759,-0.38392818071529256,2.9642199668607665,-4.51794473991236,-3.567289592556508,1.2958952867972195,0.2193871904641334,0.31943858516238693,-2.045284783019386,-1.238140400801563,-1.1552511987956526,-0.5452643238414839,-1.056941862308667,-1.3646864080055534,-0.24866894756170474,1.5416898007800648,-0.721163895224442,-1.4027749926025748,1.727754087354533,-1.6817984328067555,-1.7135544457091385,0.1154809834871885,-0.5038481071050467,1.4526426638914014,-0.5981773413384628,-2.3809707243148885,1.7571626779821368,0.6809451642962108,0.33433238004830074,1.5660371357320328,-1.3611896920202016,2025-09-02 20:37:00,A,1756845420,10s
-0.5901267795321183,0.4879236892432482,-0.4459071494217061,3.2700692416827803,-5.44778414236323,-3.635391734834006,-0.22693134227985678,-0.13023268342341676,2.2129931457159,-0.5397160438198889,1.0592303009293895,-0.6555253087605718,-0.09266326372448323,-1.3927659284653493,-2.1396413372234573,-0.3338453754469574,2.1760021593153,-1.7691934494235344,-1.3424299280078305,2.7799618533504855,-1.5158535625191667,-1.671219227814953,-1.2451085915033282,-0.8524147330078334,1.6806782742233917,-1.091641338108304,-1.8018368276654648,1.587430804543675,-0.08500590799427431,-0.4337606488272803,0.8558370581096424,-0.8301512693288011,2025-09-02 20:37:10,A,1756845430,10s
-0.5732358545246192,0.47826070387708985,-0.4276571438396519,3.507038075066916,-6.1649804578502305,-4.219596727329332,1.1617659422032136,-0.05855094388454107,1.1464514374142416,-1.8973476965757274,-0.6187260688038444,-1.4723406865731137,-0.13271875346702083,-1.2453531642276259,-1.166860789270213,-0.6631870162077034,3.048712825006362,-0.8009522566132791,0.04634140809084899,2.185865293514709,-1.0856507028201534,-2.128762887572781,0.002667851252649379,-0.002481021211069624,1.553681477033961,0.5123271804937709,-2.0398014314361124,1.0367411570332545,1.4860075795068333,1.4075776043628447,0.7717512159036087,0.2047628603914734,2025-09-02 20:37:20,A,1756845440,10s
-0.6117697041292866,0.538813568515858,-0.5406025192904634,3.73542032114667,-6.1736358508322295,-4.485687713531663,0.8720984333595909,0.3018135232990248,0.5772184037291319,-1.971072749120876,-1.055194046573572,-1.2981429463368628,-0.9461520982495054,-1.0869573272957032,-1.5178410049590934,-0.18949045008066256,1.85711515732426,-0.7644571177668515,-1.0346890247868865,3.8536534098949553,-0.2792038247544545,-2.9049490518524825,-0.10219562057565282,-0.03029248703575879,2.090932189558607,0.013551360674590533,-2.1381393742096124,0.6899325606389084,0.9135742128879185,1.3259410345755047,0.23912992309166528,-0.038260706058837,2025-09-02 20:37:30,A,1756845450,10s
-0.6664483692503586,0.5739495381462059,-0.5298675286027189,3.434407525903767,-5.334226617660582,-4.226029654281546,0.3796104468139753,0.4024426708410845,0.6159350491550131,-1.4253283348273562,-0.6919105243744772,-0.7175388230650113,-1.1551988072320736,-1.0367402361648328,-2.039040570039492,-0.13586884060058688,1.9106334904291349,-1.1982580161876126,-0.9967238801628528,2.9705109202450526,-0.056214856463055705,-2.827386344974057,0.23931235868237333,-0.02066533154875973,2.332076460221952,-0.00013594703053973207,-2.2789315467257345,0.7498329654494366,1.6209817512291402,1.386302316773693,0.6509209429360717,-0.5294882386230605,2025-09-02 20:37:40,A,1756845460,10s
-0.6514371134673399,0.5416140557302234,-0.11300964588802158,2.254763016427699,-3.0332424762834265,-2.1827662601463067,0.1245248112204384,0.04199614767667597,-0.2796772698979199,-1.9010795180804045,-1.3502748413896495,-0.6833697618024509,0.13825030718421996,-0.3792583820776818,-0.2584676113977237,-0.27838277724301774,0.4808809951683944,0.47717477645567685,-0.7608291397836185,0.7556391074585678,0.17651091914121228,-1.7226825822555305,-0.8689924239313832,-0.6226803203617742,0.9514340621398192,0.4989256187329115,-0.6266282240412004,0.5028890351167897,1.2499138094065527,-0.007755861387782561,0.05912286878370942,0.9641039631353183,2025-09-02 20:37:50,A,1756845470,10s
-0.6366074437450352,0.5207279163317782,-0.011357837308451161,1.381642890614783,-0.8560565375879666,-0.5789148946914976,-0.5694912713667513,-0.03137746334016402,-0.28747520629138584,-0.7459127812720693,-0.5591976583644495,0.5896016325989669,-0.2822631488494947,0.34107443748978655,-0.33813288372953565,-0.14257612359715366,0.027818852318108076,1.1898369150097263,-0.37257018531691205,-0.07029577301892298,1.6049094674755207,-1.4862304839910738,-0.5563514843821035,-1.2831677153708618,-0.2360512635500806,0.15153429304927057,-0.1819315711028016,0.24833396895414925,1.398000770136045,-0.438989685633332,0.38518693585766783,1.5527893147063323,2025-09-02 20:38:00,A,1756845480,10s
-0.6942094012772052,0.40594431128993125,0.11625252831696449,1.3665994145700864,-0.6364041853917451,-0.7077610580888026,-0.07704501553563767,-0.15417462059038484,-0.6147662396603458,-1.560764209378821,-1.2457147672994755,-0.03877581193903192,0.39210422898588343,0.10945543520124631,0.23578017914440683,0.3206256007518559,-0.13904453755884086,0.5817308239722109,-0.5984575255685451,-0.05834501805806905,-0.030299873720062653,-0.04943162093982196,-0.5995319884038685,-1.061355542429399,-0.05806196847734686,0.8309024456169026,-0.1952666934197471,0.39718658209680546,0.8053961535002829,-0.8806807775796127,0.20388502918296172,0.7092903352386221,2025-09-02 20:38:10,A,1756845490,10s
-0.8163239452177046,0.37870869531160306,0.14629818054609453,2.060054334943728,-0.044404144556044876,-1.2678805000572186,-0.13007664367169516,-0.10640952954947522,-0.042022300020776476,-0.8378643761889476,-0.46364606892561333,0.0785126902579813,-0.7131716079303821,0.6553534996619548,0.10516074665329002,0.2825966076755544,-0.566375841846541,-0.279748936517763,-0.1265685312145232,0.6037461352952304,1.0081257125939205,0.49474698111928395,-0.2105091982951686,-0.274274960862238,-0.6822031197571963,0.8650674609684241,0.29693774394004535,-0.21811889064996465,-0.27761281296771834,-1.239913470759354,-0.031666806314342676,0.4521100400939041,2025-09-02 20:38:20,A,1756845500,10s
-1.135836986101939,0.5692893073396422,0.43944563335288717,3.9126299204413155,1.5201572003309163,-2.9552155056018945,0.8249537877693655,0.25543396167057186,0.7113212116046477,-0.7069491298090591,-0.011515422065574177,-0.8272197130243821,-1.6958590201248462,1.0751463725574246,0.0026797962120486607,-0.18239368160396996,-1.008188125041253,-1.3937010197415594,-0.14418530770189428,-0.5572090737829907,0.8499353286441569,0.41329827303920286,1.1116665693935464,-1.2842124507559107,-0.17615259566761068,0.06782465003675628,0.5348578517545662,-1.2405745359564593,0.0028624175630508723,-2.1448263900426796,0.00013345740207469658,-1.434090726733907,2025-09-02 20:38:30,A,1756845510,10s
2.08330154983343,7.379885743950746,1.2033456821153705,-2.2488185476319478,7.437879573046829,5.8104793091501366,-8.050483944489063,-1.5481432469697023,1.338471042706538,-2.0164400114729313,-0.7307232950606931,-1.3264732069784848,-1.4008781178536813,-0.3412356588653395,-3.434596083158515,-2.2569739670512523,0.27342563228521555,-0.7516627462589073,0.03240132946382383,0.6320119092531126,-0.7199463559427836,-1.3898594430562767,-0.5665915055950042,0.2625450359885294,-4.555381944676563,2.4625953318200695,1.5156756918178167,-0.38212352228673874,0.4293277754866045,2.6875166560430706,-0.9862151041620394,-0.9355809068871838,2025-09-02 20:38:40,A,1756845520,10s
2.6594643452704934,-0.1740295684948734,-0.9125885927066154,5.0015630343126105,-1.4048676444636294,5.433822418834358,-0.9781082909104278,0.8039646339943353,0.9831774513614997,-0.063651907444086,1.1970686335837244,0.26204790065237377,-1.3677041001261188,1.2401779464105072,-0.2735990333682231,0.5551415533843711,0.6225825423925804,3.2863155190526725,0.6772105803123291,2.9079497166709096,-0.4074228250181214,5.841073722845905,0.47323204015663467,-1.8936854077254723,-2.435237721254111,-1.8320823129752941,-3.2882430059443313,-2.2324562872648124,0.5351002469248064,2.7497139173028553,-0.7921327776477578,-1.1080797665300373,2025-09-02 20:38:50,A,1756845530,10s
2.174750478408299,-1.7243035539761489,-0.6965935833667843,2.550681329428199,4.007648980162802,-3.179861254963602,0.11727334221784433,-2.436151723740857,-0.22096054791475114,-1.2848543455197547,-1.510536130110604,0.11821639881574385,0.7597959032345474,0.8208259332434265,0.920841543862134,-1.834190467722636,0.33593025357084755,0.5518114470112556,-0.01343502309744448,1.50351907367966,-0.6076927869252343,-0.4712964328778434,-0.6047790894050981,0.029878363654825386,2.282519840831118,-0.2403166134966122,5.895052483777404,-1.8618663763902243,-3.9245846661327857,1.7572025361841097,1.3152204522133253,0.5756315556753526,2025-09-02 20:39:00,A,1756845540,10s
1.499588847303653,-1.0059623195629621,-0.4339168428107397,0.4645997982631889,2.929914038117569,-5.562899501179997,-0.6784931938468273,-0.8581573314633001,0.6564991087147987,-0.49394087264648634,-0.7301562448304338,0.09819631242385413,-0.08252263899945118,0.7381137926449748,0.27962341347677044,-0.43901700259800513,1.1082248710108287,0.75848301043972,0.12294964756151257,0.23303486942464044,1.2850375563733372,-0.2940367544991118,-0.8205017084425446,-0.3346815915018751,-0.7805851583999425,0.08675143675533084,-0.7559595685245646,0.3331398493669084,0.4897567560233983,1.2694411316300676,0.8767820615034163,0.18204920415640505,2025-09-02 20:39:10,A,1756845550,10s
1.1810353072445723,-0.5931090073426817,-0.39036770557579065,0.07751157890079935,0.7369758134322413,-2.9745806266805834,0.45159210355365675,0.9024410644116236,1.532951542777091,-0.17201154641048683,0.23073180511098237,-0.19408520082235475,-1.058792681419523,0.8208658238703991,0.11216763107586736,1.6296491631180987,2.1935169982883176,0.42069602590521166,-0.010924736620773656,-0.6501076942529672,1.8777592078174503,-1.5763803420596059,-0.9908495392694917,-0.05099265512702255,-0.43786069207876827,0.2312546483940064,-1.2949145480098172,-1.0796729536798186,0.25291980648747653,2.511576101071113,0.1920534934179195,-0.09505634965291675,2025-09-02 20:39:20,A,1756845560,10s
0.8347058299079654,-0.6832292599448194,0.027537488100540113,-0.31469467916137134,0.4989940159764868,-1.4262612597062578,0.46569189366286473,0.7824989287114879,1.242709690007202,-1.0238712736920093,-0.12906991208597016,-0.9093603132662434,0.5964781722295662,0.7234570071776729,1.0258560778178232,0.010535093413820999,0.5221804512116156,1.151571057121969,-0.5022106766297753,-0.8485234369394309,0.5097152330397273,-0.6143311568774759,-0.7405247989832737,-0.9055863724780082,-0.7529848877253554,0.12536322072808945,0.21014467654274027,0.6304572699777257,0.18394562199580838,0.41332499882735146,0.5066821099772308,-0.2279852424544425,2025-09-02 20:39:30,A,1756845570,10s
0.7059013582966442,-0.3429417776397617,-0.29936921882416323,-0.30518750226171926,-0.716255372847537,-1.232281547344092,1.0744876691038519,0.830943051774741,2.0752163057347177,0.3853936415338916,1.4225052431273002,0.15891720361884196,0.15092932908014986,0.17991324249894228,-0.8192144971415581,-0.6123087001626393,0.44785525946806926,0.7282121926957039,-0.6161162917790239,0.7224146583497334,1.6541915896113153,-0.4607227297311913,0.46093335411349545,-0.8613353184183333,0.6704027229659009,0.1976527148624635,1.1421542921656516,0.22003473580958532,0.5640682545264539,1.3489375613141672,0.8940065873281248,0.6224356215260751,2025-09-02 20:39:40,A,1756845580,10s
0.6143453905191296,-0.36739465538743576,-0.14554893960704707,-0.6830686564312458,-0.060959505345871516,-0.9427320372540935,0.6270813167094658,1.3002920054324012,1.0920272668608215,-0.3406556801745625,0.32177632373816134,0.011608704535936664,-0.1903783369819667,0.6988326864371833,-0.09377070780616643,-1.6318617526603576,0.757174817996293,0.29677046251109934,0.6515080180424289,0.17630528470555792,1.352973552932774,-0.12266834276815096,-0.44446837210361223,-0.7028725229396391,0.5717281726473962,1.4907702143944113,1.1208493050888375,2.305127861197792,1.0580866969141065,-0.30816632493212315,-0.20725560545444355,-0.1294305169354,2025-09-02 20:39:50,A,1756845590,10s
0.4760083656577219,-0.1993338790988954,-0.12367248810598246,-0.7505899619333584,0.582493532952471,-0.5885503537092124,1.3652061927090844,1.3016819067408951,0.2756191814943535,-0.7293037846657766,-0.36748297204657565,0.039249584785671726,-0.5736732503176856,0.8399114530902407,-0.41691198955999575,-1.2034149190032466,-0.5576831950102602,0.9321588935253854,-0.906151279857146,0.36293444425416965,-0.1421083649335953,0.19224882372823393,-1.0158604076273483,-1.3309257953270661,1.0372816109270453,0.4957047567940452,0.281987319056268,2.7087098679861943,0.9232049253128594,-0.715819320680375,1.1080854025911675,-0.4305318381387775,2025-09-02 20:40:00,A,1756845600,10s
0.29910273909520546,-0.3832697648575021,-0.14944210682694406,-0.19518379264121924,-0.5625907531464275,-0.8396218351178036,0.4789362000705692,0.6778774005479485,1.8136025752185105,-0.03234372997042552,1.0787068911048523,-0.11617683379262334,0.6137950147001535,0.15570720585527678,-0.4482731261960233,-0.8219053814077554,0.37167809722422857,0.23721369569278722,-0.6744070895758223,0.39010031198751843,1.2449754603754635,-0.10528863722752993,1.4405495514734414,-0.884470845418252,-0.4024710067655751,-0.9408094758436965,1.0160277012120627,0.8682165184613306,0.4429923041605335,0.6909180229933193,1.491830088779618,-0.7324597661336207,2025-09-02 20:40:10,A,1756845610,10s
0.29336661673154707,0.004840097116221829,-0.14242948201582345,-0.6477802138756472,0.15494556036352125,-0.6183148072035207,1.3735264123232678,1.0477075651300134,0.1851842151213497,-0.5607648403133337,-0.33121728471542505,0.2414269374298738,-0.5299748142704512,0.7458038331769523,-0.621061669215604,-1.0504983314071161,-0.3233315750335629,1.4527642320062757,-0.6391659431300426,-0.30660568356763246,0.7714056839783184,-0.6649180694469657,-0.1050065774359557,-0.4510501509943568,0.7517169445015037,-0.08287492334359209,1.299054381258796,1.312861939399101,0.4167286412814713,0.23880878474694933,0.9304514434043015,-0.0337039365903838,2025-09-02 20:40:20,A,1756845620,10s
0.10005021510358403,-0.11838059406263958,-0.237362705625091,0.09409015046588856,-0.4039945341657316,-1.0399239651286236,0.09743424728073015,1.2155925732020751,0.32276319360427547,-0.7120355802027523,-0.3045121064331027,0.005522430430215026,-0.6844329634628419,0.6391997709867804,-0.5266321189037012,-0.9173428674576204,-0.0500639321690043,0.011341644095827544,-0.7428820985794655,1.4308063085076517,0.8705028580399274,-0.2570251564589366,-0.09007317983008004,-0.9511949346372258,-0.5754994844773966,-1.4131008656326074,0.499278058305972,1.3066074275328952,-0.228466525878893,-0.36940224317133274,1.6616950963219808,-0.14662735150397432,2025-09-02 20:40:30,A,1756845630,10s
0.13792983153059724,-0.09833573973307823,0.0811463010867579,-0.24749102018011584,-0.16429129793813874,-0.7377893394394827,0.8518747821281778,0.8118326267244731,-0.01610003252050654,-1.373316716121323,-0.8926828503988881,-0.5462114577569396,0.30795707973302755,0.7197733844033516,0.24156085009727152,-1.2396481700086137,-0.2961067499303728,1.3823386355859624,-0.4873194076033918,-0.640012096222087,-0.25336136999682446,-0.32082635734297277,-0.39283743811365596,-0.8227434428519953,0.1787522698250143,-0.4843936170502077,1.1767263037177405,1.2749998072809394,0.2041274553685035,-0.498137944403556,0.3380696742341438,-0.16862317024970103,2025-09-02 20:40:40,A,1756845640,10s
0.028611774468978037,-0.04356608722001556,-0.11012728792662027,0.1971816398231354,-0.7923469484704717,-0.20378752136895834,0.18980317997388543,0.10937813549623886,1.706598929408295,0.16398632290614576,1.329566105906795,0.12291215043917682,0.5301125389297007,0.2703650515269785,-0.7433651122792603,-0.6698217126968422,0.26641159286351895,0.23510162803117426,-0.7871856550640433,0.5007377638272568,-0.43045988967007204,0.9240036190507404,-0.6111687841032304,-0.45278900135181943,-1.5692292287425313,-1.7821302795705167,0.6286135068802643,1.3475889667252419,-1.3500311349034195,-1.199820259515971,1.222909207068272,-0.02086049970385409,2025-09-02 20:40:50,A,1756845650,10s
-0.09260658124770738,0.12454341277803102,-0.2904530068089231,0.3631764743575991,-0.8963273689845337,-1.1852192450225563,-0.033769838042757086,0.8396435074533622,0.3086384250686358,-0.12563804277659726,0.13738380134860473,0.5493810512152679,-0.9347089978427262,0.5833978787265908,-1.4795644426229395,-0.5965148486052844,0.3227175942794057,0.6048964116668778,-0.7555370575636873,-0.11671239540167892,-0.2984498726551886,-0.36357724030354277,-0.20392311165287966,0.41375336362586307,-0.20671681370072545,-1.7079039520037902,1.1802501562112548,-0.8196332833038997,-0.7744988561818668,0.4816352706137281,0.6813091613977547,1.0295346027319956,2025-09-02 20:41:00,A,1756845660,10s
-0.08420589603133098,0.07737728316213592,-0.07652936746116151,0.5288634359746021,-1.4404586270690265,-0.958547454527937,0.8939157010874453,0.16262996973236768,0.4940002373519088,-1.1561726902957892,-0.4125943868891906,-0.565404647477778,0.7073304235768381,0.32003027116574306,0.11986358880912258,-1.000135607822261,1.3447694716855998,1.2067146924109362,0.5014956282974983,-0.7595991574937717,0.2634159653480487,-0.4127406319257356,0.6407181141227918,-0.3632763622883472,-1.2581932548295094,-1.0140311756411184,1.2190131989677269,-0.2186125692693353,0.04388730181696065,0.47688899843263255,0.742609643738959,1.0549313651010204,2025-09-02 20:41:10,A,1756845670,10s
-0.099824870043956,0.22872873479341208,-0.14259293672939255,0.573458530030077,-1.3964859328720074,-0.7317914339342991,1.5604152143424197,-0.04593127358302417,0.6164594162200621,-0.8576369105508755,-0.16652860850564333,-0.32847050565515945,0.39325639578542315,0.2720001368433829,-0.27696080365380504,-0.6933640712881618,1.4603095950342597,1.0089494720877328,0.6405755563830869,-0.7960190680417393,0.4838249991057366,-0.094818897545508,1.046824129684295,0.34996641412743273,-0.9440376809736938,-0.4346614753561656,0.5738808514481856,-0.3293740893122988,-0.16115595891838896,0.4293303694162052,0.18590022809628884,0.7938112124721342,2025-09-02 20:41:20,A,1756845680,10s
-0.17315640468986956,0.17592301308321365,-0.24217375530313553,0.5761092422234663,-1.1220776254271188,-0.846539142296773,-0.06540038035578984,0.2869655368153328,0.8708467431925996,-0.05755938206743787,0.5137958499033496,0.39156905404940195,-0.18036336267322556,0.35993455185840695,-0.9149953424884799,-0.8762387201411683,1.6069025365162188,-0.27680615937675135,0.7826709381281277,-0.24806030162755058,1.3230523114792185,-0.36864661774340995,0.5628443342529048,0.6396725035737068,-0.8779156854144661,-0.7778355757510795,0.6381707999416171,0.029979328684213446,-0.32133523938172986,0.14731151094058131,0.32741879567002874,0.5832959853508473,2025-09-02 20:41:30,A,1756845690,10s
-0.17656801450354045,0.42283849261350315,-0.20642640025645234,0.4960716066678172,-0.4088697581280486,-0.6988985630173454,-0.25904263575345576,0.457417882286903,0.09825724218042517,-0.24855145391935773,-0.10795841566246836,0.590485128111646,-0.7492723719671791,0.6231789948022347,-1.127313183922266,-0.5079692324455702,0.17869416906283037,0.19387375015323158,-0.41407905121514543,0.8956235465819988,1.8773201367140118,-1.3753742096731907,-0.18789906948230276,-0.6515033437208646,-0.5417232576552478,-2.178818664830246,0.6655845336958749,-0.5530555791504377,-0.8930944368087889,-0.7234875032285657,0.4611763025880628,0.89166570248253,2025-09-02 20:41:40,A,1756845700,10s
-0.1286760142410258,0.1341012378140954,-0.14372462037492192,0.8676738384092664,-1.9879614027454757,-0.7282162567682549,0.6744834479341918,-0.25605526749607627,1.4572892562161117,-0.11513339774712071,0.9932388017179088,-0.17203428591952996,0.8901117944397493,0.09089284215436061,-0.5869456756156788,-0.28253579883331614,0.5185889700088616,0.9573995518317062,-0.4098586044666399,0.22241803140171568,1.119854918440777,-0.3359360432313891,0.5011162791837869,0.05007388531350795,-0.728404332059797,-0.8008317480350061,0.7674566706856646,-0.5943577313886961,0.3331129015921008,0.5359253933222112,0.09485393747451704,1.4937831506422383,2025-09-02 20:41:50,A,1756845710,10s
-0.2783387385042782,0.12690189629228138,-0.19307563394884933,0.7935778302328457,-1.3626237189961832,-1.0175969546690962,-0.2420582072596153,0.23606361723332037,0.8357223706407405,0.030229451279139088,0.6960723842009752,0.29408628951343035,-0.03854497784708337,0.34794867654620654,-1.3351573444401412,-0.2659606381140925,0.5023442633034076,0.42445725847103066,-0.7432202628365823,-0.5797371239359466,-0.6705021415235238,0.2508242300561046,-0.1424997771325358,0.5095885066037276,-0.1968362327963974,-0.6415841611404847,0.4581473922807363,-0.030700103430841008,0.118374635005078,0.04774234843458431,-0.2046199089037374,0.5146637031424429,2025-09-02 20:42:00,A,1756845720,10s
-0.3445560943002053,0.29423359301570756,-0.22452190661798985,0.7062851315691878,-0.9915709498841032,-1.1251146026597199,-0.12557298678690945,0.519681863498155,0.004623909975039697,-0.4175028007513565,-0.1856498219308283,0.3658965430110388,-0.4835975824752359,0.4179176262558708,-1.4747747399654894,-0.23467471384373342,0.5132908296458996,0.40095110095831366,-0.8909577549484555,-0.4718223721219383,-0.682860082233606,-0.3252336635600071,-0.16926505883213722,-0.14863151739461816,0.2844986671467271,-1.0156034703914028,0.019062994002403213,0.09948405857799823,0.17756351902619555,-0.03221154005231855,0.2499837712778348,0.1016298046167627,2025-09-02 20:42:10,A,1756845730,10s
-0.35734327370093555,0.21605482056581155,-0.07765017771190103,0.7433784456932767,-0.9033571238458136,-0.8494143230024652,-0.20564770701160767,0.3641834292083187,-0.24744008773785325,-0.8611508342687513,-0.6172869550107748,-0.015899647423002216,-0.1358875216544923,0.6416435580474577,-0.44767171894503577,-0.29929476398446375,-0.07311760025554664,0.5076857799830676,-0.4121665774135848,0.13812052709106706,1.0459752874728558,-0.6725202355752853,0.01685691403035463,0.1294599503295668,-0.8331649695437185,-0.8514923229073754,0.4650993763764682,-0.1699501111831158,-0.15425332431267358,-0.3498553797903836,0.12400306496102784,0.8509428324380575,2025-09-02 20:42:20,A,1756845740,10s
-0.41556492531874184,0.29633826108168615,-0.03953917041799128,0.5100732276894502,-0.14401221639231399,-0.3371082481759699,-0.6471959364469544,0.27510980833242066,-0.23497935262490993,-0.4983644265837542,-0.31702713079216976,0.42697078154546153,-0.2889377487791516,0.7795625538048913,-0.8413296143410199,-0.21087079274437134,-0.00017459822216912412,0.4072258275345958,-0.7430175249183603,-0.08861127990051877,-0.27489343750007855,-0.16544753696166645,-0.9706165340233927,-0.8132271634683635,-0.9538706961831518,-1.5156461838660815,0.4416713824190703,0.78119630625031,-1.0836117495130015,-1.4670871138621853,0.9035229839661028,0.12139206473292513,2025-09-02 20:42:30,A,1756845750,10s
-0.30275275548700353,0.28796824397341847,-0.15695359661597738,1.4219701190226892,-2.4418517150368952,-1.3974240187595022,0.3575898006248925,-0.2437542099671598,0.6351243904415015,-0.8135625091862786,-0.03252448558457683,-0.4665040481247863,0.1744171632248401,0.4264160610050028,-0.27696666355687705,-0.384536435250164,1.5388845556527895,0.3384559032060078,0.7631668636368708,1.1817529991908138,0.5245919325741001,-0.2028663597718564,-0.38587193784435575,-0.15439476973200775,-0.9960480834169302,-0.3666986924351228,0.990107715087303,-0.7512429087417267,-0.9222207318619574,-0.17925605665812192,-0.21050277831693345,2.0376134175387226,2025-09-02 20:42:40,A,1756845760,10s
-0.3881131564406538,0.40556694035464075,-0.25884711833706275,0.9245318832201624,-1.1630057727667948,-0.7646351780324514,-0.2796370842802416,0.12451115491378696,0.509906362021998,0.33723392179704137,0.6733362925596679,0.793812829195249,-0.7051546411629258,0.6292236881775671,-1.7916473299457991,-0.2117954081658949,1.2342907058890247,0.5655213527365774,-0.15420505749279645,-0.6764340692865618,-0.7114098176053978,-0.042513381306298455,-0.5865160671890219,-0.042054611391268204,0.0023113215178395714,-0.5204622286973452,0.5510792877194028,-0.36294868229081556,-0.18475650265323976,0.12681855425438246,-0.01319903968342104,0.8224469099445998,2025-09-02 20:42:50,A,1756845770,10s
-0.4211128458834497,0.2403660001331769,-0.008458723088733773,1.2334595536066868,-1.3869002823081007,-1.0560944413428748,-0.14452658817935854,-0.09188991505950864,-0.09987691175297332,-1.238984495926925,-0.741672101077134,-0.502874932824116,0.5039951466660894,0.4984537995684045,-0.05044217638900401,-0.3014657765555743,0.7326405145539061,0.489472989986425,-0.004345669361058625,0.23443950583515974,0.4861187132610701,-0.8194835871527055,-0.14558839594627615,-0.9594635324166606,-0.5198584410976692,-0.6374079316258401,0.7170556469370825,-0.20485640550800205,-0.07056665866206674,-0.28401120774029837,0.3743373528353485,0.9845076346665869,2025-09-02 20:43:00,A,1756845780,10s
-0.45842027841463123,0.3782368781084864,-0.06948734514769211,0.8814235597347793,-0.8620087558659839,-0.7000506980184743,0.5251692057765139,-0.07055207874827868,-0.2744389997602481,-0.9542350303862098,-0.6737903299350831,-0.07590321509409223,0.33412739768956307,0.4135044726188795,-0.6810372621686058,0.07789539113014882,0.7061188494279363,0.8489790573439447,-0.4986948766704376,-0.8094900782501449,-0.11483259388712663,-0.583026820399841,0.36892487596044277,-1.0454508810302652,0.18437831896348472,-0.3218157666192964,0.12388705638487223,-0.22209879281371403,0.9363390663775897,0.2624881583459341,0.5635077935388642,0.4479571572061438,2025-09-02 20:43:10,A,1756845790,10s
-0.4464067383511522,0.2564761607457027,0.04615176204135526,0.719154251335164,-0.9309229359919061,-0.08411337183362837,0.03776981794683758,-0.6222764573909023,0.9484737778404282,-0.21247887130585844,0.6891472797933205,0.0017640513821920783,1.4985914316593838,0.05206197933248937,-0.6016427243861081,0.33427700693685347,0.6503948186412863,0.623060773129634,-0.5959855012538244,-1.1664693886262136,0.5496620148225135,-0.24276548042668,0.8651701053634652,-0.771745657763282,0.03208915631241338,0.1623024623548519,0.24714867002833804,0.1805739263273982,1.2436249316856833,0.3770367764418623,0.6984963265510238,0.2921658351370911,2025-09-02 20:43:20,A,1756845800,10s
-0.534808655338639,0.25510618902362875,-0.293617062845982,2.020958173036549,-2.6464921380062254,-2.267960373456148,-0.12327709215857846,0.17773825489402503,0.07324310311594644,-0.987489915905002,-0.5896464288569057,-0.44049963065683134,-0.6190644865079834,0.26482213197166754,-1.110201578699661,0.37539675078513896,0.9252343827548392,-0.5817781858752843,-0.6546667555674318,2.699825947087539,0.5440957042262845,-1.2290870118141806,0.44086098162427223,-0.5221499965272939,0.13026884585689816,-0.6104211992964796,-0.4692142049216039,0.151638285196053,-0.9412578575465034,-0.581575897561437,-0.4573058223135847,-0.5187652223873349,2025-09-02 20:43:30,A,1756845810,10s
-0.5130793792890154,0.4118016847821699,0.02059039087973032,0.6432743224617601,-0.7204139702275716,-0.2213485489554057,-0.8747786753914479,-0.5072047852781498,1.0531617039781904,0.31654808241373356,1.0887086157908494,0.5200975846375969,1.1513117142741818,0.022144851613723395,-1.0442221168215948,0.28877758217663424,0.6519829877514876,-0.6958305817950042,-0.25916555821826875,-0.6276174817471768,1.8782874339923192,-0.792621931753553,0.15095545532322557,-0.15752703282376043,0.8429383475954768,0.20321083111245908,0.7147930583689435,-0.3039263983574643,0.7346374117583552,0.504070125096044,0.7967456073808943,0.6631123785115182,2025-09-02 20:43:40,A,1756845820,10s
-0.5534450896700848,0.5568963913790717,-0.17359402550475483,0.40171280559955547,-0.24121306512156615,0.10625375610003863,0.2924674775517502,-0.0273810437158465,-0.47861853949909,-0.2677874886043846,-0.28107332347671954,0.8125145456499274,0.05783860854531559,0.3763383572114623,-1.487086427624489,0.586777476702997,0.6422025970664381,0.8471369173182505,-0.8085295762967502,-1.1680514606943226,-0.5028213620448846,0.2879844606486685,0.12906134393578145,-0.34942507850985893,0.2934319637493084,0.7087015216325413,-1.3014592131537273,0.6471539935991308,1.0347253503034268,0.22546246139324813,0.3271735592399172,-0.0945270666677732,2025-09-02 20:43:50,A,1756845830,10s
-0.5622345188293931,0.4265471934733773,-0.0783224798103309,0.4827768634281886,-0.06030771783834036,-0.030169241096226037,-0.6888138437976715,-0.02393438000396324,-0.558979895900947,-0.3481183154444566,-0.41015750724410377,0.7740382231795429,-0.023910250044045532,0.5281235199415834,-0.9332421941263529,0.6766071554400681,0.18248559304640585,-0.5731116578963494,-0.21339303647364674,0.41088093254778524,1.4733651430937371,-0.09421146214863602,-0.12093753937808069,0.2827864865570909,0.062470489127537075,0.48342234079021124,-0.11312079538431857,0.01868183015526239,-0.1379431723349401,-0.3233073889207526,-0.11664938107812098,0.22387191719325278,2025-09-02 20:44:00,A,1756845840,10s
-0.5677012982354229,0.35479273284217566,-0.007938064021530813,0.37449438406090996,0.16454115628633043,0.21401956977807035,-0.9818608515667405,-0.13942481943316756,-0.6091050191204532,-0.15575602788925688,-0.22182048398117174,0.9478060154427884,-0.04819831532459065,0.8698882573385411,-0.865903668785963,0.5729125026914249,-0.041855110600848996,0.37560375769426213,-0.4060563951019628,0.1747618215171124,0.04525326836564941,0.4852726816004319,-1.3791230057926274,-0.13721424308625374,-0.4520477105715998,0.5295326893641829,0.18900630951303488,0.7230961806266462,-0.8742712525859377,-1.1373917667726037,-0.09482853995476535,0.37531439784119447,2025-09-02 20:44:10,A,1756845850,10s
-0.6189731778489806,0.36321975185525396,-0.13458295304671636,1.005849883896356,-0.6963399803331316,-0.7580572441596437,-0.9727032017892325,0.04668193331288258,-0.33785673192371424,-0.24036619593514458,-0.20160974145353278,0.6296931106926112,-0.3921775323457095,0.6151438500103966,-0.9801010120201591,0.8262487531415664,0.2695243164405967,-0.9394593766062166,-0.13929228130115112,1.679784880024895,1.4935911186960196,0.045781270392256365,-0.5047026745954675,0.2144044448464106,-0.011699687202684807,0.5547452367449919,0.13682372779499977,-0.4447491737179658,-0.598557321776174,-0.24155104813881081,-0.045623356479414366,0.9009615725305904,2025-09-02 20:44:20,A,1756845860,10s
-0.6329297596368803,0.4396161542208547,0.06421457695983825,0.8224711993670577,-0.0014060540368505817,-0.266401533566273,-0.7884378083583375,-0.07921857761245912,-0.5615300409465612,-0.33498353517847945,-0.30008797911083684,0.6066616067942108,-0.08408426052136025,0.8069425914795295,-0.8736396451431191,0.6893341085358243,-0.058673320490260444,-0.10512189286035409,-0.39987467324108744,0.2836980545606364,-0.22914896449504477,0.3568290088155067,-1.6914578774836784,-0.25861626740671195,0.3750177141070053,0.6657815065169188,0.36026186547285555,-0.18188520728263158,-0.8089968259971252,-1.191044720102089,-0.6209846954679173,0.8307371779759728,2025-09-02 20:44:30,A,1756845870,10s
-0.721965745218732,0.3400296470833432,0.12497558285730262,1.4550186562083718,-0.09698435690116303,-0.6037031033698352,-0.1800050865819263,-0.2782251221970269,-0.10183053545854223,-0.548501806926772,-0.1834326839162917,0.0029887705539037197,0.1840878822814948,0.8504791334632651,-0.16353164112398275,0.45297821934567284,0.4696161797299096,-0.24191639691149927,0.3337631966325264,0.5490765105274483,0.5557301747894655,0.6135642945869647,-0.535689127511154,-0.6075180316656756,-0.6979798376590667,0.9459480771338917,0.2552267009655595,0.15924011306405475,-0.3706795263501672,-0.6318118205578637,0.4861631752238631,0.9306385732831337,2025-09-02 20:44:40,A,1756845880,10s
-0.9866496464188007,0.41595453884603617,0.24090719225364457,3.27326344704141,0.6195013241306206,-2.5126769578354535,0.555060305216831,0.18846574998342794,0.4360117564864146,-0.1555147430803644,0.3080202139976229,-0.6431342080753243,-1.4161711836796769,1.5067215550756308,-0.5848306421025112,0.14098769940486983,-0.5595486916265046,-0.3101589669654914,-0.1427448436894407,-0.15035695230137677,0.5269487045830886,0.43952344001645927,0.8803537859642393,-0.6260191314938841,-0.2444176276233781,0.5977517921187164,0.751436149108336,-1.3344963801136516,-0.043640410965951795,-0.49869184719379606,-0.6340426136457765,0.14339895535925326,2025-09-02 20:44:50,A,1756845890,10s
-1.7204594957806167,1.4935886087450234,1.4292590379722392,4.293953027027243,12.841865878291152,-2.359047426047004,2.870292469575801,3.895833586059874,-0.15199325811860284,-0.7063127832283371,-0.28868918878258054,0.17288543540568482,2.0203179486311327,-1.03649920849085,-0.43476978334609445,0.9152522476063183,0.5370575520380363,-1.5734963862771785,-0.25602727401011666,0.23950150386115496,-0.923701060979494,0.6654465649237318,0.7436539427386528,-1.2590259157143073,0.9591377714963256,-1.1338184188451879,-1.018115512892401,3.9181760614374608,-5.323203905302828,5.563522232494011,-2.9959807759284267,2.7339968565978436,2025-09-02 20:45:00,A,1756845900,10s
3.325883300234367,7.791687907571661,0.5609133952083241,1.9096016302935577,-6.926724481687356,-6.97635600462341,-3.8883814019338847,2.2864507155679332,-0.4478282731671469,1.057348438096877,1.7673427213008397,1.7549398218136716,1.365051638097815,3.2499610420460905,4.582821954178211,-0.834820054715595,1.1099604575141948,-0.6011370043427599,-1.0380920643780334,1.5895298986182358,-0.36334531655909913,-0.23625011329909948,3.333339515436064,1.1712233630520497,-0.216121827474757,2.302537137275528,-2.0974852285277286,1.203864154646825,-4.564361924532965,-3.1705218701706097,1.0841517028022007,2.3167021836626436,2025-09-02 20:45:10,A,1756845910,10s
2.1694905769170765,-1.405799954897148,-1.0993945275455363,4.597678758129332,4.242564993368921,12.394774293126652,0.42420987500119023,-0.019605013727220004,-0.05069537307290079,-0.22260937415541052,0.9207878874778269,1.140193361218254,0.5187400289005957,1.5002068818536007,0.17375671819168653,-2.437839774197524,1.1346816293402764,-2.2184948750087385,-0.8594053152743201,-1.4597923142479878,-0.40368538553158734,-2.445330759071474,-1.825039157297501,0.8178990843541835,2.656605873443827,-0.07044348666976644,-0.9760004293502529,0.1868895937535625,-1.4097949276750408,-2.480461547980076,0.8600571129025031,1.3024475788386765,2025-09-02 20:45:20,A,1756845920,10s
1.9357388381645266,-1.208138173755226,-0.5763975726317578,0.6562810353810774,7.275499493342328,-9.129186263321303,-1.6457077114431382,-3.4661131703428905,-0.7500953783062869,-0.1463031165361257,-1.628722329220961,0.8300393570122282,1.3947572014910723,0.5928921193720066,-0.9474259566694994,-3.0689386590250263,0.06888014526099269,-0.18405318543301402,0.18064978618662186,0.08544696934916357,0.31507881903917356,1.8933046466059298,-0.4085422804751085,-0.08106646427765854,-0.4010784937044644,-0.6071962403247219,-3.602350940780092,1.3708627493023697,3.0962431774084127,-0.7454057683757261,0.5802316824172135,0.6569643039087731,2025-09-02 20:45:30,A,1756845930,10s
1.1219638015953226,-0.7856635830914087,-0.1593804323923175,-0.42281667500482134,2.624749228986234,-2.3543266292186247,0.2061330212539532,0.5408914411977677,0.15861055186744302,-0.8865933548360649,-0.8969734125047989,-0.7639006317359608,0.125532709238576,1.2289848625144622,0.5756886380705403,1.529966083563736,0.8016628238869524,-0.12331963439029495,-0.8986777919598962,-0.9264495241032987,-0.03811126970640108,0.06440405414204543,-1.9152787381697172,-0.03360774636472001,-1.3732848548637182,-0.17724831397784743,-0.9222901505183758,0.7453483998038272,-0.17019348850371724,-0.5331803293863439,-0.23885978150813236,-1.4048899381385491,2025-09-02 20:45:40,A,1756845940,10s
1.0043851818208813,-0.4696990211842975,-0.11281606153838017,-0.9207159070743616,2.326719122697533,-1.6799729743712846,1.0357803055373105,0.9433798582220639,-0.06420743143739029,-1.0504167434938787,-1.1634931375016446,-0.8938524909201822,-0.18843263859233003,1.3251023156737802,0.7604538630101657,2.4645165592957454,0.510656602173187,1.0932680193671815,-1.3583048750165134,-1.307845937267474,1.4117442787463785,-1.327359079174965,-1.398998035684812,0.3308077089071616,-0.9906499890118182,0.05524238202710644,-2.246480279465496,0.3937736965213203,0.15686625324125034,0.7868087988355194,0.19515390812947658,-1.2680432547048375,2025-09-02 20:45:50,A,1756845950,10s
0.7462566044560042,-0.33615904773277705,-0.17516575886442248,-0.7924628289161133,0.580165239684063,-0.5598980059117813,1.8431743035192487,0.9225955162999161,0.8009557783282276,-0.23365949821500126,0.25174566750612604,-0.3877122806576289,0.09358021761463355,0.8594988350366323,-0.6631032433039453,-0.30606214663262066,1.4064072470095987,0.5399768778520853,0.21738366213091112,-0.5045398352521095,-0.5225689766121934,0.8764667361477634,0.5253069757855745,-0.7479641024412659,0.3021730510444751,0.6831090163250707,0.050505148422650775,0.14756215796275116,-0.13397599880836802,0.35776048745395944,0.3879883618756913,0.08256640617757977,2025-09-02 20:46:00,A,1756845960,10s
0.5872719638738093,-0.5023411945686233,-0.22912787316816247,-0.7964210169203998,0.03350362314180063,-0.5016107986540026,-0.19947404944593833,1.0083935302304272,1.7035538640548649,0.9813568063823103,1.824794497061919,0.3450907408846118,0.4552373436040698,0.6091321856241052,-1.4724594345383673,-0.5986450668670653,0.44818142829682545,-0.32007611395466395,-0.8895311939090214,0.4542249190392213,-0.38220423332940906,0.7124599869139593,-1.0139928732344843,-0.5073012428489815,0.6251605495641096,0.10063518991891005,1.3011310530994487,1.2588183760936011,-0.3177202458198407,0.21057886032298168,1.1752354515789547,0.10937732883857114,2025-09-02 20:46:10,A,1756845970,10s
0.47259877060537486,-0.19702287510742061,-0.20424713577205472,-0.8227039301460808,0.4366281315171577,-1.005620994310015,0.5117322000095229,1.5295102930806812,0.022071469140353146,-0.1999110606845395,-0.1625810712591199,-0.0100854038484869,-0.4412985788173123,0.8502206862417749,-1.0322736930970606,-0.707391666316531,-0.2944485386812774,-0.66326292862409,-0.3705185116471861,0.8625160819967908,1.5211180515029536,0.1757003703207217,0.11120104536907,0.509602706156252,0.8090168041877606,0.3629447384917505,0.1882121808283624,0.31248105150530253,0.42171871568813624,0.015586107867344606,-0.8590971291177847,-0.20167078891525464,2025-09-02 20:46:20,A,1756845980,10s
0.45351425009587776,-0.39182216343738957,0.12796954161789442,-1.0945678820290676,0.5617012902400027,0.3262078250295131,1.0011532023361396,0.6841152507058729,1.0804717705514395,-0.2472973920793163,0.6761330797813656,-0.6425298924765953,1.5981288169511059,0.6175122719101069,0.15559800199681112,-0.9080390674531579,-0.5004758949371819,-0.15961509755495062,-0.4477430689226243,-0.0864380658160499,1.1072000572254215,0.6695933186241061,-0.1723047342874584,-0.15913066070087722,0.22956882952649213,0.7053110354492919,0.5337215886882423,1.8505996939725722,0.4642702477150892,-1.2623541786990604,-0.7698958880993594,-0.8113909383091299,2025-09-02 20:46:30,A,1756845990,10s
0.43901348076845054,-0.09251293782367513,-0.1111804043966211,-0.9379549287236086,0.24121705116890388,-0.1412779899063797,2.0034285661432936,0.7066976885046483,0.5056606021088825,-0.3047599872244259,0.12888315288950042,-0.2995140193386592,0.5291036125161911,0.7872923805246014,-0.32713286201425107,-0.9644019890390267,0.9702033910859276,0.26697640810876366,0.6812120739346672,-0.03391167601325262,0.8382407841494117,0.8097776549872412,0.10795529991378469,-0.36568321357259126,0.6567946502704629,1.3880254032582369,0.5621510402844084,1.5174998074770796,0.9008893694028965,-0.06369740034583876,-0.4172363724001162,-0.29727776222674385,2025-09-02 20:46:40,A,1756846000,10s
0.3178952636333663,-0.196594513078303,-0.09715555686048627,-0.8121165963542307,0.22872133976839445,-0.1179116316684028,1.086845764746775,0.8196105711676941,0.44700648887301275,-0.3407149633394857,0.0828798108479813,-0.32771662961414005,0.6281769144053425,0.7375725624702156,-0.3352971275002575,-0.9681098446968102,1.1448218767916833,0.08240517707178963,0.6274363135343982,-0.44178138295876107,0.7766521742377329,0.6475578603831812,0.921397649405134,-0.05941477361103907,0.012834929705478173,0.7861341960894418,0.7619318164741413,1.0043161101900149,0.47729385816592557,0.20088722960341934,0.06010308427513166,-0.4550360194310445,2025-09-02 20:46:50,A,1756846010,10s
0.31711017220276677,-0.25772363586967184,0.03213161918025153,-0.833708242434371,0.4105961868207261,-0.11645080753667902,0.5122865953353839,0.8261370877407589,0.3181827585450786,-0.4302142599835067,0.00804903751316683,-0.3967394699422794,0.732301048966918,0.9816771436845925,0.08528079132286474,-1.293934391063541,0.6304586667636088,-0.20472237862668477,0.7693892551327145,-0.07164438147225224,0.9515511801229531,0.5135765238947826,-0.605007268561609,-0.2994752067496388,0.45945676095341387,1.0236133718551605,1.118471794217593,1.627653315094403,0.9428920007213061,-0.6740074783021965,-0.7125650719628395,0.0007309019066496832,2025-09-02 20:47:00,A,1756846020,10s
0.06279521221079544,-0.22791820758788037,-0.09200046954610919,-0.5027615557490523,0.35210093714909846,-0.45948565039430916,0.1315768372447373,1.0127459249036168,-0.38062196121284475,-0.5868743588975519,-0.5512015567812237,-0.24784286804117284,0.11030043962921528,0.928785339310094,-0.40263950861308134,-0.39372140422058827,-0.21678479169620823,-0.08576277330575395,-0.4898994031088358,0.5398992238145317,0.8559096089181675,0.5068017808648954,0.7169362725294359,0.3185963061082586,-0.385013129790901,-0.35525329017473123,0.31179633091837106,0.667749559426466,0.3604809944090098,0.165168816765283,-0.3185232956768589,-0.9538688932429433,2025-09-02 20:47:10,A,1756846030,10s
-0.03143038110545153,-0.18387838467918824,0.14021139497503093,-0.33895477136301183,0.23465235445221844,-0.08951353203424064,-0.20931790717438647,0.24738322846563676,0.041220132940555064,-0.6888682128407376,-0.2726009229527225,-0.4992859606007032,0.9634584268098516,0.9164764204007723,0.20269847825449253,-0.5398309759693577,0.9349159244823786,-0.2987200401709419,0.5628273033181743,-0.21502972224540226,-0.4325466853541752,0.8949794021552894,-0.40507311286786346,-0.26384832869388025,-1.5696537311770973,-1.509264278766682,1.6783682198982321,-0.35950193140999814,-1.807590859711476,-0.7719524000627062,0.08023251809695305,-0.02098152263649824,2025-09-02 20:47:20,A,1756846040,10s
0.012279993776030607,-0.0036405613607375788,0.06785492436140465,-0.06585767158665054,-0.8623287479715271,0.04569786285525882,1.4473367329356537,-0.3452697512785483,0.8555127371211633,-0.37036418358657347,0.5450905707731042,-0.7987909751600292,1.6879303917589745,0.3678883845551797,-0.12664151925119277,-0.017598980821995368,0.08734380317368122,0.6872143624631463,-0.5164823369587963,-0.15780994718791055,-0.2977398653819807,1.0919385552092948,0.07853264089245032,0.638529999972247,-1.0533599813566574,-0.7968420332062708,1.113751723321199,-0.5807992597571279,-1.6138799345977193,-0.4858712173297572,-0.6452517917793085,0.4103098509991049,2025-09-02 20:47:30,A,1756846050,10s
-0.12675962431520646,0.05141358887486381,-0.13090575046207445,-0.1432372993299167,-0.357013677450181,-0.30038682059604843,0.10589453827388502,0.6591034896182815,-0.46572875769944333,-0.36439790864977445,-0.36538390180406055,-0.027809100228937136,0.06442849265803512,0.8047444735839754,-0.8639267148468699,-0.20426981696830224,0.04452316416043416,0.32668138226566373,-0.5196261676491009,-0.06863009113563603,0.08557808229655854,0.2913940582083084,-0.03320960598083687,1.2158316075578397,-0.6598086003239837,-0.8441665693349911,0.8266894388070206,-0.40442897858393845,-1.076680794616032,0.12498677893868466,-0.43454236040487454,0.18748284236357607,2025-09-02 20:47:40,A,1756846060,10s
-0.17013811266760714,0.19197112852710224,-0.14374300957738437,-0.2427353728387536,0.22652703822288212,-0.1992810262422011,-0.09958989700384363,0.6700449376346944,-0.4469228101532303,-0.058247769152511994,-0.21536904435509382,0.31357633823708414,-0.06582050385863453,0.7212042449889992,-1.1639718651422815,-0.16476672718525615,0.15869617963446425,-0.3010204615417434,-0.32951584652113103,-0.22299589895504035,1.494177951196889,-0.23646284349914196,0.8957959643615286,0.8439341417842293,-0.4332308126660191,-1.1924356163288716,0.1738629294735829,-1.0059545748134584,-0.1310885753845614,0.1184984674208763,-0.6493583715167124,0.046495392703660925,2025-09-02 20:47:50,A,1756846070,10s
-0.149878622872694,0.22676091187339611,0.02077054625267394,-0.2260094112020469,0.12975762022045403,0.38935910247275235,1.3986376298391288,-0.20254673136648266,-0.01783836878466653,-0.6240305111125464,-0.2812863116836998,-0.4514177665256496,1.0733285457424024,0.6052932269410675,-0.1420150891189146,-0.39239651267747294,1.2742757950118824,0.34067119217823144,0.5669919800287018,-0.940145620753584,0.05719813589298162,0.8418009150617528,0.6456087538017471,-0.002056985365058824,-1.3866160915787027,-0.5593783244440761,0.33604203202074145,0.44814119858701196,-1.1015554417043936,-0.9657474523142244,0.131737172844785,-0.34535507193208853,2025-09-02 20:48:00,A,1756846080,10s
-0.1577289832705353,0.3895473365330663,-0.08060659842038194,-0.31621263773347685,0.34434450325218363,0.5949475261612511,1.785346600718642,-0.29477452253540404,0.10813899942201981,-0.10884354043408094,0.08900760690893847,0.05128537881839446,0.7348368385246563,0.5247047544136562,-0.6710853370775476,-0.2317493517146556,1.4817837607501265,-0.05920683988507188,0.7532693203356314,-1.0383228455791365,0.9985228776472479,0.40631742096223183,0.8940526082960683,0.4223118542464544,-0.6226320088188801,-0.3429321638610357,0.46503043242377917,0.05370040583427022,-1.0588970902340946,-0.6495653114046154,-0.11038780569901861,-0.39091628791090255,2025-09-02 20:48:10,A,1756846090,10s
-0.24852783736794967,0.19263766842800056,-0.033337730302143265,0.13695544513123062,-0.2715593710178158,-0.28379180400695486,0.4774169091788409,0.30080154252390284,-0.7480591781079231,-0.8011900409109334,-0.7751693558359695,-0.42139371377660984,0.4843873185217185,0.6671871061702506,-0.6258989316841607,-0.029525095099327457,-0.02912416038266629,0.29695494690058893,-0.6502539284971612,-0.5000856867016975,-0.5739940176030253,0.7052345966823566,-0.1358257307426513,0.884831362394445,-0.33506485587270274,-0.2792715755264024,0.0076626476259247,-0.27426013932951687,-0.47301219362173363,-0.30882293732946076,-0.3846307155002889,0.47179355073557877,2025-09-02 20:48:20,A,1756846100,10s
-0.2194208187072267,0.22829534977469393,-0.1276843695662618,-0.10232753188078827,-0.3265249009876756,0.13286833640216425,-0.17153889879711945,0.06766202089841486,0.1750210227887076,0.36107020888992714,0.516954833709032,0.3542244035176339,0.5992882234566367,0.4357080166127007,-1.1744158311398427,0.17374931207222188,0.46189974348784923,-0.23105765934643696,-0.22400603029664817,-0.0874759101840197,1.598266371261529,0.016007361480239565,0.7311977590293178,1.196150501756324,-0.38759285138110433,-0.26746321627006464,0.10994315923695266,-0.2661037878682431,-0.35720054564505777,0.03308146721080639,-0.9857553739581449,-0.24753992391546462,2025-09-02 20:48:30,A,1756846110,10s
-0.27252117441246027,0.27184530227684445,-0.22489922514342237,-0.006770196401602089,-0.4457326162553267,-0.11105737604552186,0.7685512403637969,0.1739724566066411,-0.6289721143243466,-0.3196462954377298,-0.4689431854963508,0.08570676444118261,0.22328790941504228,0.5763630643855193,-0.8943363458655753,0.30700372029904455,0.41848187970264655,0.48517371861310526,-0.4145849255752722,0.3001704816897724,1.0828135051976537,0.1816514580916111,0.8388767351940607,1.134995904126551,-0.4923931892321101,0.08137827309426014,-0.16189524310499562,0.13771205768031963,-0.7322278249985796,0.5147132572321026,-0.23055982783259327,-0.33352117789619595,2025-09-02 20:48:40,A,1756846120,10s
-0.30476811551388194,0.12173816067822726,0.18046627972718213,0.20875116570016405,-0.31428496684122265,-0.0020021976172379828,0.11336430468442045,-0.27096022815744236,-0.34886491967592964,-0.8908591449537738,-0.5517390833430545,-0.6962491061595499,1.3306361691924258,0.5466437038299748,0.15247652942904624,-0.19918812651079768,0.9008171587987575,-0.9747249226921175,0.853257234939254,-0.7706606459720238,-0.17440043552436138,1.1742855176127285,-0.4797146678022701,1.4001128710242,-0.8647574519746901,0.36089643063401905,0.18628370029682484,-0.09422016216058213,-0.9596502092489422,-1.1211622137652841,-1.9140886000885482,-0.15576013469436883,2025-09-02 20:48:50,A,1756846130,10s
-0.3794406305213251,0.07915000636331905,0.10727525653611056,0.29573566673457863,-0.4774056735106633,0.22308808735511726,-0.5959442506659909,-0.4752288326657967,0.5415039503471075,-0.10593593441097117,0.5943103959629599,-0.40786407610811276,1.8484281412663395,0.21072377087420607,-0.21833290111382964,0.3538558246455258,0.31330521513789955,-1.0512256266471793,-0.3549019022243472,0.1344029838052662,0.9227245935062649,0.7446101570208814,0.05111545777872332,0.4501632542417993,-0.9141174185815245,-0.5020524087034582,0.27390323877239364,-0.1638773521597265,-0.65397711514422,-0.6694977449074458,-0.40154630734105484,-0.12598939523109287,2025-09-02 20:49:00,A,1756846140,10s
-0.3971763699145082,0.44177311638084604,-0.07476752941843416,0.04921302339279858,0.20984419977208327,0.12297367247875723,1.1349642606933643,-0.11227448147705966,-0.822805296916171,-0.4200602183677477,-0.6566690285248987,0.020788113251036803,0.3696031372687048,0.5660434897929156,-0.8534360759544793,0.5522759702619862,0.291016516693182,0.11044764423440097,-0.41971982850146605,-0.41548164223541945,1.0388100136797267,0.04230287058816938,0.8986899335778931,0.4494138489576016,-0.009489617138116775,0.07964220841534335,-0.11313004490873113,-0.31719517636429234,-0.44522906107689375,0.025939859767227277,-0.04602831253004386,-0.3413364112285912,2025-09-02 20:49:10,A,1756846150,10s
-0.38481214041074785,0.29126096315759364,0.2110144641316665,0.26458108951298875,0.30096267818366124,0.49514842175634477,-0.45354197166504695,-0.41347857821655043,-0.3076356325133805,-0.5444904035884851,-0.29214099881426475,-0.3401959346093003,1.0605343789706723,0.7681539145555402,0.14976931941608373,-0.06077732998164289,0.9212452383660459,-1.3226750668173202,0.8746675501644148,0.33243676459456173,0.7231296399401248,0.6502821508376352,-1.2022558728344004,-0.4524371394984068,-1.2002810414905989,-0.4954472036515103,0.6268323425665688,0.292905365348505,-1.475859217440105,-2.0576519182518807,-0.5719767866012291,0.1670776440792741,2025-09-02 20:49:20,A,1756846160,10s
-0.34600227145438395,0.2774742396069054,-0.0685243376319798,0.2616863198916258,-0.7660347777949875,0.3669862007141178,0.06259010810570456,-0.5956256788964832,0.7822372491109575,0.677283565439875,1.2584510401108566,0.19128958864854884,1.3687390830173118,0.2631609452244885,-1.2386486615314525,0.5582945214584704,0.9434767567076701,0.6045468280961621,-0.7273075343390024,-0.6179775266706979,-0.3807736166483872,0.6336675678425299,-0.0016327601544353055,-0.5027311729785857,-0.041877784523723566,0.06087762987086453,0.46377014919967047,-0.03651624989800792,0.13154479475557407,0.1184787238020375,-0.16287801505790034,0.14725213646957327,2025-09-02 20:49:30,A,1756846170,10s
-0.45183533802473724,0.30993550796381736,-0.01861724933400743,0.06431524270338283,0.39917687571336463,0.3079850702070389,-0.676873353023353,0.1090346274411029,-0.8791027594171392,-0.02652255511819922,-0.3234734680117534,0.4083964665672797,0.24812743930263695,0.7892937608850792,-1.120140868071837,0.5281879806434694,0.32469040533139554,0.07539559719602125,-0.6124656923315931,-0.5903808685815913,0.0010016631498842624,0.12264728345935859,-0.13805044693105012,-0.24459709937917382,0.19670929889558714,-0.11000238244557191,0.2882634851159598,-0.3912030084806173,0.08600863747846432,-0.20512470141243622,-0.34549590202209524,0.0038755747724277196,2025-09-02 20:49:40,A,1756846180,10s
-0.5052236896591678,0.24147389555235843,0.002367626109181912,0.16709612868057375,0.28310301111588765,0.152448730436303,-0.1647918369520551,-0.020851717689007936,-0.9811822077956567,-0.34029093711058117,-0.585079674400625,0.08160281507759264,0.4922251913936479,0.7185404695311634,-0.8463239989984775,0.6821129613096952,0.3077084847735949,0.31561332703761263,-0.7011843356201276,-0.8081163146018912,-0.5558571176208374,0.7725988692006986,0.3333953964306618,-0.01209317583854743,-0.1744201270136093,0.508015847643695,-0.2840483690326843,0.15999801865802435,0.3360878261303882,0.1812417779892743,0.05952055400971635,-0.42672271152354807,2025-09-02 20:49:50,A,1756846190,10s
-0.5261927438152393,0.29276990486811505,0.018127532938309533,0.2818322263078515,0.09651187348357004,0.008875517210460248,-0.3786092413362188,-0.03827629623580915,-0.9960321174957802,-0.45112139415025077,-0.6591525163066613,-0.029180984530717727,0.5003000396510869,0.6775179445966583,-0.7234861992862768,0.7200970320263542,0.2670619308024781,-0.1712572039290784,-0.6472608631604535,-0.12268299195144212,-0.3706891086265288,0.5858951900532365,-0.3964780714760605,-0.015140112705576563,0.11967629593411443,0.3823439985267289,0.29275126676549434,0.12165215853852236,-0.58175490190084,-0.12482331537471589,0.14851541004718932,-0.09865793865035652,2025-09-02 20:50:00,A,1756846200,10s
-0.47743627219574425,0.23218947151406588,0.11582817419218082,0.49606518819059364,-0.4606424965319909,0.028967229045187413,-0.19825808027182507,-0.3613860084903727,-0.40509112417718995,-0.4958363901307275,-0.26771183340410537,-0.467795976995752,1.4540953573346123,0.4081447242460902,-0.35348946780825274,0.6974949707065826,0.4653384137482958,0.3212616672528107,-0.6275838812225005,-0.5405872266444496,0.03989184020882243,0.05277765992998446,0.23871214695711826,-0.772121665850772,0.5999712814797057,0.5190867525557791,0.40577188169934686,-0.7286827578071701,0.9949976534167111,0.5115132305262376,-0.44810397395662027,0.4397547835789764,2025-09-02 20:50:10,A,1756846210,10s
-0.5217481857296259,0.35302291158347837,-0.017089325611778245,0.08581405766330662,0.4002895766838345,0.4925461924437994,-0.11821976544133367,-0.1575913436697884,-1.0379755962394217,-0.19330002351871423,-0.559038728016524,0.27280919186786234,0.4622487103439797,0.7237775808281687,-0.6676776662101656,0.8202599621378686,0.3012526623703852,0.24513015656595752,-0.34025402319003356,-0.011208570034782742,1.2118694809096575,0.1279494247902306,0.5660475688865615,0.1014859473974988,-0.13945876830459142,0.8862309069725478,-0.13812710134248762,0.214012143897535,-0.012284167279444792,0.3016050375483303,0.10801477617908675,-0.1625747570248561,2025-09-02 20:50:20,A,1756846220,10s
-0.5498552094982909,0.3070024449608368,0.06134789084218447,-0.004502452450553758,0.5972641204562121,0.9479302167809456,-0.9039336491432161,-0.6942658126207415,0.5583303287737827,0.9580077754907598,1.3287458049066203,0.6073912285206438,1.4914059187876494,0.299338603529768,-1.2448229698077349,0.8680156398528066,0.9546263012053638,-0.2813015533358802,-0.7795148431602263,-0.8995122108899359,-0.26405179938323864,0.8227288629857686,-0.10207896642851327,-1.100087214406963,0.25166019311954757,0.47355313962355156,0.21776658273807237,1.1803393565351985,-0.24519771438894777,-0.600703305656636,0.7114516895145822,-1.2017391436114129,2025-09-02 20:50:30,A,1756846230,10s
-0.6310508075134417,0.3714502705642888,0.07138785372485963,0.5030948816679526,0.5669344735440199,0.06627267268426694,-0.6740644820657705,-0.10891295847225313,-1.0449182542682203,-0.36179617200926084,-0.6576740963200487,0.0298730463793347,0.4404272881494353,0.6963906831941032,-0.5397496734635369,0.8914841393190476,0.22567940221853,-0.8923865239396878,-0.3898513049559029,0.6192319081714924,1.09687627704714,0.12124297162211296,-0.09432551231569813,-0.59255951888496,0.23494184401227688,0.4175784521904669,0.08215619893716347,-0.1349664773083383,-0.20192672206129125,-0.3977560149155342,0.2709863323043346,-0.17891404597454608,2025-09-02 20:50:40,A,1756846240,10s
-0.61063790836062,0.39105807579258695,0.10638873316197243,0.38797135313708225,0.841840563212254,0.43734644155437136,-0.9322482548492627,-0.22772221110624769,-0.5320741663064141,0.4876966928151695,0.28421432316018713,0.5963840005485648,0.29293616248996407,0.9414413859088642,-1.0352124210123241,0.6064287284712602,0.938973069824203,-0.1072898955788657,0.007792896728704721,-0.5735166445378003,-0.27766696732745544,0.5097640469543611,-0.9718503356086892,-1.0950034204440573,0.08823550611768455,0.51350594653749,0.3961292574907953,0.1530517930345354,-0.06076809410848168,-0.50145908286024,0.10215955547794382,0.3553089112999662,2025-09-02 20:50:50,A,1756846250,10s
-0.6907830961637446,0.3044120398591535,-0.008799019666389248,1.296580091249334,-0.496438008326024,-0.761277678825525,-0.4345172646931062,-0.0678744004292697,-0.7894305287125274,-0.41309203791876736,-0.5087273585994343,-0.3728946831528937,0.12864342630609624,0.7755190586272716,-0.3695070986319205,0.8629879498810437,0.26739897386898404,-0.5568601380334508,-0.32610266996302323,2.0402661012009737,0.8847799988932652,0.41447000847226306,-0.6645930913443967,-0.31346715081427723,-0.33125252350769563,0.7856393474556055,0.4501606784981332,-0.024961284428831464,-0.715136778122395,-0.21339594897311517,0.9239171007903201,0.9676083426006304,2025-09-02 20:51:00,A,1756846260,10s
-0.80988470367053,0.3612549935980587,0.2995571919509284,1.7927065405899212,0.8888485119913277,-0.7223167939071713,0.4922971943096398,-0.4533490060180485,0.2458850312818057,0.4660339175292904,0.7355158824034225,-0.42459125048145885,0.06750655067729981,1.3451503693729674,-0.37455413376134983,-0.020712719616868536,1.0467287765017477,0.4434945216642617,0.7837131081397305,-1.852310228628961,-0.4508892239844847,1.0499707769945847,0.17725789878513049,-0.636403844632408,-0.3583080316409738,1.5089899824629913,1.0795743674019014,-0.3314064091972516,0.3426501924368886,0.04655848121446886,0.01928664992837668,0.24864765445217715,2025-09-02 20:51:10,A,1756846270,10s
-1.2368947833317343,0.6673994236166306,0.7169281518509945,3.5669917168707674,3.4317465732413175,-1.7230980332758552,0.665961541050189,-0.04303162735025466,1.4870602387695742,0.6706166079217696,1.6862389657953911,-1.2813406900868243,0.3813807286414608,0.7564378643782184,-0.5827305608612121,0.15989752022845893,-0.38443087582055047,-3.455300194926127,-0.39659601788582494,-1.2721413253304574,-0.1266635805369703,2.0050498798660006,0.4624006244171795,-1.6075806449834147,-0.1106865286249596,-0.32927160322763954,-0.2920515527787755,0.5642532386104671,-0.7182540587000752,-2.881523199508539,0.7066501221138399,-3.270952502805045,2025-09-02 20:51:20,A,1756846280,10s
2.7301207860175274,7.414584323866651,0.9378153017171051,-0.6200320436284107,1.613467348773005,0.9248452764256643,-2.232817343197201,-0.7971479389417624,0.8438573789859888,-0.011402976756005486,0.7949590155515435,-1.1204768097605102,0.7359661096250584,0.3875344485340841,-1.507346296626618,0.08710693140359954,-0.444653430849536,1.3369556177913935,-0.7669612104753367,0.1741148452223464,0.8479423259356176,1.5711526431413658,-0.8852672377372367,-0.45676328915467684,3.4655872038699935,-1.5797225957357375,-0.8901680058826393,-0.9967316009501165,-1.814442677624843,-0.6259627481377672,-1.0673738380136701,-4.063245736178798,2025-09-02 20:51:30,A,1756846290,10s
2.371611922229358,-1.0367777414615418,-0.866218821401281,4.560151041440999,2.4051562871928156,9.98270204661088,-0.4988540327168985,0.45699087498623164,-0.38568279140337375,-0.181396005702952,0.6245393374065527,-0.04594810932782387,0.5540379891190033,1.4747609363269494,0.3646896420364068,-1.281177984988142,0.837150752674125,-0.7863548157290541,-0.08336878416527153,0.1634522113453024,0.6291731754755523,0.10096249060462743,-0.5459782155550955,-0.2774634487495344,0.8401355136751982,-0.3753340177711944,-1.4870935316084708,-1.5300953847470895,0.3583433487543234,-1.1164287450702541,-1.5881175770957943,1.213544611432564,2025-09-02 20:51:40,A,1756846300,10s
2.0717492338508814,-1.634587421719195,-0.6241427100247748,1.0941504032549305,6.311816729648297,-7.193469850024818,-1.1965294740020018,-2.9840374265753478,-1.7299810164432348,-0.7802646667056662,21.925740774224057,0.21969491771484514,0.8397223402457858,0.6949015578797434,-0.4802350047736836,-2.39290382046808,0.5542685169098838,-0.4605926830152073,0.25301892953090566,1.5077906229200948,1.2519056060224405,1.335886116502798,-0.1568063423123021,0.09172581726357351,-0.33520659320013385,-0.3737108774823922,0.006416533647367537,0.26159434253270775,-0.11223468023394842,-0.06656926545666507,0.14716530815830525,-0.1094245205819229,2025-09-02 20:51:50,A,1756846310,10s
1.3301934679366234,-0.7131538466019898,-0.4080867612218509,-0.5918778912010685,3.2593501650391383,-3.425208157758644,-0.1465237827362724,0.5898624074284465,-0.2276767524767018,0.44478075955506724,-0.4373786357509694,-0.18149479210262628,-0.754330043598719,1.208922844129627,-0.7994130684477726,1.301407629215813,0.5476915418343721,-0.054162735956101736,-1.1111603681227329,-0.05451519369788073,1.7212729615125573,-0.4580528528999501,-0.4421271454657103,0.5567119265985219,0.2161370965357543,0.35185437003902964,-1.3036005373267314,-0.08814852573155015,0.5206709330487206,0.7570136049566885,-0.852435251773258,-1.1438910592524907,2025-09-02 20:52:00,A,1756846320,10s
1.2586107646590021,-0.5439845165607401,-0.033194544209299626,-1.078048443800126,2.540678999822364,-1.201992121358978,1.5286696255347754,0.9702034371309614,0.03595139670250382,-0.43191364283370554,-0.627455240457753,-1.323370392606194,-0.015546648601074622,1.3720973580705345,0.6514317008907077,1.9681327299635543,0.8925858054815466,0.490304200929988,-0.7154277751749794,-1.521301621808524,0.9441014571780875,-0.6215488667528469,-1.9819499680316606,0.3221442069031778,0.008709851834338046,1.7550645757021042,-2.3675879278235468,0.5784123617513005,0.23483525193445492,-0.8142598256740866,-1.3849281423117696,-0.37655040617347896,2025-09-02 20:52:10,A,1756846330,10s
0.8025995759670965,-0.4930382316117937,-0.19216596117375476,-0.7582469991354768,1.0646852129032054,-0.7413125468864697,2.1363863896977877,1.0180345596378757,-0.3601409117759503,-0.418108131613174,-0.6150665189284044,-1.0018172776444345,-0.1707957100913309,1.1352931038338907,-0.08017118920420528,0.41633775185996136,0.0463509171670504,0.7243445437519849,-0.8625045645585372,0.9359792863225338,0.6297895447994665,0.4676692642019846,0.38110701365838373,-0.13496195253037735,-0.18705095777416406,0.2523934818550619,0.15562312212774015,-0.554649434083964,-0.5602723416907306,1.3646417695499102,0.648233847035813,-0.13743571284647885,2025-09-02 20:52:20,A,1756846340,10s
0.6836336847370137,-0.3771955891647109,0.00849357750886025,-1.3384442864333947,1.2644605501916628,-0.15997008947575742,1.0620115329370665,0.8605137019875619,0.1350635880591204,0.0013196904272185252,0.08547446272893917,-0.7259855340456238,0.6416287792857467,0.9547598229856793,-0.15657282247030083,-0.9048984468523146,0.9265792342813526,-0.005731228346620921,0.48252678563292745,-0.5640073308554477,0.16547267978853897,0.9170385575309046,-0.1955052441476205,0.10599108194511693,0.41567211725630887,1.1628485535561313,1.2862481511606307,0.35072759533449055,-0.5362518109477471,-0.47932498085886804,0.02729510191796427,0.816178810521936,2025-09-02 20:52:30,A,1756846350,10s
0.5005590192266449,-0.21920153222985705,-0.33469820638335035,-1.1270198556025397,1.21907566150792,-0.34397857949326033,0.707150813344984,1.6507317922373392,-0.006860132348200239,1.0423907844348292,0.7119378429973308,0.3525382270100443,-0.8740699746187477,0.9270083676409981,-2.1269309037167017,-0.5272792988360443,0.47929027993894474,-0.2772252195769942,-1.057538663652966,-0.5354798683509774,-0.6420499294307018,0.9060940145265657,0.17669168276164,0.012670593879069013,1.6546742665538088,0.4218612968952635,-0.5914040248336657,0.4091536993870536,1.7805100376233485,1.0119568301331774,-0.1603486507313286,-0.5439532823469034,2025-09-02 20:52:40,A,1756846360,10s
0.5077020938990698,-0.036384272189433554,-0.03987680629422041,-0.9914643245759891,1.3967190571216217,0.018259592092507344,1.2455101988894088,0.9808971185954894,-0.4222884523597756,-0.03167905650588542,-0.28910940160155063,-0.5233838125100322,-0.33502145978780035,1.1499817728055692,-0.47410509930696293,-0.6047833498177931,-0.47764321473668103,-0.5750712076230126,-0.48768881717887697,1.7565826607511574,1.4615987378612165,0.16932884577689333,-0.73686371667012,-0.6585274196549671,-0.16348607793097752,-0.7060938719949873,1.0885036126624745,0.4083250633725182,-0.3855563043540435,-1.1395145729978615,-0.6360833882185002,-0.05508387123028087,2025-09-02 20:52:50,A,1756846370,10s
0.2819546208626037,-0.2785174691654738,-0.1706884907973844,-1.09074205724255,1.2273756133878764,0.023098023676434168,0.07559746399960107,1.4296436160114507,-0.33809034503585816,0.6413408212121301,0.30054311251722154,0.10638840301280393,-0.41198826553960954,1.0579668422677533,-1.3729186564216753,-0.7050169453220295,0.1818604261242288,-0.04607268613085494,-0.9841677896767266,-0.3943230963818323,-0.47682251117516644,0.668704544672508,-0.044368015250987325,-0.20900895115564525,0.4650910919363063,-0.46901245226203603,0.3796488357726269,0.9189777049983006,0.8105160402395245,0.08867061609777731,0.15023895508210502,-1.0115484459089243,2025-09-02 20:53:00,A,1756846380,10s
0.2783339094657336,0.0007755463334652952,-0.18216497078544058,-0.9664396964684675,0.8199747624777667,-0.3057001211216123,1.7148867159135988,1.0741066515564084,-0.35218309843046486,0.32424814148506187,0.046819464014942136,-0.2682340780131125,-0.34552597566553583,0.7501906784073673,-1.4266343886716597,-0.5265815818449772,0.09419110209596426,-0.33996716942833743,-0.854046246362606,-0.2112823104069913,-0.6167175119768924,1.3951403322420437,-0.036393655162052556,0.7217536341519215,0.9034759598772905,0.3487556751252458,-0.3816594867980619,0.8994397191334875,0.3645952366077421,0.018205138836617046,-0.08315428621067902,-0.896558526369573,2025-09-02 20:53:10,A,1756846390,10s
0.23422033244890356,-0.13470730313414686,0.012403478681655032,-1.0722854047241996,0.8847011095546687,0.17182909826137446,0.6086616459732447,1.1687552350439863,-0.7356486798403096,-0.2746535069273894,-0.527393101834285,-0.662796210619728,0.31857312348003847,0.9209661138210372,-0.33569608101891557,-0.880603578454525,-0.29145850402208784,0.15358850887450076,-0.6572275519451036,-0.03475763345740053,0.7010924009121716,0.151979455390292,-0.21500727129734887,0.14943791604964313,0.8599605224450801,0.425201689417377,0.5240285973948243,1.5473579687058308,0.7139071634586126,-0.4283594264195116,-0.1604925736658146,-0.5537233874473725,2025-09-02 20:53:20,A,1756846400,10s
0.14062703448713693,-0.2581278210044825,-0.016975243602986526,-0.4755502927605532,0.3308637759873471,-0.3704228652239175,0.4723352544633425,1.0781608764199049,-0.6839668121283821,-0.43771227177134797,-0.602265366879951,-0.9447079894637488,0.1917663070343588,0.9043214408823603,-0.1282230621103719,-0.7511123674099492,-0.3434188433028529,-0.5295412038816024,-0.5490378542722006,1.0949411443076527,0.7907158611517064,0.7244054605278155,-0.09065479824508331,0.29172237757960356,-0.098404303843184,-0.041730084339212464,0.009705401719824784,1.378233197792429,0.6332718643569769,-0.3566133567909036,-0.2533510140728599,-0.6709476030436589,2025-09-02 20:53:30,A,1756846410,10s
0.05281364162118915,0.09950433877528002,-0.1201921166710101,-0.5367136782310975,0.2729553936155717,0.0835278728207602,1.439422520019873,0.16515960144984426,0.15625619288412687,0.6129897352784242,0.524590296824234,-0.20462918819284895,0.22763775654127846,0.590304904706288,-0.9027173757356277,-0.45761235135249767,1.5357108306826368,-0.5755603336683004,0.8593906953136946,-0.4854092076385915,1.0999510524267622,0.9557086417675603,1.287275587339661,1.433294792083154,-0.6011668208099744,-0.18606015717805774,0.5920319633019259,-0.4361136995731815,-0.7924432879948059,0.1784474941863943,-0.8339537186938722,-0.5106691499792715,2025-09-02 20:53:40,A,1756846420,10s
-0.06253618155693948,-0.06472546744741936,-0.01550725384107239,-0.11795115997851191,-0.3563596557615682,-0.2610289848176133,0.3333057459423971,0.315433196097642,-0.11655872593338605,-0.042503237369646875,0.008629479357786744,-0.7999154132070303,0.7977450518917923,0.5485505046846726,-0.2666553393898507,-0.6286259485636307,1.5038807201837026,-0.40412023977434514,0.6473012445786686,-0.6960943298784354,0.530760316205181,0.5118993505921496,0.9073741257869834,0.9704888747484339,-0.981278608379341,-0.648111178617274,1.0380314816896046,-0.8625520902623955,-0.40006674193071895,0.5063037195015092,-0.7664607207480261,-0.11156676354654033,2025-09-02 20:53:50,A,1756846430,10s
-0.05977963782031347,0.1713765363065908,0.01650218880547993,-0.38060599088428443,0.03195089037414925,0.3322645436292726,1.1736929871400348,0.01837250680328261,-0.21389718312641695,0.04560072684344177,0.09433858407152965,-0.7258852648015365,1.0819309686836571,0.41428555846437937,-0.5702521971847166,-0.2476392908564501,0.33160219208616926,0.8897205814333626,-0.6871189812353871,-1.2084547735640734,-0.03726987019698843,0.631607474169577,0.7795481644547094,0.9762943597109995,-0.45848270592277635,-0.4541739374622315,0.2893667206007757,-0.34716026768274993,-0.36761190114260395,0.20753388152713298,-0.40671692938212706,0.0220454550630614,2025-09-02 20:54:00,A,1756846440,10s
-0.10812763820182031,0.20677235383131792,-0.07197543714031986,-0.26902244301638684,0.4182292301341683,0.2622585153727461,0.29783825688357696,0.5638570077946329,-0.8182335914470296,0.10061327395000047,-0.2735906026582864,-0.3038596808389795,0.1203488976732895,0.6736928457236818,-1.0767690011959472,-0.3250823320180349,0.32239193193068283,0.25611333439976813,-0.8787860035473392,-0.6480025429124779,-0.4426789113149553,0.3396606034676669,-0.07966026865038807,0.21077164202863904,-0.171744107956452,-1.1632105553768726,0.13980364808791146,-0.10372150789607808,-0.27616632317589795,-0.5534191617664173,-0.27780239639425824,-0.15460216107146033,2025-09-02 20:54:10,A,1756846450,10s
-0.20274028180477874,-0.03676326380702103,0.0863056189943212,-0.14177504022902443,0.31588836034314455,0.21306811655914495,0.0532551960847316,0.02981084438856576,-0.4137184073427091,-0.25866654546043455,-0.26133203809492656,-0.8147628509742907,1.186358304145818,0.5342705554105904,0.08172370157936529,-0.5613154162953222,1.3977060033400155,-0.5972880802653361,0.4510024432089943,-0.7395017303184988,0.06296360031927228,0.9474429437281815,0.491600269992941,0.04349600827195537,-1.4229764805646579,-0.7912617755161306,0.2996501692531004,0.2927471724926262,-0.44412347788738704,-0.6309813680261736,-0.17598454141142497,-0.7788395706744444,2025-09-02 20:54:20,A,1756846460,10s
-0.24054775981833187,0.18154896749420132,0.05539511991649352,-0.4441145352390624,0.8721076431101155,0.2891569183190519,-0.5624068422716926,0.4402148771714273,-1.0374619813393182,0.07395214696078377,-0.45153395222517995,-0.18222939100912186,0.24360557021032275,0.7031389640017284,-0.5871702100747911,-0.16444656577373562,-0.053731997418721734,-0.9689459284668267,-0.372790753357337,0.08808955094936932,1.2946955924438397,0.20614673947023496,-0.15045909202525248,0.9830904794801029,-0.747959064181262,-1.139662408609857,0.3786353784784003,-0.08854434070415246,-1.1197177261790807,-1.162328117569928,-0.7191799414462475,-0.5887510464287867,2025-09-02 20:54:30,A,1756846470,10s
-0.11626383906716371,0.6427941616862978,-0.00848248921807686,-0.2822417002333319,0.5934018495973031,0.8900287873937003,4.2293346223911366,-0.55085459922575,-1.0900750640551269,-0.5492276011198406,-0.9258130212426574,-0.841986993574559,0.5136120162335911,0.4161397302261792,-0.6317958385247091,0.38303493667590544,0.21362784427687478,1.2169873160475144,-0.7752148854858331,-0.9015992173979214,-0.491295519818139,0.925655849252616,0.7986239417746702,0.32580572631551463,0.10208798782940595,-0.3489453022106227,-0.7865822585704876,-0.41122798450208087,-1.1042441407971697,-0.6753740556647718,0.025526836926622574,-0.12119398751539336,2025-09-02 20:54:40,A,1756846480,10s
-0.21215065364127572,0.1320362936508061,0.07677847542496273,-0.1454558057445634,0.07313945474094884,0.5883336703990348,0.6986905426542788,-0.20167120928005822,-0.4345488274809773,-0.07613901502881161,-0.09916570831389772,-0.736730743753915,1.2220211973207402,0.38728927873495095,-0.2172122818518502,0.03061101241455637,0.3135703967129078,0.19803907153994657,-0.6335807166891314,-0.3807056035458491,0.379478050589667,0.39095699096432496,0.27567256027310405,0.37284073896764336,-0.31264227743466416,-0.3625361792165198,0.8503181325204026,0.0793815827001573,-0.7364498801112195,-0.28207161950016496,0.19484881395626705,-0.1642573666876532,2025-09-02 20:54:50,A,1756846490,10s
-0.24296722532485035,0.16682990325412414,-0.11195782485441345,-0.07783727166668539,0.07559351806254101,0.0202185539775361,-0.5714263400268926,0.3869617416375871,-0.8399411689065897,0.5925898831992725,0.06061231838693133,0.10234765749022233,-0.13840423606767424,0.8303977724571951,-1.1988275316639205,-0.13801200873784877,0.43080078340074274,0.6415448534493103,-0.7897754574268148,-0.19975039910987671,-0.35079159338517246,0.286052477107049,-0.6612686214478818,0.012731642219255648,-0.4504519461126352,-0.7941229198063822,0.7432073556946077,-0.16102135468916784,-0.28150888487126613,-0.30486022280762637,-0.39947942353203164,0.3928282420590833,2025-09-02 20:55:00,A,1756846500,10s
-0.2820551187687088,0.14598995798277112,-0.04212268182229519,0.09932308854603203,-0.2236593378364216,0.0464136082270026,-0.18566199446546183,-0.06020860536339981,-0.23028569039709762,0.31463809898536554,0.20106750351878377,-0.4102188534432423,0.6453085871768279,0.4580584550369992,-0.4212216327276262,-0.17015797666049368,1.7599413077443609,-0.8438182408474822,0.6543890298226669,0.1516822533166742,0.9382050605045652,0.6427477697224542,0.41751138250120473,0.055816820221231536,-0.8934727562677569,-0.2981302672577894,0.506760813268675,-0.12160122956677044,-0.27551441958241535,-0.11756559986362344,-0.2210986238962481,-0.10871906845855032,2025-09-02 20:55:10,A,1756846510,10s
-0.2806514515665494,0.282770953274886,-0.06542731231702946,0.005394644162929738,-0.34938866136106245,0.12922647250534508,0.41387470561307615,-0.20485028406295597,-0.2430136753679359,0.5559507266087262,0.33649989655553914,-0.22674703528583248,0.5608216471881774,0.336738833024957,-0.80392175401022,0.0009642856260146296,1.8118232725355208,-0.42977164549729496,0.866253751721123,-1.1155399244146373,1.0136797666803683,0.7444395238058215,1.169554156373306,1.7359327557348367,-0.26660168904869785,0.8795308315778066,0.18253915182040764,-1.0245702926805762,0.09121983110883232,0.7329622316690754,-1.6627630163767002,0.07849808840497564,2025-09-02 20:55:20,A,1756846520,10s
-0.40690792295732087,0.1221303129186615,0.1579460293185464,0.26825600568441954,0.11909486778274928,0.39283306153373804,-0.200654650622146,-0.36465716190370057,-0.5769741355592325,-0.19514239004204595,-0.2436822248401741,-0.7974575953496966,1.1141268585732018,0.4819932849178381,0.1427578943596136,-0.15556529323395038,1.3386842056895936,-1.0743763265412472,0.5614046081870525,-0.4436479380145621,-0.1935345560782513,1.2817323626607995,-0.36350518288933154,0.40480180842337216,-1.2026804880185376,-0.08815210607670597,0.2420094907623856,0.2510835068401767,-1.201820943204171,-1.0941491513626256,-0.5398954408446647,-0.4868452695808977,2025-09-02 20:55:30,A,1756846530,10s
-0.37235985151897294,0.17097778563078392,0.1583856135747362,0.2256652923260013,-0.36953294848423274,0.3438939000287398,-0.5386332214730291,-0.607675831193923,0.22491059740564895,0.44450959491845404,0.7580442378189323,-0.6596896366402892,1.7505840924924032,0.05027133031942688,-0.3891216097686012,0.22850095872827225,0.5699927158120084,-0.7348453410100455,-0.6322123281480083,-0.2175201497652144,0.01920600497972028,0.8834533069825109,-0.5311106282289342,0.25280288803185313,-0.30393140032622906,-0.3371477001589283,0.41213806590709906,0.008241077695573522,-0.8056820735990016,-0.8211896485229648,-0.6394191682597518,-0.2214251143458641,2025-09-02 20:55:40,A,1756846540,10s
-0.3761701956872472,0.3751209025549571,-0.008829176865499808,0.19027767034283583,-0.2863716434116756,0.22070309064111854,0.7837244472680043,-0.13521730585404024,-1.2863174239711581,-0.27879996950195973,-0.7843860757606402,-0.6122469483642357,0.5960298077993658,0.410032324541587,-0.5077062296068362,0.41570272658447227,0.45750374521783377,0.8444171864565029,-0.6749791804538352,-0.6733541401561641,0.07049465131610871,0.3144126305601782,0.41976230207504833,0.5679767972912557,0.056174190865295126,0.5617403978259217,0.02094986698680075,-0.5744081402859927,0.45795752336022877,0.765832748399095,-0.5655183514605103,0.3471367733712266,2025-09-02 20:55:50,A,1756846550,10s
-0.3877917268276216,0.38151165433429546,-0.09792829367185968,0.18306565473521305,0.17234888744707058,0.4092335624385992,-0.28018649266563705,-0.040565285008408,-0.9798530377762776,0.5558351179388842,-0.058971410041042394,0.12465243955070818,-0.14996776772063367,0.6535795820045602,-1.018071813579101,0.38870981092623536,0.5190537377612152,-0.08425391088516294,-0.5694644030743741,0.5536221741898196,0.7313528556984765,0.20733602774501705,-0.5025296527970163,0.10435337996497206,-0.24339404217105792,-0.2287785134942641,0.4046887660793202,-0.26528894741185194,-0.5491971931346145,-0.26493737714783394,-0.15297263848615647,0.4235659222077112,2025-09-02 20:56:00,A,1756846560,10s
-0.4940654027255943,0.3708950102916828,0.08958170266066388,-0.02931792405877277,1.0609694084214158,0.5684313035688062,-0.4827763467427674,-0.1275717893199224,-1.3147521700310252,0.08538379053020945,-0.5980791637512818,-0.0984528645110394,0.3409072911675224,0.4317397525307495,-0.6382727620498044,0.5544776264199675,0.2837101116498101,-1.3694493402013646,-0.4542147890077485,0.1696801668052104,1.208772761877164,0.4121347942565546,0.17018987433279692,0.2796922649193475,-0.010375717395938282,-0.10106442460451351,-0.36403650230601453,0.0830848108859457,-0.4286553323624819,-0.7022108452301143,0.3863361708384947,-0.5797649650296405,2025-09-02 20:56:10,A,1756846570,10s
-0.5290784803460593,0.21203380047574039,0.08431159061943913,0.5133694255522318,-0.1548594583095835,-0.15055412974506796,-0.2421159531362008,-0.12673961530405145,-1.3623339492350899,-0.5042337859099114,-0.9388875093072934,-0.8185515956994508,0.5662925795305858,0.37341043239637406,-0.09683697521169803,0.6359035756258017,0.18017286086711393,-1.2506809243257928,-0.5443419328984922,0.9319191456255257,0.21832126551257164,1.0767821477565511,-0.6134073796576545,0.6743273136703901,-0.24750684505208298,0.5224285783622682,-0.029232346089559904,-0.07308800484291275,-0.4154702256583868,-0.15967194900557954,0.6033158958614474,0.5891679264341396,2025-09-02 20:56:20,A,1756846580,10s
-0.467293243325504,0.32452944752114093,0.14131167290700464,0.08525371736599117,0.2640255222066642,0.4997864488062833,-0.22117737213288963,-0.40899490815376155,-0.6842597570684035,0.19504912507700833,-0.0666969054569628,-0.4292158913381426,1.2511239205149216,0.13692080064016757,-0.3963980232697661,0.6725078815592643,0.62340771082782,-0.4770827913346313,-0.5214756925449525,-0.616147920976826,1.085243753683549,0.13664838918665737,0.5926020656778209,-0.1185825495469633,0.7837980047983985,0.6328370593164908,0.3680322565282068,-0.8787495955821409,0.8954888665746614,0.7930954519224224,-0.12461055303126313,0.18844929865884977,2025-09-02 20:56:30,A,1756846590,10s
-0.5202985830408621,0.2714088767928448,-0.043992394821305264,0.3063304701838955,0.20297202190573405,0.3398855540321116,-0.6786975814957116,-0.005520134870509796,-1.0981566602181447,0.5297696977584667,-0.10328176141718877,0.07104095996746655,-0.0005809117722042171,0.6516940117995342,-0.9598350305338258,0.5962340173275248,0.6867877316929708,0.3556553761218182,-0.840926129339822,0.0026553667890917023,-0.2958411535282789,0.5673269289912306,-0.325737603727457,-0.6790777411220401,-0.08552212849971756,0.37369857715909394,0.15544454660399878,0.1230149002279176,0.41270897509304333,0.22368692817214048,0.5314854685096198,0.2265669457098346,2025-09-02 20:56:40,A,1756846600,10s
-0.527273007491085,0.25979452526812097,0.1344043326199683,0.33686535635349085,0.0907101170816684,0.563045465628019,-0.423667097283002,-0.788397276615372,0.23902307262273523,0.8661333863432527,1.0388120967553534,-0.27594922550630735,1.4932842463820748,-0.03878474297490244,-0.7586376035619149,0.7616855123492531,0.9409799394631013,-1.0652748175527735,-0.8190072519971935,-0.16673549567688978,-0.3309900435028074,1.1347479516629029,-0.4278765323816879,-0.8002722709138614,0.6022780065692702,0.4094646525091295,0.28933409595740706,0.36768497349197216,-0.18820652100731639,-0.6190171983806295,0.26161674596396395,-0.6454555327888429,2025-09-02 20:56:50,A,1756846610,10s
-0.5647738235862044,0.2845757703885628,0.17219444660860134,0.23656478902808883,0.3012614145522032,0.8383842200512159,-0.7640561601358205,-0.7960182185377332,0.2159964995759549,1.1214397666457026,1.2314984054568459,-0.03453528134271317,1.4187767855127007,0.1209810810854794,-0.6463479532061818,0.6707291841261386,0.7055192346806084,-0.8708847509266654,-0.5653897924311645,-0.318276969613552,0.29702664679483,1.2387493624144457,-0.743066592770843,-0.08359761118649316,0.0851788876743926,0.8717604749125434,0.3407193134063202,0.5307356172672691,-0.18246850252508673,-0.05316977644001353,0.6743542057593214,0.11172565729745183,2025-09-02 20:57:00,A,1756846620,10s
-0.6384681902175542,0.32549768318103023,0.20139290488102388,0.7690795679747089,0.2234226402271755,-0.036349917398246515,-0.2694869769987354,-0.2112656817681937,-1.4688442692386325,-0.4826328133187103,-0.9776729915861886,-0.8581809431647093,0.648860449963538,0.4504730138673145,0.1223812888858497,0.6450007145305685,0.17288503982966089,-0.6945565587774828,-0.5685208784743859,0.5747948692248595,0.5036097863573834,0.3756519483768938,-0.5912158973730751,-0.485438048024695,0.3749228638898013,0.6887809507693547,0.22819031066399134,-0.509522528643055,0.03462846509353717,-0.1510770543658601,0.0032911753452549916,0.6974347757690181,2025-09-02 20:57:10,A,1756846630,10s
-0.6164172253580162,0.3170570278182379,0.23536946939981784,0.7152378100969891,0.37284813518499105,0.5156831173248044,-0.993632598006133,-0.7177942061700939,0.26580366209416156,1.0202736380469193,1.146760010488953,-0.2589313701586419,1.3180577851198068,0.14606555345257166,-0.3648369139806567,0.6658128128489665,0.6540923329270292,-1.2665895995409753,-0.3359768758128679,0.49406691730702595,1.687690158552417,0.4209928037305624,-0.20648329883722183,-0.8807172382473858,0.21091819624240554,0.49307842173422867,0.44132939525059045,-0.33235905570384433,0.14571725923469286,-0.42773392278727856,0.10654076293031062,0.17958296761594178,2025-09-02 20:57:20,A,1756846640,10s
-0.6822514433978994,0.36623284418372776,0.11728123569053668,1.1380770740110548,0.19297652779555338,-0.11399658915193368,0.4254622065062985,-0.5473192781668049,-0.2807570148592342,0.6923976381778197,0.48958506494108484,-0.4150285298629147,0.37296026158865614,0.5517019145031393,-0.4005021893053454,0.2511962510692961,1.8178324195827844,0.010624755150121056,0.5665434469691976,-0.6144482053002374,-0.022992916003460845,1.0216825634036262,0.1479991650836307,-0.650709328206301,-0.16352513742488853,1.5007276070351192,0.38148937633363966,-0.10821134845295745,0.4849041244836644,-0.011998152401537095,-0.21150565197783291,0.116809967625082,2025-09-02 20:57:30,A,1756846650,10s
-1.0181961348403492,0.40487826155854384,0.23647665559321146,3.2526700210624337,0.7853345999068547,-2.2839962365595383,0.5714643584496485,0.1332337778423406,-0.04002222993563549,0.8318447653037676,0.6942793792924966,-1.2151705797093837,-1.646264894199208,1.273066910543797,-0.8552476371028337,0.05950652792102267,-0.0808106895413438,-1.0031953292420834,-0.5566733442739684,-0.1353853223040805,-0.5940175049258065,1.4101237696985163,0.32393407910657884,-0.339980759371592,-0.05592834158441859,0.66739760926747,0.36498843805695075,-1.1747748247842016,0.06459729907701445,-0.6663057209632276,-0.21339035599024697,-0.17805857595949073,2025-09-02 20:57:40,A,1756846660,10s
-1.663197811160216,1.4153341703574451,1.4486064555329494,3.8963642109946175,12.538822702044623,-1.7050307590560025,2.7152464365029036,3.475187752620418,-0.800470628661131,0.3207815349485447,0.015217944810868843,-0.3422403686383808,1.8192123232595383,-0.8526322257788138,-0.0921257554493422,0.49983995302233536,0.5205052333402027,-1.0711622586878096,-0.2617392324815487,-0.31188028666622947,-0.33865064975937686,0.7924662319001425,0.47024921534371583,-0.7337242183630652,0.8803965734772541,-1.0220873400567836,-0.9769711238712548,5.178788711892544,-7.229544855016449,9.54712736619698,-4.322290644104972,6.517722284900917,2025-09-02 20:57:50,A,1756846670,10s
3.2709058630127528,7.477265725650067,0.5770074032031575,1.8558369577732727,-6.982137701066221,-5.969734159669451,-2.7798023232348656,1.8219070877468828,-0.20132157060412423,2.4928434166339497,2.8791601960991,1.1095261409237789,1.864030393171187,2.2809737140633652,3.2110959677321937,-0.3921189756314258,0.6465840387709016,0.4688302750886988,-2.3915655431772125,0.41128886134049314,-1.2737290368292147,0.2342230678836509,2.315586665950025,0.6134117415699254,1.1623920075292873,0.9987977562407397,-1.7550357659896645,-0.9733214801027847,-3.212354673138306,-2.1732260125725364,-0.6814683451055258,2.2531066438004657,2025-09-02 20:58:00,A,1756846680,10s
2.090378158492431,-1.7094287658131533,-1.057286939668486,4.688657041269867,2.921779427541745,11.618592238951548,0.32484992825280806,0.021358502858956564,-0.3684440517477814,0.3815752824986112,1.1109244900509172,-0.1017319185769406,1.2456461610485867,0.9930915471473817,0.9565711827440116,-2.375424656931835,1.022341540704639,-1.3100720696394128,-1.2774151911292666,-1.0279241030571804,1.1057234164428693,-2.3288127848076177,0.0007386249050101272,1.6761796598038081,1.2950369738234946,0.502328627397465,-0.4658704917067125,-0.5090441456245566,-0.08357956406363244,0.3662813134218297,1.0303769340712634,1.1783215547084946,2025-09-02 20:58:10,A,1756846690,10s
1.9079212325177926,-1.1860274104889954,-0.42613565494201405,0.4913621916632568,6.773931871670688,-8.379312354751221,-0.8605525953870249,-3.5975825897074007,-1.078570384591419,0.6080489997948849,-1.2117408064576485,-0.11759946670780058,1.994783139219272,0.1547064098538466,-0.6375329202063911,-3.073811630915135,-0.1348020256623268,0.43512172036296176,-0.6510382411409922,-0.5320093640303416,-0.07252071008125775,1.6912649547382819,-0.7467221573165931,0.08564270004055774,0.1921563866954972,-0.9064457136531985,-2.1655132331875007,0.008649377493777257,3.3891808522281366,-0.29059135244189555,0.0136812576444351,1.8599339946235973,2025-09-02 20:58:20,A,1756846700,10s
1.1786903854065705,-0.8326161614940462,-0.29210298296717163,-0.6104636628566189,2.0508648025074416,-1.942079056585049,-0.1055654154313172,0.5682334248009974,0.2790037770230199,0.9885448453867284,0.46681755595717184,-0.8222676189103515,-0.12998826083294102,0.9283788352298327,-0.019206497781722776,1.3239118479308463,0.9910567432776315,1.2417611759194398,-1.5618812164780753,-0.9230141011779603,0.3973961762114425,0.37632774750346626,-1.218035959796519,0.7169850858190704,-1.6097036900055361,0.5009480586370267,-1.086388421653484,0.9024710403197513,0.4810439380863155,1.0274036170562137,0.42185505518336597,-0.4615408880239488,2025-09-02 20:58:30,A,1756846710,10s
1.0641727001747932,-0.6046311854397757,-0.13790213430521472,-0.8848451206350516,1.814259893762586,-1.19725025754492,0.17497209811964287,0.7893955259809463,0.24713769224565024,0.7227802579255922,0.27778183707612303,-1.0182916665577322,-0.1520440399335173,1.0578978620294737,0.4710077532009807,1.6640656544610952,2.3711350094196773,1.0140713794739453,-0.508812785919667,-2.3306093076767813,0.14992144848222208,-0.5467109462221988,-2.1468787446173114,0.5532397133538158,-1.531702064363405,0.11321645599405597,-0.918749634925532,-0.9051057762951861,-0.32083840133693187,0.8657202368845205,-0.8399797010257766,0.19972898641497625,2025-09-02 20:58:40,A,1756846720,10s
0.6713351191367118,-0.5040060303093369,-0.16859977265966597,-0.7935927877428393,0.8960958887443298,-0.6022126858039233,0.4694889231124416,1.3368438929561506,-0.4735887232218668,0.6530436331181909,0.06957141110219318,-0.7114722129799492,-0.6959571235184892,0.9970887163603529,-0.5240100044094814,-0.46676645463408717,0.20226115758074423,0.875761582397127,-1.0591204851457536,0.41779971776574387,-0.014766604869615353,0.6251873090346503,-0.25160697689945494,-0.290293423368821,-0.34867709948539,-0.015811066006967273,0.6717507164000202,-0.5911755737488802,0.1259475680249549,0.8774418689175998,-0.009651829111985796,0.6982846299946991,2025-09-02 20:58:50,A,1756846730,10s
0.8079208088160138,0.08371178777355014,-0.1149336271763962,-1.0016848419563122,1.0069603943532863,-0.1296943186174882,3.0544254295804367,0.9905298218159645,-0.42777314973830094,0.6262734275005271,0.09767368344686862,-0.715117275243382,-0.8553691618501359,0.8058824186160279,-0.9033620313493744,-0.8596178476469709,-0.3129696165485792,0.14559636660666705,-0.8368910061753135,1.0575299213304266,0.08926859838029211,0.6381757509667916,-2.175052923024185,-0.5922894416296168,1.7479637510229038,0.5694266562650052,1.3939198992688782,0.029799070996308005,0.3907263677900056,-0.6398818738560158,-1.147871587207519,1.4433196404633386,2025-09-02 20:59:00,A,1756846740,10s
0.5938286819399394,-0.29657232806115585,-0.01859145111633278,-1.0067315487468733,0.9636717648512735,0.09464404038222991,1.452144030210863,1.222689416729467,-0.8049995653200979,0.1341393939407414,-0.3810013587535851,-0.9915369451705794,-0.17293378122449443,0.7375645038592653,-0.0743567613492171,-0.9139924765147129,-0.45757211347977217,-0.22637305728105542,-0.6716405932931605,0.7572267544448459,0.7478941233357334,1.0483315388408283,-0.7752507747375169,0.290745163644485,0.5309491785194804,0.9735865004900663,0.4676492452919259,0.22199794642799084,1.144271133737448,-0.07661532283109702,-0.9299094341468311,0.8891780221034141,2025-09-02 20:59:10,A,1756846750,10s
0.5572279275605418,-0.20248082663616493,-0.026620313985413098,-0.6884747072384372,0.9423537651471873,-0.11696681598316636,0.9881239189499785,0.9796618418325064,-0.5854750942500234,0.49412899549845213,-0.029887133242618855,-0.7639636398947206,-0.78887486082494,0.988070956026511,-0.218170098123443,-0.9384739663680692,-0.5956408633580952,-0.9275067025465059,-0.5492402717132188,2.541963018104184,0.9236209478438718,0.947721735270479,-2.1166234095080725,-0.3469666916617337,-0.45488893208515685,-0.6776161183866165,1.5968952700061867,-0.08773055468315379,-0.8500328384668021,-1.5371547232137717,-1.2654499805935122,1.1341460728760016,2025-09-02 20:59:20,A,1756846760,10s
0.42524136425374076,-0.42261819388673894,-0.0886819028894346,-0.8715636664757289,0.16830786132057718,-0.49575251287157274,0.5226115371368735,1.364811251595652,-0.6890939115735512,0.5202388188434228,-0.026012118854582565,-0.756912270562128,-0.39394681524100605,0.7681008377968446,-0.4644409711317769,-1.0266750106598503,-0.1591303243888556,0.40999954330415483,-0.816325175026158,0.35788223365132243,-0.30586702602203314,1.2074310976217737,-0.9430483620995482,0.8049356844337391,0.7861221578529085,1.2895974183650423,0.8986122569038313,0.7730698866331339,0.7603937264188472,0.3872782941591722,-1.2260526831953449,0.33249497202129064,2025-09-02 20:59:30,A,1756846770,10s
0.39084125104853973,-0.4723937315817593,0.20855515892161117,-0.7469202421939417,-0.2051141999986388,-0.0630315126865634,0.879633754085461,0.5016203410230339,0.40294172022827024,0.13566801060351208,0.5228092799354659,-1.7699496539372566,1.674730305176929,0.13302977986062844,0.5946535688158936,-0.9921738110892625,-0.08818537485795871,0.11487298323252106,-0.8060829948146518,-0.139172908206224,-0.13674839881935014,1.5492684360841278,-0.29007327065577165,0.48482543885713786,0.9183797614483987,1.7685760342086454,0.617915370917687,1.4453284324594349,1.3049530483722616,0.19149476679136845,-1.0699556646946178,-0.2761760018011081,2025-09-02 20:59:40,A,1756846780,10s
0.24623643086623523,-0.2740664730033871,0.040940704400262554,-0.8459335178334052,0.6578432556008554,0.09739131578252971,0.4233756955950053,1.055123698784447,-1.0042101766038802,0.0027420576081602648,-0.5835488700682718,-1.019065683444122,0.1044318978788956,0.6213354489949163,0.1640128446905675,-0.9322824992387483,-0.15118652439300054,0.1525912196581196,-0.7180309186160858,0.412841393401659,0.9739804662838196,0.41176498322694377,0.060157026389277585,0.2338283675456017,0.09028012547689357,0.08459908147111389,0.8800488413576902,0.3167089609449022,0.4095220945350738,0.05182483303833611,-0.2666870297061078,0.11023700752949057,2025-09-02 20:59:50,A,1756846790,10s
0.17290422163541805,0.04389715633635448,-0.1297006732921603,-0.8840465717718309,0.8136878634202723,0.34757329227183675,1.7428190424716818,0.5626449183026065,-0.8389156494328638,0.5300001835880046,-0.20819973478155274,-0.5013363830552451,-0.260510681288388,0.4921379548398341,-0.4568531340856818,-0.5730652834526235,0.31747568871194515,0.680823501545156,-0.721037212868061,0.26468086166771393,1.2469083649172756,0.45102958084241285,0.8541314368175216,0.3628693151804337,0.08420632059604179,-0.24707490444072813,0.6021953975041759,0.13554963554255467,0.0042499217221952015,0.5598158204033251,0.062277924824480406,-0.4545349479226156,2025-09-02 21:00:00,A,1756846800,10s
0.10493839860512925,-0.01921740597754899,-0.016841280842093676,-0.723783846068299,0.5495362650441714,0.5452461540686822,0.6856269064799175,0.23482904107496347,-0.1893944979155491,1.0042719615981104,0.5996733468856243,-0.3601282560823603,0.22696723192034216,0.4481881967893262,-0.6220690961749009,-0.8731262023836006,1.774364036272463,0.7306789237941388,0.19836023019565957,-1.680519096848592,-0.6874971585363836,1.0845693071594236,0.5417335273092415,0.2992405793107735,-0.3048294065622662,-0.3250994351132306,0.8407198425760483,-0.6633233563996375,-0.05670564045386524,0.06299787241899966,-1.5373650832256867,-0.23190816176974394,2025-09-02 21:00:10,A,1756846810,10s
-0.07427817715739092,-0.14283041312916442,0.19442812439413532,-0.27796999809187023,0.3392670005038672,0.3502804782679226,0.7703700064355521,-0.06575435785830136,-0.675838927713304,-0.283964935311298,-0.49447117287898623,-1.3985916086238592,1.1048603041648957,0.22435351720329139,0.7053157842471376,-0.6898091731221222,1.2814988729570658,-0.5701076239611503,0.28848605840077274,-0.760354399829962,-0.6196618322959552,1.7039600822196546,0.1669468513009264,0.6281586304655372,-1.2695908827472222,-0.5168965460855593,0.6168309564791439,-0.32884086585611316,-0.8575906864666546,-0.27708170753563055,-0.5564456670295748,-0.6064923492560246,2025-09-02 21:00:20,A,1756846820,10s
-0.065243483127958,0.1974085543812887,-0.10231692222025882,-0.5117150550926249,0.5451495214329655,0.2652421082533279,0.28900310663479395,0.3417292297348104,-0.3969979770578894,1.3376669120773146,0.6870859130352787,0.026696993069242548,-0.45207965692853763,0.3409021457360413,-1.423891127855519,-0.5856192107337251,1.3108576629931654,0.1880438789077925,-0.3367259019751,-1.6984970562085313,-0.7039738566738382,1.2395353425708804,0.44626470573332727,1.3832706195037494,-0.21992373692215544,-0.38498382868549214,0.10939659391134614,-0.779052976409025,-0.18738277662194433,0.27296059970024483,-0.84454680004536,0.07466044728212518,2025-09-02 21:00:30,A,1756846830,10s
-0.08663299925257864,0.08194359023759612,0.07719186242687634,-0.18203746372671512,0.2836679826456518,0.5018070982454906,0.4334295605034168,0.0009298788713721848,-0.35071904848152574,0.671880453234427,0.32123825716464344,-0.7000230697365251,0.3971858502497194,0.432958683572212,-0.08983229044289906,-0.912503591998592,1.5387876743836781,0.3733401970637783,0.4129995662195188,-1.584575710004124,0.2567640273206983,0.7612805684582192,0.3457042672933985,0.44972935195398034,-0.591120055689107,-0.14294562356591292,1.0047192371775626,-1.0299369926489337,0.7662508130123085,0.576005956388652,-0.6268275638239634,0.964522363474951,2025-09-02 21:00:40,A,1756846840,10s
-0.17234987087919668,0.16214397557436389,-0.012059197264356742,-0.23883494542012415,0.4264460656661562,0.28483883139877203,0.4014986175164553,0.24209737409969992,-1.1141730978526545,0.285057044739384,-0.3968390135109463,-0.6718468188442857,-0.03001464907108539,0.32183784985470965,-0.39359218218687286,-0.45153589828127655,0.295850130969669,0.16417165788620594,-0.9523790294987065,-0.31971162833779215,-0.4442865337261937,1.2499448898245475,-0.33910650202721104,1.0280993445899642,-0.8468456953627367,-0.5132951752310863,0.08735755048465005,0.1945106862258784,-0.729562180712355,-0.418769122407066,0.1258701165332122,0.15360051457351406,2025-09-02 21:00:50,A,1756846850,10s
-0.18102458873248192,0.08438546136515318,0.1349958322217118,-0.5076979803214859,0.6619235463599227,0.6933187605621188,0.1379288423376311,0.1553424996051927,-1.4456013158487526,0.056420544908772186,-0.7174218540111776,-0.7130668182896713,0.4524747368162194,0.4755561819635859,0.1988872826381233,-0.545775703156298,0.03907955043072124,1.155548252896662,-0.8247886161159083,-1.100670548501935,0.06790513254636099,0.5412787315697094,-0.2288187256395357,0.8181555545870037,-0.4878179289688602,0.003650687059670415,0.7143915235747919,0.15424930374325516,-0.23260435106256416,0.008240671778927903,-0.5702431343451999,0.05259818620597822,2025-09-02 21:01:00,A,1756846860,10s
-0.13612574941202707,0.1416842884960639,0.02989522246083548,0.008754163533195454,-0.07050986618497876,0.432701092338933,0.2432259162159918,-0.19616860599033076,-0.4053057015915746,0.5724850848835428,0.24939506598310338,-0.6914245713473863,0.40239505126777153,0.2896092228350748,-0.005031858286034983,-0.715503368975275,1.627172464745537,-0.13137475161139048,0.2885291158838199,-0.031060433205871943,-0.21015765687767685,1.2552445958539638,-0.9346147798727106,-0.15960021186023468,-1.3075100658176197,-0.7068731237068565,0.7739634481156278,-0.20220409530289604,-0.6266700880967656,-0.9123676719423153,-0.5119362776296247,0.9215780203601264,2025-09-02 21:01:10,A,1756846870,10s
-0.19006240640004984,0.11282332970409703,0.06871447523124267,-0.20917624997130763,0.17363988039650022,0.40601610953975137,0.5532548874210527,0.03928269081483538,-1.3282630498772168,0.14814201605165359,-0.6362784787717605,-0.7673420301264463,0.21981563403169263,0.4745583590625627,0.12026584109643726,-0.3302001570372258,0.2559486416130629,1.7325226447073796,-0.7586777743502383,-0.8901189412670489,0.46925944203351144,0.2588068972606775,0.5251380102057039,0.5888293458657893,-0.3790766306043399,0.20112808908686547,1.0662379958159602,-0.551283506999814,0.27350431236195516,0.9629825718478705,-0.22551396354208827,0.7051396943139644,2025-09-02 21:01:20,A,1756846880,10s
-0.25699185253115003,0.1323874212614279,0.05170373596896961,0.2390182764365454,-0.2718006260149754,-0.038033332178885236,0.4775940012491931,0.06024436892859578,-1.3218227475390858,-0.12168282285489933,-0.7992425357772888,-1.0278947619401104,0.15339372508965177,0.14576634921617043,0.11122284631276513,-0.07803307130391643,0.16835104989934957,-0.4113185321338977,-0.5745226308609921,0.38937287020713074,0.6624760886637042,0.910433255787506,-0.0007386249050101303,1.4683775803597359,-0.1905691983679421,0.30235051105806654,0.15810132018678244,-0.9088436691509765,-0.02851835145592556,0.08803696669424312,-1.5937237066811967,0.4738607902747676,2025-09-02 21:01:30,A,1756846890,10s
-0.29889674824954277,0.13141209090424766,0.05566064310185933,0.04644229638324974,0.0068195481622123156,0.13471907386653448,0.303051354840164,0.023252936466920657,-1.2869712799461712,0.335137935310105,-0.4761857051270484,-0.5875666958220753,-0.06500794193868101,0.2651737473728781,-0.1561989787950626,-0.12238348150552968,0.10620329715641902,-0.2628612915315705,-0.466909608060829,-0.16947111496720257,0.7032166200842032,0.9879473165861665,-0.1317657343323018,2.0400999983494934,-0.3904093514762393,0.39604076629424534,0.1621263739256851,-0.8087973582321004,-0.4158593224399149,0.03448558896736862,-1.882556105242172,0.11974278206213537,2025-09-02 21:01:40,A,1756846900,10s
-0.3096695490022636,0.35891629990825197,-0.16130444899340876,0.03627087787588404,0.013274801508917303,0.11611774936621155,-1.1367001770737908,0.32464281288426583,-0.7813305106923554,1.6761878103572732,0.7531497644052642,0.5769428008544173,-1.1323711662414007,0.27683247015416423,-1.8082430380672765,-0.021084488923745644,0.7329813448167823,-0.9280837832252428,-0.7622274327250989,0.15919890288902225,-0.447897671582607,1.2589898092453347,-1.632204623409155,1.5036536798224558,0.1451344792203008,-0.35318089699680905,-0.16380147798941597,-0.8840559977067025,-0.8206437970961561,-0.7555266029538855,-2.0004423666217965,0.5846236429939397,2025-09-02 21:01:50,A,1756846910,10s
-0.34747739763697755,0.2912819868505027,0.020785906960807003,0.002616337195480766,0.09222125852283868,0.5408774603109664,0.2542744370222127,-0.12967185757453317,-1.348824634951702,0.30077325929773363,-0.5122441661947646,-0.5164810132939889,0.07774109333048153,0.15229803911762874,-0.3426300587459781,0.11008078040165704,0.5562442056852428,0.6631455455317283,-0.934359535738534,-0.5278412627263472,-0.42807485401738815,1.0237383995845475,-0.08953150609723297,0.7285965967152659,-0.45941084849946767,0.2237384593511979,-0.03231534618131641,-0.25175120418407787,-0.5390319395964281,-0.21986480577837703,-0.7466035504146239,0.06653006321942502,2025-09-02 21:02:00,A,1756846920,10s
-0.329866691319797,0.06276695997959178,0.4009895759136313,0.20974282082305146,0.14807116461832232,0.9743791298826234,-0.7042446056036069,-0.8678605665635704,-0.16876251570643008,0.48125452120710854,0.49132415335616814,-0.9862608768414004,1.6482215141994432,-0.06453381826159438,0.7204295791016566,0.0031135027744615203,0.1287430867205953,-0.7717990992083077,-0.4999853321856526,0.09092543404557878,0.7771637275988426,1.0648533523332842,-0.9331418570188951,0.326138536672405,-0.404338621624465,0.005170031499371629,0.7437931187269203,-0.6172091878880199,-1.0376021669931643,-0.7678018322514474,-1.1490366102599674,0.19573438554334557,2025-09-02 21:02:10,A,1756846930,10s
-0.428858494511581,0.20023111618660602,-0.017789118635836335,0.24732215451956746,-0.07154222632307151,0.08332691126966243,-0.36969798651738434,-0.04370676344414154,-1.326726699571081,0.3294587245277282,-0.5107753700173449,-0.4830597830405129,-0.01016254447858952,0.053133952264083746,-0.25049263724029525,0.1985128710611203,0.6151947027184915,-0.3385697149049531,-0.775679811009023,0.3719609861045043,0.5386387239769301,0.9157990475035928,0.039826746665965015,0.6101433640375482,-0.3882935802391199,0.2005903296735474,0.1432233572937583,-0.5089776124629889,0.004332943142904266,0.3352789131405068,-0.10469211409702196,0.3582308901929189,2025-09-02 21:02:20,A,1756846940,10s
-0.3082830858752013,0.24926709791886653,0.21113854979049063,-0.11916543348952614,0.1649127764459423,1.104935469342145,-0.5034739169338774,-0.7946568214196972,0.0659785728382305,1.3545223420000976,1.1858242014714437,-0.1966073208858449,1.1926027664738976,-0.13956717867066276,-0.3774407729789785,0.15965966501756262,0.7548616907847915,0.2613794455421199,-0.7756318993386074,-1.1437821558487404,0.05348244606745705,0.9379810502920625,-0.6634854094647621,0.007882067849083189,0.3983464455735707,0.38459930683651894,0.9463312019700899,-0.9803198402320187,0.3290924089816951,0.09954608328731612,-1.2250169925033945,0.6617879391026708,2025-09-02 21:02:30,A,1756846950,10s
-0.44607645365150367,0.22260291422289505,-0.059987561571629607,0.3752950713507438,-0.31546359712451955,0.1809856451312426,0.3769706190689248,-0.18734084678296956,-1.323867832399366,0.3010567197522349,-0.525952140535906,-0.537248766651704,-0.01391847013520436,-0.025091373284446467,-0.2667622344269155,0.48191727764896125,0.7886417465637584,0.19403904062826274,-0.814806382117666,0.07650089116263051,0.3270757860017545,1.139333313773415,0.6510557797150964,0.7577419825579411,-0.1400367416979549,0.9923518307084179,-0.23876069768407748,-0.8064921158968008,0.7050961469820607,1.3097486869896349,-0.07596695927579623,0.5969974041707697,2025-09-02 21:02:40,A,1756846960,10s
-0.42688985685531,0.29036221286147595,0.07261926410392408,-0.015426634182532638,0.34324063151048523,0.46095797653325643,-0.7640555960209078,-0.1656196698439653,-1.4593256213831132,0.6362436374657151,-0.4031958090528386,-0.05130993997371299,-0.05921015557700102,0.16102216381384205,-0.23132402847686076,0.28929516478456063,0.4716979014117656,-0.12312711419218958,-0.47631830760143967,0.041502318093239024,1.5406601794290842,0.07884859165499714,-0.2442318961456197,0.7768674043425268,0.4978320291198694,0.6823963619548636,1.077117134338449,-1.3024605287994147,-0.09737736011241699,0.5826113669157694,-1.162270527533038,0.6777245496763804,2025-09-02 21:02:50,A,1756846970,10s
-0.4283377270269349,0.14276481397863688,0.09715855239302572,0.5324747316101281,-0.6152222833581478,0.3982771871041789,0.0001401324312572649,-0.7646923342459162,-0.2873912077446525,0.6694637665855017,0.46839879364346043,-0.7324346821534139,0.9332354297209993,-0.14752548392702064,0.14270220519260446,0.1596120146432575,1.450942466468718,0.20803185856589018,-0.36237066857127165,-0.12163523159125006,-0.4071149902702293,1.5075170599479608,-0.47236615174734176,-0.39754863041975913,-0.513010936137852,0.9488521484754414,0.4458621772516771,-0.2838025393214482,0.3722632414109447,0.22366091938324587,0.07961464709460542,1.078996671877252,2025-09-02 21:03:00,A,1756846980,10s
-0.5220363791824253,0.25234243060190364,0.2769353321691088,-0.026763524758093415,0.9208291576250821,0.8173294885810749,-0.6457095479397739,-0.3523192520206899,-1.7170450777496904,0.1563134785539977,-0.7981864405883081,-0.39936941816792454,0.33276254258205556,0.23708718904039958,0.40218144047556603,0.3276899183940542,0.06847605630860622,-0.39612800794737996,-0.6003364358646578,-0.20399764334794115,0.7219524109558136,0.7687866388668365,-0.9307765951092383,0.43009089992645133,0.32720551550791993,0.959785870992682,0.6569389013879005,-0.511862931959066,-0.29301989325955036,0.008030664632258669,-0.35877384521298783,0.3237584944854606,2025-09-02 21:03:10,A,1756846990,10s
-0.5302206157601128,0.38932581339919814,0.03625825534870701,0.10390541164795042,0.5844964174662507,0.6850594317144898,0.2883731351559944,-0.31874652066228104,-1.4212108407171127,0.6443342003967536,-0.33287973681394084,-0.06746663447365298,-0.03252696418199431,0.022961913151915276,-0.5297266351426319,0.5411044737630121,0.8160196421188003,0.47223311078585617,-1.023429864512939,-0.8133687712902111,-0.3211003815545155,1.090971695696478,0.0019182233594562722,-0.332898533795887,0.5450447111708897,1.0886233742186877,-0.24137991345169119,-0.5122911700137716,1.0860010493517906,0.6645344002313631,-0.06404592725123927,0.41001970022847595,2025-09-02 21:03:20,A,1756847000,10s
-0.5368138577942922,0.33210161688030315,0.07061691655820784,0.14512933822266555,0.43295142112712875,0.5953048350469154,-0.3878556714641606,-0.29186055736822186,-1.4551663782680047,0.6677430998567845,-0.3806675949553059,-0.034484784742788724,-0.09929591809118542,0.09949255757660484,-0.16284575467392662,0.5632505713964462,0.6095179511919331,0.11030474345216257,-0.5350613429783297,0.02244348050526843,1.454817153853024,0.4218029949573344,0.19630482696604495,0.43244468999588437,0.414987436088851,1.324378750316939,0.6865007988887567,-1.014472582068069,0.39736048725368084,0.7249213273061786,-0.7148490707248883,0.5287085273606599,2025-09-02 21:03:30,A,1756847010,10s
-0.6043106954221168,0.322646709266991,-0.026933495435703374,0.5425150039739962,0.3125696626506091,0.1959001726190479,-0.4813190397777015,-0.16252226118026733,-1.135660125098687,1.1284714376349323,0.1431644873782234,0.18130166717987908,-0.6148929959405015,0.12195446943118256,-0.9423272811387832,0.5765467360958493,0.9833036304067022,0.15028837374410628,-1.009183081142001,-0.3030601787071547,-0.4616780177132734,1.0794769388305574,-0.2055112568638916,-0.33445664167754136,0.49265460103692116,0.9828964966201257,0.13355074915112755,-0.6693578491535692,0.606699000335844,0.1945458021907257,-0.6334397413260637,0.059919108572071604,2025-09-02 21:03:40,A,1756847020,10s
-0.6361569630671514,0.3101997852077529,0.127612063483855,0.680912440447804,0.15069899813519302,0.003899217227658303,-0.15875354145694479,-0.287384040353094,-1.380694728039897,0.4926392682781746,-0.37909521255155315,-0.4172195158875305,-0.08941789836117246,0.1627339994556991,-0.09374047352978687,0.38149287692120243,0.6042211576063026,0.8274771444688834,-0.8766204969107818,-0.5484210489900209,-0.27545016564032715,0.8432672477433428,-0.5243348630384178,0.13695174116763265,0.6764320030553566,1.7523916867608296,0.9594573524500882,-0.872829189394954,0.7494663319175104,1.1491568337211873,0.22356037651925045,1.2976035833891972,2025-09-02 21:03:50,A,1756847030,10s
-0.7563049593354889,0.36284636581790786,0.15321385025302853,1.5220188321835728,0.7968101112605954,-0.4158711310360418,-0.5885928378072223,-0.050343375429717827,-0.7762502333782428,1.4003754086448503,0.5975175130012091,-0.08004619728980975,-1.2447558426248713,0.6410953759949648,-0.640422403563767,0.13772087656102225,0.3655695726599329,0.08223360493954954,-0.7260647260163077,-0.21712318034520522,-0.11648954754905487,1.1870732160006219,-0.9711532084938181,-0.3036988910052087,0.154865082365324,0.8544375429024783,0.6506340450206036,-1.5045437888428426,0.6094799239068531,0.21089385268450533,-0.5300979294811053,1.6533742719130688,2025-09-02 21:04:00,A,1756847040,10s
-1.03466785004478,0.29613928301136905,0.5799017346888139,4.118907421314839,0.5716669001716778,-2.636577546069943,0.967930000408403,-0.4639847269582269,1.2693194888993347,0.9796957697027736,1.6283539688780786,-2.3657895701100538,-0.38964521276316966,0.3255189654508434,0.49848946449036546,-0.2993146153233498,-0.0568571028397693,-1.7273841394708107,-0.5339290164175197,0.064171892851232,-0.16476451885614465,2.1062082916957925,0.2888196546306021,-0.37261553208805887,-0.12795579363187368,0.9621530139562636,0.8772731591777971,-2.0489820384498607,0.05078559314050213,-0.31337496207765797,-1.2582915269128978,1.0907499739108086,2025-09-02 21:04:10,A,1756847050,10s
2.120053523834548,5.498784168511728,1.5173159813157537,-1.5011458661699966,3.6166882235778046,2.961601652501913,-0.1558566748122537,-0.46131058457323204,-1.236644440119798,-1.4158408712129698,-1.852103348814267,-2.1189464477375357,0.6596540422046264,-1.823345704406683,-2.761150356755991,-1.2145200508225285,0.27508939832997864,-3.4935926477243693,0.8362859220919038,-3.277670340528451,0.7568021614579106,-1.6181085799570543,-2.4573669165792245,0.023435978480122247,5.2897208636517465,-3.0815074623394745,-1.3230559443310945,-5.887941498021137,2.6774636694597667,-0.5628867123217303,3.4073274871792605,3.946567465724419,2025-09-02 21:04:20,B,1756847060,10s
3.493743159469073,-1.4275394133876222,0.32231051166872493,6.153602716184297,-6.47958865232109,3.3220480628003344,-0.4297796066097176,2.0962567752844605,-1.2204458509295477,0.482427696688029,0.028774364412426885,-1.1222230496502605,0.4965599448821643,-1.2090425146169437,-2.157225520626391,3.209392022829701,-1.7637167610255444,0.8645872700148473,1.6723677053954578,1.1674545425772327,0.5498697586258832,5.877255213918722,1.1086838446204643,-0.323247883081716,-5.91654137816594,0.12041817244821894,-1.5962343012339173,2.3876800408160563,1.918516221055706,3.248388285983677,4.043791034830956,-0.5804685309224721,2025-09-02 21:04:30,B,1756847070,10s
3.4437266921829193,-2.7697113386383703,0.2687824600595661,3.73479185049565,-0.471805833156578,-3.634801021151605,-0.1821302225327177,-0.709976116101224,-1.3886218651892783,0.823920427471182,-1.0651522563143911,-0.21750797435210303,0.811938035784602,-1.0418627358549544,-2.631019382710328,1.074985835175469,-0.8267348317319445,0.05994543902843987,0.34211377632296575,0.19139137197292116,-0.7865962371899561,-2.093053382375631,1.8286202767849866,-0.5601040488439025,1.0286533964462485,1.5992709208579017,6.749728938767059,1.1709816327059714,-4.822186943481913,-0.858676280548873,-1.137611668229475,-2.382281674820527,2025-09-02 21:04:40,B,1756847080,10s
2.82417502124695,-2.3383665647702063,0.5703508211098614,1.4484910514389249,0.7770112315329982,-5.088334376624588,-0.7904661990793703,0.05666897251285877,-0.7357274057805602,1.1463330096801583,-0.6187134655164557,-0.3631657930415788,0.38557285649273226,-0.7584037302942974,-2.2717694927765537,1.7213458976041276,-0.5170264571994249,-1.0404229853466662,0.023729329392033757,-0.43997007064548926,-0.10342632369386617,-1.7653341493144676,0.22275298893837633,-1.164727877665094,-0.5267934356858939,1.2926155292267565,0.12696097267817652,0.24052856911691822,-1.1767127962815713,-2.497682941147077,-2.089104711514698,-0.19163588332826845,2025-09-02 21:04:50,B,1756847090,10s
2.2056465540058476,-2.1424682177295735,0.690961351558937,0.09544017866815237,0.9386299869744558,-2.8391598830385796,0.4136362542362643,1.1731879393861542,-0.8193838997064169,0.2940165465415357,-1.1137584240210976,-1.1524912505230915,-0.6546458741389878,0.22314719974102673,-0.35380158671695894,3.0187302223432666,1.0947053051177889,-1.140797693079749,0.6708626958784691,-0.7662679651681232,-0.5656216814675181,-1.043034053039263,-0.04032086502958369,-0.6463016391431214,-1.9182416226852166,1.7471403655067093,-1.7099542066967062,-0.7428357637975833,-0.8274334882530816,0.15829218950072196,0.23200192576180398,-0.43187667990896134,2025-09-02 21:05:00,B,1756847100,10s
1.7771032102428796,-1.850617127849502,0.7600211598025409,-0.5160537903304966,0.5705498021489561,-1.6884672432270202,0.7605448728377537,1.3544264077199049,-0.6715969002151566,0.4177842152328058,-0.7140426586792086,-0.9950672119210698,-0.6691072677325675,0.2609094334350413,-0.44982659004179426,1.8680313861576787,0.9114798903869075,-1.3478486902929816,0.8269126628474377,-0.25086561027179466,-0.7737921777178381,-0.7681371997782989,0.08530091696206947,-0.5199944937612507,-0.7518308927980508,1.1742218744807005,-0.32927135550868286,-1.108895349104664,-0.7583235804450456,0.2653205672036824,0.8459261461675043,0.6437886900096099,2025-09-02 21:05:10,B,1756847110,10s
1.4403444665976437,-1.6662230104341802,0.9568218825665441,-0.9727469016885958,0.8143998195753828,-0.374127301924164,0.27960738697385235,1.1239645631562758,-0.0002072586001094752,0.6492484685084574,0.17241275685128873,-1.078968386393323,0.35603755964870665,-0.017248938343422844,-0.2273453867765813,0.8706763291813326,-0.6679214389111868,-2.2564096432360596,-0.01890547547068335,0.9169521574201037,0.27009467974407,-0.5300357062688517,0.44204022598404713,-0.8633629676629391,0.3127809312837089,0.12236431589930964,0.245600447668484,-1.989742881963671,-0.13175209691801176,-0.48653249658511477,1.5336145033334259,2.230132470564971,2025-09-02 21:05:20,B,1756847120,10s
1.296587353752905,-1.5101800451410425,0.9300205591373785,-1.0692733725617356,0.7787659315148009,-0.22322751936730537,0.5077580304950021,1.4350899774321215,-0.6911964958003335,0.48892916287390337,-0.382304006643042,-0.7667265139874281,-0.5227062338701961,0.3482185635815262,-0.533832929570351,0.05676601642537932,0.37319533428678425,-1.8215379735389299,1.0279182118440884,0.2597168861732434,-1.082071210695421,-0.22347601705978637,0.3788530004651045,-1.1895495769914006,0.5165971970605651,0.017023515015039337,-0.2243962283512821,-1.5446227554910905,0.4924269915776104,-0.926789891081727,0.23324389416191105,1.6422698125722281,2025-09-02 21:05:30,B,1756847130,10s
1.198255900573389,-1.6079989918457798,0.9075502189706641,-0.9250794764651534,0.08162763504593228,-0.025174652092968083,0.7009361593318348,1.1659920089957574,0.19017833044549892,0.9553104792350195,0.6322559952236585,-0.9426298918707592,0.1453133718172564,0.10884368805030376,-0.4891224943614629,0.12006591772353614,-0.7124946521815528,-1.1915048634573142,-0.05633813852838476,0.5942569569287441,-0.784993952597345,0.33967137850215606,0.8045727358281226,-0.49696438937330184,0.6940643619825625,0.8374423637287928,0.08411704519014261,-0.5030523558096848,1.1200913628445526,0.4402044940437016,1.0546912098614918,1.127728059131049,2025-09-02 21:05:40,B,1756847140,10s
1.1241251083027985,-1.393704807456817,0.8927240867015471,-1.0571978267136704,0.12630516750211138,0.08661220920649572,0.2983919474495064,1.1261935645183492,0.2320761381432637,1.3011043751434064,0.8587636322968538,-0.4932041206925188,-0.01629959140113198,-0.012419357026304418,-1.0484920681341128,-0.0558371160230689,-0.3978101257851141,-1.2570519714183395,-0.06452881230849385,0.3944463157293494,-0.5067337250080538,-0.7000800753666393,0.6360060823175159,-0.6427882526093154,1.6779367187023821,-0.034171341147962594,0.20858592599519685,-0.5623597518922432,1.3718866471675486,0.08608017575148212,0.5640882479180918,1.0853000618024908,2025-09-02 21:05:50,B,1756847150,10s
1.039816707041604,-1.3926662946124095,1.0121567941728788,-0.9572029142994628,0.1901877396871324,0.458937285429557,0.3931057356394069,0.8506251893226978,-0.017427296706933222,0.6419780443509164,0.356627474474213,-1.0076576665552144,0.44368674257603086,0.0552157957535224,-0.08269709882122431,-0.1681924211550979,-0.8579684297096295,-1.4619729504771526,0.024428500258839813,1.235140393265468,-0.33936494476273477,-0.08022861526380481,-0.03055040925421741,-0.6245401187450781,0.9502821592204368,0.01202787279043496,-0.2970884893946365,0.02167338200275858,0.9667226329322954,-0.5286553098345366,1.1423749261089793,1.4253589282569672,2025-09-02 21:06:00,B,1756847160,10s
0.9771199258352864,-1.4309686223696911,0.999940280325814,-0.8055327664679277,-0.2357178518937879,0.3319199710755935,0.6119013260860903,0.6752116220901816,-0.08446175031375251,0.5744410623799167,0.23506172924699828,-1.0644959910795377,0.5615596110359898,0.05462850599915499,0.018072877239681706,-0.08731396888710674,-0.6171363057310838,-0.2644192394596998,0.0043367853468312175,0.7609642611110302,-0.2898336560167308,-0.7221188190112815,0.996133972345419,-0.6521800510675101,0.8103585320338216,-0.21828157681443522,0.18323879147271088,-0.1558591558700649,1.0131795345964976,0.19092983170283834,0.3402499372642994,0.5899840283467593,2025-09-02 21:06:10,B,1756847170,10s
0.8633003152127675,-1.247632170162123,0.9513444240896367,-0.9545434128336424,0.04522646148773454,0.7231774320021417,0.8729790843840399,0.3426959946644909,-0.09915121530143885,0.7572248832813439,0.35615322104109626,-0.7696547181607093,0.5276736137892172,0.00944390016707528,-0.08501509936442318,0.06296246801532888,-0.45392144729013406,-0.2196052611380357,0.00785155040880777,0.6271585058344932,-0.18338547715309403,-0.5423756569675527,0.9926092581340532,-0.1737299953615221,0.40816370427938653,-0.814595395871963,0.2695595159071156,-0.6817771347499565,0.49488515121905163,0.660587050710377,1.2510998320489657,0.9361654298302133,2025-09-02 21:06:20,B,1756847180,10s
0.7520601988162163,-1.2721664460213211,0.922381701285509,-0.7036430407933302,-0.13936908142055376,0.5353410109072309,0.43348747645745644,0.3112760686950426,0.047119700091385226,0.8973140072272585,0.5594335373061918,-0.7473663782468848,0.278239252285509,0.11228955920060954,-0.13902018733773833,-0.03350528357532562,-0.3904808686849124,-0.3151837160484691,-0.06797865026287982,0.8818377759731217,-0.5662537006183788,-0.25194748770996256,0.6951330585770727,0.02486393928298977,0.3301067593534299,-0.8484340168966501,-0.020456372546153057,-0.022094819528824475,0.4747351550993154,0.9732775805199435,1.7563740676034525,0.4434519075843453,2025-09-02 21:06:30,B,1756847190,10s
0.5851810005279985,-1.0085874082625088,0.7499923201296239,-0.7584659605826038,0.42344294981058345,0.45039974338345734,-0.0006997972711549823,0.4960246043423191,-0.5061128358398216,1.1466960837737388,0.18593608358122796,0.011647064908652556,-0.9533055281280838,0.35275714188146085,-0.6086259849555065,-0.3080028928379862,1.0574847294867622,-1.1365228688116857,1.272843778498776,0.8082804907069367,0.6736860678889623,-1.069218150141184,1.3816808345576737,0.34620561841207653,-0.2705486658994593,-1.7524780051217437,-0.26440684931106817,-0.7080472999433656,-0.11968249192190157,0.750556318054601,1.627592611481007,0.11827664054567867,2025-09-02 21:06:40,B,1756847200,10s
0.5990419450297508,-1.1386689189506392,0.8862131421652433,-0.16155878438786755,-0.9681458502868703,0.006453388794550902,0.42459105775541295,0.28710657354771135,-0.751499681365729,0.2791730354803301,-0.4378720275029591,-0.8542599166600611,-0.48268969562783964,0.36665078154763225,0.0700002201828816,-0.5549977518314329,0.7389743246270273,0.03410599337765568,1.096546343238356,1.2478521204006956,-1.0837669609961849,-0.8886511294386867,-0.049373626005355074,0.3378675356752736,-0.8526649330862356,-1.5957531743123172,-0.36766882760513586,0.8196823356245182,-1.0264220811839977,0.2368545493731544,1.4597433416459205,-0.05036737931898024,2025-09-02 21:06:50,B,1756847210,10s
0.591827991081672,-0.9605785645597217,0.8446170029834713,-0.411790181031359,-0.7670435860504601,0.31496778302113704,0.3765712521461834,0.33893030347274916,-0.7620286978644972,0.5334835137677352,-0.2723112332220938,-0.5838429429242594,-0.4421925149606347,0.33657690593569906,-0.07835617198901061,-0.7445180747525381,0.725457950386537,0.38627807485337057,1.1039298856853812,0.5105083749721785,-0.6957063984100856,-1.1781831899300081,-0.34171945813699,0.3510803853217054,-0.6260812309877408,-1.2214361450564648,0.009660758735100122,0.5140297083406271,-1.2494948516274056,-0.972442595105213,-0.42563409270432534,0.177517424058985,2025-09-02 21:07:00,B,1756847220,10s
0.5024496727972818,-1.1173190782187619,0.9309806656707046,-0.0327171876946472,-1.0778303721373115,0.48983099343171377,0.4079715222009967,-0.10198165248978872,0.05834253828401144,0.9127974855775673,0.6361447842567193,-0.8422528613594867,0.17864265407427937,0.24362409709730912,0.08329167533413133,-0.4797014293575611,-0.46582534661656455,0.9497572630222415,0.0033909950374888423,0.6143514075696412,-0.605756482817835,-0.6577420485544004,0.1738505082579762,0.7994589367387325,-1.024561446495878,-1.1825276712426556,-0.5048843952574903,0.8529825299846622,-0.29977826929013396,0.23195826132611047,0.9072864380254987,0.23251680614198508,2025-09-02 21:07:10,B,1756847230,10s
0.33012317382314316,-1.0305297630849222,0.8765705187923875,0.35467260185605376,-0.6962500956327279,-0.03601467950939312,0.7483559084151243,-0.1137440785798661,-0.3997562409326737,0.6914351797296614,0.08795054840596622,-0.9631349289858302,-1.0175305700587867,1.052108336519801,0.5771035300875619,-1.2803004337314614,0.2998640565832377,1.6463120170899368,1.1590082600696725,0.19768708375808794,-0.7788511466476423,-0.49742483640594876,0.08911334738707213,0.917224130965165,-1.9313895069964258,-1.107073928522067,0.36320058410391765,1.5680043218976991,-1.076768020402015,0.2664576647845937,1.591670093715942,-0.07454781787361842,2025-09-02 21:07:20,B,1756847240,10s
0.17297179768495916,-0.915193647870262,0.8655667199937399,0.9161924258807905,-1.2139621816435626,-0.40329823619372684,1.1520376252415283,-0.4377526983949881,0.6725021677257649,1.3180153548885696,1.2374172278785944,-1.2770231034036046,-0.6019272250321842,0.8553165686228568,0.3393732871229201,-1.4108122811819912,-0.6304446148352189,2.7031799562318484,-0.03772437120544783,-1.0985546633517698,-0.12638577498009462,-1.0821259662777,1.0915061111222437,1.5447602541278904,-1.750017072598144,-1.010660019288966,0.8041137575663687,1.3228059162570578,-0.6340603501233809,1.0569954438866505,1.9569136142246901,0.049717772084611984,2025-09-02 21:07:30,B,1756847250,10s
0.3149791228571581,-0.539105931299831,0.7803199497307026,0.44014496320349,-1.7538643368351623,-0.016353587726305685,0.39307747288630374,-0.014437509893938043,-0.40278980639210393,1.092655284484185,0.34580749123545373,-0.5900005959617396,-0.8758309681008628,0.9574961814958636,-0.02219338657027941,-2.286057987580894,0.8262877478636883,4.630027226284371,0.9501466761758331,-2.0177548793833666,0.027272225787328668,-3.8217530120975374,-0.7301612347684591,0.07707886335132354,-1.109672027713179,-1.458673400054283,1.5231137670738555,1.7107865725301608,-0.06989307718705254,0.012142107339914313,0.839537128948459,1.5275179621179835,2025-09-02 21:07:40,B,1756847260,10s
0.9374975620986766,-0.5401609300582445,0.8950891197875345,0.9080787039249382,-4.9095726894529195,0.01863317179617862,-0.001538750005526286,0.24128176553247466,-0.5498235894948817,0.8905542409156632,0.16822542400391846,-0.329831143526138,0.6777616477055602,-0.942624092271485,-1.7441503499327706,-0.4342558794310395,0.448745523003446,3.587208158127041,0.3855595943935126,-0.15198809156959608,0.8231466258109464,-5.985019192533024,-0.7826971629245005,-0.8319078874329292,0.6404573694282141,-1.5688366943276801,-0.802548935993535,0.2465508586764006,1.4923967867023478,-2.287334868997079,-5.068974118870432,2.4806194937045607,2025-09-02 21:07:50,B,1756847270,10s
0.8970415521450532,-1.2226929661615362,0.86916859245928,0.889399445523248,-3.440880371199823,0.6859422192392384,0.057944564846375224,-0.033707143895060895,-0.44791108153482967,0.946856939723439,0.27387332031656114,-0.3048059617899373,0.40694917113434825,-0.3987548932546921,-1.03527054971044,0.431829438850552,0.30955408806563883,3.1966989612882517,0.1711404484766298,1.0186681848531387,-0.36869368561493093,-2.885168516293612,1.4464757083737312,-1.589489180081547,-1.3498185988259985,-1.0885714604600238,-1.6687143664001325,0.6102993593168508,2.106684007613791,-1.02994291754395,-3.2732341183040234,0.7732364743217761,2025-09-02 21:08:00,B,1756847280,10s
0.7348539112118395,-1.3022221862603487,0.8885106489729293,0.21384022313803183,-1.5138755426265806,0.27806059629351965,-0.361214431625388,-0.39362090831182833,-0.26182275715190745,1.2062799959181276,0.48567811907252245,-0.08883293285650273,0.07947503453613838,-0.10398092598049269,-0.6959864714099915,0.7961592573626192,0.10895174742617125,1.2742210344375207,0.11570999375469528,1.4542757852122252,-0.6895865246412803,-1.3892593537401712,1.1653482908199488,-0.6727110002513945,0.2577297970593243,-0.6772468265974028,0.7430098590816903,-0.47316492796775084,-0.08503747677259305,-0.0370268510143045,-2.0469049520178517,-0.17710141828420514,2025-09-02 21:08:10,B,1756847290,10s
0.5403455350826923,-1.1167446153888194,0.8927623530081892,-0.35347864343217605,-0.19962819406293822,0.48023517649309316,-0.16630519061684693,-0.22667891369642607,-1.0631622159006182,0.519420939912195,-0.5452608477550561,-0.16996751414397968,-0.360499910301256,0.2535061233467265,0.05381775563409439,0.4744685173001476,1.0838516409476768,0.4425632474336362,1.0296271422663723,0.9444962729808437,-0.9749980592244968,-0.8066341584144144,0.6965858656911622,-0.7952993378985779,0.3920004650033348,-0.423935123374343,0.19193941280389556,-0.38454254713228425,-0.31670565412715235,0.22611618111913065,-1.0685638575631617,-0.6841209927109551,2025-09-02 21:08:20,B,1756847300,10s
0.47984529768132783,-1.0973881243290815,1.0412527749504532,-0.29442785005291594,-0.41804994729667055,0.7965738031185611,-0.07764639058698024,-0.5752978846418598,-0.3500158189079566,0.6385401838497644,0.09474390950519537,-0.5487653919781895,0.5157070187846207,-0.015516206921426457,0.40171983747701584,0.8907687151318587,-0.06484405598748078,0.5609009860850321,-0.02433741056888569,1.186848308685816,-0.18999279652086418,-1.120734292378509,0.7790801537440739,-0.5966232450868778,0.8370567828343827,-0.5228987878681945,0.014972459511929626,-0.6968966059978776,0.1014416055372623,0.9978929920961276,-0.5794165708212399,-0.6108883831265445,2025-09-02 21:08:30,B,1756847310,10s
0.3238856182711362,-0.9766503788072227,0.9768219891239391,-0.4518306819626482,0.23559054544307959,1.1912832932141155,-0.19872610068184016,-0.630130243465724,-0.17758810280041892,0.9812880784297349,0.45826481623215953,-0.2608522427391943,0.3203177061825954,0.1021667834123242,0.2596979591444686,0.6435343336815976,0.06826059089915054,0.5703640509306486,-0.24857114981153167,0.7766916908592966,-0.41853661567777767,-0.6933898103001862,0.7613448812473006,-0.8256763960310892,0.7204252769292975,-0.7476484257826144,-0.2887005073031741,0.10677604397089267,0.24856876096433575,0.9127822260939428,0.664412686201689,-1.1141350165126316,2025-09-02 21:08:40,B,1756847320,10s
0.2906368289028723,-0.9217547639650644,1.0238710841560303,-0.2434452234686366,-0.16349413660478276,0.9642596104168611,-0.3124963837464939,-0.6451376142231319,-0.22838877446484857,0.8762828661627777,0.39895558005775794,-0.39450675512917555,0.3838293989310746,0.101632330631653,0.3293648883529208,0.4416090130027129,-0.11535620589253004,0.6837101897138896,-0.17078681382698505,0.5679414572995539,-0.5129621378170839,-0.7735113558190457,0.14025643312485267,-0.5810225739875897,1.0413351491615408,-0.5100457728088686,0.1571340077039184,-0.2012397548122155,0.6445370985007391,1.2300055575085447,0.6406415658981066,-0.09790036541870654,2025-09-02 21:08:50,B,1756847330,10s
0.2531537590524415,-0.8828342625722783,1.0193935597788746,-0.13085739633924892,-0.3845003586601381,1.017735889699331,-0.4341731935241059,-0.6652104656005847,-0.23356627872946356,0.9651518670232225,0.47458771522710175,-0.2880058419083556,0.3037470731610012,0.06898741372701388,0.2815216312773181,0.4261881157735981,-0.21573380485068416,0.4068912404201262,0.019792360784062064,0.7612104760421967,-0.09784943031499822,-0.6772056463034756,-0.09141248581761685,-0.03393617791391341,1.015006326431904,-0.08903887721766804,-0.3557843439917205,0.002100312444596157,0.9783122999096863,1.0626835798281808,-0.00694575816515217,0.008130395642038792,2025-09-02 21:09:00,B,1756847340,10s
0.24422835416668007,-0.8353878616398729,0.9671601577382155,-0.07231966663256562,-0.5281597456762376,0.7842356163815953,-0.2768768196604166,-0.47252601729623533,-1.0693161191159752,0.41414023184952536,-0.5064544690075146,-0.2806814674231775,-0.3167151955157671,0.35698847313844023,0.5016450298499877,0.02774961346006785,0.8320960531174291,0.7680400522129629,1.109736806619864,0.6812791369245841,-0.67758136915815,-0.794010451632796,-0.47474304564044284,-0.2652756224017193,0.5145801931165935,0.09806214038340426,-0.304293355130161,0.45185989839099433,0.4821801442321965,0.575345334966827,-0.5240669780125027,-0.11538491687506368,2025-09-02 21:09:10,B,1756847350,10s
0.18376628796880054,-0.8844796797296707,0.962176705448783,-0.11755121964992556,-0.06695183488418377,0.21639373761419525,0.22035765601125668,-0.8595843272898772,-2.4805091281910547,-1.1291327149429657,35.64572628387747,-0.34222159839424826,-0.6455135433968837,-0.11591888584967777,0.3761721773114306,0.2725854550819817,1.4706942190250665,1.3299695916740537,0.8848413903854304,-0.3389833772841242,-0.12055281873577377,-0.8126832511549663,0.5214337020672236,-0.3169544362191212,0.11468130951714914,0.12771465203420046,-0.08579234075289688,0.5332026987887102,1.1026229460713408,0.9275379534538348,-0.12134850475888226,-0.205680905017515,2025-09-02 21:09:20,B,1756847360,10s
0.1414608314925604,-0.7495346533569914,0.8459175421173349,-0.052278998518170534,-0.41656370368822615,0.8626540652410531,-0.4497271776881817,-0.57198637004148,-0.8858704767128517,0.922630575769762,-0.06607859812195224,0.19418194592511245,-0.6621183641792536,0.3805394649566397,0.039975689072760105,0.11647613439419162,1.1969615887280738,1.07423905499531,0.9712785606243591,0.39583233291089776,-0.8457159662805628,-0.7036937571689676,-0.29134939283392886,-0.32111456561751406,0.36432178202571913,-0.03712804154065105,-0.07710103919735434,0.44742505212987854,0.5099683071293342,1.2920004438682717,0.6072997547164415,0.06477542718605218,2025-09-02 21:09:30,B,1756847370,10s
0.07640672961239243,-0.7725666028174586,0.9517615723849387,0.15275286104220354,-0.6366125178671544,0.9595491820117813,-0.3355518496681082,-0.9806507722565478,-0.20154258987325888,0.9985874945069279,0.49759467289209036,-0.14645261335068527,0.20658216160829365,-0.11806211333533317,0.16871910629356326,0.591394070787049,0.10152182391926508,0.28468190067275934,-0.02021555066267842,1.1175838670540328,-0.0024229141003088346,-0.6243819464629985,0.11321738879829438,0.3180086259918671,0.6414325449331627,-0.1422902252765509,-0.8306134844486931,0.7813362600052042,0.3803501014585248,1.4443126446220083,1.3719853011945387,-0.6692662154334876,2025-09-02 21:09:40,B,1756847380,10s
0.046684846384332616,-0.7704729543059513,1.0037900083272044,0.39341587192917427,-1.0794401256988837,0.7157176467626598,-0.344134236443932,-1.031858321549564,-0.2981453977375569,0.6423118127524061,0.22196308110559565,-0.4714654849311597,0.41967386884092095,-0.18729173969056967,0.4238900340558872,0.4887643499965428,0.04772277158525217,0.4520530102900346,-0.08332811065408176,1.252973746034957,-0.32244835520431664,-0.8521581203612908,-0.3657524189725166,0.23607088262133571,0.7721006760240248,-0.07879862305039782,-0.7623079979343986,1.2114614243504984,0.06766768679424402,1.2380043098647289,1.3236970579871465,-0.7699819893177212,2025-09-02 21:09:50,B,1756847390,10s
0.001436648155982191,-0.49443141710836896,1.0222097374030816,-0.13356075190351294,0.15547074941719208,1.5356612946155823,-1.0051578576648954,-0.9999394877941096,-0.31309863698744483,1.1318605782793443,0.5651015981938758,0.22900323321460012,0.3246523048910266,-0.2012935486088184,-0.0032541465032703476,0.4359560318930401,0.08927584708632502,-0.4360587231436809,-0.15285112415446736,0.8203566850186651,-0.010499485796409379,-0.9697602559927806,-1.1318068399283105,-0.32303104216189266,1.4940657110755966,-0.7204556619364498,-1.2713949625530325,0.6892585071242051,0.4508090474894901,-0.0726472906648533,0.29810847253351436,-0.7150088953305842,2025-09-02 21:10:00,B,1756847400,10s
0.016508177342531145,-0.7061132306465162,1.0111019623117967,0.3565664463934112,-0.7190338291260145,1.1615568060283916,-0.6953209719639701,-1.0778927949786532,-0.3020359784156146,0.8900826369697118,0.431321410966036,-0.17151781544385974,0.30063536608075636,-0.053065860030500095,0.47358383821643685,0.5352276073205094,-0.1470723082730759,0.3273214869633362,0.05350571495127791,1.4405652551843975,0.10609320780940852,-0.3936685214661598,-0.7868696751839253,0.04726762194941012,0.34158178477577095,0.07451080002983586,-1.055329464762492,0.726308591279571,0.7139171673666361,0.8487828825103353,0.8972822277972227,0.2427393987063507,2025-09-02 21:10:10,B,1756847410,10s
-0.010971316003001452,-0.6195344444500178,1.0840609283226625,0.07810898761761066,-0.018383518135618688,1.4507455874613562,-0.9068273606339895,-1.179280746985441,-0.35887997853166903,1.0236539227805284,0.47793878983981275,0.08143061293786612,0.303429495242412,0.008145734607220062,0.4160954254336892,0.5690277069888185,-0.18332929044682095,0.15264811489365301,0.018471065496992945,1.0774927189203691,0.007889655464412742,-0.6014614129867671,-1.0281502583852051,-0.13462721457955937,1.1141684045434697,-0.08868322499183547,-0.653716413926202,0.5384601098001601,0.1918684683419956,0.24678873471778814,0.23998715536261456,-0.32478661399926134,2025-09-02 21:10:20,B,1756847420,10s
-0.08126396692165501,-0.67029193146689,0.9248065504001542,0.3461532130471794,-0.3119305866727936,1.2216960180965322,-0.2859928250249714,-1.2238766939935155,-0.12181478963458396,1.3257953483819076,0.7817182686862166,0.12680810366591772,0.03327185845364897,0.0761295228073906,0.24194119776592898,0.6378379126943641,0.10771900304521126,1.2948004544585507,-0.11456863945397511,0.4693492121960818,-0.19665098119595792,-0.23932804123305199,0.26906152355625246,-0.10392396765369677,0.15248550313385692,0.46401822902354384,-0.7184809537716574,0.8184509256799908,0.12647665083759582,0.5964106849810256,-0.4286275532360597,-1.2942510770041942,2025-09-02 21:10:30,B,1756847430,10s
-0.16127356866226836,-0.5593682457217426,0.9521741435489844,0.6732609025686908,-0.18625000971067926,0.6899280998505484,-0.5933239265175424,-1.0223724442341604,-0.7836411327804053,0.8779564648571091,0.00880942704565339,0.00019278882597288855,-0.8872736446953486,0.6981139349905626,0.7012102813895776,-0.10498587699068189,0.8006177331800296,1.3807309145980062,1.0888483891271181,0.45240827214417767,-0.44093042376588387,-0.5756162628203655,-1.096973994396967,-0.22731504730695015,-0.04140381585487988,0.3696516204412771,0.5709513073909233,0.7464874020779094,-0.6253023572727929,0.4858047130609892,0.4966702008684663,0.06267428166488241,2025-09-02 21:10:40,B,1756847440,10s
-0.2719611375805659,-0.5419712513865681,1.0011684567968318,1.2644447716525347,-0.7663294181537279,0.5241236320135007,-0.39071716052315575,-1.397925235477199,0.12474378109824859,1.2078442715681705,0.9337512623091596,-0.35743249227559865,-0.3262012953225799,0.40347102467826035,0.7273887855980923,0.06214567532529379,-0.3451093396288252,1.3442904591344003,0.07146242404694247,0.9621235086299154,0.12673820202167385,-0.33787555339801073,-1.1996794266635022,0.5851434639985916,-0.2866957353228619,0.3782957670164233,0.0884815482239893,1.367730868424284,-0.19289070990120072,1.3633246980579101,2.4799734008705836,0.7040198160847116,2025-09-02 21:10:50,B,1756847450,10s
-0.4474509623475082,-0.4594917395175147,1.067318703637001,2.4207633437835843,-0.9246730686050827,-0.44090225298896846,0.1601425121156761,-1.4361771756859396,0.5643490255013656,1.3213536900973022,1.2429066098457757,-0.91570431498806,-0.9676400124996263,0.7719950829928564,0.7214861696680073,-0.4530369189104469,-0.5264069481650546,2.011602590231869,0.0739795789174776,-0.17672502658840658,0.1756602989878016,-0.9643644373652394,-0.1799645649056362,0.389008462716513,-0.3403236465598509,0.0383177973394875,0.3332187643142176,0.8101415617319367,0.5082078915533034,0.8344289691041681,1.149660792288153,0.018024910508768897,2025-09-02 21:11:00,B,1756847460,10s
-0.7529926105932544,-0.1621378998082227,1.190688884701598,4.254110991561322,-0.938651686685205,-2.1411967385417414,0.9276755513210208,-1.29485472875058,1.1450511638363057,1.1242187108466022,1.4500689456329203,-1.9545579974082985,-1.7397435266192103,0.748226230461764,0.4991280048636037,-1.0183099935092197,-0.9499409896969137,-0.09765760323983752,0.1586593039904243,-0.8729902769058303,0.003288094621290498,-0.6175087952432436,-0.03940144685411402,1.1683999910192384,0.22121629722314054,-0.23174781442673373,-0.43746179794763707,-0.040744728862456746,1.1835337391344942,-0.42841548035901356,-0.14568668377358343,-0.28428353056060246,2025-09-02 21:11:10,B,1756847470,10s
-1.022916341994581,0.44930180648737694,1.4146624581738698,4.498728762917357,1.4990342557294751,-2.1306734069313142,1.2185262953329823,-0.5072716934994065,0.19072527773907003,0.4378432201891006,0.3587665805577729,-1.961970853125935,-1.726796657559216,0.6288984140142715,0.7136172796013579,-2.0295797770871022,-0.09428200088261574,-1.1087103803756218,1.185220856466099,-2.916244364610847,0.12801983908186515,-1.226811270497495,-0.7539354385098128,0.5440695783049008,1.0374411486859332,-0.5564162955283317,-1.375699949081272,0.11444122119776524,2.038675685955023,-2.038564593715004,-0.6550200202456242,-1.6342422611663614,2025-09-02 21:11:20,B,1756847480,10s
3.8279197671162324,4.75253651977672,1.178581210014482,3.5975159063618674,-11.067928002068866,-6.226359486172721,0.4701532113141403,2.965758381201402,-2.4275104226371234,0.14876678929596293,-1.3536790546556525,-0.6831036421433275,0.7293053185627341,-2.6125130935390537,-2.0839386941825353,2.0195369644237573,-0.7677766013300608,1.670834793062944,3.079684043084253,-3.249328516322601,2.769968110066173,3.557747909574802,-5.0607951955270805,0.8508654174971736,4.582821617353779,-1.5507046113265377,3.119761286864669,1.3922269844876856,-0.035225588792415684,1.9706683067208022,2.791754031519801,0.5540516279122846,2025-09-02 21:11:40,B,1756847500,10s
3.2099226322825807,-2.6496806250155442,-0.10217110289529054,6.5201538265469114,-2.647446466080628,8.623493190179195,0.3918741495418536,1.5228579648081855,-1.494293332946107,0.4473060447800821,-0.16603029154153412,0.3137661005895544,0.15240559521841274,-1.2334876488860782,-1.6418139751744005,-0.451887341314035,0.20113999838217742,-0.967094664617299,0.0770578014666999,-2.367342321380562,-0.28715985246007913,-2.955579297095609,0.7740469121385907,0.3588247519169145,-2.110756442002767,1.3302234520854994,0.030595749987228246,3.8637737823347265,0.6056015805357954,-1.6165234831528505,0.9769131546809667,-0.939502803093056,2025-09-02 21:11:50,B,1756847510,10s
3.2341100299820646,-2.5963299724005693,0.4480281174319507,2.311395407837925,2.0706137604618555,-9.119947096214437,-1.5979852543900277,-1.813295818521638,-1.6908349420043667,0.6928063536877618,-1.986253491435338,0.18736027773795666,1.3005228665268451,-1.9022770834753935,-2.4176917536980054,-1.2112097008361107,-1.3432301937781708,-0.15950577393307655,0.02541195499578773,-0.9694303934335973,0.13182450865976014,-1.033678839470649,0.7606249685125889,-1.1129184146420867,-0.45867779075822335,1.5229113634782794,0.007704793705853831,2.0819367115223075,1.0768226027373995,-3.590822070821043,-2.5808555276322345,0.29200450394347655,2025-09-02 21:12:00,B,1756847520,10s
2.384382852903676,-2.1899900137580564,0.7994639733969886,0.7751828228419418,0.12198648901688311,-2.960949750751921,0.12397438629506409,0.669371080923596,-0.26299638639911965,0.39199925825079357,-0.7658836523452691,-1.0196477809382882,-0.014535428420124234,-0.864237137542482,-0.3566777660595741,2.588948605711014,-0.23520314714084498,-0.8927317444054336,-0.4942054626217342,-0.40337016885064164,-0.05166901185238227,-0.6987790989309948,-0.22800889508148828,-0.9310533479111591,-2.4109333940581763,1.3123169296376764,-0.7141125085156794,0.2842172180228223,-1.5497129571089012,-2.702327389969743,-1.5751522813633962,-0.736696902759333,2025-09-02 21:12:10,B,1756847530,10s
2.0227404890010674,-2.0323329071887257,0.8390139748132981,-0.13420414922640864,0.5719571603077943,-2.0788208333175997,0.04614227135608242,0.9490751087260355,0.17718971846318704,0.5471891125842553,-0.340596256742653,-1.0057133039367376,-0.3578972862130913,-0.527324246994617,0.16223559511291608,3.350610573932789,0.4582997779740588,-1.0996067545362387,-0.8527450419914231,-0.7173735217110689,0.08944718691716479,-1.4823574425824624,-0.6877806354908057,-0.5217249142504669,-1.551808868089678,0.45123722042329606,-1.1190515448410234,-1.370796303050893,-1.030157571121459,-0.09214171266277897,0.49719685975505284,0.06971775767222382,2025-09-02 21:12:20,B,1756847540,10s
1.5949026914041324,-1.8225570773472024,0.991632218059044,-0.7338641731523052,0.20986250578227233,-0.7830377800253284,0.5242117436739185,1.0440612219048213,0.0644415189093902,0.39072645452379495,-0.14568777830475577,-0.952490738854667,0.015062573428056053,-0.5605445654798953,0.08299873044800977,0.9328588576145908,-0.4910422642412027,-1.4286733026152674,-0.3436522911540891,0.598810022263995,-0.4294988353660553,-0.003453019000941549,0.4164062080589217,-0.8196161987738315,0.2839125172397975,0.7724935944631229,0.2530109210702278,-1.4429482094385353,-0.10334216267258273,-0.028169391410649704,0.7083642792745615,1.347792584667801,2025-09-02 21:12:30,B,1756847550,10s
1.406103858837472,-1.6870576462511306,0.9722396465115243,-0.9217866783956685,0.3006412057839255,-0.4389958273322163,1.0077671321970023,1.3235840272767543,-0.6840018135050687,0.02612620137982901,-0.8635562255991623,-0.7974118863447094,-0.6665904852292059,-0.16392856555942045,0.21566986289499346,-0.01615863764987872,0.4188458885323242,-1.017105680261767,0.8617574724850781,-0.03029994797323326,-0.782041111342399,-0.009613868448499499,0.8589233579530172,-0.9167786105713603,0.439512875715353,1.0378178772364208,0.3210901120651763,-1.3785339721026466,0.5407933182160135,0.032311280197441915,0.17560254870741077,1.4031896450724382,2025-09-02 21:12:40,B,1756847560,10s
1.2406210754195597,-1.7082540825245793,0.98415070436119,-0.825052399755858,-0.1551988311752341,-0.22486956320467172,0.798617961489244,1.0146864630662213,0.16073193975682123,0.3953562504805294,0.059742211902344466,-0.9476876025557115,0.07684209726624064,-0.49422574114481693,0.2114600564617693,-0.031672358678192326,-0.5767314027755761,-1.034230174827536,-0.3054374089868791,0.6116994239630897,-0.509642599839596,0.30637089241654825,1.0434285362216047,-0.5164954464126974,0.6429281511634627,0.7852558849919486,0.22592539730433853,-0.6477975728018677,0.8023396653089283,0.6886129864780691,1.1524610371378488,0.8431201428858331,2025-09-02 21:12:50,B,1756847570,10s
1.189806422510235,-1.4615011801707507,0.9204842237237454,-0.9070632523415156,-0.010716785110192853,-0.3213766023298975,0.5559398423919268,1.3280936775165806,-0.4652902409311503,0.3707958365712893,-0.44137347091851115,-0.5258116662002037,-0.9331270590143214,-0.04929721255131365,-0.012562286815927186,-0.8179764585187829,0.46539202510091665,-0.7038457868614082,0.8466590716905232,0.26974103545091255,-0.5953630987299705,-0.42079665839701386,0.17818323132454936,-1.0969996490714404,0.7908083192431451,0.4429264526318373,0.7537584848938843,-0.5965756546426828,0.6063727047086022,-0.46358791214822126,0.2136298657190854,1.60084493765821,2025-09-02 21:13:00,B,1756847580,10s
1.03869786870145,-1.369813801140718,0.9354996928905448,-1.0325021234307026,0.3428144637243534,0.253708679917361,1.1671533843908712,1.0254460165584858,-0.6195521618669787,0.0007672431828453806,-0.7377076727237536,-0.7059738390985825,-0.5469174388026901,-0.16152388048862384,0.4083712925088111,-0.8030292549713998,0.4907193207799011,-0.7511928167268244,0.7379538483306768,0.11635732089163026,-0.7076217497957045,0.11341399900959101,0.663161398778207,-0.8528143200373224,0.391170342347485,0.26086301295339004,-0.28788594589923644,-0.16594341653035233,0.8201203184452786,-0.40138215329714744,0.5979155787090993,0.7401199623201773,2025-09-02 21:13:10,B,1756847590,10s
0.9337167184311078,-1.375000024536615,0.9322851788217585,-0.7539159647093677,-0.19863309139606702,0.04076422103541083,0.6019251384299086,0.8372934014480525,-0.6569595765044022,0.022536919521129975,-0.706970277189427,-0.6491504150222732,-0.606406060035192,-0.12410910902022262,0.4664109956199662,-0.7317562507943631,0.4767843706609492,-0.6992826911130725,0.8763264419205405,0.5576873692532397,-0.7563333519621763,0.16267801844885021,0.1590047800882882,-0.16721655750998604,-0.1031644831099985,-0.10429149343594495,0.4172323547733746,-0.5393916772574733,0.04378871554292128,0.24727484182062437,1.0933217449140782,1.409836049893462,2025-09-02 21:13:20,B,1756847600,10s
0.831746137557988,-1.2686245357739754,0.904210610119732,-0.7706480452868996,-0.23441515320355147,0.2084471118117281,0.6239485273269219,0.6164922311460436,-0.6579064499412303,0.06449990062030726,-0.6697694321890766,-0.5566822293120803,-0.6100732042411355,-0.12061006473882468,0.5463821584103731,-0.7559002739027133,0.4988328639850419,-0.5373785655851558,0.9184138261795466,0.7196460331015591,-0.6327744272898098,0.3128727692545755,-0.010204065583333217,0.32255203118947956,-0.4953746369639624,-0.1805321680271394,0.2710945534401552,0.027181143921570408,-0.6363262040473787,-0.10737329717517474,0.859606743605802,0.8829108413155059,2025-09-02 21:13:30,B,1756847610,10s
0.8986206258831996,-0.7346680373547476,0.918178988683691,-0.8263682252978273,0.35474621565018893,0.9788398450316256,2.783829009433603,-0.05194289325529241,-0.5245453702627034,0.3127252187289724,-0.4563823623168267,-0.25148613923517565,-1.0270910952624062,-0.08526155521297109,0.13167208996775245,-0.6378719054850568,0.3945544002209028,-0.7163980166570341,0.9819152519399102,1.1338625991354667,-0.4781359153589123,0.003453019000941549,-1.2064212151315208,-0.32726385674114783,0.18363242129567836,-1.1584724512607347,0.23912682182713998,-0.5900296261733343,-0.8805856570634509,-1.2573595584631856,0.5381466984522567,1.7945309198287323,2025-09-02 21:13:40,B,1756847620,10s
0.6501561248586923,-1.1895226626094675,0.985609438865335,-0.6861945379983767,0.07787031623304275,0.9671714496589774,-0.014643234962975508,0.07156394850387572,0.10848594184059714,0.6804702697393036,0.343976103382854,-0.277287550383626,0.019543626051830163,-0.3538623022486679,0.30969612692045817,-0.35116796720530313,-0.29375399910716105,-0.5694702684875853,-0.33551245101333044,0.8445479360534703,-0.34629663288816237,0.012145986216330788,0.20705108628940286,0.07058022018424233,-0.3401590432398751,-1.8702211704383045,-0.28985584557668714,-0.4684442884032174,-0.2497731256512146,0.2494573084991727,1.6653128153942987,0.4456335089033241,2025-09-02 21:13:50,B,1756847630,10s
0.6359186209443753,-1.2522747622759265,0.8862160863499944,-0.042415281733034806,-1.4567018575565405,-0.13536839994183342,0.3377832592202515,0.015496578400519444,0.2632795942895645,0.5808809284403494,0.3025655914591979,-0.5625742402822691,-0.1955271840270957,-0.531432300009418,0.035607672384839736,-0.2741444272772701,0.041614596514044665,0.12502781935075505,-0.3223585105578938,1.3934195414764885,-0.6741115066166095,-0.3643147173619819,0.6357938616040463,0.4866003307603132,-0.5024763440377801,-1.475055633157673,-0.1333052661769899,0.41185457379980867,-0.8721401270580176,1.0220441716738882,1.6913475727211194,-0.3619100214634935,2025-09-02 21:14:00,B,1756847640,10s
0.588090736233094,-1.104571592553537,1.0308058360164658,-0.3313758781007323,-0.8374986851251612,0.5024360088466175,0.13425443851480642,-0.04246025308831606,0.1139639914599513,0.4868290187642619,0.19314908686797777,-0.5340863571921923,0.02517136349989043,-0.38656214357106183,0.41790952590862057,-0.6622202202538907,-0.36409859639890085,0.08588777837491303,-0.23522220216192335,0.9101848726459392,-0.2644380356940775,-0.8826103715594584,-0.27470783642825064,0.6376741007128369,-0.3334012223813436,-1.5739929491764741,-0.29032912142099715,0.7886225011828526,-1.845172968231412,-1.3625545101284227,-0.4546755182172035,-0.8186723079277279,2025-09-02 21:14:10,B,1756847650,10s
0.5664680610849981,-0.9960215811164777,0.9912861575825094,-0.2818950933808439,-0.9285872535784411,0.712251815638192,1.084871649531518,-0.25855818294647703,0.11440053438394011,0.5586309715873977,0.2448393528493497,-0.5006077951810812,0.06486331740021566,-0.3406311717773182,0.4116420899739973,-0.6885701192660467,-0.32131355289371943,1.2945864524097837,-0.22834048284152114,0.004433609179318731,-0.1314449755308063,-0.8847274128287634,0.412017986004036,0.5990264048040925,-0.5327230139513088,-1.1756000941427718,-0.6187070298891514,0.4847921654815233,-0.5646241220923583,-0.542951759194158,-0.5523496123893138,-0.2582246007116585,2025-09-02 21:14:20,B,1756847660,10s
0.4133878481810788,-1.0707247186497515,0.8959686464906843,0.21645849314469542,-0.9676852669346773,0.4052196898800893,0.018664438381722437,-0.2390946248739527,0.57004771515251,1.1703916699497627,0.9506072210758537,-0.2627579923080054,-0.7391130484120899,0.1452678331061422,0.30473513847485495,-0.9862556826304447,-0.34137881022462624,1.3414877011854613,-0.25033585963296084,0.8283421243199786,-0.09557654103354574,-0.5338087757386227,-0.058934073829437786,0.42863640007355214,-1.4802749851807862,-1.663910982456476,0.1247642945794594,1.3082537937815064,-1.2056148809286535,-0.42675067140020756,0.9303761792061362,-0.26759903825130166,2025-09-02 21:14:30,B,1756847670,10s
0.23232889779647797,-1.0203588461483697,0.8710006036165597,1.0084816227649314,-1.337154593112715,-0.4540759476211918,0.5949058061672091,-0.4678833237143895,0.994529934767008,1.3680524603099815,1.3310898736980254,-0.6760676435973879,-1.3074898391821173,0.6337478234427444,0.526654374308479,-1.5410383794402558,-0.5459901665787298,2.6517812031685923,-0.21784275283536747,-0.1505911852167175,0.029214184870122437,-0.6396345757304526,0.47287316796138407,0.9531186775822764,-1.858088755791373,-1.3949122498636741,1.2896974899839624,1.1935256364498157,-0.7163146175051858,1.0762639607490654,2.381184668849225,0.6145545651224774,2025-09-02 21:14:40,B,1756847680,10s
0.1607358525711055,-0.6292177879153515,0.7601718283831389,0.8082226008592917,-1.3064904564330977,-0.3081773763182734,0.08271551812092387,-0.28093097253047605,1.108014213042123,1.9666434115778992,1.7147921183086108,-0.04003021981900209,-1.4878850008398092,0.4039652830915137,-0.16139953712110924,-1.976642572664718,-0.16997174308723872,2.6612175837505583,0.03398381926881382,-1.2384514394975095,2.272025734413109,-2.6414088510147193,0.9010236473225343,1.4865715860793878,-1.009012182085074,-1.5849585445286256,1.3712190658460628,0.9518565356351121,0.12230201809167976,1.1688283783184164,1.6598038593000959,0.7091524918281766,2025-09-02 21:14:50,B,1756847690,10s
0.865167534341927,-0.47668934723520817,0.8976649732896914,0.8922150609024411,-5.250000614867034,-0.4776854262486358,-0.4706587106403158,0.3117195429720655,-0.3027263558820661,0.49407015249808584,-0.06088651293837709,-0.16480997803517572,0.4636866949852389,-1.432905903719946,-1.3756020460081728,-0.950483725258391,0.6394296651566104,3.4965764583086196,-0.03659882872455844,-0.5014596608052521,0.5737356599337637,-5.78236151687846,-1.635615934707137,-0.552274187812,1.3776762184058537,-1.3907762636104386,0.23049324371259952,0.15806818246201604,1.0543965024145918,-1.2204622766582802,-3.872458561635096,2.6277259855853297,2025-09-02 21:15:00,B,1756847700,10s
0.8817053834061453,-1.189400270757298,0.9048346450463653,0.9715094190159927,-3.899033056838607,0.7634802713214388,-0.000140132431257285,0.052418740067091095,-0.3151660879630887,0.5207844774752558,-0.03677117738353458,-0.043900773335687905,0.24501775765412012,-0.9820191476258097,-0.7211263934844461,-0.022801581700020897,0.3408140643326113,2.914479677113039,0.0007680234645120359,0.9264151365376183,0.033030007163967104,-2.735909131561396,1.0483931358279506,-1.1682608507157204,-1.8462663514030884,-1.0080282807207561,-2.7559431736722533,1.0387514371739497,1.9380654500013328,-2.03605644584274,-4.204288255691454,0.5523354924694153,2025-09-02 21:15:10,B,1756847710,10s
0.7270517656245785,-1.2522017723692462,0.8608590947521663,0.1833647963582234,-1.485335580335308,0.12236390626235923,-0.19177505468964814,-0.13426032294540105,-0.8370527733073919,0.5101771061612753,-0.583993586035004,0.3755827032282557,-0.9469911837571353,-0.24482405614675873,-0.3496353079113731,0.02401111170473451,1.1826211368948687,1.219186468246687,1.0175891812022546,1.0557507611456232,-0.9611665766813878,-1.0538581574759305,0.9303557716668425,-0.5998685495883787,-0.5139692021509443,-0.5232907293854714,0.07996104800021274,0.18551244170299533,-0.9886218129876723,-1.7077801733963471,-3.845173402124698,-1.27203395796785,2025-09-02 21:15:20,B,1756847720,10s
0.5335727027119885,-1.1823451049199216,0.8911131744467667,-0.02893389575699025,-0.9661177585028464,0.2950147052808055,-0.17446874097931186,-0.4280620975848797,-0.31862366168083217,0.6981598544562106,-0.056548992583210375,0.2575916855422891,-0.6528689672196888,-0.27251134547160455,-0.012927299621264344,0.3658833642387914,0.6348147020056092,0.5740444242015796,0.3794118875051596,1.176427674149131,-0.7889708876218153,-0.2535713574922575,0.6325858363902509,0.15962864282936287,0.023314431746157542,-0.2720043606293306,0.06164019281564903,0.026611529308727594,-1.0711565644933194,-0.15123433715566206,-2.072377202431061,-1.4124513555508764,2025-09-02 21:15:30,B,1756847730,10s
0.4594549674799173,-1.0594032677793936,1.0550637378935181,-0.2532461197667677,-0.7166265088423496,0.6061085583559876,-0.30262045970640605,-0.5413414532765394,-0.12603512193291094,0.4293228399668916,-0.010589542959492914,-0.11028922590729313,0.19809398497658645,-0.4733929762427102,0.47271760971190796,0.5224316582871493,0.016672174782296774,0.46098411441076165,-0.28217095198779063,0.6739870918536357,-0.4002803890119516,-0.7331716035497486,0.15577810788282492,-0.15954567104300765,1.2852319696885168,-0.3121688460576016,0.2202626311611528,-0.9611006440859785,0.025750301617440602,0.9285356458278545,-1.1774984194598788,-0.280239930082892,2025-09-02 21:15:40,B,1756847740,10s
0.2960791183171425,-0.8660872749816759,0.9896890399455537,-0.64092668068514,0.6539637599955457,1.1761062223869108,-0.3704755339998065,-0.28624802457704906,-0.8471303617834782,0.2414451864538927,-0.6456771451989908,0.33649940388042243,-0.5439168042018914,-0.12517694068840038,0.4770245493520754,0.0310073320909042,1.1500542321583265,-0.28646808554986264,0.6246380299602449,-0.02220221331220756,-0.7516989273330867,-0.17150592599394984,0.2445612640463687,-0.8887378716129631,0.9218662436395179,-0.6861992632834227,-1.0550919615516055,-0.5621799169638139,1.0180711870916983,0.5527457086547023,-0.25622757415076014,-0.7720971909634227,2025-09-02 21:15:50,B,1756847750,10s
0.31146057365537333,-0.9510162883285933,1.06932402798204,-0.33148178831782105,-0.22659720792913998,1.055327867436718,-0.26542201029312285,-0.6700867452825123,-0.13581363215327272,0.41567253368226664,0.022113512421650227,-0.011708509256199059,0.24642353389352628,-0.46098751444385555,0.6049816784959596,0.46686210038746734,-0.06656870339672871,-0.015934361219372122,-0.2952333260364695,0.7655128920161324,-0.2521885809724915,-0.05866917798595629,0.23441145921492934,-0.31700899661739773,1.143723109125314,-0.3122052429192621,-0.5047176007631322,-0.543428494551554,0.7533319245261992,0.8396702344992653,-0.518095367215896,-0.5125877790793282,2025-09-02 21:16:00,B,1756847760,10s
0.2840577233660723,-0.8950360868730141,0.9876004512990667,-0.26580201186336133,-0.15237958327551704,0.8781125785019195,-0.3158520925921861,-0.42784148279539075,-0.7842640493961435,0.2761711762784308,-0.5670085589846313,0.26916856470790335,-0.7579600229015124,0.02630376051255584,0.6042097870839945,-0.008454115217464572,0.8914956188786878,0.22783895618249025,0.9119730817847822,0.5876217789241158,-0.5513430004337567,-0.009257406500316723,-0.2202916981548937,-0.229104200016662,0.6288556793430139,0.13253534350463836,-0.2714205688983925,-0.16062057329788432,0.32574766187467574,0.5608515092080687,-0.7338421656912284,-0.3018750650995639,2025-09-02 21:16:10,B,1756847770,10s
0.2701717819058248,-0.9734598265031247,1.0334574284907303,-0.06158715705434285,-0.7343753838143474,0.8412644564720488,-0.3148483613692847,-0.7122243237038183,-0.047981735363620895,0.49247596779836555,0.12984376982502494,-0.013490137915381383,0.13599493528664283,-0.3440014434845638,0.6018660090257275,0.3049314935303737,0.01580032275493302,0.9181739172550614,-0.34329174136343393,0.6398508235819463,-0.35145470746822627,-0.45411186027935857,0.21893567410197742,-0.5256282342346793,1.0466629141184356,-0.023963641525979733,0.045094621775389726,-0.13781431725377213,0.686553500073407,1.1268216571325198,-0.4748878118436635,-0.5039129825849179,2025-09-02 21:16:20,B,1756847780,10s
0.21807635869426525,-0.8346145084463884,1.031954994701758,-0.1297660519660836,-0.5599891911301939,1.0461078694924113,-0.3079627539352023,-0.870654600715555,-0.0956603200837424,0.5594249353327547,0.12650642065732112,0.17192814339622606,0.12232685961358461,-0.4429949575637335,0.5751750501731815,0.4302726219793997,-0.018981264769604097,0.3938981505069435,-0.09914156857517277,0.8188902557150501,0.5474575910505107,-0.5583371455737806,0.2847151723131384,0.15987693260513422,0.8864521629601779,-0.07575899633938186,-0.16525530712648545,-0.4627461534873307,0.26921419648436723,0.9128635610228174,-0.5888751264048062,-0.32801164511080294,2025-09-02 21:16:30,B,1756847790,10s
0.14937083129493925,-0.8222771111767349,1.0259524928898294,-0.07735714049235941,-0.20487404005253945,0.9622081733663214,-0.4077606519040165,-0.6553981691829529,-0.895218998999623,0.08008816979706528,-0.7328700675560781,0.21385154188087935,-0.5745299992609385,-0.014320193969936423,0.7938895927749017,0.007851735468814612,0.870558469658429,0.2817068644184965,0.8792350126916,0.328291076730428,-0.6845121966847336,0.050218598544239844,-0.3763429839978941,-0.03886849002992753,0.34625470635083655,0.09763450521714466,-0.5814856205653024,-0.11578700310061035,0.18018479404015145,0.3828909951882665,-0.7904956510969608,-0.5994927130409231,2025-09-02 21:16:40,B,1756847800,10s
0.10249481296875484,-0.7822860821637029,1.0497646539988994,-0.00955635459107177,-0.22881234515678242,1.154542500766153,-0.589694647739238,-1.0123183578256736,-0.04188706171374981,0.6408645819389028,0.26493524198334445,0.2564084486707895,0.02637332518239076,-0.29196445860989806,0.6293667925484043,0.41392164595941183,-0.08607681453361794,0.3285026334524321,-0.2588768082840787,0.7304258780596259,-0.061736638813104545,0.01805725846539634,-0.32958458068749286,-0.1392773671728603,0.7297605563434715,-0.06845491354680892,-0.23827513626864744,-0.11078287246417275,0.07243445119505287,0.7061578184967781,0.07918081620162928,-0.36390331248002467,2025-09-02 21:16:50,B,1756847810,10s
0.11573908561609124,-0.7080956053954993,1.0544862883115123,0.08284146420819213,-0.32661047672996957,1.1915389392797984,-0.714644688601067,-1.0291239064875888,0.048766239066033785,0.8437021013095005,0.44832236864519126,0.4546593671446659,-0.22598193595924757,-0.22589658379761968,0.4562050291444542,0.3214295471833623,-0.12681435172873348,0.1743327583638255,-0.10437920938297195,1.1627554014927473,0.4448123469229069,-0.4331741402693865,-0.8018591910558055,-0.08476463119290903,0.7800068363953051,-0.3734328952845764,-0.222004200593636,-0.0700471737073802,-0.005188907312577234,0.527887544947854,0.22633356095061696,0.12388316517752036,2025-09-02 21:17:00,B,1756847820,10s
0.019156330910271604,-0.7454483754915701,0.9830877584413222,0.2524992957179001,-0.7312874243225095,0.9327733991488678,-0.3928520443058054,-1.0677073968931492,-0.019932345470375475,0.4713400506114918,0.16163200130600044,0.19199170551676312,0.05803316510223032,-0.5886181972053235,0.4477933370293122,0.5344658035497475,0.18571357625514187,-0.22468443356446746,-0.33873807947949264,1.2491547224175337,-0.30073894213398006,0.19407482901505077,-0.36369992872386997,0.23628334385521058,0.6494184204571326,0.01895916942040625,-1.1775762183416711,0.9888243981904556,-0.16363071317937894,0.7446592891397812,0.8560682951335358,-1.1933171383909351,2025-09-02 21:17:10,B,1756847830,10s
-0.024170903897364926,-0.6763075698459999,1.0672356223907955,-0.03647923221441628,-0.23986078267250815,1.254626441789422,-0.5603094273460308,-1.1312871869706715,-0.2065697457146116,0.30698097422198173,-0.05989745121295004,0.2051719225069329,0.44702088611094615,-0.5351851332449079,0.7622672888060396,0.331436603768322,0.1863715660147941,0.49872665183592896,-0.44900556161018335,0.44907625346085117,-0.05213781611693152,-0.6177097779276599,-0.23818718106050027,-0.3715463160222623,1.1285820853901645,-0.12864236115247776,-0.743035590168771,1.075152595417494,-0.03022758030149461,0.5501226516694838,0.5167495915141795,-1.5988767823804049,2025-09-02 21:17:20,B,1756847840,10s
0.00020862776429878883,-0.6651793418181046,1.139328384907675,0.14363225454412562,-0.3289796626712591,1.389760572153569,-0.820516713024473,-1.172783899377158,-0.21488990968969604,0.3730989606267307,0.019158164004164455,0.26937087087575357,0.28178295001251324,-0.39707128518723955,0.8117321508234525,0.31746096800677653,-0.15991674284883214,0.18016501488448897,-0.20725524110639237,0.9857882369131575,0.12117152902621539,-0.3971159534398793,-1.0141333776629022,-0.10980411720754334,0.765203752037237,-0.09153509244150494,-1.346467116704168,0.8200604124856617,-0.2436181334938769,-0.5974157399761014,-0.8488349709653332,-1.0437118542174428,2025-09-02 21:17:30,B,1756847850,10s
-0.0794816422695563,-0.6988378073386401,1.0624047212960208,0.30526412795722846,-0.24004654472448791,1.1404067025763642,-0.5100734647520413,-1.123438798236124,-0.4897745682447113,0.20303468367496838,-0.31012715191099616,0.22286822771093906,-0.20469299723797574,-0.1262533920983949,1.0295416184527,0.20426759086882784,0.2927458411966149,0.3035514756645109,0.364360862561496,0.8071717763516206,-0.18531157568317735,0.36752843513900413,-0.7059443422580043,0.23453660252997785,0.04094655899554625,0.5275475553052162,-1.0679220689747269,0.9625056819603606,-0.4068151024139596,-0.025299965892743786,-0.43750437123345254,-1.1412019772197468,2025-09-02 21:17:40,B,1756847860,10s
-0.12674978221872585,-0.5651264723569434,0.9818021570295559,0.43285595702765883,-0.06636809699770296,0.8529685040531401,-0.7394705255047445,-0.9657950175434732,-0.5813075341336167,0.6213185331327572,-0.14159273452243323,0.6658482097940879,-1.1261000397737582,0.31166267895862115,0.6578981949482019,-0.19068605052870408,0.8437627699714054,0.7716447322075042,0.9750910717268441,0.23491639959780708,-0.16152310813128876,0.012079121735308267,-1.1771778093881005,0.13678959862318013,0.2275714852830093,0.5331868195018787,0.03593943783718055,0.41814107806435313,-0.11576157553203636,0.5597082234922589,0.4147333788349886,0.3445210856525135,2025-09-02 21:17:50,B,1756847870,10s
-0.22349933036739592,-0.544333491756391,1.0158189464407061,0.8979466988661184,-0.1221209842422703,0.6658544689899638,-0.3273953925565019,-1.110711432793208,-0.5297116067404452,0.2815059257211241,-0.3431776580244891,0.19497776686468016,-1.0390663923346148,0.46510529675019224,1.2278762721150451,-0.4069550372432541,0.7754988265963435,1.473666026017368,0.9240469863365169,0.4001708811048498,0.29688920336971975,-0.4065493662745771,-0.7266119337166657,-0.6018389166380378,-0.39404908813242345,0.2475417117219409,0.17755430777113743,0.9666995109487097,-0.15876652919676287,0.7628589914221886,1.391111257520869,0.20901432186540603,2025-09-02 21:18:00,B,1756847880,10s
-0.2986062877257539,-0.5407863749092404,1.1257502329575475,1.7454567350735688,-0.8084310978633322,0.1963099337987702,-0.3503874129139082,-1.50361444998572,0.5034140744369713,0.7240168976673776,0.7260543938354977,-0.28167755179255355,-0.7473948974635867,0.4940237234093688,1.2831377622601237,-0.4171216971498613,-0.584119622421476,2.0384045001700497,-0.10235261693388727,0.6895414980243649,0.5323201182820374,-0.6045128595290867,-1.2389802313045224,-0.31386451844013347,-0.3857525445379284,-0.06831285785632141,1.0153734475360494,0.65759141221774,-0.4120428862356307,0.5114339329676113,1.744137837312802,0.9309633194995257,2025-09-02 21:18:10,B,1756847890,10s
-0.5812673830464321,-0.36871477365742594,1.1140164848063119,3.14654436886702,-0.7060098831290138,-1.142294799353786,0.49111715116404797,-1.3297397387849044,0.6964489687667217,0.6037497130547228,0.7000061223774363,-0.9289155035402478,-1.8759566352715842,0.8700531152179317,1.1964269184858118,-1.0703792147283866,-0.26954523733268004,1.4964021718724771,0.43198406591053407,-0.48287504103040835,0.19413180421317106,-0.23199952352905603,-0.31866290473481174,0.04880787984148611,-0.8353185383544185,0.004503054061869407,0.6165784270330821,0.5756301279047406,0.44553339984616375,0.22110639577462596,1.5353381488833322,0.5102700388815232,2025-09-02 21:18:20,B,1756847900,10s
-0.8515006507584754,0.03958935466927657,1.3136810860286101,4.585112625355339,-0.3914544059373975,-2.4595951002905525,1.0128215698541816,-1.1454924461561808,1.4569484983839103,0.7034399039755522,1.2470066810707947,-1.6480015756315294,-1.9178319671749031,0.41217316147220373,0.5503191568599094,-1.4059656764273127,-0.9648298039519413,-0.44631570746844984,-0.08033437047669262,-2.0525240518054004,0.3062166924603168,-0.7443825243725364,0.015714947135973642,0.7923535729878132,1.0285895381909196,-0.33786290764203714,-0.21329950481453577,-1.0879101268182665,1.6877126069318553,-1.4439174934824397,-1.250052482699368,-0.905547812129845,2025-09-02 21:18:30,B,1756847910,10s
-1.377595763824818,1.0479221792723428,1.7024544950365244,4.042654378911278,8.38026666015569,-0.8679076450665109,1.4251604722049929,1.4006402194398886,0.33403016676387365,0.7732375872641111,0.6538577301776874,0.08366966488361499,-0.48024729016535406,-0.6407756155733624,0.5912064300145964,-1.7254834577942295,0.9818480250067744,-1.0566360458436461,0.6691536417529567,-2.861945637316478,0.3749986762226362,-0.06889473127487393,-0.6316123340110513,-1.1400590591128013,0.7351468893874117,-1.7453876561198223,-2.187013874172845,1.980253338099125,0.42923638930991065,0.422535635585223,-0.24143810056344525,-0.4674430468036238,2025-09-02 21:18:40,B,1756847920,10s
2.631245697481942,6.0778038247628,1.3936896853192886,0.0045907304951475405,-1.1676169382468213,-0.5324365749156558,-0.14151229609420202,1.015488933206079,-1.2830891382502358,-0.057718868415870164,-0.6403431400159701,0.7172307543572629,0.2633416908902034,-1.561759159708131,-0.744264947317306,-1.5377952244351185,0.6081641781372668,-4.753127734451244,-0.07532472935277083,-3.6361462164215625,0.2582644892467829,-0.3208944210045738,-1.6788128278414325,0.7480642448857756,3.1049774675827537,-1.849025702187884,-3.3982310682136743,-2.556191135252026,2.6117929822253894,-2.55852916118817,5.1161390942177825,5.154889927439969,2025-09-02 21:18:50,B,1756847930,10s
3.4702522915890346,-1.8974267232453392,0.16923666427246958,6.521024040030776,-5.8190570509918365,5.020200036411227,0.581319059086443,1.8405548052349407,-0.8124570532587606,0.13999499284628644,-0.12165237874875279,-0.04343950804623938,-0.025432072296248203,-1.9365108819242458,-1.8181659430695039,1.5003391453600237,-1.3278227052815035,0.33348442887460195,0.7155531480060656,-0.5103387095756948,0.6094786990461422,3.648181824065932,0.7273751035796494,0.5678333813865803,-4.667987626215687,1.6577604644108046,-0.6061216885789281,3.1236460167981903,1.1658476613063329,1.1496201873718797,2.4154938412011697,-0.2860046355107259,2025-09-02 21:19:00,B,1756847940,10s
3.3710304957405604,-2.6502041870385145,0.30325684916325846,3.5807616115338465,-0.481233814566258,-6.106589602366811,0.38893752234159673,-1.4262176438205114,-1.555237169456816,-0.12776846254094018,-2.2797704505454504,0.2903035825252228,0.21262418661350763,-1.7340302701054178,-1.8758349087348922,-0.15253332331566669,-0.4058085354010139,1.1518418564542536,0.6230410723809512,-0.5037180090715799,-0.4695904561735668,-0.7422854143337972,1.6662150978517327,0.3787732871645081,-0.2095381480387179,1.7443208074448615,4.733007509931789,1.1920266650002087,-3.1707297523329867,-0.41433687427796867,-1.2474358807366734,-1.2861066277160842,2025-09-02 21:19:10,B,1756847950,10s
2.5834706265056373,-2.26157475831988,0.5611310867292002,1.3326570589790727,0.16243561423385522,-4.246688083849419,-0.6514227453685753,0.004100400135120613,-0.06729271967431055,0.7893924658180611,-0.6051484321639093,0.3826297491149593,-0.4948175742546941,-1.2981048334425025,-1.5799986962547288,1.7073766886000399,0.0482747540031194,-0.5407140236976324,-0.5186988708318646,-1.0596118648410648,-0.04208716415370755,-0.9808858940853471,0.18291069823472825,0.3978707768596704,-1.5826384040826107,0.9304375371482642,0.059656646311314704,-0.7233731307355968,-2.2818187425349863,-1.7007011007817288,-1.7999440699114504,-0.05041945869461002,2025-09-02 21:19:20,B,1756847960,10s
2.137442847568874,-2.0551201619458603,0.7644964849853679,0.35265706462726054,0.04680822732787886,-2.748135034609648,0.31680760202757113,0.5385715864419336,0.4296343647427722,0.41767191687122807,-0.40356199847263335,-0.3196679980886493,-0.766568576968772,-0.7684376024054469,-0.19364179033290524,3.0604632896522057,0.33025144256892175,-0.7033565150281222,-0.7537623300384577,-0.8928660070818772,0.1191125237111518,-0.7938914956515557,-0.669795865454305,0.7472073641146035,-2.466174949094507,0.6632450784784207,-1.3574248359885202,-2.0414825090510775,-2.3264452346278435,-0.31206973091015056,-0.9372873950583145,0.21514191452611303,2025-09-02 21:19:30,B,1756847970,10s
1.642711727229848,-1.8088487278603242,0.9521808802545226,-0.4039794597625614,-0.09026614438070622,-1.1856790563464623,0.5773843489380501,0.6580237161034983,0.2580699391734564,-0.0938132887239388,-0.524695477368647,-0.5394115779309371,-0.1536945612412472,-0.8373227427191006,0.2771412463226149,1.573982943269336,-0.23570563253838858,-1.2975014387346024,-0.5250244845539179,-0.019178229428936003,-0.20145014010814835,0.13176241179476383,-0.11604427331122706,0.7124760081630711,-1.4122430446891312,0.3694895315383256,-0.23913200876451254,-2.3158313190008735,-2.595083935365698,-0.8168973335122781,0.04342563751557494,1.3794070626344612,2025-09-02 21:19:40,B,1756847980,10s
1.359893278662658,-1.6253845964197273,0.9193097417253004,-0.6175091511334027,-0.1018643822834944,-0.5231973930706364,0.637300720421983,0.7499559590840194,0.5089079481974564,0.21114762820757707,-0.03442390377587212,-0.3060509040127358,-0.39248934093029264,-0.6438763028648675,0.1722552677414801,0.44959506858488246,-0.4156403372600801,-1.315126184723648,-0.37486617494949803,0.7796580864753773,0.31485724239172624,0.365718765629145,0.3165539004465875,0.09810248355227764,-0.8126123525611073,0.04444923890846841,0.5189609294930683,-1.9864472607827734,-1.5280706579740155,-0.22176882809031528,1.353375598308614,1.9538168981431434,2025-09-02 21:19:50,B,1756847990,10s
1.211045496435018,-1.5278702370069512,0.9695256776301804,-0.6905077094529517,-0.49380104465767305,-0.35895086004927695,0.6512126036279954,0.7912081447736696,0.4256760250275623,0.14287203685436003,-0.03999559771241623,-0.3022923048613414,-0.19193022107326269,-0.7376250590416469,0.03783479177239483,-0.0018905144421444739,-0.49643670352896296,-1.0697431842936498,-0.3417061912711141,0.16207042511624445,-0.19334950457577893,0.4202167513339806,0.48211223413855814,0.5682931877685968,-0.16894604391141332,0.3542587800818665,0.548782372131846,-1.9327609873159772,-0.8882317754184395,-0.2165415666677987,-0.04958178346364214,1.7295895282295373,2025-09-02 21:20:00,B,1756848000,10s
1.0593013968954428,-1.468014570315367,0.9299100088185872,-0.7248853959177806,-0.6178055763658464,-0.07803896051425786,0.48077776184996734,0.7243477693765956,0.44418910254786437,0.19946562499948128,0.03295418746152371,-0.14945412710693218,-0.17905457985988957,-0.7775634896403808,0.0853967671582513,-0.21725255620329617,-0.39869979838898495,-1.1561446771754547,-0.17590142980057968,0.5392718816010216,0.6178661331298357,0.2624917708607335,0.9715060258340593,1.104528823907411,-0.3043881154313862,0.09814257008720577,0.10995019289717381,-1.235420091577129,-0.39838533053735387,0.49132519861633356,0.7085485632085711,1.3165552777219072,2025-09-02 21:20:10,B,1756848010,10s
1.0264047067775084,-1.4231610208704208,1.0053902783786968,-0.7800584090984269,-0.03462996115409424,-1.0263869387280224,0.3819589485638686,0.3198138044567462,-1.6093342532928576,-2.1274077269647593,54.73675470240815,-0.2775651065895692,-0.8487501401271464,-1.3356800816956456,-0.15170066835317178,-0.2619672002902634,0.13943182765596088,-1.1980704507476487,-0.5663888181395025,0.31763198463950376,0.7524330562642337,0.46365934311693296,-0.2249884334207827,0.27998544200221354,-0.2827990815897406,-0.3944177534573736,0.9584546714696734,-0.10750481680315534,-0.7029892920369274,-1.482406111170517,0.056500437798270485,0.9504885174102442,2025-09-02 21:20:20,B,1756848020,10s
0.9560010643907934,-1.2050406143807266,0.8715591629742012,-0.7796222648573963,-0.28737550509359505,0.08527328983958186,0.8986634668134178,0.8209812757149942,-0.25740008085226984,-0.05667746341523006,-0.625451564841464,0.1659805365038519,-0.9987115151061818,-0.3919054080771149,-0.0881744619072557,-0.7973818423510863,0.7207115387471996,-0.8262788308742012,0.7305297291621543,0.06233678502197141,-0.4794997198250946,0.322248923886766,0.19337066619500323,0.13504047240062297,-0.08015293910950164,-0.23004796252426524,-0.15468126307488955,-0.9418272583640808,-0.044010757600856966,-0.3206215519226918,0.34497195138108044,1.485056923130305,2025-09-02 21:20:30,B,1756848030,10s
0.9254808210412513,-1.3393155921218503,1.004965109271655,-0.6728535669026896,-0.717647691396159,0.2101959648905438,0.7906159791534231,0.5015230049594587,0.30517962608530663,-0.10506394916133524,-0.15964607876833628,-0.25630439598089166,0.1326330256746833,-0.7756192158249201,0.23692161340429566,-0.41591469556601685,-0.4593748858291724,-0.7733551892489865,-0.37126693681322603,0.2639928516834902,-0.2566614391597491,0.4111200086158788,0.3405853331145377,0.4900109759888001,0.519110448250127,0.07027017452101642,0.0010733437633605833,-0.8503373056062673,0.5959891057256115,0.5272108250202255,0.7940555154708128,1.5259160810781653,2025-09-02 21:20:40,B,1756848040,10s
0.8357849544043588,-1.3169097257898639,0.9759253348183394,-0.7030987197999696,-0.3516231269869981,0.239936535919966,0.4474096386191339,0.5240773025508461,0.027909328766320737,-0.05444179165775675,-0.3448432619386417,0.008377533548912542,-0.4838105235431963,-0.4082383719957756,0.28026955965777217,-0.6704981383622441,-0.01431062746744168,-0.8123352501151003,0.2427315230397044,0.3605611633609735,-0.4134630096697838,0.7032454741361198,0.14376140683998773,0.695602252572721,-0.1398783620084194,0.027859638966921712,-0.37837557835782276,-0.32141996744704343,-0.10359739645530226,-0.11165381766052408,0.46696676328963177,0.8938759426303898,2025-09-02 21:20:50,B,1756848050,10s
0.7710215529362927,-1.1783898406107927,1.0494598217477566,-0.7745756060113624,-0.16988015592882863,0.45675001347558736,0.43223041413271784,0.29596608997091395,0.3142674913357959,-0.15906100159727835,-0.15801808006153886,-0.20645397446039143,0.12154856255950583,-0.7236125953400666,0.4259455754823072,-0.45028165259139247,-0.6213154626567308,-1.727715652172889,-0.34870524271803155,0.6862593342441085,-0.2058225187226556,0.9471008242684027,-0.34969517651186943,0.8990817411408281,0.7747408285678203,-0.009005002201351923,-0.43503811361793915,-0.3918645762425401,0.10752834815231396,-0.2343560914459652,0.3233171231437792,0.7187676624547515,2025-09-02 21:21:00,B,1756848060,10s
0.6253957257344688,-1.1560562710072244,0.9717530297882906,-0.7693731618518043,0.15972343990667412,0.5001432689470533,0.6400651907218744,0.3496579826679841,-0.42941565455473873,-0.5061610837675065,-0.9501390917365353,-0.008959096711905385,-0.6051703415897091,-0.25493338719629133,0.6519112879688316,-0.8352372055138103,0.6462422849600528,-0.9176807486608717,0.6378229774967467,0.079311974209395,-0.6745637449704981,0.7752340671607374,0.2566567929239454,0.5693870275127371,-0.14423652269086953,-0.4944256547025777,-0.7844967932907175,-0.035012927049642324,0.40404925930528074,0.5794320238828877,1.2216703603604198,0.09604499393390216,2025-09-02 21:21:10,B,1756848070,10s
0.6048256421051249,-1.1582990029635991,0.8520093946867626,-0.26720598928897626,-1.0658600418161257,-0.2045726404740086,0.3959285602158612,0.33895905452321984,-0.2549161387368899,-0.384473162559332,-0.791048734536615,0.011485492754485578,-0.9393020163311855,-0.4041429695190296,0.2509005026415541,-0.7616427648906242,0.899788347597584,-0.9987745769216824,0.7077531835547297,1.195408996999599,-0.8586133519765325,0.6302745863704894,-0.29108327822516905,1.1186584545213227,-0.5489107630629017,-0.5835118583307352,-0.6285839174548922,0.9449713029603144,-1.2752155234329363,0.2025670660541514,1.2179036475288327,-0.4262591144061704,2025-09-02 21:21:20,B,1756848080,10s
0.6013404866627721,-1.0170253546592631,0.969300544027655,-0.5274324857878664,-0.8168020320404967,0.1539354271872784,0.4758009194773183,0.3325311209554452,-0.4828595897592164,-0.5401693678347437,-1.005020154033276,0.040244394988766,-0.5767502169280885,-0.4919303199130489,0.29417387038219583,-0.9142243046920947,0.7298351157832771,-0.8380882959368349,0.7661405249330615,0.08539305323201458,-0.7483289312760473,0.08173413135218982,-0.5166483154831444,1.3846352266771302,0.4755883340260194,0.0030754373036041543,-1.0892207352522378,0.7185469913852638,-0.6300344519777127,-0.7418148839311709,-0.9576012536540878,-0.43829446585126347,2025-09-02 21:21:30,B,1756848090,10s
0.5967864077455309,-1.0874905706275106,1.0263241678700334,-0.3580671306499973,-1.169258816903097,0.5311282063397499,0.3642794799172866,-0.0329581818777579,0.20930261851348547,-0.1569279730529091,-0.19671929584077613,-0.022490207642354654,0.22859104995203552,-0.7788519780098142,0.2624598545799552,-0.3778203386015904,-0.3042382119201298,-0.3599024723299892,-0.2868194240820663,0.2792678511356448,-0.22911610476200678,0.1807643093984648,0.052922527101246765,1.3775568451129894,0.40401845569465794,0.022235575742727658,-1.4915900281790804,0.31229266793413146,0.3003007285499599,-0.2690296072027995,-1.3729638867737373,-0.2865594202054951,2025-09-02 21:21:40,B,1756848100,10s
0.5570018439905676,-1.117960949456382,1.0374068919224668,-0.3571283340191034,-0.910096085652003,0.5652885335196113,0.10937906202686576,-0.11452412946874514,0.2273916695378773,-0.09716011639282128,-0.1354636641881666,0.043866159771952073,0.1732244637453987,-0.6136083808869919,0.41684207309701193,-0.3441275699175811,-0.3991243431785363,-0.3562557758983728,-0.282555920317224,0.43983945502920596,-0.16127789011731722,0.37515584444178657,-0.13289496731465558,1.1094079059613637,0.2728697415244142,-0.03664381677997952,-0.6669772454565712,0.03033869146869782,0.1463050700129893,0.06315338385356171,-0.41030732163393174,0.2696277375126281,2025-09-02 21:21:50,B,1756848110,10s
0.431259223652188,-0.9958749402001406,1.0119465291402654,-0.377693473225138,-0.38045518972174686,0.7258159157334755,0.2980071538863742,-0.39181393350012794,0.300734174162876,-0.1104450371796472,-0.10106027279804705,0.03965645832079083,0.10419822267808054,-0.5492286008516061,0.5951322074048698,-0.21872645192100887,-0.4032336206583432,-0.8121024723965856,-0.35977858395926643,0.7848353000092315,-0.21300442484271048,1.0648980063227296,-0.20451497826223594,1.12611408022491,-0.03697604725397096,-0.4668570804670851,-0.5951855468562518,0.16073325635608726,-0.42369405667832033,0.02607490422667874,0.15284341911343663,-0.3885943871628228,2025-09-02 21:22:00,B,1756848120,10s
0.4517739698664463,-0.9955567426944527,1.0358343153156206,-0.35490427099642546,-0.8726143588475126,0.5774112818728335,-0.03174281713249368,-0.3110640908795001,0.260751506295953,-0.06162074135984563,-0.07703208360363348,0.16290925337064682,0.11151915156835902,-0.5967273364067429,0.38267900089746165,-0.24796759725572529,-0.32479925187476266,-0.5458684291768463,-0.3027609727465933,0.6738942590851749,-0.31038046485588444,0.4471550393836611,-0.717462831353792,1.4046549849404204,0.8219553774082636,-0.024657905502321338,-0.6327004750219405,0.49326904821159784,-0.22363278221792732,0.25647821821954486,-0.1216493422906623,-0.08130771600179361,2025-09-02 21:22:10,B,1756848130,10s
0.4203343713370159,-0.8831060201071335,1.0409430036084717,-0.511349989214347,-0.38916735558116744,0.9091174572913799,0.30148986753737345,-0.35020228908968304,0.19377467288551975,-0.06451166833279397,-0.14091484507885735,0.2884750711880158,0.21936063499244401,-0.7335149495628442,0.3243091203309841,-0.09777432527964623,-0.3064705391610173,-1.1091379912745503,-0.19753992626198408,0.3020998541511531,0.44992867173136913,0.4588175242327717,-0.03366000835127362,1.4115008500186639,1.1028781732450754,0.16475996093201178,-1.4038097784105443,-0.12586606987599103,0.8869541616905353,0.33616072668397584,-0.5247804593986332,-0.08545350864401496,2025-09-02 21:22:20,B,1756848140,10s
0.35166078950331675,-1.0197675937435353,1.0366459089852682,-0.2378913155744542,-0.5179468590969531,0.68747285336886,0.049414571737019665,-0.36132890746093305,-0.1978433586130758,-0.41541381847202946,-0.6444681463436126,0.12193902698034875,-0.13336867304341166,-0.30584662338785595,0.8264712947355514,-0.24018631506248997,0.09793638389661605,-0.38070063595229026,0.3230599006253177,0.4999069586098483,-0.08571057044354644,0.7537539409719585,0.053604070867786374,1.047922988319509,-0.09802059583713213,0.08999121877362834,-0.885439076295998,0.0011826094102615958,0.051400298930626954,0.2798353498422006,-0.6472672767764595,-0.38508225605013907,2025-09-02 21:22:30,B,1756848150,10s
0.3322599161877609,-0.957084997147916,1.0458229798585312,-0.24950453961513122,-0.8184945596691736,0.6118097391611479,0.07193391308306021,-0.5290807514795532,0.1787883383442833,-0.16964750705789422,-0.2051919496155164,0.18524654488984135,0.2679217742522316,-0.6036692375835796,0.4679200724352023,0.018732787880009857,-0.17247272920820303,-0.1987042461198674,-0.32778597554944455,0.19981237958884657,-0.20399605068920737,0.3667717040770066,0.07998357330932118,1.2128402256657054,0.9075769962636385,0.017717424323143393,-0.5065368999872966,-0.3049122600307431,0.38640637374243686,1.062919468944564,-0.2968002041940819,-0.17945648832222788,2025-09-02 21:22:40,B,1756848160,10s
0.34031326871674406,-0.841924804201927,1.0446806005534457,-0.3753575347609828,-0.37293206989869565,0.714011204998562,0.08583841985580305,-0.2576929932979684,-0.6811451425395993,-0.6792518333917815,-1.1619965982339855,0.2941081564883283,-0.3361787184315463,-0.25467897941287226,0.7440271083771814,-0.38255780823032237,0.6959139316974104,-0.4607680651133696,0.8733844519330007,0.05428241187933554,-0.11385826902620544,0.21144212039517155,-0.4072804856929679,0.6787512654352499,0.8257050767967988,0.2721023339171668,-0.8141911610045849,-0.3638090461526223,0.82380824484159,0.3911979541858251,-0.9518562108750006,0.2731854190712558,2025-09-02 21:22:50,B,1756848170,10s
0.3141676747202875,-0.9440994593310924,0.9990797700108013,-0.3481674893583122,-0.6138997425949835,0.9828159691989039,0.07353531332385915,-0.5792552149492721,0.23771562408909877,0.16247539144564196,0.0626279836169567,0.6123616070662307,0.08096747877734081,-0.5603540127962171,0.1121916478462629,0.26281539719472385,0.008133414563453432,-0.058179942836783786,-0.33123534342103356,0.0694149813127925,-0.25496930191138684,0.6312383068828903,0.4289448507544239,1.0868169838492234,0.9369945382284696,0.29100267438449734,-1.3509623601700311,-0.10342782834626109,1.4269035647273194,1.5681715865907955,-0.081136333472533,-0.3038583816101643,2025-09-02 21:23:00,B,1756848180,10s
0.21399663879376082,-0.8592381308836505,1.0602656906910417,-0.5075299010613773,0.3641198512996564,1.0936423433454583,-0.27503482724255335,-0.5667756056743133,-0.23195817952846412,-0.3676781361661167,-0.6155825543583039,0.44170601896320516,-0.030904721035692216,-0.2681368880471805,0.7796107721624632,-0.04885465877362981,0.297073589735349,-0.7409147134956996,0.09269214722166369,0.33509374693481225,-0.25151877128931843,0.7707202619627015,-0.2437597373011013,0.21532148706368395,0.8638272439627317,-0.0946079743165798,-0.6357554993092654,0.07051260025888628,0.3553000920074176,0.6532167926033262,0.8388819401282273,-0.48955792459270553,2025-09-02 21:23:10,B,1756848190,10s
0.249154070326679,-0.8297458660161153,0.9646763614738032,-0.25140017432326234,-0.45568101844666875,0.7826246503286316,-0.34040359538645787,-0.5754804949035326,0.3846245610425488,0.4057054090390924,0.28822992765564087,0.8433057123793484,-0.1948127286410653,-0.5653837044898774,-0.21566308196931006,0.3442190008860242,0.13491078124587566,-0.7615690452059437,-0.34176976172763407,0.33236499205493875,-0.0417241420492116,0.48192253864620754,0.11748534975587194,0.8421950826588326,1.432191917981521,0.10062028495502112,-1.1070217578837136,-0.41032324472877085,1.1375081719210243,1.1815169956013896,-0.3248752126944109,-0.4000838660249771,2025-09-02 21:23:20,B,1756848200,10s
0.18549177255047608,-0.8411788398040053,0.8833839487552262,0.04006547754677771,-0.7251736423310382,0.4238492870053768,-0.17600598784129567,-0.42922114252777327,-0.32501496573431754,-0.20284118814322524,-0.6358735076549068,0.71973238329201,-0.9911093769441349,-0.2221453713042824,0.07440554651796763,-0.013806007580973724,1.1501288067360003,-0.9910709007197067,0.709866206752532,1.0756695775374931,-0.9500989224439453,0.926876678878443,-0.7023647910058635,0.8599566524995664,0.507186724210378,0.2155346880891572,-1.4815535509923798,1.078044166064637,-0.27975181448689657,0.45773265683494335,0.25601852625309784,-1.153607290596648,2025-09-02 21:23:30,B,1756848210,10s
0.17320678506825574,-0.8350671358482823,1.0388877825918765,0.057666323479001254,-1.0325854940964905,0.6460043554255743,-0.10270401241451847,-0.9060124625826145,0.20579866807057043,-0.19739635526265,-0.19686426344912272,0.3319421303136688,0.19853375806970266,-0.5030126512474216,0.5091193016080177,0.2143048508387924,-0.04413112921717172,0.046304237395250324,-0.3382433416939131,0.8297559826544086,-0.13840106671150665,0.10347448412484349,-0.44130153168945296,0.9767961231325784,0.7764980490211879,0.12456084666324568,-0.6925317375006075,0.674469723448266,-0.7846510354429714,0.34358756870837726,-0.3560808860978474,-1.0175799742509337,2025-09-02 21:23:40,B,1756848220,10s
0.13250037321508176,-0.7103484252628945,0.9812715704055279,0.037955017746236955,-0.7226136506118815,0.6887126478633271,0.20796223286487014,-0.691511297015843,-0.5915717149108917,-0.5952989915693767,-1.0381630888256212,0.47280419814067404,-0.4820352989734881,-0.1773661093472352,0.6274221079807143,-0.18667618016770207,0.9047974955321901,0.010958111341061253,0.809473376379266,0.2540581520714536,-0.41768855171706154,0.29761671772707016,-0.6536911598924939,0.8995672280534721,0.28960410637021855,0.49578336740223694,-1.1958505893332791,0.6571015411632846,-0.5216308236833479,-0.20999746994483515,-1.250572295975282,-0.9290942145054468,2025-09-02 21:23:50,B,1756848230,10s
0.10181078989183165,-0.7357463013345551,0.9931616703528648,0.17719443856981743,-0.7893427984319986,0.6096623574865746,-0.32076374624056525,-0.6905412237033689,-0.5638045463879684,-0.5589291446202368,-0.9642335678431974,0.4994332795857873,-0.5624617652329224,-0.04061874637532326,0.7441529810173831,-0.22153667516927794,0.7940186201192398,-0.09258099885066495,0.8606047118562108,0.7059745169455668,-0.3008444722972609,0.3865953703897034,-1.2007008293725365,0.7488371569912785,0.12363076265926179,0.45469872112875415,-0.8123053835807538,0.6059048979918451,-0.534234059507243,-0.0695143025534684,-0.6188548743022274,-0.1644324236517529,2025-09-02 21:24:00,B,1756848240,10s
0.03612337307833128,-0.7036178773792986,1.0464965666172992,0.10183566557797044,-0.505961954879658,0.846652886705992,-0.17128500525330512,-0.9147062716286459,-0.24671919681640625,-0.40304612599696754,-0.6005727055049573,0.48508415007293326,-0.07861724436441005,-0.2838145132885784,0.6754336502180686,0.11122214600007012,0.2468575434217806,-0.4889534703660592,0.312883480440422,0.3159310082279065,-0.1929506088424968,0.8578063215994345,-0.7407164280793859,1.261286504706823,0.4858818906178067,0.731058724472829,-1.2621219086454598,0.33114904438230647,-0.11207033629982754,0.2014627470817331,-0.7678568828779514,-0.5668948803967845,2025-09-02 21:24:10,B,1756848250,10s
0.003089076533778984,-0.677288395889797,0.9638929523657238,0.18123685008335497,-0.5265918876082096,0.6621931947644916,-0.31623334079337545,-0.7624440937735467,-0.5199113802837844,-0.47289477123296014,-0.851542634941702,0.5746651843559872,-0.5728168631141368,0.017824613194477555,0.7663538521026836,-0.1554213048935208,0.7602553746083555,-0.1405615408874428,0.8109450187383481,0.3249290138680694,-0.45643131928592073,0.9924405102264021,-1.2070459190423113,0.9647893690153052,-0.05855666034525972,1.0240407197365142,-0.60459406942324,0.6319245314086577,-0.6629329924333776,0.010670226344307835,-0.386903159569646,-0.08356999279576202,2025-09-02 21:24:20,B,1756848260,10s
-0.00020862776429878883,-0.725021990546686,1.063073454601717,0.30866387201505163,-0.9690076741594411,0.7795804284831426,-0.38815623093553614,-1.0877293846929341,0.185801586679118,-0.14728508444744595,-0.09263432919835644,0.46354970294682857,0.22682367935937905,-0.3339922166564608,0.6482902278667307,0.22287113463353525,-0.2512488894033885,0.09855926657916204,-0.2113748753215482,0.503584081513197,0.10577819897886688,0.5245446051327811,-0.9506975717625121,1.353229645542617,0.6331253705314756,0.9562211841880861,-0.8151929678999996,0.6151270254183385,-0.13008805080676644,0.6750092107298722,-0.1789522143759959,-0.17554294348033295,2025-09-02 21:24:30,B,1756848270,10s
-0.1028054581241936,-0.4825895914017013,1.0225322571258895,0.018997924163007163,0.4473214191076148,1.1757569275610529,-0.6920799190398678,-0.8668995832050637,-0.5105337745260436,-0.2742814331921949,-0.6844498381941729,0.9158157858464683,-0.6284374129942636,0.15046296734949802,0.7219348023534404,-0.22317774396804665,0.7223883425349658,-0.6298258310489345,0.7790947024616153,0.23867217987626857,0.003957434691046447,0.7770239451900096,-1.6880002893663895,0.22956233048653063,0.3860169340495289,0.44493690393933416,-0.8667756454639293,0.6963194291652917,-0.27486629534964413,-0.445897753459854,0.6682910566879497,0.16021963741600034,2025-09-02 21:24:40,B,1756848280,10s
-0.10778239614265812,-0.5413505660558028,0.9043994746043464,0.24457342427334158,-0.2819039604135697,0.9339178814005056,-0.8541635667964075,-0.9462628758219884,0.07670836660683585,0.3313205613167995,0.051268905925967674,1.1680588041149167,-0.6804293826633053,-0.07773112941528755,0.2753427963236549,0.15452743880926173,0.4560582067143728,-0.6955141602364333,0.5468937288135403,1.0114876252293021,1.4259020341483635,0.4420619120436228,-0.670092708465022,1.092554687056934,0.06850465296533484,0.7417384768426852,-0.9943235728366564,0.7456699483639341,-0.20943607756361773,-0.025509153111028596,0.06397727304193816,-0.37960964689538884,2025-09-02 21:24:50,B,1756848290,10s
-0.14530881891478864,-0.5529496912293312,1.0588479946387517,0.6877543975942525,-0.518414006621147,0.6039155680634356,-0.1565142151028361,-1.1325840443701256,-0.45724318131807656,-0.5887809475777556,-0.8564249421271286,0.4503380893320811,-0.7441269809233442,0.27203058372724853,1.0912895511760086,-0.19044884809130613,0.47503776686601096,-0.2073928395740712,1.0698772540756436,1.037947611011153,0.11081144747004992,0.8430312876519243,-1.7309380346216177,1.2450347302041598,-0.1264444287222834,0.9643145615768745,-0.7903148029875565,1.133327728138221,-1.2267341997191137,-0.3731952287853218,0.08478548631162507,0.021361870663839874,2025-09-02 21:25:00,B,1756848300,10s
-0.1652926098590335,-0.5707993271732826,1.0764891526286202,0.9903627506830195,-1.0038852878796682,0.5514942304021571,-0.722415043569853,-1.3095043447265586,0.5251612126502051,0.2725717301919735,0.43231727171542206,0.620002811355057,-0.3842849034933686,0.1878383172567704,0.5968579052478193,-0.050556812733887284,-0.37447625805065304,0.8017635149043414,-0.12717111726073294,0.8033881999888419,0.47637227932184883,0.014369199216229185,-1.7514478912490399,0.7341277810801877,0.44737109350750165,0.4747244540946747,-0.0010733437633605833,0.4772884616850321,-0.22635418865332488,0.5542459168096595,0.9099539778213688,0.9108163073749258,2025-09-02 21:25:10,B,1756848310,10s
-0.28550937230519685,-0.5221887806398222,1.0777776617500876,1.4070359587757477,-0.9001474116034285,0.3457222445701712,-0.4970846692498357,-1.396751689462072,0.6907944761558256,0.34749798735935344,0.6248127772029167,0.45695408157119205,-0.6100600000419131,0.38100663927391465,0.7519113786615088,-0.18969714775599486,-0.613334764741056,0.8198329727056609,-0.03911365188601598,0.6138005565893291,0.5170925184680598,0.6519174168495365,-1.7426204523154094,1.2531528401677263,-0.31244085130213844,0.7404325484486476,-0.09013029434265497,0.5633102210381701,-0.17400549247508315,0.6382947269627821,1.286753578316301,1.4374767343875652,2025-09-02 21:25:20,B,1756848320,10s
-0.4826992312631153,-0.40860077047823845,1.062174922261092,2.7058333802713657,-0.9944990982299204,-0.8569631944365393,0.15807532317095968,-1.3655567629318128,0.8574619030374724,0.19573469831860535,0.5578029549047935,-0.21448622540415938,-1.7329455818208646,1.0347478468777198,1.0863500085517643,-0.8744145119331633,-0.4283405467698913,1.2171737388216077,0.5706724271258045,0.3803391442615306,0.5800009075843191,0.5612231369127137,-1.4184563175091156,0.993295771018411,-1.3357089610931254,0.5323721567802262,1.0282580941739388,0.6032487853241482,-0.671722771369631,-0.11543535675286237,1.6203014180310944,1.6605029147379446,2025-09-02 21:25:30,B,1756848330,10s
-0.7804454232039253,-0.10084601091898004,1.21661928423308,4.466450814880907,-0.8574515095799885,-2.527283102688258,0.8673562386993885,-1.2280790267021309,1.893551593719469,0.5378145199380454,1.3908387441571852,-1.0234894884041024,-2.2525410111310746,0.8565604439991866,0.22995052198671845,-1.258258806705238,-1.0083500701221064,-0.21096547416804998,-0.08611525272814129,-1.7055530404737027,0.38773398011982224,-0.06118799694065444,-0.05534131404785576,1.1182338447426947,0.4411445348492068,-0.12250357611176599,0.2538378886885212,-1.084689929764851,0.9835494213000038,-0.9696179239231705,-1.1780514820317123,0.19932298266861553,2025-09-02 21:25:40,B,1756848340,10s
-1.054118350254207,0.47703882320910906,1.3999099434520363,4.762476511021233,1.3742232837989867,-2.4989648519627687,1.5611474753483332,-0.34445610021850487,1.6413709519888515,0.07956523219939415,0.9672594278504936,-1.0218455670676823,-0.9775170406594523,-0.16255049263414043,0.06418830942511718,-1.5928798280911158,-0.3400540509115424,-0.45821801655505445,-0.4357502420852172,-2.854853782409611,0.5212331366154916,-1.1642159447967053,0.045455221573073336,0.3399313723223615,1.7080971521413542,-0.5539437658716911,-1.4436011181714017,0.23744590591099157,1.7972928910735595,-0.30153847332929157,-0.8940728965298204,-0.6577369740909675,2025-09-02 21:25:50,B,1756848350,10s
4.021770278686644,4.704582230757425,1.1882180227384482,4.039630434304036,-12.406882933470191,-6.823638167581796,0.6491329109806068,2.844385200663935,-1.0187166428989325,-0.20419278171171454,-0.8041314913503516,-0.02231103678801072,1.096426026846392,-3.062438867795798,-2.6839318590344075,2.679201260636179,-1.8386512230169445,2.893643930509727,2.114030846079047,-3.4206556524839717,4.103484975508913,4.740699061560796,-4.918259972341334,1.402706215646015,5.38024865182147,-1.0532723285563899,3.5654896445169784,1.8968605392051754,0.04891057504118109,2.9117197858041863,2.362945970399207,-0.6282422162707216,2025-09-02 21:26:10,B,1756848370,10s
3.2134110031092757,-2.7844822947146137,-0.10901569475476108,6.794348130124332,-2.5950791418292813,9.05999847586831,-0.015135020034141486,1.2637997917017516,-0.557725691712815,-0.39084233590829476,-0.13215305225476012,1.006791384584806,0.5057882435948831,-1.2433590977240665,-1.4980068324725995,-0.696109265758134,-0.23887858134434717,-0.8871834748088375,-0.9637054850447401,-2.6855994172892315,-0.09980718789296257,-2.825987164918994,0.3883616086004311,0.898022174929838,-1.699593442702624,1.3478883833580388,0.5385116748724913,3.5323983546351134,-1.0777982991185706,-2.4851513207085794,1.7212379405896088,-0.1598708493879035,2025-09-02 21:26:20,B,1756848380,10s
3.1574286473227695,-2.5464928617978195,0.3091104900072454,2.6183115231743046,2.0711357090316573,-10.120096049252624,-1.2259775843037806,-2.1502741127753247,-1.7893529793146528,-0.5278141292564629,-3.1130079969002065,1.1122523228690284,0.2990285867281831,-1.3037180735313765,-2.223174658735344,-1.8928609345373912,-0.194520161397761,0.822987179001995,0.85497590739357,-1.1559618799876856,-0.03497007177989687,-0.35917871821320363,0.5847053417478482,-0.4988496584160098,-2.391068239059909,0.694864712028808,-0.0686158127892614,1.358326460949298,-0.2949913359109784,-3.0481132786027203,-1.8811119400777114,0.7077805009959812,2025-09-02 21:26:30,B,1756848390,10s
2.235066072867318,-2.049485116176576,0.7067246331550622,0.6320041741894368,0.43574238989146646,-3.175021350962277,-0.224636808459037,0.7881345786499284,-0.31908409902728657,-0.6741731586510742,-1.7286605838360478,0.14251232493340146,-1.011373964243947,-0.2969126874304264,-0.3361441478806722,1.9375516810414297,1.080690916102233,-0.5968331456494471,0.24581884901271076,-1.0628860815485497,0.08366548174139252,-0.8480489761659927,-0.8349941406518657,-0.46339559984236883,-3.5004080413560645,0.5387928972862159,-0.5212158301620837,0.13924274840964607,-3.1429419349554797,-3.703837942796381,-1.7854195575797471,-0.5903885790421385,2025-09-02 21:26:40,B,1756848400,10s
1.9459875570799103,-1.9470546891830531,0.8329928136210468,-0.11918231431794188,0.3960936313384281,-2.196498574235947,0.01677830270591046,0.7988744472522402,0.7848016706208969,-0.2999970432224165,-0.6302633369203077,-0.1394626107188803,-0.4650610928709497,-0.3461475058680048,0.13890834969207994,3.2112991980187737,0.542839311100748,-0.5658659721709026,-1.129328411729696,-1.1886275254093714,0.47035052181624654,-1.0728132178168834,-0.9620918566618862,0.10444645066779347,-2.679016191650543,0.3112802235516523,-1.5901315762018824,-1.137573094773313,-2.2617635699718486,-1.1863285870349105,-0.5468005727605303,-0.4420169214072092,2025-09-02 21:26:50,B,1756848410,10s
1.4602558492817639,-1.6806043547548584,0.8940324598724158,-0.5889276422602349,0.12330609695509043,-0.8019174755680499,0.0967220917918321,0.9836973142251558,0.9166033669215585,0.21183146824955992,0.14556460701455534,0.5305218197888542,-0.6666063996483121,-0.4058946270556915,-0.9241673785435198,0.8842795294354984,-0.030800529154414703,-1.6420428530769415,-0.6629729991291781,0.18507875087829287,-0.3510012996450631,0.23594337383813366,0.4585668681384083,-0.4246327689351695,-0.3916469792433949,-0.37292079155297525,-0.12997525785883804,-2.266863052368104,-1.546214925055756,-0.9920553817203346,-0.3687223895247977,0.6570273905889265,2025-09-02 21:27:00,B,1756848420,10s
1.268421360561812,-1.4068948865876916,0.666704648700381,-0.6583992234781784,-0.14063098866121368,-0.8877632291274403,0.4315783583944217,1.291784036016517,0.46179036383475774,0.49056356221693426,-0.08904885350764108,1.1997841429667209,-1.919299350643706,-0.12089919373773118,-1.3779841984094499,0.14118581639893654,1.2188333115414736,-1.70519624840823,0.9957531000611337,0.47974575232834177,1.4557223926622433,-0.3407696034708746,1.8094608300352282,0.18907035709949288,-0.42784435031363544,-0.07871422974555606,0.2827859329780454,-2.4260742754921396,-0.9008403724419267,0.14339362700638925,-0.7357932389674456,0.685324728632435,2025-09-02 21:27:10,B,1756848430,10s
1.1526859638516416,-1.4353210378062315,0.9111660836842123,-0.7927435370940243,-0.35344270355540425,-0.17266220184949474,0.7986459227817723,0.8196161327022844,0.8723088865408758,0.032382191862092694,0.15425890062972128,0.43276097543549097,-0.3107743060081903,-0.3745199570355696,-0.7124480753875866,-0.04526418116713903,-0.12605545997187595,-0.49865203601799796,-0.6137580139561629,-0.2028027160116449,-0.41069074636251307,0.2364184259091685,0.9525134141365134,-0.198071888683826,0.17944567293656544,-0.3599097398059635,0.4016591762597788,-1.6899002293196121,-0.7595538451637661,-0.1599903553778742,0.2604518996106502,0.9438024459992223,2025-09-02 21:27:20,B,1756848440,10s
1.0970362772007995,-1.360323820911033,0.9636495721844559,-0.826786925972359,-0.14950775763056975,-0.1976684434282521,0.5758286596078944,1.107136081553152,-0.0832178940273366,-0.685262739031411,-0.9594591673267958,0.3461733604653805,-0.7131167473016778,-0.0204292951988102,-0.2333507286943927,-0.7207814155148615,0.6243967739771832,-0.5745774658099163,0.6233079523027665,-0.4708452004474502,-0.40450710248439603,-0.08446545331669512,0.4963648297691564,-0.5220895125421435,0.0975633388161939,-0.24560791509897445,0.3261715049581866,-1.577272253949325,-0.26604925816425185,-0.9090628535106341,-0.6351117374978116,1.5367320639253756,2025-09-02 21:27:30,B,1756848450,10s
0.9852566811783953,-1.3527056146096557,0.95610054050473,-0.9006449086430616,0.0769355298235452,0.3286833432708366,0.30214614808632584,0.7249466396446308,0.7708420084804877,-0.044843183176278396,0.1227147543583379,0.5327649331350764,-0.112531959878477,-0.30094471695693914,-0.49082174552226987,-0.25900004811413496,-0.25912575209073213,-0.9246310475676409,-0.587342977979581,0.017493346212643607,-0.11528391776879107,0.5225793533305646,0.7955145869882377,-0.5181350227771215,0.13300185013211505,-0.6793717036971297,-0.10442079615603451,-1.5770055653992898,0.1133381764570093,-0.39084784343463663,0.5854715755417189,1.2831238692958449,2025-09-02 21:27:40,B,1756848460,10s
0.959253216599264,-1.3041149289113547,0.9007138565785385,-0.8780771686551568,-0.016988230675759778,0.005203548145664388,0.7755558937845012,0.8999273550527997,0.0002072586001094752,-0.46760063859215134,-0.7494597893050902,0.5915222344734932,-0.8538464704225038,0.06089355581571217,-0.30619071782832924,-0.6413854509298946,0.6750570434978478,-0.6470252225423985,0.6732060969897169,-0.2173878265134127,-0.3239160619851022,0.4621605487506585,0.6874242580293114,-0.17740534060771682,-0.18616333596867807,-0.013898036356761142,0.13657281917893768,-1.0435780688580878,-0.5607725143591178,-0.8747352979633296,-0.7337170952132829,0.6294119926157439,2025-09-02 21:27:50,B,1756848470,10s
0.8810444880051556,-1.3009955226525514,1.0001333996583364,-0.8240204242161506,0.0812892659462976,0.09684793201371963,0.5371312807093801,0.813577246056729,-0.14927133103032345,-0.9104811883950817,-1.0849328880602587,0.23676119478710697,-0.5236753207313226,0.12045296771051105,0.2399423361312702,-0.7754184853421775,0.4620516025226363,-0.8018796225530561,0.6446025168057739,-0.057658950586382214,-0.3360180348277913,0.47214083285684755,0.34733929098173216,-0.3331029022701229,-0.20532231860773564,-0.16661199580097347,0.13301779629059862,-0.992062159023971,-0.5522964205638743,-1.1311354586154159,-0.5650707431371513,0.7915045376708921,2025-09-02 21:28:00,B,1756848480,10s
0.8302574891426284,-1.264275770937736,0.8858152515885274,-0.7756427601481892,-0.2848497881565269,-0.04484533527547514,0.7002693063854101,0.8145484471757749,-0.028226523433932095,-0.6954138301210676,-0.8709932291610881,0.3960477745589335,-0.6409279949626185,0.07587535371658201,-0.054940527387366725,-0.7363074415189144,0.7535698956303016,-0.26130618904180647,0.5693337963741316,-0.3090861719865286,-0.4977500289022794,0.5858774451803177,0.688531226337672,-0.12171234300496214,0.06499213368692992,0.3698551603569253,0.04527024868478177,-0.37548287708773315,0.19887649063372423,0.06891416093565805,-0.11056014445535188,0.4283834303143363,2025-09-02 21:28:10,B,1756848490,10s
0.7133137453333424,-1.2440584240691415,1.008769719872055,-0.823960751064796,-0.08716735687871491,0.49351949277555146,0.3917505623225887,0.29723184403153224,0.6200452635823103,-0.45442519310214086,-0.1732526254231745,0.30486741966224984,0.2817164496637764,-0.22267596436205359,0.05241031464773995,-0.34946365321974426,-0.2779967548552908,-0.4972629676158115,-0.6198284464204221,0.011388062354305357,-0.29321990801707837,0.5628656153448228,0.6125674000544123,0.1042756979191879,0.5097835519937822,-0.38522324931194846,-0.270995362560283,-0.19856764247555808,-0.04469228992790067,-0.03637611216781261,0.27436945923071215,-0.31212819758349325,2025-09-02 21:28:20,B,1756848500,10s
0.620011002750122,-1.1669946315501794,0.8915542651653884,-0.538628487875928,-0.4461118038834675,0.060224687037820857,0.41715094077302645,0.4020506064446397,-0.057969683552711454,-0.7197171772996153,-0.8956821869232059,0.5228434383020688,-0.6601429952702085,0.08991756493391798,-0.08658624636669118,-0.619230355704247,1.0283668055348956,-0.1950849579939456,0.5346167477105184,0.1307794169090282,-0.6623417363713701,0.272462767548216,0.7004272358252999,0.21042607745572192,-0.23055554292128344,-0.7649749816850596,-0.5557656703222354,0.303523624058686,-0.4994627165924114,0.23450054016191763,0.37508458811570894,-0.8250189840547042,2025-09-02 21:28:30,B,1756848510,10s
0.6400396884357598,-1.2085541636690937,0.9680599718787014,-0.3539556128372785,-1.339343427547258,0.05279373760568707,0.5332567174020739,0.09625887400850794,0.5898977456730552,-0.589660419577033,-0.30806030192752826,0.20811482056292427,0.3181385129681456,-0.364838014729206,-0.1134432533195312,-0.29009885281252884,0.045226523058571624,0.39286884917085263,-0.5434988264862533,0.2876062449230652,-0.2902417744154835,-0.3182602458774412,0.8927418743609933,0.6448441647817987,0.24746480705717758,-0.6199071912921456,-0.5352751657086575,0.7143971452052156,-0.663633188444923,0.180540074736989,-0.5222392264449485,-1.428934278772184,2025-09-02 21:28:40,B,1756848520,10s
0.6228367771769722,-1.1173007244786441,1.0239598369506788,-0.3115592064878557,-0.9574770019513479,0.3385838956510741,0.06052613217711651,0.07233077588086173,0.6075830840146672,-0.4170895413731542,-0.16514043138653534,0.37375235114543803,0.1576901646771392,-0.18229588539379593,-0.05813001089445433,-0.43015493938308685,-0.2724295452584582,-0.1366084497982844,-0.35598946052341895,0.6328205423373267,0.3461480870507815,-0.4615875790782392,0.1535676074364456,0.46901888837469363,-0.036662031956954395,-0.9124395373196196,-0.6333569303894053,0.3796984815208708,-1.2898600912806093,-1.6996202849645716,-2.1651466889154047,-1.1470946645040916,2025-09-02 21:28:50,B,1756848530,10s
0.5514935545274443,-1.088504383975129,0.9782164815617099,-0.42919207028113365,-0.9703907351448834,0.4342542972944145,0.6939167587110056,-0.10399950698258653,0.5258400942596215,-0.5533569321696189,-0.26865358810500484,0.3272480986968389,0.4010298159789257,-0.301829735809917,-0.01990571244315366,-0.2662852053675502,-0.15478239874628763,0.16994098344634517,-0.4522147229210427,0.03205489777934388,-0.15289762024728398,0.31990213853108124,0.6322197914712897,1.0947983139990998,0.06696882313375221,-0.1473927609962684,-1.1122002468732433,0.6501002472324529,-0.2766649423858022,-0.15924564849399575,-1.0165906066320067,-1.1580221742511279,2025-09-02 21:29:00,B,1756848540,10s
0.49340525887964815,-1.0388158213011929,0.9998328179905273,-0.42839636600188635,-0.7034687526041014,0.5582298680084219,0.6197899476695222,-0.19953966440785284,0.5288755687170682,-0.5182225778520388,-0.22421625620867747,0.3487738560506172,0.39026601098382957,-0.18032795288321105,0.09511407594697856,-0.26954082532293094,-0.27354356081702713,0.15678722157092395,-0.42073965722417567,-0.19999652992420353,-0.04219590291439486,0.4586440736639235,0.47331400106670346,1.1664027594652537,0.2616593921598628,0.06226850464156201,-0.6960698467067941,0.38480685725542724,-0.31105549514322767,-0.09287247344906817,-0.8505445617045391,-0.7698879093796597,2025-09-02 21:29:10,B,1756848550,10s
0.35077237312632,-0.9524210766173155,0.9955873214752826,-0.6029175955895001,-0.07525873250171192,0.805920896370633,0.17883475385380468,-0.27817637826014596,0.4892643374924528,-0.5098162995934772,-0.22263886420301526,0.49569661987070873,0.5261452871531087,-0.2164434535021405,0.10076994395969506,-0.21565772136663905,-0.10351606248708352,-0.33824447688902104,-0.6245080339230963,-0.39668959442097473,-0.23082074173298145,0.7059123408205616,0.4267939348033574,0.8417930353048972,0.49180826919884,-0.31331239238088116,-1.038395599640651,0.6721698099301022,0.1052096482841871,0.09939317605254258,-0.0026382933670895826,-1.3801063558183937,2025-09-02 21:29:20,B,1756848560,10s
0.4243531549349103,-0.9504459413417979,1.0445027428284597,-0.41160027411761757,-0.5588799370480791,0.6445224644232608,-0.18353413554478884,-0.20162384865211602,0.47235034129172265,-0.47606186547987356,-0.21253784383376115,0.5425567030806152,0.4379172035327347,-0.15459820665471652,-0.029939402206298118,-0.26117576862630626,-0.15076819790464321,-0.11422625591271778,-0.5124012449222246,0.06074151540867345,-0.055248181621460696,-0.10293722517715333,-0.18513341506813458,0.30039609210773355,0.7531542690456715,-0.7495753710177199,-0.7383516629004215,0.33148438909160555,-0.0018893181388191561,-0.570478088916239,-1.086830999970544,-0.8315541542788738,2025-09-02 21:29:30,B,1756848570,10s
0.3887909826411988,-0.9148122437604148,0.9851517999047118,-0.47215529539955303,-0.28244089476998196,0.859171906276498,-0.31769406059416583,-0.2105526214983042,0.5675985773964615,-0.10457458682158578,0.07619974330739716,0.9335207465012383,0.21696903394340303,-0.10443161521382976,-0.41144393457314526,0.010146475415787603,0.14346709995778456,0.032501390620370205,-0.5518926988940133,-0.17507075548854265,0.14764085271761013,-0.15337991661814443,0.5636690095036596,-0.25171083302162084,1.0311390626465227,-0.7946083145455933,-1.0228521432644682,-0.15998109360514118,1.3088956492761916,0.27822680580169246,-0.8025652169441039,-0.7138874233707774,2025-09-02 21:29:40,B,1756848580,10s
0.3817088871386518,-1.0199964713790262,1.0574923110576633,-0.4103564425142658,-0.33706706987337975,0.8510267529452996,-0.01557517405671619,-0.36615051005810584,0.4396407673780057,-0.45272916246054207,-0.1971790095602492,0.6167104094465126,0.43361932138418774,-0.0012510768573834367,0.10082480921172429,0.09906234800229241,-0.18110224583461862,0.07561454184061975,-0.45576656642122365,0.0831136944027791,-0.07311227159412216,0.4230455305856077,0.374162285596609,0.1409797491508388,0.7065836141562319,-0.3201984922657004,-0.6305574424307818,-0.0861231928440137,0.679910382696026,0.40584746811424316,-0.665882482079432,-0.6701382793677697,2025-09-02 21:29:50,B,1756848590,10s
0.3801092531544105,-0.9873704166433734,1.0052444378298067,-0.32565003370441664,-0.36052981773144993,0.43187608125742183,0.008981666853771029,-0.10846316101418792,-0.2674345638603286,-0.8691525544321762,-1.0127060219224586,0.631668227388955,-0.40370950852700715,0.44384973067170846,0.3269799415119185,-0.35426894716831414,0.7156211417816806,0.08426788165522849,0.7616511697094833,0.2547425216471122,-0.2628041455214842,0.3815595592563891,-0.21132273122876005,0.07409729212085348,0.4905811946567365,0.139025029770856,-0.16003969243564986,0.19381391951622964,0.3041044325892069,0.2636556701888999,-0.6581826932969399,-0.21903885126208267,2025-09-02 21:30:00,B,1756848600,10s
0.33198952025255124,-0.9806097515269332,1.0516752286567466,-0.45862141697525693,-0.3539662633805028,0.8232052944782997,-0.168171438319692,-0.399399716325932,0.41411782345504444,-0.41582441547877413,-0.19515806222125412,0.7210161325401485,0.4837917137129216,-0.030295827728823693,-0.00267979621204866,0.23785846592726884,-0.0480450953249781,0.124121637724727,-0.4491712282627246,-0.10569459705403117,-0.0010016631498842624,0.19968186512798028,0.5658362151636998,0.2397165889469782,1.2370513331435977,0.0358986636615297,-0.6695411463967385,-0.05855728724982957,0.7954196720682689,0.5232076472896036,-1.5396399183355853,-1.2428372180390301,2025-09-02 21:30:10,B,1756848610,10s
0.29305037417391,-1.01401684671599,1.0627878807591837,-0.32559412367706475,-0.3066069744711145,0.8510030177342699,-0.16684967973960874,-0.5109882954515856,0.4605777914286274,-0.46636533458322865,-0.16666655369557856,0.6176488386425036,0.4058251270745765,0.15001688621012185,0.277328873010163,0.20280080861477676,-0.2582559167595218,0.020570599270157926,-0.3941435314917362,0.4372066755033174,0.0642936151913075,0.6842453922563864,0.12355569322226119,0.29357100480870696,0.6536583152831423,0.21588999758859667,-0.6314821121883667,0.4008100657351321,0.38669950962653465,0.633846178321208,-0.17971026300588713,-0.864825729793023,2025-09-02 21:30:20,B,1756848620,10s
0.1885493796237917,-0.8186936244862525,1.0219837888783734,-0.48722004040432443,0.49550179819860596,0.8376444353664072,0.05358723518753707,-0.373267345924278,-0.34095180876455033,-0.9591632795489821,-1.1048315625340899,0.6963063442903569,-0.18393341439316827,0.4504499028209434,0.49604517551958527,-0.1988060489105548,0.811515367573653,-0.3227091358726928,0.616941724687179,-0.18961474417995655,-0.1564253103696108,0.6258519391136683,0.11221523622614751,-0.11515539139863035,0.7569066595406122,0.19935144669073568,-0.6106222358273063,0.40440397190782745,0.08945000788484173,0.008855377428721459,-0.6254286313053762,-1.4574829373610576,2025-09-02 21:30:30,B,1756848630,10s
0.19338258525278168,-0.7884018743144005,0.941258473427106,-0.23723815962012645,-0.2170704192073186,0.5326550767411109,0.11292853640371374,-0.3310834574463183,-0.3028275721945649,-0.8757085397123562,-1.0577438461092121,0.7485221697222788,-0.2622942658223693,0.3073929574399262,0.2312445125062021,-0.06211050784021285,1.014563371710614,-0.14256177289963126,0.7714365864499431,-0.10772635625359037,0.4338677022346331,0.2022485233320949,0.5555167824915986,0.1703059653231361,0.7360404474284974,0.5392495875144068,-0.6389243402444158,0.03803250929948107,0.5816943070725383,0.6572182113433712,-1.0205862006731705,-1.0850485574968443,2025-09-02 21:30:40,B,1756848640,10s
0.14054578382342825,-0.8826606591222007,0.9017223922057817,0.1777202269782328,-1.1076338395347636,0.4003644499742157,-0.1788512785275022,-0.6532525648124653,0.6172049741495506,-0.34521217049518493,-0.03207837135493152,0.732460495102757,0.2035301131459819,-0.0922567480012177,-0.25537920116886914,0.434767309059845,0.35091053888564144,-0.11238037278526462,-0.4858582708227281,0.9556380297202381,0.17601597155264606,0.2187113451472509,0.4947713348224833,0.3706089723877206,0.4962768945013154,-0.1800601626607443,-0.9547508734128692,1.1220265435898975,-0.14560268515987923,0.9709981841614033,0.5948687490840515,-1.7364437514732893,2025-09-02 21:30:50,B,1756848650,10s
0.16388278948882867,-0.747521037076575,1.0077658451504727,-0.0475704085846973,-0.8916935832396021,0.693083729614957,-0.5378311174528119,-0.7274852715472873,0.43102149718143234,-0.31495365642498874,-0.09539769774450159,0.9019365804279101,0.4132299774176203,-0.009715018516777646,-0.2448602274636868,0.26746376179625525,0.16326443334210122,0.37208752916387045,-0.4322553252692301,0.29414369170569477,0.14136494696912663,-0.4862281624391762,-0.330827759125618,0.3332137347170212,1.0161916009572973,-0.2790176471524907,-0.5111015647298517,0.53952324885673,-0.748298493541571,-0.37198586891835506,-1.5933629612789713,-1.406415766516991,2025-09-02 21:31:00,B,1756848660,10s
0.1338989271908508,-0.8282361485096029,1.0078327202916295,0.12483307834060403,-0.989558942255261,0.8282069802235303,-0.223433361442945,-0.8044636227839542,0.3844346742566318,-0.4402284286960096,-0.16982857937581683,0.7577050391379575,0.5237414946485835,0.08215915793482259,-0.02481200040190198,0.361656790195083,0.09858936391123595,0.854099905862991,-0.45813219896420987,0.09691252597548183,-0.03474235986266102,-0.02058201091823089,0.11970056156299773,0.12677329986804256,0.33984381533045205,0.06310013464303925,-1.0511164987505377,0.4494363345711435,0.16937417665084245,0.11082421639904888,-1.3987895867304623,-1.1464634781114929,2025-09-02 21:31:10,B,1756848670,10s
0.09114754146964339,-0.7228926539411163,0.9667100806846722,-0.0059514538544509716,-0.4527431924848955,0.9174061830771686,-0.7817170097892957,-0.7997107351961175,0.5789440565075953,0.12164673234237526,0.3310507023657927,1.2676964771950525,0.06795542696816664,0.21676318548341078,-0.4922056790175608,0.4330147197292062,0.09601214774560747,0.06169072545908552,-0.42397199023981763,0.34012557592195214,-0.09812227970242784,0.39322598673861714,-0.6635801357559019,0.3001348045305643,0.6972921853319687,-0.094687209229972,-0.6329722424266557,0.28842646059009575,-0.46487832864604095,-0.3483521294210549,-1.1103512781315898,-0.8083389385276885,2025-09-02 21:31:20,B,1756848680,10s
0.058617751088033444,-0.7265078793558093,1.0610498276005471,-0.08590992033778665,-0.2219285092671132,1.1542427900850343,-0.3394687623225677,-0.9897967499878533,0.31918940581903205,-0.4373544905325825,-0.1827417572453568,0.8591634569996951,0.6088906815415775,0.21766322517562392,0.2213012698701025,0.46159781334537187,-0.11901415894337586,0.4153019535021904,-0.3965551657767678,0.1917960325855998,0.22836155742753728,0.4104123242929663,-0.2751697503461821,0.13944332089984765,0.4674061302505373,0.3162818542114191,-0.6922768681147137,0.4628495815968615,-0.527948666120173,-0.3706807862192669,-1.0860163350982177,-1.1493482774149488,2025-09-02 21:31:30,B,1756848690,10s
0.026028726932341862,-0.6416122601016013,1.0849512601318516,0.11713558675024548,-0.15560685968516114,1.1306774991437518,-0.3902258461635439,-1.1169917411118766,0.37676367107504766,-0.4683966145512307,-0.13421676896441584,0.7998355403553123,0.44133945820307163,0.2863083402454247,0.302214501309144,0.5525404584851149,-0.33414414990124264,-0.4802601173664966,-0.28738369206574715,1.0371055037537384,0.2879380231361942,0.859783163560939,-1.225270605510188,0.30158161019888424,0.3646917181062813,0.15897293111631552,-0.5151334424723998,0.2872504369432131,-1.0444609156529396,-0.592116885791908,-0.6224383448644146,-0.5536496418425865,2025-09-02 21:31:40,B,1756848700,10s
0.018931386204622345,-0.7235356629659297,1.0501539765402017,0.15761917304798942,-0.608376678332845,0.9292165703433046,-0.1897525120082918,-1.0697399812450288,0.3789810322979033,-0.36163726706324195,-0.08297044608597531,0.8748778321466223,0.49293853076909644,0.2816233255267456,0.07883019965874964,0.5113044129919423,-0.04845747537477123,0.783763079175975,-0.33837387676238145,0.08400447623036837,0.12022060993223518,0.24000218973033186,-0.2847572183949302,0.4830857827812895,0.7781695338309391,0.6671695227462041,-0.6532899735452727,0.46023798895217066,-0.1193792876071712,0.5365998574455698,-0.7571367126649319,-0.7568788482227016,2025-09-02 21:31:50,B,1756848710,10s
-0.019163499344543818,-0.6312805223365844,1.1068205873174022,0.04566299829016235,-0.011070988275229246,1.2224099263488197,-0.7519084515163816,-1.0593094825352358,0.3297762575473674,-0.33698680450410207,-0.08292300623233607,1.0218302407347806,0.5543080917860981,0.36182994227586746,0.14110525217398676,0.48046370545627126,-0.04911445324985521,0.3767046386115058,-0.40450994533053225,0.311360869271474,0.4884054130871918,-0.18535757750868836,-0.7136396100813767,-0.5890818517471141,1.205900217105338,-0.04340387355239416,-0.5395403118703477,0.11617827256104728,0.2080767138893777,0.04352482236093312,-0.3498900351784388,-0.5025047604448836,2025-09-02 21:32:00,B,1756848720,10s
-0.040915969115672954,-0.7384158369680539,1.0393891362995027,0.4317259812357919,-0.5664776236005322,0.8781385076190347,-0.5374313360999078,-1.1105298472013578,0.5112020520923021,-0.14105771462758032,0.1550836702993876,0.997024252313241,0.21051448497924796,0.5084852511037207,0.032587061012238266,0.6091061668678327,-0.056713653694218304,0.8134458803539794,-0.28925284054769207,0.6158956495890371,0.3078200232536672,0.35857885960883384,-0.32036864094529927,-0.052791884576764044,0.32730564288054936,0.41246049679798164,-0.68540622416399,0.3524165341361742,0.025452794371590058,0.38483284730494827,-0.5410988580846352,-0.607428772621183,2025-09-02 21:32:10,B,1756848730,10s
-0.08724399092180511,-0.7067771342581846,1.0170700385391125,0.558443508118274,-0.796241862071912,0.6491899445065267,-0.24563415839408267,-1.220124725752231,0.5594689068427258,-0.17279565387319104,0.12385227751043887,0.900668640969194,0.2336900504008176,0.5759182136818313,0.12921999029052192,0.5367242081729648,0.14643806314323563,1.8106445019790876,-0.31232249785290306,0.34117738357295646,0.6830015558411889,-0.506492466853227,0.2755586731100099,-0.20758574292658738,0.6237396392464756,0.5229790709663439,0.22536436294670464,0.564145810893386,-0.1290008750422911,1.2540519651057664,0.20841260662652547,-0.7541789237075928,2025-09-02 21:32:20,B,1756848740,10s
-0.18087223243541084,-0.6915844288856223,1.0956780428339286,1.2173786373614919,-0.9163876573361044,0.3397136772025139,-0.42267364662120177,-1.335516388986838,0.7403374437540853,-0.17262903489746598,0.3157177324179048,0.565928025257454,-0.10517643296662846,0.9949936208862056,0.5284488504515982,0.19109247071548435,-0.43087556554655493,1.7336120150573817,-0.14041443744329263,0.821468028284182,0.577209062057741,0.04475843643089701,-0.9424250649328042,0.1509318982837226,-0.2694227088140803,0.4246458189315103,0.58156384638484,0.5810246248155491,-0.9317467589342244,0.5096085386273286,0.310212537036399,0.22065574231422114,2025-09-02 21:32:30,B,1756848750,10s
-0.39318880047723004,-0.533796836450594,1.0087302174090185,2.0004905036054863,-0.801333908858228,-0.45343983705920826,0.12256490195954947,-1.2647968033502943,0.8082075906984281,-0.04387399162887451,0.39105828425105094,0.3806739409487732,-1.1011016087892158,1.4243567928779683,0.4352302178438401,-0.3734478669642904,-0.03561443273083986,1.8376582098317205,0.42648751364574033,0.02163918286585331,0.34941334451776374,0.41844445491443816,-0.6637075282151964,0.7538049573880222,-1.1979457404779084,0.6471029309395911,0.7550193511830232,1.2161150819011097,-1.4081265772679847,0.012446293501517283,0.5291588136381736,-0.1122961828424531,2025-09-02 21:32:40,B,1756848760,10s
-0.6427179618304132,-0.2454738879290615,1.035390573600387,3.574467773190593,-1.0115025814899183,-1.9349952705193245,0.5257577402980372,-1.125977718129056,1.5286718212622452,0.3414514515804526,1.0735490770764622,-0.18270484458329944,-2.1500436273994117,1.7572317654294825,-0.1087488415800975,-1.1471238650783437,-0.2153335134159278,1.5287293717964079,0.38063466577489835,-1.335259549034636,0.1733071176954867,-0.13667620720198423,-0.48228356094530783,0.8118799665369661,-0.6829056443445941,0.19276998923038,1.0143846347777896,0.2912320690634558,-0.4891428207313708,-0.8790147453381525,-0.6049744963185759,-0.026559873509332275,2025-09-02 21:32:50,B,1756848770,10s
-0.8994878977855834,0.19614285532905676,1.2611343730352624,5.145895094641384,-0.8794559728235073,-3.3201277749282085,1.302584182172333,-0.6948177786636313,2.113183199598624,0.013335667405094663,1.2674158787929652,-1.082780561303226,-1.6736577553608727,0.8879520609995267,-0.6577893881239202,-1.4177709237343468,-0.6470998735171634,-0.5186616751678642,-0.10500743085242856,-2.0395403023221457,0.45419978862767724,-1.0229905696715604,-0.33663560128139236,1.6320082261047533,1.4349562867334267,-0.11760844109971164,-0.8603015141684216,-0.8961986412304633,1.5675237614463031,-0.5823623797041283,-2.2978297874140314,0.6436603827260677,2025-09-02 21:33:00,B,1756848780,10s
-1.7174592875033243,1.498795779380703,2.02400864609161,4.9256225677537,14.353682992632946,-1.6768525878842409,3.174252076660549,4.452764481579796,-0.026834217357811038,-0.3434829648066825,-0.11106287008428807,1.407371263672203,1.4454702651118658,-1.2904101365642144,-0.03181817058185666,-0.5915588100480059,0.9779701419425345,1.452611090389586,-0.4156389138430698,0.3193982923791257,0.2292252548489921,-0.17398105877634898,-0.6978560949927872,0.28410802168293087,0.46937797020753025,-2.018483619213121,-3.0165566524737053,4.785848491337614,-4.182171778239301,7.970489429690231,-3.6599763101121625,6.911198705923859,2025-09-02 21:33:10,B,1756848790,10s
4.5120374121776425,11.101387178620211,1.1891014287955053,1.3613476371803062,-5.194981091203968,-1.4767007449862575,30.671890783778974,-3.744219027318882,-1.6140228856885566,0.9691262146416154,0.5049256615779109,4.807890910835536,0.4484102176742519,1.3929247132096418,2.6755575957810076,1.1361460930082699,-0.262716041700961,-7.870604170431523,-1.5555370832470667,0.9485839204946211,-1.9399185332595006,-3.192048407380366,-2.344893033589796,-1.006828802324587,-9.185330157051796,-1.5565229252683113,7.198299814926434,0.7914225677402532,11.893557861501066,6.810949740211213,-3.256425293746344,-2.3050525837780773,2025-09-02 21:33:20,B,1756848800,10s
3.2800049762421866,-2.3247546971172377,0.03521260297727077,6.670828443008689,-3.7283708054650275,7.34827650074429,0.032460999153634235,1.5446056305831286,-0.46699916332477104,-0.726301751214595,-0.28714045283941075,0.8707734581472237,0.7170975416905627,-0.8326591450088501,-2.1384119756371316,0.5595336462795062,-0.6816237468546889,-0.38283632434102743,-0.25269655847023403,-1.8353796242678586,0.5939515278608025,0.2125383828414863,0.9565172044027119,0.2123832760239735,-3.396641652463505,0.9815283064649731,0.09407137839616926,2.9961370242359298,0.7762577197647543,-0.5253436636007529,2.119307354837219,-0.18229080367480394,2025-09-02 21:33:30,B,1756848810,10s
3.2650264840855585,-2.6576873073345935,0.3611132183823887,3.2277974665163196,0.8287771171220222,-8.286301818064151,-1.423740128378292,-1.8547316145153883,-0.8005130836398745,-0.35975865685664715,-2.0484539094492558,1.1866144875855804,1.0099624415875041,-1.0012988848967483,-3.0360052250257907,-0.45005959478633,-0.9191625451479759,0.7541649993491906,-0.16491766786245263,-0.40454574945173727,0.2017746160464017,-0.7896559859098837,1.2845503542267573,-0.8591806390806064,-1.2214929849791705,0.34901728033592433,2.609087023082422,0.9340587352206727,-1.6689489031574063,-1.911485720235266,-1.254507616665686,-0.14954997862117125,2025-09-02 21:33:40,B,1756848820,10s
2.4958291685657485,-2.1264167788111896,0.681025762592687,0.9967565978801807,0.2634418863725838,-3.7680438351237786,0.13298919171259005,0.3913752937802118,0.43870041723596515,-0.34842910217924766,-0.9467536116130918,0.44160487069380094,0.05582930813309772,-0.25537060067848294,-1.6761096715306727,2.429611705142009,0.14143443283500146,-0.05301074233186884,-0.7688123806715441,-1.3800098586887342,0.5200016421206209,-1.096507921029447,0.3877796170921905,-1.072908835566611,-1.8402152283980981,0.9640531252144734,0.16659827938239602,-0.5142290127485379,-1.9386941170910967,-2.311425748065334,-1.4952962838588117,-0.3594234401421378,2025-09-02 21:33:50,B,1756848830,10s
2.109307122221836,-2.0668833916844305,0.8023035670258619,0.03318711803244851,0.6290705964049922,-2.5002749937178255,-0.04001307346716623,1.0283356564135022,0.9250227110519492,-0.30720157675661186,-0.49954580716234404,0.22708213210089387,-0.32360023077226463,0.1926055820387935,-0.8958909582127925,3.3963349217439722,0.5350697659796004,-0.9338561185459916,-1.0504975962119325,-1.4326998643970588,0.5298869331806854,-1.0695912525906806,-0.40540101460335914,-0.41414429067060016,-2.0112341756630703,0.8769881960600312,-1.522717524141751,-1.5910709327084342,-1.9181120747179194,-1.055179316546648,-0.5962131235060655,-0.2524415157540771,2025-09-02 21:34:00,B,1756848840,10s
1.636045912126612,-1.729526770352483,0.8500005717607386,-0.5681358939473261,0.41559786731343684,-1.4915766817067073,0.8335627186140966,1.2899741680143746,0.09868085857171886,-0.9173117089232635,-1.1780744033423811,0.2669003534997576,-0.6869013969296712,0.5156395714608354,-0.742239231078198,1.061437400170666,0.868910314806363,-1.0211249796997792,0.4480169455510912,-0.5257716589827235,-0.3482444433416166,0.3704071932678146,0.4838285201960932,-0.9446594742754886,-0.8895567871080325,0.875258301464269,0.47145346182029346,-2.2318484656052173,-1.2987701336568753,-0.28132424414817686,0.6747742258615957,1.6272651177527582,2025-09-02 21:34:10,B,1756848850,10s
1.3290423549166326,-1.6785558455066345,1.0153168297805306,-0.8643990514725656,0.4401240118832062,-0.3301391425934093,0.4900502206392677,0.8782972153822448,0.7410106579993277,-0.7318386541615638,-0.40328451557558614,0.1463082665721688,0.39002684432473966,0.3277162165615521,-0.43686841842324964,0.6828090916017996,-0.300723379091492,-0.855468894241708,-0.6642782383569639,0.09598065915395035,0.006249669104035818,0.15028343800856364,0.9955985807710993,-1.1492988260454378,-0.06065871363967269,-0.08495568574388918,0.7513193783168585,-2.1538702043161497,-0.9786065083463342,-0.38864184223473475,0.8512948190039313,1.283564543864802,2025-09-02 21:34:20,B,1756848860,10s
1.2258781305580135,-1.5472226073233928,1.0626722312707955,-0.8950240898894181,0.33180006554927927,-0.23352594312333588,0.5257839251358288,0.8994372648671768,0.7748438413378159,-0.712443046955722,-0.30139248525323825,0.14805271318189336,0.3747694264387241,0.3818430308309761,-0.49415544984502324,0.21256431889724067,-0.4715571915827178,-0.9559055005463692,-0.5670588807189257,0.243993328648724,0.12161595737215179,0.1528877471461955,0.7156487036940782,-1.2920463782117433,0.31965862204599993,-0.44619204887829,0.8262937956952864,-2.181458069581586,-0.16259686651822172,-0.16206987898395053,1.4925165273453314,2.1612087819381,2025-09-02 21:34:30,B,1756848870,10s
1.1433671069924045,-1.4471401677478286,0.9581020708856491,-0.9406785704456789,0.08555651817429556,-0.06943713470345496,0.6041277653587293,1.023484290113266,0.9226875382305016,-0.27708250011347124,0.09366310757954519,0.5439318180095155,0.14287744129887714,0.27159369572788317,-1.1629704838175365,0.17470900143357926,-0.13979712877892353,-0.8501991565198544,-0.5954788674011208,-0.20805837177750175,-0.04023091952788878,0.20236528633199655,1.275061799961558,-1.0771921938036573,0.698334399904657,-0.4017978027334356,0.45905439033889817,-2.2034691544871396,0.4241383897918623,0.2878575669015954,1.160304137812773,1.8009165770714308,2025-09-02 21:34:40,B,1756848880,10s
0.995551278077577,-1.4252447476790786,0.9980384487069782,-1.0276800139357296,0.6138256297359408,0.3763605080054218,0.4202654715557775,0.7305969395562201,0.9412233969978538,-0.2786716475742494,0.1752961090779324,0.510704881113613,0.12121109653114773,0.6106880590267928,-0.645789458804822,-0.09706646948447999,-0.4956907189032182,-0.8273812462410947,-0.5655021493272828,0.21876921550994574,-0.16880093963383805,0.9568359693576569,0.6778277884445678,-0.6578660978242117,-0.05127592222351727,-0.4735725251536569,0.33525815070765,-1.1977474053824715,-0.5743139745996211,-0.7347521044241956,0.7597246548732571,0.8863604654569437,2025-09-02 21:34:50,B,1756848890,10s
0.9341778469909331,-1.2522712472394857,0.9606921770368061,-1.0232576493576624,0.3383136557439501,0.027861265484630027,1.3794284690702208,0.8358847831835166,-0.05327441380514979,-1.1326043445670089,-1.1188702834572548,0.30636617788121917,-0.11577535596184017,0.6260608076808416,-0.43787909547498005,-0.4112534035790125,0.6968776451875094,-0.3857616208004284,0.5763705371380197,-0.8189190081080044,-0.3891080859311391,0.4021175072077288,1.2337581292129545,-0.4220299229191581,0.6029419368694658,0.19417257883497283,0.3227407278073359,-1.405320762412432,0.05568917832492112,-0.023718791338766823,0.2805093943282799,1.0224633675380952,2025-09-02 21:35:00,B,1756848900,10s
0.8456126528949997,-1.3321782196077288,1.0616245709122167,-0.8773862687929834,0.25140585127799453,0.416295877849274,0.4625410601844808,0.5502718332337093,0.7175860156180838,-0.6972244635026119,-0.18296545031429515,0.2705233834336203,0.5414306483524208,0.4669848234163876,-0.3497117573071503,-0.19001538053795888,-0.537310068305859,-1.0655632081153927,-0.475818299876693,0.26222689958420436,0.10451772656710576,0.6346774531454545,0.45429260048330483,-0.1954249043597906,0.47618737163938035,-0.3202922882542349,-0.167002607382531,-0.7312721261334615,0.1626528854519281,-0.3419353303326153,0.6799793093211659,0.7386729672522511,2025-09-02 21:35:10,B,1756848910,10s
0.8111738328142155,-1.2285108728379424,0.9554488405583264,-0.9084611376646436,0.27274462715894754,0.03570462920166239,0.5857167026345346,0.8745679000368436,0.03092441564181512,-0.8307276589102837,-0.8134531703012798,0.5591450331545089,-0.3187883185294324,0.7999670998187605,-0.6067979282270543,-0.5941508662317796,0.6764148047105523,-0.530766761788044,0.6392667426567687,-0.7205267459605049,-0.2750225381117703,0.43987880952416347,0.7501754489101714,-0.24048865106983078,0.4915521792654913,0.13792504324796803,-0.03540873451664578,-0.8846247111230879,0.9710065741314475,0.3300698315525751,0.5728565084421949,1.1650599747772992,2025-09-02 21:35:20,B,1756848920,10s
0.7571518106809062,-1.189646753752536,0.9618057368277373,-0.5652705734876223,0.05229399942744668,0.1512640527246743,0.5819834447236619,0.6003277585172658,0.07582513227913663,-0.8910284565995603,-0.8277066971163292,0.4504969593886834,-0.4885060783826448,1.01153348665395,-0.20297301000319326,-0.5690236292836105,0.48380894744603176,-0.5901561748338134,0.9000473203330118,0.6074852550704212,0.68790125080459,0.21129561893941834,0.42397398393347735,-0.3001665754506587,-0.6508712740999149,-0.6990666243910689,0.5822690811324858,-0.815767852738004,-0.18478473345918595,-0.03820935447612595,0.7949912864780586,1.202380068840618,2025-09-02 21:35:30,B,1756848930,10s
0.6920620283676215,-1.0941614927507528,0.9340158945234299,-0.9274447338616691,0.22641561716844336,0.357014684779096,0.2716056704804394,0.5751380214063189,0.432944818404637,-0.36793584649006084,-0.17151548240680697,0.8353393976261072,-0.02404939246285419,0.6524800727339345,-0.9176205267908658,-0.34855127513080925,0.3392273713568842,-0.5898437534026217,0.06357747455654916,-0.6564432316360251,-0.08800571050659661,0.36026517381395357,0.38259246621869286,0.054403461033645954,1.060063912087696,-0.22497091817387763,0.169538167526615,-1.0334171651928619,1.136373400909267,0.7217612221286144,0.6693833795668447,1.2429773798706214,2025-09-02 21:35:40,B,1756848940,10s
0.644855539424929,-1.1772236547058426,0.9864095216992699,-0.6914551629793377,-0.11840414275626934,0.5309325103394432,0.6447584894611571,0.23144299515328615,0.7123815888204017,-0.4474758544790872,0.005944010846427331,0.567987862354101,0.5203757619861873,0.4717355608264016,-0.7345028777034263,0.024331928739211934,-0.10637233798206369,-0.18725303007306135,-0.506483952565633,-0.2823056703818429,0.013480036486726514,0.436935701292348,1.159883023732129,-0.0375076084004379,0.4577466430641652,-0.5319090082018461,-0.5723329398195716,-0.8042972339951933,1.0899050258654979,1.159468478125754,1.3389518004801797,0.5650063412941208,2025-09-02 21:35:50,B,1756848950,10s
0.580563270345362,-1.1232733432569761,0.7859166202565351,-0.39795972772782184,-0.5081453266237529,-0.14269619510971726,0.313295508008176,0.5373661171737283,0.2576339230256972,-0.3936200017696129,-0.3845389746746303,0.9161219311750698,-0.7808067558004623,0.844809174436903,-1.1275531037324296,-0.3367407183416348,1.1792293653983044,-0.4285623059284354,0.6062825312781814,0.32846632161542505,-0.5430708945890405,0.48632405425611963,0.5587361482534517,0.15470843792278796,-0.0997581180088049,-0.33465823897743074,-0.3444677835895033,0.5281138186296409,-0.4807665219976553,0.31484312027895023,0.5700755799089051,-0.7302287277148557,2025-09-02 21:36:00,B,1756848960,10s
0.5948557479500938,-1.0723174837297733,1.0145613103771796,-0.47859609422862226,-0.6905213624479569,0.228411925795262,0.16961370899794778,0.1847305615146819,0.7018022857850382,-0.476382267697059,-0.024350684782331676,0.5464402284152556,0.478034496183835,0.42600900144973847,-0.8507860736274665,-0.17352603223000926,-0.1334649586029024,-0.47562666430836986,-0.40298625438796354,0.312333783770246,0.1061718974898349,-0.35421302911071506,0.05782406943193213,0.4378505189924278,1.0433302634725614,-0.4783872968557002,-0.5944994176475179,0.4252394678295602,-0.44182161497327704,-0.7824794287242175,-1.0254075212629,-0.7574991416816921,2025-09-02 21:36:10,B,1756848970,10s
0.5663755919525791,-0.9526617329557381,0.9722927043547653,-0.6587107589939913,-0.20351225977179938,0.6724170345547894,0.8698420144987751,0.15178943190657607,0.24454713396153874,-0.626107327080983,-0.4390268911965004,0.722323717488132,0.25262980109959954,0.6263699472186102,-0.786120388664901,-0.24053107878670252,0.44829172187770816,0.15775666012431785,0.10367929277630655,-0.5125949693681656,0.019656467404987547,-0.18345262371361412,0.6057365018594159,-0.08051626884547058,0.8153219085021649,-0.22947627561154874,-1.2528224703385749,0.12632720523515092,0.8631150476607646,-0.4223154969860157,-1.0024445229797834,-0.3255180187927393,2025-09-02 21:36:20,B,1756848980,10s
0.4988197629319006,-1.082398659327492,0.9611835687000594,-0.4638643517853369,-0.23346715700052095,0.565460422167349,0.04057260488010162,0.09465340644625712,0.7616502287001887,-0.19352181321363804,0.23717085062790497,0.770835646024644,0.35827043983563667,0.6305914463392951,-0.8782282286842837,0.017290050745986933,-0.0936004327943463,-0.2701968589701776,-0.4277337470348912,-0.05731590381785969,0.19783039580307687,0.3851176666800902,0.7022948469633814,0.15779309677498773,0.44601878685221447,-0.30701463349590113,-0.6811280575340124,-0.21467996267473283,0.7710162656052185,0.34014060408896174,0.05620071617979014,-0.11990793991061754,2025-09-02 21:36:30,B,1756848990,10s
0.3915247973321868,-0.960418471888404,1.0690047244759495,-0.6868861744456408,0.47623570605938637,0.9160092128640334,-0.05365406298885954,-0.17981146904134057,0.5618031742988712,-0.3806100296226005,0.014178892582550182,0.7643367746153773,0.6558338621705778,0.6678937569483975,-0.5801978455748529,0.11686466506088597,-0.2079768060590088,-0.5298438640781249,-0.4402699330201592,-0.4281545609289447,0.21139775776311243,0.38219911209644974,0.5779395230436432,0.16694360560588148,0.905825543887715,-0.6746767625637792,-0.5626783857627653,-0.7997111664612114,0.5221032205208016,0.08417766933464148,-0.2738553033919436,-0.30488650960472763,2025-09-02 21:36:40,B,1756849000,10s
0.3996736713189588,-0.923326727610046,0.9958277633323807,-0.5614213792627458,0.23350113448751358,0.5875549944923062,0.03148783444242537,0.15199614705884176,-0.19431852555610712,-0.7854795411515223,-0.8222237028057559,0.8368820634489339,-0.09429905903704194,0.998301416146479,-0.56994855470438,-0.22373450192069272,0.9465253562441047,-0.14173575964864157,0.6763673300751725,-0.654625096533951,-0.13761819272038,0.042790016254381946,0.4719288864870325,-0.3335527766180661,0.7162578548209031,-0.5359611725859651,-0.5146049857535683,-0.831944773479192,1.3376492301609906,0.7095181543415919,0.06193345651951564,0.4027798064750322,2025-09-02 21:36:50,B,1756849010,10s
0.3817419421057956,-1.0100127352668338,1.0489804494199375,-0.39594877601462863,-0.10468514475013976,0.8092830100934626,0.07407357417612516,-0.2883298882924747,0.548914537755046,-0.45386013680861553,-0.04831837574229414,0.6825512173078053,0.6404687127219164,0.7072074481975695,-0.5514290402849552,0.3606456273164539,-0.03909426407653902,0.05890685261406227,-0.4004055517626843,0.1028061239567805,0.3321752398726309,0.06200085276341421,0.9108000808027465,-0.24070541525754874,0.6890601105672778,-0.547811817554759,-0.7228936237431608,-0.5075431688759067,0.750524287904971,0.6453785763386453,0.05295927944633595,-0.3607206308889918,2025-09-02 21:37:00,B,1756849020,10s
0.3647760056428052,-0.926623871123201,1.0132992721792302,-0.4057629794333577,-0.009901797129392598,0.49541666031831183,0.04909455281619291,-0.029578826248294266,-0.27508019436347914,-0.9822592936530594,-0.9917499325275615,0.6705387547417474,0.04452138582018429,1.068065107312909,-0.32959521718485,-0.0834826890338939,0.969832068623898,0.2438662425225239,0.6622986967382415,-0.28258773316963315,-0.1669438215751448,-0.1492796804412731,0.3222498630055287,-0.6944838626460836,0.8919760763454331,-0.3441647060388381,0.11230322584960793,-0.7815988050375219,1.0695513728567747,1.0577467912125065,0.5199839516201423,0.6224327982802429,2025-09-02 21:37:10,B,1756849030,10s
0.3225517242256225,-1.0210422867932802,1.0740823337313794,-0.4284296549735671,0.10293913377665251,0.9213084181580238,-0.04484013823816423,-0.35847346624068266,0.48422311323851774,-0.5512877363454267,-0.11820401556153431,0.5858634123786238,0.8022110947491872,0.836466847785363,-0.2692663669726547,0.2970502674793477,-0.16160435136123047,0.23830068914198133,-0.4472311684448646,-0.004844729887631927,0.24148936261336215,0.28407529763694034,0.7343312245629775,-0.3797797438219073,0.556265858523138,-0.3351362346560314,-0.5257780588979672,-0.23048778113729637,0.6832889823422115,0.5061345443907165,-0.030740408153060294,-0.5960842907234575,2025-09-02 21:37:20,B,1756849040,10s
0.31172537855346116,-0.9703535715873483,1.070564079457934,-0.34653321130644654,-0.2647536155447717,0.671577510221815,0.05246011919708345,-0.40501369553246924,0.44416312341896574,-0.6011630962467956,-0.16781828403383195,0.5564347964229297,0.8407740403160624,0.7286716561888746,-0.39475419123017264,0.41257846039077317,-0.12182345631531573,0.08170789032910081,-0.3650578487317989,-0.04144239686269051,0.21384139896025908,0.21077169331453863,0.46595489468317164,0.1333874365076642,1.2070415280934008,0.10007246707630717,-0.23302917415879537,-0.4810959229216322,0.9800403943679024,1.32425751448249,0.3201082764057091,0.002276328979682139,2025-09-02 21:37:30,B,1756849050,10s
0.26990390320131713,-0.9080733290282785,1.0762525512863919,-0.331974980907484,-0.0497879599247702,0.8800029285580419,0.08349263802865359,-0.5029526949826091,0.42195957140643264,-0.6653614153613023,-0.22050841062620014,0.5218341931129181,0.9123515438035579,0.7847974993039067,-0.23503697453848266,0.410686567772267,-0.09836647614387836,0.18123029724812834,-0.4121349822982108,0.11386962071921344,0.4865475352329887,0.06667851155263695,0.5024357137057092,-0.40529284153769557,1.092293575804497,-0.04104912863399953,-0.3499508395056193,-0.21326490326263092,1.1900708555363713,1.204404005952097,0.687674959611159,-0.11940471451757513,2025-09-02 21:37:40,B,1756849060,10s
0.1550319101958087,-0.8092439304657523,0.9627584555407975,-0.4902079676930677,0.7280031066018292,0.9511135413869278,-0.07360577120512007,-0.29175164501634376,-0.23870834428726004,-0.6763025936161408,-0.7315621266277402,0.9558198999402524,-0.009979851233164002,1.2543684090415488,-0.32084248057102827,0.0442010611290251,1.0380719411781376,0.21428212809535654,0.5889583805075516,-0.6419555160665472,-0.08635961620453501,0.4470258646266029,0.5290796097962157,-0.5447160685401682,0.23648895837640635,-0.10615798151630669,-0.32905668975479707,-0.1369968327576889,0.47032586734334847,0.5640117326675737,0.485611516493455,-0.5420670774013346,2025-09-02 21:37:50,B,1756849070,10s
0.13178726921808154,-0.7562839030984044,0.9516825431127591,-0.3264883013791725,0.2635107826865219,0.7366589531314172,-0.10572354721786034,-0.3834838264280298,-0.26331506633759105,-0.7287833871673807,-0.7638868127717339,0.9171264915276366,-0.03412527385792016,1.1516617424941014,-0.39626048846441564,0.12878501047168434,0.9785773913597257,-0.22298768868605526,0.7314109511423313,-0.12533955263824156,-0.13043992952262254,0.6864885257194638,-0.10669522271758285,0.2636599115164797,0.16553321331294765,0.097366851979544,-0.42890405833460243,0.1026540581128387,-0.3065273433612434,0.40127811665299973,0.357648736720269,-0.3813835209129561,2025-09-02 21:38:00,B,1756849080,10s
0.12182895129153876,-0.7273263324259706,1.0105008934988506,-0.20938474410427055,0.08689434252780699,1.0317334600112986,-0.43428275171218883,-0.6762516398489243,0.545216479713937,-0.18376683036164768,0.2134392553003804,0.9257433054804527,0.6119186007718596,0.9196625268415045,-0.6428491539431862,0.44728408218215576,0.04599186482418338,0.186700422546086,-0.47876391779671096,0.06776654817778359,0.16588362513743457,0.2186327459469231,-0.22763160832254054,-0.23496156525518694,0.7699511893540391,-0.3191655224372692,-0.38054418131889434,0.0922318567154004,-0.13719816900113743,0.08660704226368839,0.15338826963026606,-0.4047110283904015,2025-09-02 21:38:10,B,1756849090,10s
0.07675612230019442,-0.7963566343910602,0.9128988892064455,0.22865717686871329,-0.7487142076936025,0.2710672471884805,0.1793225362921334,-0.485565965092986,-0.2863085864892009,-1.0586838051434526,-0.995351942955474,0.5418030328239695,0.08393673603039735,1.0337943120106539,-0.31705159274652756,0.19479365907478088,1.204950040478051,0.2054995078198705,0.6806432418881406,0.38698289587179596,-0.2648715206437599,0.3075225296753311,0.06291980692208869,0.11641945497340549,0.12664134059945545,0.36310158542962295,-0.7916951048624489,0.9717265119135802,0.06970640373924426,1.0945288028273403,1.0968932867920729,-0.6453138606671303,2025-09-02 21:38:20,B,1756849100,10s
0.037822031898378246,-0.7267212094193208,0.970634634003011,0.124388376996298,-0.6200277983130377,0.6660001691436986,-0.08947881337327757,-0.8537997915466004,0.4859698938515355,-0.4019732244300279,-0.0012706353242665554,0.7005137153165394,0.7416337111564202,0.7858488058333536,-0.4615433672559775,0.4777117243573755,0.12357443573403702,0.3259857394809308,-0.25040444986563754,0.4857011670232983,0.9956206596360244,-0.2061151938986411,0.28983274047605123,0.6768303548432727,0.43373423503046704,0.2660113344752675,-0.5696437037101016,1.154789343750225,-0.5739198654291093,0.46156560477885955,0.26413329373571,-1.2898040580558814,2025-09-02 21:38:30,B,1756849110,10s
0.03122874621596086,-0.6122494079048674,1.0446315282122298,0.0051202411317807185,-0.2644231779429257,0.8740507272765745,-0.1463026011616742,-0.7219255665930294,-0.07639549157734546,-0.7537961956639886,-0.5637195404060075,0.723267575298718,0.6421516912088325,0.9434744851341967,-0.3663082533167778,0.18603850356333745,0.4616500413667356,0.18347455649731445,0.23175250455939864,-0.20306217468676258,0.3023192388855516,-0.1854658022044735,-0.6010574472609491,0.34161074628385746,0.8736481678852416,0.312103895676569,-1.0310927564049277,0.7269546846056232,0.112305250259267,-0.09025192655326361,-0.45593712136938547,-0.5913489260153086,2025-09-02 21:38:40,B,1756849120,10s
0.007662320912447344,-0.7064851825629238,1.013774019741169,0.15634861613636492,-0.4213175255689813,0.964778373669079,0.061057837304161124,-0.9027468178434285,0.3912837138607641,-0.3999895363375328,0.002072525781182286,0.7110867173364755,0.8753755316575189,0.8846055139104007,-0.4232061966431682,0.5089096232926803,0.01160067149898276,0.6671811299872286,-0.2750917416817876,-0.13782661710530605,0.7385685576289507,0.14492412866482554,0.36965305873667886,0.43327129613906457,0.3173785643371877,0.6019520408619107,-1.2644153987695108,0.7067341617738426,0.7315859774002288,0.681681911921773,0.04486293612886383,-0.5971160944690739,2025-09-02 21:38:50,B,1756849130,10s
-0.02030625501749875,-0.654752515367519,1.058500186242443,0.12832285770137422,-0.14403388302964612,0.8158510402440734,-0.3227964314584397,-0.7825648773535002,-0.049289796115622994,-0.6597103999619309,-0.45210166803039814,0.7192873962422792,0.5574399051140028,1.153681026660863,-0.22067292217760381,0.2654716514286258,0.307002310194967,0.24621632059573587,0.3128124827897004,-0.13410791421054552,0.3604634855363583,0.22870993628020625,-0.6831112725434428,0.3691176066152683,0.7765959600073986,0.7124991369917042,-0.41209081625087446,0.3713985765152423,0.4030417879283489,0.5314121176799377,0.08879592544709443,0.09684859207442655,2025-09-02 21:39:00,B,1756849140,10s
-0.06770134922347718,-0.6503208970703189,1.0747585276773153,0.17023097212516616,0.15211511259046628,1.147424493604398,-0.14893277142792327,-1.0403396867716188,0.4120434487897231,-0.266464588044443,0.15215563159490866,0.765295943451474,0.8123232089519519,1.1992302392173921,-0.24658994305200518,0.46789894889094474,-0.17182974280649796,0.961886837277544,-0.34744904028723506,-0.3429039695084163,0.4530644061320374,0.40644708120501677,-0.16684501292247933,-0.1349568587812303,0.3670479146986849,0.5099426380886545,-0.5579524075685659,0.4546037338555501,0.5327362160449154,0.6745916930205788,0.708093338468505,-0.04636943694977782,2025-09-02 21:39:10,B,1756849150,10s
-0.21181987963898036,-0.41958900515106407,0.9859255329107436,0.017656284908252294,1.479077844811882,1.2544579172575687,-0.5363937936558383,-0.7785155434522146,-0.12209664566993175,-0.11287716282558584,-0.20147011240214519,1.3301234307871945,-0.3677903934921941,1.7085461157388617,-0.4062257867422645,0.051554212761911175,0.9109870204546254,-0.010211151182636102,0.8100457607148736,-0.5944930074408526,0.9069418947144609,0.42795092897019055,-0.2705925669658383,-0.5231035336296931,0.16920702172662283,0.030636051616203412,-0.3513216340769506,0.5337859056742715,0.198585270224608,0.3053529325475289,1.6521212890131542,-0.23835977156819965,2025-09-02 21:39:20,B,1756849160,10s
-0.21409823948526513,-0.5940858657198439,1.0904258724473292,0.8598488821333468,-0.2633057066547769,0.5881628794303871,-0.3224378454629896,-1.1970179860823846,0.6006966123875856,-0.2722166882787283,0.2835776248908883,0.4795404812538767,0.5104297101623912,1.4413880442603575,-0.044701838990716544,0.2915525885978274,-0.2643357990695616,1.0670402415507552,-0.2568606961102643,0.3354445626771552,0.7036401928766335,0.10717134980791851,-0.6897086685354077,-0.09421728145427423,0.10667145702632702,0.14146398837808044,0.1295010709366545,0.9356944139974014,-0.11611314023288408,0.9756411174498817,1.9714959450866978,0.1689176807768149,2025-09-02 21:39:30,B,1756849170,10s
-0.2690601439987669,-0.4606924945805693,1.010069039455907,1.1962291429289558,-0.2735202897917067,0.17148909828379588,-0.3366504463369195,-0.9008669538885768,0.0815638098187318,-0.2695222599415966,-0.13101407589057457,0.6889082364727254,-0.6563399139466282,2.069398542336337,-0.14208197805609896,-0.4604073849929022,0.7421650213160864,1.8846641000356812,0.9158410973708714,-0.23843949152719834,0.5592425556107598,-0.5739986729486843,-1.156218330108151,-0.37256394360501394,-0.2886088723895659,0.13903259968160983,0.6559107947575537,1.0049620558575283,-0.031273514965290766,0.7181488299914706,1.6208065488336472,1.0051270442395075,2025-09-02 21:39:40,B,1756849180,10s
-0.4396146026674628,-0.4459658602564189,1.0763142227861404,2.4240513013242904,-0.667918640511447,-0.49043152344028196,0.1843544750489787,-1.3011897926884877,1.2893244885067028,0.24982974101437072,1.0722534125372822,0.034063950104954215,-0.5955863603321617,2.0990877870973943,-0.18819581332149551,-0.37096198609769265,-0.5669230418384921,2.0262635084119345,-0.1364926446930419,-0.2424487829549563,0.9030540858312759,-0.19811040874177274,-0.4108671758954547,-0.12491320209003637,-0.9310539136631416,-0.19164921451542544,0.6948103911574087,0.827708082732615,0.20231720924262428,0.35680137334478385,1.6125279365094598,0.8451126955711319,2025-09-02 21:39:50,B,1756849190,10s
-0.7756224219733506,-0.16433334282652992,1.2218345423654022,3.8757655477042117,-0.3984920930585941,-2.0537771709982735,1.4031317213689434,-1.2238409603951232,1.6087922014398062,-0.2509355911091909,0.9060888509332592,-1.1535532165014324,-0.8166124490321856,1.8801933523751968,-0.23446870074713286,-0.7346372895810676,-0.8676459682953378,0.15844040514841004,-0.14854642992523057,-2.2899993499290314,0.6256554228236767,0.2095381769908685,0.8970359875758495,0.9883431698286201,0.3876203506372644,0.2483096241250375,0.14275344499689985,-0.36910586114176736,1.4905843400080112,0.31953056194002455,0.30206441912379983,-0.43502578554225163,2025-09-02 21:40:00,B,1756849200,10s
-0.9268580970667617,0.2782442190606456,1.2806380192853049,4.903184477042379,-0.40119546465386746,-3.023217322509661,1.3714429464136786,-0.6506847945886471,1.5237593673199696,-0.2383655982468746,0.8435878455076843,-1.2490338356494286,-1.4845584381741566,1.870289711608025,-0.7906947122614661,-1.7242885027850434,-0.38219401703145184,-0.30696946236366246,0.5339369073412806,-2.9451190637323066,0.6838587067919544,-1.0701916668972487,-0.48226283244825163,1.5085112551927848,1.1340755810461611,0.06950515062522807,-0.5752180468575017,-1.035422566609361,2.495237853190873,-1.386726364737574,-1.3288540737236236,-0.07979815828511802,2025-09-02 21:40:10,B,1756849210,10s
-2.0714846674420913,2.0297365076485288,2.5758310820366286,7.274382931999329,23.36222045886995,-3.8804892762626277,6.507765321448949,9.46867635817551,0.3103046125722965,0.21021707355978045,0.8327489911086324,2.4649987898025603,4.725128521577102,-2.9330555235857876,-0.24346460727161867,0.5050335503582802,3.642465858438951,8.850924899921628,0.40842027315331814,6.956850231820584,-1.054746644365897,-1.3101596307999979,-1.7893152316935776,5.196395612287228,-1.796059737970481,2.3878752634733256,3.1218681334268115,-8.037909981418498,9.144182387097082,-8.930338115187611,3.803924841442589,-3.9521766213705756,2025-09-02 21:40:20,B,1756849220,10s
