reduced_feature_0,reduced_feature_1,reduced_feature_2,reduced_feature_3,reduced_feature_4,reduced_feature_5,reduced_feature_6,reduced_feature_7,reduced_feature_8,reduced_feature_9,reduced_feature_10,reduced_feature_11,reduced_feature_12,reduced_feature_13,reduced_feature_14,reduced_feature_15,reduced_feature_16,reduced_feature_17,reduced_feature_18,reduced_feature_19,reduced_feature_20,reduced_feature_21,reduced_feature_22,reduced_feature_23,reduced_feature_24,reduced_feature_25,reduced_feature_26,reduced_feature_27,reduced_feature_28,reduced_feature_29,reduced_feature_30,reduced_feature_31,datetime,direction_aggregate_direction,timestamp_numeric,time_window
13.886655024801186,0.3443789195087225,-2.2932554335306516,-7.851517055180084,4.776919908909223,3.4880506844009385,-3.5751129496750185,0.776059620930647,7.476495734976496,-0.7940122872594017,3.979117543193822,-2.39093883006469,-1.2871011157395447,3.306860909009488,5.753028223370166,0.30817837951086186,1.341315413711877,0.6935510897148224,0.20616379787060204,-0.3181922817355284,0.8516536618673543,0.33507365847760684,-0.4893349616652476,0.2942598178553903,-0.5013805159386603,0.5875330138092834,-0.607423755756302,0.5837114886292892,0.7020514252246087,-0.40064884845997806,0.1806832322164031,-0.07371198816400253,2025-09-02 19:28:00,A,1756841280,30s
7.07508310521577,-4.826477519855647,-6.778622707848144,-0.6964337751250324,3.117985970300393,0.7860954781178338,-0.7535641582237195,-0.733208096436941,3.9650004348543773,-0.7095815758003781,2.357733103696255,-0.7595269921503387,-1.2146932648562652,0.09712021179332285,1.2588680122643876,-0.3612742659546686,-0.5069968128549189,-0.8351748800908645,2.694006477740497,-0.5158577224003681,1.7061452785746047,-1.5464168790565793,0.6875718644225985,-0.5219840889742845,1.7934410003445111,-0.9243463822730859,1.171943404948876,-0.48864014517421595,-0.36512152485487287,0.6530722644185871,0.06298448209828555,0.03535829891556426,2025-09-02 19:28:30,A,1756841310,30s
4.315427752814775,-2.6004487825791793,-5.18294315730872,-2.9154707334747987,-1.2850618608531235,3.7606526292163958,-0.07428611005926082,-1.378542895272635,0.22918507266145774,-0.330508433341511,-0.14265019614960578,0.03517245890255809,-1.5961369913542989,-0.5288038700171056,-0.07101025719412819,-0.3254069712941371,-0.16301008143049855,-0.12935040613791218,0.3434666922897883,-0.5632838713348086,0.2487688590104222,-0.1771378535809379,-0.04287551714061574,-0.2667929230714572,-0.45178212762213127,0.039121948850207276,-0.5742484862581115,-0.5798227350396752,-0.6119365909828014,0.18789587645445502,-0.185364438058259,-0.23917562286763977,2025-09-02 19:29:00,A,1756841340,30s
1.8268492998037142,-0.7112204537861433,-3.2528268766092814,-1.4611733734105758,-1.1736674279123651,0.3851141854739527,0.4056174228112929,-1.4216754918219696,1.7462479141055258,-0.5611260485306329,1.0883702513687916,-0.40707347922622283,-1.1877566366426604,-1.09045719643659,-0.8237087591791656,-0.6122171584195324,-0.36528419432719905,0.02665585405185295,0.0025073253609953702,0.5374976190245838,-0.20775322534265436,0.14508582335762052,-0.023789478665284913,-0.3339080871138231,-0.3343062589978607,0.011792211603976017,-0.10605655272726315,-0.367232924504556,-0.07318594230953337,-0.06837781143360017,-0.20173277287513722,-0.11763883151219427,2025-09-02 19:29:30,A,1756841370,30s
0.5723622970812737,-0.19414223894729832,-2.473066530610027,-1.0240047328029234,-1.2857570013377169,-0.2830516621399531,0.09796254504233076,-1.5128569434492658,1.69443026862659,-0.5253579488093377,0.828906669847876,-0.30473939713054937,-0.8513383433116272,-1.0979904142293426,-0.7291584287043132,-0.3626336675286653,-0.18361149203717916,0.1800179947207219,-0.17556835448488328,-0.5943380836040205,-0.1317476712539719,0.30316458278199854,0.1400554867242566,-0.38210504142506196,-0.40311353400019323,0.16808051324234533,-0.08023613559413317,-0.3470219232687717,-0.06597291590849866,0.030479700497861674,-0.14306544183230918,-0.05387305626969718,2025-09-02 19:30:00,A,1756841400,30s
-1.2572458226402556,0.13268807693521323,-1.4194540675873062,-0.39485493578955905,-1.1107138025098102,-0.8303522473598265,0.014580881405427145,-1.4167828580564192,1.0723481429212995,0.020667790884494004,-0.16641978261598503,0.19391872157497925,-0.6467267419711555,-0.022385397410102818,-0.5328789055295053,-1.1928500161262547,-0.6090372546718744,-0.36416602766486017,-0.5927572977020121,-0.025778110102850794,0.20526328904446178,0.20302771514684775,0.17603058491509796,-0.1274374493024088,0.2133548966832576,0.2235701018732852,0.08878177036342452,-0.21258486718623856,0.4251883402746069,-0.06344143396509622,0.0012894140372182441,-0.11826400091363962,2025-09-02 19:30:30,A,1756841430,30s
-2.2413001630468057,1.3181772157880973,-1.6346394464968224,-0.20776832258696584,-1.0542134506834067,-0.5322969780658295,0.27067758731650204,1.6958798283611067,1.3824385191498643,0.4691793784610169,-0.3009928435260148,0.9829567497935113,-0.8659912946903807,-0.9680177155757062,-0.035536474587827986,-0.3721252051442646,-0.020060230823754455,-0.8732092315017986,-0.5438667529200414,-0.5542370924323469,0.6538952622077717,0.38544235755578704,0.3790787924723429,0.07689422359951592,0.1477881309348903,0.2200133522976491,0.06304552552216582,-0.196074440688082,0.2003087072483745,-0.19243009081472576,-0.11475163055990886,0.015857541544811914,2025-09-02 19:31:00,A,1756841460,30s
-2.456396881243193,1.3233068972437858,-1.1069104774491976,0.33706432964918065,-0.908015616263677,-0.7648214701062092,0.26952999850570203,-1.5136605869938007,0.8185625810390447,0.13436839896041106,-0.3651776606527277,0.47002587414304753,-0.9559923943943929,-0.027801109591922706,0.10903767688134416,-1.0153225186573818,-0.45012953058981053,-0.5714493551576214,-0.42779450999495805,0.26273802985523304,-0.010140964698285607,-0.13999074759641786,-0.13199088206750287,-0.12516485320643,0.13861394696793727,-0.019330330281039327,0.13005193562117354,-0.10582546610328278,0.13189646645648473,-0.21486094411271933,0.08354031985699853,-0.026304160087104705,2025-09-02 19:31:30,A,1756841490,30s
-3.388125340663368,1.570185090965224,-1.1753029007642988,-0.0873015766824522,-0.9179664785461645,-0.7285853873385169,-0.19503696391621436,-1.3353029459618944,0.5587388837933379,0.22084502874499568,-0.3715113902145633,-0.09681575603109309,-1.6400928463162436,-0.050408525298645285,0.10616924903450359,-0.3338962350426674,0.15599895220558596,-0.6364292683570326,-0.3609546883718537,0.7695112059378746,0.38776409172659276,0.01946017764251554,0.08689860786565025,-0.06839835473309987,-0.18820407617010756,0.04313606641944909,0.02108550344222443,0.09103914898433511,-0.03854935096566527,0.02910462970441704,-0.13317843090537382,0.05682184103510282,2025-09-02 19:32:00,A,1756841520,30s
-3.7956213647506276,2.181936907024144,-1.4280280977374167,-0.30743686656031366,-0.8037755099610531,-0.5907723086463433,-0.7629176902002611,0.9766808266752094,0.8509556630244662,0.40680464638894004,-0.7083784816995724,0.8542467946340617,-1.4509418316096905,-1.2267173334526411,0.4738288791854362,0.6386405227516492,-0.04573107994395064,-0.7066362020358965,-0.20293636499406215,-0.6610917048428258,-0.08832317357245162,0.10514882786308416,0.07982235611639878,-0.3976467360152947,-0.1455726165426823,-0.09906553027312733,0.17083873197745383,-0.06981009560569264,0.010729069363833575,-0.06498857514073295,-0.0631674283432203,-0.1265295676106832,2025-09-02 19:32:30,A,1756841550,30s
-4.198424990239984,1.8702153063672924,-0.30069486706980597,-0.6954093762566658,-0.12102494327677904,-0.7188114665740983,-1.0007369046141863,0.36721375631895653,0.7585637094988115,0.7576348777225146,-0.8872976676666373,-0.5662770324272492,-1.4162188427507287,0.9158735083389316,-0.002530971594738656,0.36156189241903547,-1.3507330918698446,-0.40841808960022213,-0.4557787043206944,-0.0919040180055567,0.21898460708881828,0.49940673514739425,0.32713462942483523,-0.5229340734368738,-0.2869877288476721,0.026031354608205656,0.21066409483502743,0.02400068127944416,-0.14149200890288602,0.10051938817288823,-0.11527463724575414,-0.01447630006813951,2025-09-02 19:33:00,A,1756841580,30s
-4.817018627716001,2.314234410422467,-0.783342403645894,-0.19806159909244034,0.05685480546845693,-0.09976821262768591,-0.7967205733886745,0.6826623634836272,0.5709217521939297,0.5864405727006436,-0.42372575892186054,-0.22015221846005906,-2.1593689936170057,-1.028089489537437,0.37552580113271244,-0.43669092479984273,-0.2838478084269662,-0.32842360737228005,0.12172140359251361,0.6025737997831762,0.2079891532362445,0.6046479037325726,-0.036067167882783656,-0.024114959636079326,-0.08741662112099034,-0.04358484576039314,0.05407214573897175,0.0800946617427908,-0.0910420155375354,0.08663024988669799,-0.16770354273573457,0.016843073983904423,2025-09-02 19:33:30,A,1756841610,30s
-6.506895632512438,2.1019546918576824,0.5425410833097506,1.4948857019326887,1.9995297978616844,2.2557909820880506,-0.8871002787732013,-1.4563771829072187,0.5040029826361782,-0.03410392211107229,0.09915040772981593,-0.7745534270022167,-1.6729580274277858,-0.9732312311760488,-0.23664094104743744,-0.4023076270059268,-0.8226526912730278,-0.03993470870899262,-0.11665841804163193,-0.1666937813103458,-0.4249041493498899,0.4719023676111584,0.07535653779847752,-0.155659395479433,0.47362409030371283,-0.11629403077245451,-0.10502970527746525,-0.09707849896255664,0.17233379680323443,-0.19164002470299085,0.06389270155607411,0.06622353602723383,2025-09-02 19:34:00,A,1756841640,30s
11.074090560989571,9.719087274995099,2.13990176465318,-0.7506227655039027,-0.45046906842545154,0.4259094896010337,-2.19897636394937,-0.07720602631934755,1.4837270003937308,0.3850105918449987,-0.7256405875663456,0.040075801212133465,-0.5275583887633573,0.022479914843616132,-0.4577358942742306,-0.018657522300460146,-0.9078955795071264,-0.8605321671979472,-0.004278417812046919,0.616631311970266,0.047904456486955634,0.748215294994213,0.2958709080754666,0.48434716662341587,-0.20705967289286578,0.25657526599605196,-0.03261220224519197,0.11514474655920517,-0.20487875675098507,0.34395370929251595,-0.051712947594217726,0.08722409967553056,2025-09-02 19:34:30,A,1756841670,30s
3.82328673586088,-2.846591840198104,-5.410637404870778,2.66681787934006,3.6620820892537482,-2.1515857842460573,-1.069138165089614,-1.1718553366620468,0.762306403596203,0.5120118137113957,-1.0524542496713765,-0.05692689452980488,-0.48271975673606066,0.21365698425200771,-0.44378777904862365,-1.2141968871436901,0.3404967880303373,-0.9638966203155298,-0.11634329858737621,-0.29442625073930506,0.057410961558899104,-0.5110355765796394,0.0771251079796408,0.02637830365162095,0.01707050558858964,-0.03539425476509768,-0.23719337949431135,0.0038173917779161155,-0.1395251869175024,-0.14808662053762592,-0.05360982651716393,0.1369394517122513,2025-09-02 19:35:00,A,1756841700,30s
2.734208554461602,-1.2750234335051713,-5.0266964336832,-1.7393965720726177,-1.5892638436743076,4.018476183676473,0.5335577840004813,2.2697101201239698,-0.17719491116840358,1.043907779961731,-1.6788975420483385,1.0680922754747204,-0.48418341103571855,-0.6662109252660804,0.1661325951929243,-0.97888815344836,0.09634428402751377,-0.8968853734398265,-0.5306901839292847,-1.3225721648075934,0.639758007550481,-0.15068340782864223,-0.11305244692551807,0.6803518815671643,0.019269761662040096,0.09204090797259873,-0.3534499286785267,0.16196956004898935,-0.2224841401410203,0.17588417503433557,-0.20286270348163987,0.06624160093672221,2025-09-02 19:35:30,A,1756841730,30s
0.988712495489286,-0.23112710624296764,-2.9905704133600883,-0.5781822061677785,-1.2808902293746511,0.05862448333230946,0.6194956736021302,-1.3685909088765225,1.3296472234308845,-0.018422301161990725,0.37375353522945287,-0.7557081253082096,-0.3019640780729419,-0.8305875983884792,-0.8595318661692337,-0.7595001521805814,-0.06524140314246286,-0.3848928995615694,-0.5911355933651309,-0.08214148422649227,-0.3716227251049297,-0.6047649905793834,-0.35804784016488506,0.40572475403094904,-0.05269674807132432,-0.06481409468593625,0.033073064932589255,0.5336511678562019,-0.046852847971226366,0.05246179666829049,0.026573392387875216,0.19753141889771292,2025-09-02 19:36:00,A,1756841760,30s
0.2444245986459204,-0.3673421072842121,-2.383185497763485,-0.37830355155887385,-1.3015061915650656,-0.2596336698953947,0.8476792670345785,-1.2388878486196209,1.5999706311122954,0.15448278903103127,0.455807039011892,-1.0205531506383754,0.18407109924348067,-0.25400903795082186,-1.0823673144644057,-1.3974787873929835,-0.3929592815697036,-0.32742989024868424,-0.7029885992752929,-0.5661319532285208,-0.3763138776690371,-0.6798388404678185,-0.7717078697774088,0.39649535712689354,-0.30433573711020023,-0.02824969022945267,-0.27084273808750886,0.36520033640953514,-0.1838899115277267,0.25969423494459914,0.11784341907884584,0.047442153236022744,2025-09-02 19:36:30,A,1756841790,30s
-1.594156989059687,0.8140536799056409,-1.8398251943425905,0.4829732387248681,-1.387112813296062,-0.5465330305855336,0.7109632244727698,-1.6501619947738,0.8169137747563755,0.07868756055726352,-0.2710034517734093,0.06865873935391707,-0.19997630898147437,-0.8059336011525269,0.03807946834705468,-0.47461560005688813,0.0001349103976739006,-0.9297805333316705,-0.511340266264614,-0.3620116690732139,-0.0349691204723709,-0.5076973278678588,-0.37554016634384235,0.32515230253044153,0.4505284188428033,0.06231041433272848,-0.1752722502417058,0.056750560102581546,0.08154851289662787,-0.32064552847345656,0.04418773140448841,0.07092786362666582,2025-09-02 19:37:00,A,1756841820,30s
-2.364053917616312,1.3081502612856994,-1.2833047059070344,0.20655588144366646,-0.9255231152466633,-0.6941978770288888,0.6399081128679741,0.01117968394006848,1.14471036329696,0.6032075306309018,-0.6142731437541091,-0.0637545605570246,0.024278992730221938,0.47400383808168567,-0.13306757040647973,0.156979565405896,-1.1523357292376384,-1.2956541702012392,-0.7951325074981881,-0.054629062059824526,0.13674141635652812,-0.48811609707072673,-0.2228525949601212,0.19583946428870763,0.23341530599310958,0.07795412608245052,-0.12873236868669052,0.20395823763511703,-0.08378975435201533,-0.14845520652481983,0.08572961526598873,0.12757566276449187,2025-09-02 19:37:30,A,1756841850,30s
-2.8850939839344636,1.7560333314765122,-1.4779029588762054,-0.014655842771467913,-0.9244332985282291,-0.7344994938610887,0.24612310101096815,-0.08277675644007274,0.7034428850366408,0.41166026367187203,-0.7007756642810418,-0.14412297650243044,-0.4642876248447088,-0.37534946056597085,0.091279575485061,1.2967109672441353,-0.4817361586834477,-1.1869109090446912,-0.5994715316449469,-0.7108548397996229,0.022416270807658022,-0.293991205219242,-0.026586502693237625,0.13901141997238017,-0.060297379286752426,0.08500210721475975,-0.036926851675657776,0.27482679223040113,-0.0874865712119029,-0.20735602299800557,0.07304367049396715,-0.04288436312029427,2025-09-02 19:38:00,A,1756841880,30s
-3.4857972536899187,1.6128700415954804,-1.0235593716361029,-0.3351618523325039,-0.7370485067745837,-0.7636626944676773,-0.4277091263949958,-1.4067554915247913,0.15628638644383624,0.2816134429648593,-0.768779768230547,-0.4220574306882461,-0.8826794055925148,-0.8055746114258393,0.477121389780341,0.3233659234930224,0.7068976571164897,-0.6715479124374929,-0.5650908364165926,-0.4589471028454766,-0.1504939202754351,-0.25829304722772745,0.10539229370256284,-0.29680779837553833,-0.24366159309622326,0.026428921348759137,0.22073587389220153,-0.07891609594352154,0.021934536624194482,-0.14715763813761923,0.16283459120802013,-0.009795159945185709,2025-09-02 19:38:30,A,1756841910,30s
-3.790020159752178,1.7715201910503864,-0.7138862110247179,0.07117180457355951,-0.7616308927430282,-0.6355174135432335,-0.27034452618396937,-1.296063149571069,0.16126373031356747,0.4187571548163268,-0.7385332599312797,-0.6240781229816103,-0.7768044641256032,-0.3826403365226377,0.587302371709326,-0.07198047831396673,0.31183916578557874,-0.5742839343287043,-0.41804405445388676,-0.5501340139100159,0.007076667288343926,-0.14774359249900532,-0.06085867912289475,-0.12549007647111304,-0.1352326358093176,0.00945638719057961,0.1701767745094475,0.11439707677192544,-0.11267573390956097,-0.0727369457514149,-0.012568337577572596,0.05107790511596871,2025-09-02 19:39:00,A,1756841940,30s
-4.35520584629992,1.8376512874944,-0.7290901801998029,-0.06511069300697837,-0.3903230100993364,-0.5933069723219253,-0.7167466006192613,-1.8744099934345944,-0.6015319557916712,4.558278936767466,1.6742054653734497,0.11808309685188925,-1.116395021696711,-0.6412729533873753,0.5472282900354142,0.25357633188936696,-0.2551616253369476,-0.09562841935313914,-0.2733947201127284,0.6409692505563979,0.10178959878943752,0.04245334074188179,-0.14950111820963238,-0.11724509730559543,-0.23690215269457485,-0.057114699601927166,-0.0041377532208256886,0.09244543655907757,0.047217907058687815,0.01491175640406254,0.012482207988683477,-0.09690018477146116,2025-09-02 19:39:30,A,1756841970,30s
-4.808270495841932,2.321996194146328,-0.6829183186251193,0.5306709632008206,-0.18696531492258914,0.153462765996743,-0.8084943097414337,-1.3986677787956494,-0.11764182120565325,0.17912359322958932,-0.4626604184691075,-0.8238895670798756,-1.4482422018252454,-1.3670299466869529,0.7570262602887903,0.2192530322680992,-0.1986973808740992,-0.23635539111412002,0.2259384211100296,-0.1764714105806828,-0.5717352976524566,0.00016118156459565879,-0.17601260287373133,-0.0920330422565598,0.17190296317491638,-0.21758107786096467,-0.13686783437150685,0.1315687140576451,-0.039127580505510996,-0.04901052191993284,0.016948449269156462,-0.04280520043814327,2025-09-02 19:40:00,A,1756842000,30s
-7.078401610164624,1.7595149420571075,1.4221938497861644,2.0991921018930433,2.7331756919240022,2.861881052264046,-0.6419854613486711,-1.1432124556528753,0.44569547185539515,0.32152858293597064,0.06893876986408974,-1.5976302588046358,-0.391100495423416,-0.15959422182763774,-0.45911861550546973,-1.2650002712735027,-1.2052843576997059,-0.17113429500261343,-0.5737076853252066,-0.25543568364108293,-0.2580533205900628,0.3525756985509272,-0.04103733701330795,-0.029244205681475892,0.5626528190669183,-0.06972838157194536,-0.15885031169829897,0.0199096862360016,0.13541060335052013,-0.2425841961516445,-0.04831377616805224,0.12797441717847458,2025-09-02 19:40:30,A,1756842030,30s
11.957549237730744,9.952560868407746,2.5826496251678113,0.018554092937516305,-0.7525186546748615,0.27913499768268063,-0.9101707491676903,-0.9877411329113789,0.1636075975675388,0.5251006763948017,-0.6869029561292244,-1.361123808281811,-0.43408026949160505,-0.4739597957449436,-0.1511820223438445,-0.8163257834594337,0.3496417769584493,-0.5490457993518402,0.3144942890182371,-0.6335633435607321,0.02642047248769041,0.5818357212680167,0.36537384219876234,0.519195987206234,-0.21630892360934129,0.16489882141342838,0.17966195500780213,-0.08810462832710343,-0.3074568006810443,-0.136558053731036,-0.06615023864636375,-0.10509413782545117,2025-09-02 19:41:00,A,1756842060,30s
4.0273831964322655,-2.9935466449515578,-5.92180728315238,2.4763236842741607,4.061401272222511,-2.3672169401697434,-1.4161313762878738,-2.162313100354678,-0.7475209175947266,5.660097948177612,1.7791130692945836,1.0690752102871073,0.3073429631769175,-1.0638883947056101,-0.19619104997195158,0.3405147075811411,0.42960166268189925,-0.4785637791138596,0.07923262507295063,-0.8874688952846103,0.11394129882631096,0.2134812040434199,0.0297907059562093,0.007327697825079811,-0.16178600560935028,0.09657355671056106,-0.1732081499395645,-0.05166735167154581,-0.06999150338166642,0.07917661329201679,-0.05258477097413455,-0.19924172842990343,2025-09-02 19:41:30,A,1756842090,30s
3.297145532427455,-1.5237298205873453,-4.904241893844382,-1.674413417983288,-1.7492534522374255,4.010650468363309,0.5163012753807042,-1.4547065954633978,-1.3423350562013294,0.24021894473712033,-1.5988301876941708,0.10232612128038755,-0.2437113474764104,-0.7181731226023855,0.7431713496632326,-0.16573590420720724,-0.15664562669855372,-0.47185485523203263,-0.07721189440720465,-0.7323571945933044,0.12865707203729138,-0.21739332058184588,-0.07599875129927001,0.12207701622054275,0.03534641526959901,-0.13034944396803388,-0.21428848318418836,0.05878536570100307,-0.11939882204068462,0.02337957825010954,-0.004852503424807088,0.012898781607574506,2025-09-02 19:42:00,A,1756842120,30s
1.3894133664209867,-0.6863490593537842,-2.528300489940395,-0.36454506960156136,-1.3648715217323484,0.007341998782969012,0.3096152823084648,-1.1372295433247965,1.0879704543716104,0.09131368794433836,0.29651185931914015,-1.253055068013464,0.7279627986697659,-0.6380063748159933,-0.7246649193178484,-1.3145909057837077,-0.5854682321988646,-0.05590854134429616,-0.5988982235937365,-0.061748851934835446,-0.6681916008964639,-0.3740980284991721,-0.11754191392934024,0.03312569308120988,-0.23588858781632696,-0.034717012003357896,0.3381093138311172,0.4324294247416561,0.2601002295310793,0.14752376033789036,0.14445335623382358,0.05545982687583705,2025-09-02 19:42:30,A,1756842150,30s
-0.01935669417278948,-0.4024721588614585,-2.238885279368543,-0.9015600929357762,-1.081710399750155,-0.38841429498057284,0.028111125121545014,-1.2275294584293424,1.2524914023986304,-0.05509632085947872,0.4704791135291748,-1.3060274588583065,0.6600524796599146,-0.8063279336520202,-0.38324005875714323,-0.8099525959614934,-0.24312247046237995,-0.07393528153838663,-0.41163067590125574,-0.3721709265566136,-0.1220704777756564,-0.12144117902739608,-0.4117462350132959,-0.3803344409066469,-0.39278773373787834,0.008131863326809338,-0.20851522984350543,-0.09411490708668198,-0.1251831648873661,0.08542696234107475,0.0019016171442423967,0.0562301393897625,2025-09-02 19:43:00,A,1756842180,30s
-1.3662667639239234,1.2061388478105248,-2.6030136553405487,0.1788602666919975,-1.6577961411924507,-0.3887189985495843,0.15612081462110552,-1.9113160277636894,0.17315653600095968,-0.5383022792043011,0.05670641803153904,0.004301868104334103,-0.21011261802296996,-2.724303309716799,0.3944205036440172,1.1534153372121476,0.787720491759075,-1.013508284881782,-0.034272848427215084,-0.0644896648917781,-0.49681456319256306,-0.4500759584612276,0.06452337986316337,0.27427387017360844,0.24048972640607927,0.056247581336362394,0.005737719458128257,0.06582503001067251,0.3438663388498327,-0.1844368352792752,0.14786222673063945,-0.18639014097892492,2025-09-02 19:43:30,A,1756842210,30s
-2.522893654584627,1.4446952985289263,-1.46435231823609,0.3473309823006546,-0.9923431927251259,-0.5304234620822432,0.3998360144638896,0.04520221003997978,0.80967913603777,0.3750405582097267,-0.31427255858778963,-0.416004209512067,0.4928861848325529,0.09530435696664542,0.19931856933928124,0.5368228710523651,-1.0798446163304822,-1.223367235612043,-0.43099085785371105,0.5962786321126613,0.3195150906004752,-0.07742631646819623,0.09863702106388748,-0.01720254291528921,0.14012904108725863,0.1444950296793867,-0.04772187903469546,0.04055038665872578,0.045604483506144114,-0.1961710685636455,-0.03447257209332141,0.0038286113543734937,2025-09-02 19:44:00,A,1756842240,30s
-2.704264467224307,2.0851813503727694,-1.707105863027993,0.17508580986865915,-1.024143566127164,-0.7785123228248633,-0.06092665190422829,-0.11899477269367549,0.5177436564455369,0.22261761718482406,-0.4016118622964571,-0.05983674713428007,0.0704515434027347,-0.6275823526288234,0.5112036288544635,0.7857095824613496,-1.2199570626473197,-1.126911804051402,-0.10726381576819487,1.0382285347227869,-0.11956701563186292,-0.3139635055683672,-0.22154640846302823,-0.08857257216117234,0.07981588585608325,-0.08281453140147665,-0.09108423484473775,0.13344351316834305,0.007887498050380921,-0.09571565649198144,0.08966164911400273,-0.10202245517283377,2025-09-02 19:44:30,A,1756842270,30s
-3.426993517631433,1.6305554550656998,-1.1736064245341402,0.5153074930850202,-0.9173565234655459,-0.6829171076955641,0.06805635607645924,-1.2899997943302837,-0.11092861743272132,0.22375303308942215,-0.4404820729972148,-0.63582988114296,0.04560394165308549,-0.4567615180157317,0.7528759029413281,-0.22944428161162106,0.10593293845579183,-0.6396331996326119,-0.21203249617350578,-0.0532883317506384,0.12186200522549653,-0.05406964058700754,-0.10659380819190234,-0.09403569680428167,-0.016356631440894713,0.010562323157729418,0.03451381633568386,0.07275730136441486,-0.04398757568826956,-0.1153169218669597,-0.061089931603987645,0.06117876806603743,2025-09-02 19:45:00,A,1756842300,30s
-4.057458544547702,1.8835510816041203,-0.9413154734356146,0.6368316096663389,-0.7255538579562416,-0.3260103644551604,-0.056418384838545235,2.7690305233518715,0.6229695546873557,1.108755218050898,-0.5781435967531836,0.014001743649253327,0.5297025044035384,-0.4966229004474634,0.7586518221247422,-1.6547704716352072,-0.38609826118742147,-0.6542990971558781,-0.2898855586713033,-0.2787646851242195,0.581503935098905,0.30123967611069885,-0.10796864564244765,-0.10118893871616272,0.12497342659197126,-0.0058501822327227575,0.05985262388311185,0.19281144934557812,-0.16741292575610806,0.051364808565550396,-0.15506655537030886,-0.04279457380496115,2025-09-02 19:45:30,A,1756842330,30s
-4.525871512832269,2.335452458564265,-1.1164197808181298,0.11242216424074103,-0.49946079971224744,-0.29906994826415245,-0.8822920116310891,2.6925363710351498,0.3764114135057577,0.8798723937484719,-0.4658602289289004,-0.027250685902605053,-0.30623655287932894,-1.4422901010179836,0.9703786615821083,-0.9199051973913275,-0.13466739962114435,-0.5952367005970411,0.06722342896982197,0.5968118436914281,0.23883401722916348,0.24789908671084004,0.024017549551154697,-0.22011213867964521,-0.14171814656500803,-0.07581750652248942,0.08605202078797858,0.006685274023926012,-0.10516026325697883,0.08457676210025362,-0.04746416206368908,0.010425001764127315,2025-09-02 19:46:00,A,1756842360,30s
-4.953226439850931,2.0544040353773503,-0.133916576041886,0.8124733630058676,0.13204988286440833,0.1503179514347522,-0.19173779360267348,-0.9054772153825147,-0.463918805792167,0.40148534563804544,-0.2389295540023061,-1.4669627918161066,-0.38290070586757763,-0.0972490680413131,0.7543647934565179,-0.6150838362972326,-0.37144255961966793,-0.3662909555494898,-0.0371118764666331,-0.2584479897496243,-0.4058350536602365,-0.04426447294576779,-0.21561821939925618,0.056490711724460005,0.14085068982443244,-0.15219561140377166,-0.11896198730082634,0.1762438092246699,-0.15205698045904778,-0.080147556740889,-0.020594647541914788,0.021816931682089483,2025-09-02 19:46:30,A,1756842390,30s
-7.638910210795322,2.580815511901055,0.5547401501811285,1.794913122824478,2.7389050498058536,3.2915981111864268,-1.0669984527780014,2.7412440529881055,0.5228001190689987,0.5074939000078627,0.5725263960653912,-0.9667719187270374,-0.3217684132583736,-1.8063112601393017,-0.21850040600277276,-0.7120537493220594,-0.08568987432648371,-0.7748509637182593,-0.4179654175992925,0.4430982218212641,-0.09189331940771922,0.3605818412775922,0.29386825298887825,0.16517591421246916,0.3087012146434521,-0.0012064033867306562,-0.22501987997376327,-0.023217923521637616,0.1193868945699047,0.09137522017714933,0.05663415873496926,0.03186721236804173,2025-09-02 19:47:00,A,1756842420,30s
11.698492808536269,9.685246571501562,2.0838012057434283,1.0273557684971018,-1.7213031567922554,0.5833761300590667,-2.0353931632758053,0.3210653043403943,0.29596676632524854,0.30584783905137186,-0.33433298827543595,-1.0614321084747111,0.569461796112252,-0.23931919775317448,-0.4582777136548176,0.09686926666037585,-0.963973593479239,-1.043170703578073,0.5938259294015209,0.19977463018227484,0.034642011832659865,0.3038922719557227,0.13415239857314878,0.3097941981729279,-0.15801847664952728,0.26688665743256546,0.04525432286637247,0.052174829757034975,-0.07842399498581913,0.15108429611560298,-0.06945121476990825,0.11749980672127494,2025-09-02 19:47:30,A,1756842450,30s
4.042850759455635,-2.7221295566046018,-6.145118492310773,2.610152095942943,4.040959745711864,-2.3238133526962703,-1.0703322077811226,-1.0206026139437758,-0.37543180135651044,0.09668728991778124,-0.7363514064482352,-0.6046809856292286,0.49430746392940256,-0.6729137481209504,-0.07984636355613219,-0.36720415894209774,0.6341016876196788,-0.8254673285409198,0.38581114263548166,-0.22015711518698242,0.04751463460727333,0.2845888418037067,0.1398730516371436,0.08164590655069395,-0.26835410037836416,0.013528305795561324,-0.1473265647606379,0.12818258514378048,0.05738358814448737,0.06114058414922685,-0.14321030959499867,0.058600828205669385,2025-09-02 19:48:00,A,1756842480,30s
3.8496688836593203,-1.060415896220787,-4.435640530149134,-2.9434741341614905,-0.2642984870601631,3.385651709076403,2.0932431561399536,-0.6311428970316935,-2.119849087444716,0.5431110281732723,-1.3861859388079287,-0.8879220910328585,-0.002884623562817342,0.5089745001975059,0.6981846471276572,-1.069736565920238,-0.7144564293901541,-0.23216388973023658,-0.16104151625962584,0.06348018404858598,0.5716168007064005,0.27078983756668795,0.1733765122292202,0.35446595068064135,-0.2636309870492618,-0.3658580466721949,-0.12980701736199743,0.007159856626565309,-0.01571960195347712,-0.013395689098642843,-0.024264090952812022,0.11056144272670244,2025-09-02 19:48:30,A,1756842510,30s
0.9761406062839253,-0.7288814745539594,-2.596971840357594,-1.661726526785717,-0.8660292004094275,-0.4501880040191255,-0.32449898023546736,-0.7744200676973823,0.27414519149472133,-0.06852173506609609,0.45306457444556775,-1.730783453109841,0.7975356061483008,-0.505904542410647,-0.550337836567192,-0.9779846622734616,-0.41984603586869595,0.17016999632175356,-0.3917839850602468,0.3242859207708545,-0.08572790310322691,0.15731875531574976,0.1544965911200582,-0.26129577642126867,-0.2612731193814234,-0.03407813378999051,0.1723074196202909,0.4205642631253295,0.08546606583702361,0.242527413659155,-0.008953952934075471,0.0495873785851645,2025-09-02 19:49:00,A,1756842540,30s
0.03949793147849117,0.04017154832176385,-2.5837341996908583,-1.7309261140325347,-0.8473321386906939,-0.37945395352575634,-0.12842745665012403,0.4100142230067881,0.9976726446660469,-0.18512937022195672,0.7966353196357024,-1.4344452027905101,0.9866836289952525,-0.4735085623541154,-0.4914338394952223,0.8064756019685914,-0.7167482363621323,-0.5094574479245321,-0.3543864455460507,-0.07858840427403786,-0.3531387314198227,-0.053554835610195785,-0.05522407146991478,-0.31990300493972434,-0.662985715985883,-0.019718406518785286,-0.20564556925020777,-0.04840794766819053,0.02500762490971791,0.29605454840284917,0.08497507643609198,-0.04523242769335883,2025-09-02 19:49:30,A,1756842570,30s
-1.7835128202774997,0.5836716052276569,-1.4711815353622695,-0.013258960684603352,-0.9742547257605386,-0.6986614136492435,0.7327308918529699,-1.1322209462225699,-0.20839358193785892,-0.1548819634268815,0.20776417288632787,-0.8025814933291049,0.9359689055091324,-0.4967316903843774,0.3810608904548146,-0.2542011180788308,0.24118483552471848,-0.8152737142882104,-0.4213672094994554,-0.6028035332126819,0.22863673970357976,-0.09636153962599317,0.11018186384466205,0.1608944799602309,0.32305388631121046,0.15879213019460234,-0.022505142295393292,-0.1338595980294235,0.18556946492208495,-0.20666281645517628,0.052496383142606524,0.00810840122737131,2025-09-02 19:50:00,A,1756842600,30s
-2.2710715239267967,1.3273143033622365,-1.3270729974939335,-0.29067786207076995,-0.8232243226131783,-0.9381247421535943,0.3253947354034565,-1.06320619448017,-0.4490337289816255,-0.09007295521458866,0.04989280506277148,-0.7191049568221626,0.4962780731744128,-0.42191051340286834,0.5440616406463016,-0.5331060949096661,-0.252649587558268,-0.5092350161796058,-0.19506291057098016,0.6504399870783099,0.4023628438977334,0.07915807717120017,0.10395145297559713,-0.05329837163409644,0.11916786458474911,1.3561139800221136e-05,-0.043232381782032696,-0.0357874176068508,0.13296236779221957,-0.04470448938040373,-0.049053139442879895,-0.03860085618298667,2025-09-02 19:50:30,A,1756842630,30s
-2.715095880478188,1.736421870375302,-1.3930879382074042,-0.5012360549510888,-0.7966720517357615,-1.1024250477459823,-0.2706416502330959,-1.1850894935362033,-0.8288283027702343,-0.27020930644660623,-0.09169872482030171,-0.5382918779821835,0.14805933151533093,-1.0795531719222342,0.8480712942647062,0.27550385702494606,0.2556895959207237,-0.4534568810979444,-0.10262121055512001,0.0044269136763756736,0.056614473429567526,0.06325738866777679,0.03451731771211036,-0.11204214937045497,-0.04159335654022327,-0.06604916429658543,-0.02629185905102563,-0.008778831531375311,0.0810597505016047,0.06731581874881964,0.11344871635686872,-0.07657836176305709,2025-09-02 19:51:00,A,1756842660,30s
-3.5906150253526037,1.1663536852090055,-0.43133052988148707,-0.46104026624302563,-0.4222790719183878,-1.0369085563574154,-0.3846801268216791,-0.6778471968684827,-0.773136547840876,0.267133970761491,-0.2820614505037168,-1.212219945537608,0.5318641653503173,0.6240979709976968,0.6216857406907257,-0.7053339923746066,0.04064575146240046,-0.42145927124014865,-0.49176157121852776,-0.2615417817389848,0.4278841440420238,0.19237930635350659,0.12847445008253192,-0.18048821294094014,-0.1487748111163907,0.09305716547079343,0.11765872732661564,0.004036189720030441,-0.13795018309431753,0.12194661159091794,-0.015258789180350297,0.004562156170588446,2025-09-02 19:51:30,A,1756842690,30s
-3.8507515173103473,1.9081201996302348,-0.8537658130351954,-0.434966498726185,-0.4973860043009107,-0.7368674453854486,-0.536311479120264,-0.9373629581391554,-1.1505896939205251,-0.17376544874298355,-0.04335225107919283,-1.0012322186471392,-0.29725711160614104,-0.8077691428205498,1.019395645055072,0.6445709467647741,0.708463427774284,-0.494525104303626,-0.06119499019073274,-0.2607682250464077,-0.07540508412171615,-0.046508478846894415,0.27201819199395527,-0.23510279692908428,-0.3383157543856791,0.016124978935578117,0.17786058422834472,-0.04317801216077617,-0.11560240003055264,-0.0811008325993579,0.018856124627328913,-0.008265057722163422,2025-09-02 19:52:00,A,1756842720,30s
-4.478452897298977,1.7789881751251617,-0.4289437687854776,-0.33511768686319127,-0.3729236405802939,-0.6721853441507254,-1.0698457264714532,-0.7133881746653432,-0.9464258326510745,0.07425848379944253,0.048938125738366506,-1.2550135334405959,-0.33426894434038784,-0.01632148099697924,0.8646462899318034,-0.42100224649257534,-0.06755368628898771,-0.4473554453772171,0.05370355213269559,0.905146258904707,-0.19764125791636372,-0.04553289170515716,-0.1000378111992802,-0.12481136382414014,-0.1518815094136436,-0.03534411544382164,0.042152179881710675,0.05259584354556769,-0.15659435902023663,0.13032317174857594,0.007935350382989394,0.017120442219587525,2025-09-02 19:52:30,A,1756842750,30s
-4.822177975586448,2.0148561747174494,-0.3312021115643595,0.6933476936152002,-0.05344671697835296,0.0860696056739746,-0.9008467660581182,-1.031797949306428,-1.1038386377125584,-0.32575459925657674,0.24821166225751626,-0.9251055725456139,-0.2093000865400183,-0.9651439048730558,1.1123402337307842,0.11929914933557811,-0.18604119911704284,-0.18399387155020736,0.3669943397698737,-0.6186945651305623,-0.6401795303042699,-0.042006094148307783,-0.0936975104864635,-0.20411297829384278,0.1720600071615558,-0.09111356005415255,-0.02418019933244533,-0.018594731252099594,-0.05086765356184359,-0.18082468361519757,-0.029152145920673854,-0.015447965379497185,2025-09-02 19:53:00,A,1756842780,30s
-7.511472794383304,2.0701173293132396,1.3107739229448503,0.7673556549607473,3.434504292992218,2.848244815626551,-1.5153303082227805,-0.780725462382125,-1.154637136434157,-0.4716905874315086,0.8581097584382802,-2.0825639498701243,-0.36822805308216217,-1.0642462470577103,-0.37667252070394364,0.1141805844151649,-0.36059475748717174,-0.05131775529800407,-0.3480856064285809,-0.5461742670256021,-0.35349823443395667,0.6227223255938721,0.21995708618247464,0.008425877157148844,0.6021383925207359,-0.09893891072484462,-0.2970848702357517,-0.011116848542934148,0.14270591436734595,0.20718919598212684,-0.006145427966772635,-0.020291459788080526,2025-09-02 19:53:30,A,1756842810,30s
11.941491526251335,9.683734910570015,1.9914126618956334,1.8118737172017187,-1.974449524518064,0.7447674471832102,-1.5458661042940463,0.2674560346478736,-0.3329641952920397,-0.3067634436236007,0.2843479525714135,-0.5417717609099302,1.0322099588900766,-0.5951498827536316,-0.24390392869592992,0.44423743111925285,-0.8986099226603566,-1.0976256444803987,0.89574405829846,-0.8998432739778387,-0.11423424024163308,0.0499974027181571,-0.2344202484424061,0.4122405588338024,0.10198936061775356,0.39320918425573587,0.14745902178130624,-0.1433605474385924,-0.079989228198443,0.0492391514520665,-0.01232692381252998,0.15594816848854548,2025-09-02 19:54:00,A,1756842840,30s
3.7567272291545337,-3.1695237425889196,-5.7350774333780725,2.8560315100490574,4.070266446682925,-2.5430608263765624,-1.2038098188957973,-0.6981328515803483,-0.8604530244693356,-0.020262441001843365,-0.45446380312618107,-0.43474024005395184,1.0853744057194699,0.2900139604795303,-0.14693679899415946,-1.1533142936657559,0.2783474733225978,-0.655603216472391,0.42543652919750863,-0.6063269449462002,-0.24656997181458354,-0.09374966183392161,0.1712846325697254,-0.17606936385114236,-0.2100184855357382,-0.03162587358329442,-0.1307151569370981,0.005502943188566836,-0.012802068055490275,0.08296952550075264,-0.0064642423248432185,-0.08080638556380745,2025-09-02 19:54:30,A,1756842870,30s
2.975743023896751,-2.0391522286613575,-4.236459004587382,-1.6673525338341977,-1.6846823624878584,3.9176604323188955,0.299106105850009,-0.8263814695812581,-2.365133190849786,-0.079492247713223,-0.9610201988380732,-0.07402339885552098,0.933155432003814,0.6051368747626393,0.681342116406089,-0.9609619804124153,-0.44771465340248795,-0.20489074408466276,-0.2027525126741114,-0.8380643956150763,0.11806288389688074,-0.12393574387849131,0.032478832057649946,-0.08287959035666745,-0.095539341477413,-0.02942854788429609,-0.1996838537211968,-0.0657029740686802,0.06881602320706096,0.07322170214244579,-0.04119043816766896,0.17464251214429172,2025-09-02 19:55:00,A,1756842900,30s
1.0810218902263786,0.13874269421855429,-3.0635593449850367,-0.8175072262900968,-1.0946781643054684,-0.24492567530314818,0.7189244801723584,-1.0536693818575853,-0.3239042986074869,-1.0214073649391995,1.3843076652210047,-0.9063348518755778,0.7440107684833155,-1.6264735393617875,-0.10083611475921732,0.2274243221172746,0.12739306153647156,0.09158633270423565,0.1141191751773488,-0.3620744623303534,-0.35264532951126515,0.1685737732920542,-0.035090729963632286,0.02968397723473268,-0.20374959073809895,-0.08100400179352511,0.22256835715841794,0.3978023022065895,0.19825492315488735,0.03839798341171615,-0.013932584356866931,0.1398759948979538,2025-09-02 19:55:30,A,1756842930,30s
1.8714878338734553,3.4970713138370244,-2.495206824954487,-2.2697294263808634,2.7472368506408795,-0.6570447524919927,6.34794495230086,2.061568529000769,0.1467480751611,-0.18009403232126003,1.6924054741242367,-0.6060316638265228,0.1678179408272918,-0.9467212278674012,0.8115562948138038,-0.27569552809784187,-0.47401970239991265,-0.6855039376733125,0.07719990554087244,0.3518580280003521,-0.7080664744372481,-0.2950935249024189,-0.4361022998015645,0.07652345035955999,-0.576670486842312,-0.27995672801052923,0.17130842530881618,-0.7064785858162744,-0.16696159292317878,-0.3113591699890953,0.05086969191328352,0.2008935626263359,2025-09-02 19:56:00,A,1756842960,30s
-2.0052740988156046,0.5283449406430952,-1.4047567504482166,0.36346172523433956,-0.8114726040655599,-0.8155330739123552,0.76732613708059,-0.7898600689247505,-0.7307314369229575,-0.3301515867494279,0.5516943927383764,-0.6468504895755237,1.1051286283733062,0.5732557564346524,0.3797362073743505,-0.5933989599150679,0.2711663789636025,-0.5842590477827929,-0.34806157386313713,-0.7292498252704273,0.47980559870555706,-0.07292424308758738,0.2753647370186737,0.16209237585692435,0.2941816498513729,0.05786358546851699,-0.29827087245707407,-0.017802821685466826,-0.06310748628479874,0.12811354544429385,0.0504162167142107,0.048467603347337615,2025-09-02 19:56:30,A,1756842990,30s
-2.595805113439837,1.1631387677667142,-1.1858199557964224,-0.5222877378510066,-0.8238518648166325,-0.8146368432226985,-0.40109532626128713,0.6468110148923106,-0.6056823865320298,-0.08641776889189803,0.13123323012145433,-0.3230927624936744,0.9584891187115083,0.9549412457181992,0.06636593142047394,0.26757548171223766,-1.0967046934015647,-0.7962808125530945,-0.5227734936146665,0.4035986882617482,0.24115506151988478,-0.12352343837954541,0.12362234465553759,-0.2227586106766549,-0.05815871410730908,0.13260298537214804,-0.23312086535426096,0.09384045000233375,-0.09262798465399842,0.05426058012475484,0.0051995259510474135,-0.02612495937557814,2025-09-02 19:57:00,A,1756843020,30s
-3.381566323318742,1.4955878679394234,-0.9716543309493755,-0.7477587041241199,-0.5826631482929907,-0.8482263118818418,-0.936994845513844,3.1543638282086963,-0.31610811710198206,0.29775568044764483,0.26270397523413125,0.3167454404882167,0.605199875276447,-0.547021977169992,0.4566862980140205,-1.1451248998461283,0.32867348007076147,-0.5860455888832331,-0.49475634078325104,0.5314725561106929,0.3856119666188509,0.09466652365688642,0.31698317181985775,-0.40069370400758714,-0.2849929512694592,0.12689521030871376,0.12498989568036045,-0.12916105200449554,0.043251421124050185,-0.00023960823283437942,0.10287747813515845,-0.07604458127216683,2025-09-02 19:57:30,A,1756843050,30s
-3.597533083604279,1.7108134851630759,-0.7223298806593343,-0.40695340808763675,-0.3824889062441743,-0.9456654958301401,-0.15120704871473428,-0.741586574229484,-1.3212458283030277,-0.43487027171464504,0.39780326371899033,-0.5991272242597497,0.20959295747634546,0.07132402321029807,0.7396702434371316,0.03768320767496471,0.5231325816616117,-0.27934321622223046,-0.1976075650845845,-0.5217975637171075,-0.04095310718240421,0.07599082713608764,0.06891176683482418,-0.3358874467632201,-0.16264635908053457,-0.03841544647045772,0.1964835427163849,-0.03424823781649174,-0.000892232105774193,-0.0027675941456094494,0.06191084464059108,-0.05956892877970831,2025-09-02 19:58:00,A,1756843080,30s
-4.073466437523342,1.9862570539336077,-0.6164791825880693,-0.12211439588359008,-0.37695671038952683,-0.8902779043166709,-0.38847521280779684,0.7551234066004565,-0.7685452006826772,-0.05975051610683925,0.342008146090893,-0.4241131480848952,0.33681162673343307,1.0812242919319253,0.4824977260113982,0.36346487492876267,-1.0498852015243998,-0.8182740246947618,-0.09747015434656789,0.489630038073984,-0.2849708745129519,-0.18235027298190043,-0.09663066882292796,-0.24137291449005266,0.018146553203934813,-0.10749608756168379,0.09187069710064706,0.21453857844251198,-0.16708662869198876,0.0659786568828061,-0.043698855633796545,-0.07515039750415924,2025-09-02 19:58:30,A,1756843110,30s
-4.685732208727435,1.842999520997713,-0.05776284988448731,-0.4132537516022801,0.00833658411485277,-0.6678215089501267,-1.1689572768217236,0.8959822286462423,-0.9482551156746293,-0.011304216956128488,0.23231770611449976,-0.6869201888056913,0.1284035011670009,1.1231500863115202,0.3846772471667132,0.36055893653583904,-1.060160052018252,-0.6275613251925113,-0.23086320693402002,0.17560933614817006,-0.519939263179073,-0.27672052140152315,0.02890932703443139,-0.41382539261152984,-0.08364234178790275,-0.10892884099949258,0.06672368403184,0.08767863267376896,-0.09248856408449023,0.11426398218325326,0.051698423600814114,-0.14245699078549362,2025-09-02 19:59:00,A,1756843140,30s
-5.269185064150873,2.3728153922702613,-0.31666765346391557,0.30943640202972766,0.2406846207836077,0.22061719568091331,-1.0651250898889026,-0.09232240154452133,-1.4026160905954508,-0.6485334390552353,0.7815459707516529,-0.7309011081788669,-0.6720701324010755,-0.5424590406923142,0.630578072458029,1.2349359209224298,0.04531610187586317,-0.48149301165382735,0.24234518173210085,-0.19977581066625252,-0.6656456226179444,-0.11546965302931222,0.10764520393318543,-0.060982367500889485,-0.05533210832243949,-0.008943306918474442,-0.07815645308744115,0.09603911083930486,-0.08591874281599322,0.0066786663644082325,-0.011341926446857768,-0.05806439736798882,2025-09-02 19:59:30,A,1756843170,30s
3.802624661435804,7.511129795345204,1.533902863363408,-3.3178502618107624,3.2138594214627805,0.0016758777202813882,-1.6330373427166576,-0.40604621222157267,0.3869162374242766,-0.957085587752451,-0.027817325742006235,2.3800473640921482,2.4370319922332184,0.3764760272219109,0.9264490820106903,0.6969844948449446,0.746317387632305,-1.1083922483785686,-2.2199930963591195,0.2556146368946413,-0.7472662467884167,-0.2717996166516002,0.20920184835511488,-0.6603474336485781,0.05031984158696108,-0.5045321571969382,0.08059006115795385,-0.312324295044014,0.2854597277944139,0.4326962154233748,0.14253956230603723,0.518896474346654,2025-09-02 20:00:00,A,1756843200,30s
7.783746799765881,1.845828608861298,-2.1234720326535688,3.2810224896897515,0.21308436148038482,-1.1953708645497656,-1.0652791135614894,-0.6514907398609163,-1.1324322680742405,-1.1142678542693594,0.678468790839129,0.12118743736957346,0.087410989723655,-1.0106402761457394,1.2376746598791568,-0.7944134951813643,-1.0879971468236862,1.2048017678767173,-0.6161009589776582,0.569190695294443,-0.3045767937105164,-1.1085800801568362,1.308231218255091,0.4687794318233473,-0.2625258347111627,0.1338404885349657,-0.0495396112866428,-0.05648852992810938,-0.24759315321004827,-0.4867484993085427,0.08109933518153802,-0.20709242432128847,2025-09-02 20:00:30,A,1756843230,30s
3.647403963754285,-2.0965015363262856,-5.016547412705737,-0.10035596179603236,1.1129962035615315,0.7947485865241728,-0.46755595913458364,-0.7732223114667468,-2.0509606542513783,-0.6873770385721498,-0.1803826085744265,0.35862612600851695,0.41856240980631504,-0.06272526246711099,0.08828895540990393,-0.34837018681380033,0.35553652014136083,-0.386312650801451,0.06460098308637989,-0.219565346517151,-0.5167698493231476,0.441815159562721,-0.2873726092853731,0.15061554051115036,-0.3393470474528776,0.18329708543889406,-0.06518963811165095,-0.10737070761929106,0.3358710875697629,-0.026585060144131166,-0.12749925454243916,-0.1779606355983476,2025-09-02 20:01:00,A,1756843260,30s
2.156202435386869,-1.0052403699591335,-3.648706052432947,-1.2713039021149894,-1.2522173762154842,1.4754505797611688,0.1926219049845585,0.5503057706479251,-0.7016727521856019,-0.7957176056111381,0.8307293999044576,0.07453554344085536,0.8754911217908118,0.22557708957066833,-0.26301715833570666,0.5147732823297787,-1.19150587935072,-0.356071836901548,0.03679422879700153,0.02306930488267219,-0.3111022969351718,-0.20454347012169843,0.2748824087442536,0.0024595305934052045,0.07325197753077917,0.013232380615882068,0.22565591289301454,0.29305894332023014,0.47850670578931437,0.19517951768514097,-0.01455087064050651,0.05082711261888817,2025-09-02 20:01:30,A,1756843290,30s
4.098000749242077,4.354330221602232,-2.7936024600409817,-4.980214042809347,4.738438282203482,-2.0116280294963116,9.9083157995431,1.918206389340576,-1.6283926239948991,-0.10984221850334167,1.6692461795548328,-2.1394338718093735,-1.186892122514507,0.5305228036091361,-0.117084559468861,0.6454571100433826,-1.5068562319683318,-0.019547129412814872,0.22333999852889955,-0.35069929908857156,0.06489890906272841,1.5753253120532806,-0.009405067149619214,1.8193203630309207,-0.7941108334628175,-1.459763871748163,0.6282270998631655,-0.027253290383461255,-0.1808445721183594,-0.36713482858251767,0.1926562037155854,-0.22977190315932708,2025-09-02 20:02:00,A,1756843320,30s
-1.4862579114288637,-0.11098515204393469,-1.8078577316686266,-0.9616503622641334,-0.4981291969030253,-0.8301171845206741,-0.4130673340730961,-0.7446695588511277,-0.4558295958965914,-0.9383587064536707,1.327255758744587,-0.32111751937600747,0.437302397678437,0.21934946193679594,-0.013287114188368651,-0.45843252832516385,0.22191917983597054,-0.21472517400908564,-0.013188257847458494,0.7182785183392351,0.5673322197479204,0.0053157382400910785,0.061647158344177035,-0.3284335480577878,-0.03368422131686608,0.12824399174359125,-0.3762784337739203,-0.309500932982057,-0.12803370533588843,0.14010996408473392,0.017077812371824475,0.07973954854346695,2025-09-02 20:02:30,A,1756843350,30s
-2.1697431134489893,0.8749853395440008,-1.2301316054319476,-1.0280296145984584,-0.7859167054947893,-0.7005154040869631,-0.27174104468209365,-0.8385433503568899,-1.3744647713099198,-0.9478997219147638,0.6999446178687767,0.06574793140225114,0.1668215873258286,-0.23298969249527426,0.2641514196702643,0.2880549634844765,0.5860117479217132,-0.14026289431470074,-0.2441582187272299,-0.451899687953228,0.33091778834103336,0.014991693751112447,0.35434093143646805,-0.24646990163845056,-0.10907622688686233,0.12588869980636672,-0.06943175380986207,-0.19027055766317716,0.09766455627717573,-0.01277249404600679,0.08344934446900747,-0.06332451476700833,2025-09-02 20:03:00,A,1756843380,30s
-2.764628310005989,1.4945606408165426,-1.1491485981617608,0.11653095554477197,-0.7712583048905807,-0.8633182492174037,0.5357382584005347,-0.7051618040131158,-1.0023650794435734,-0.7747685163570924,1.1078465301182132,-0.048479573525380106,0.011325375383116057,0.48933516208176664,0.1460733014987551,-0.3556643610297755,0.3900476450262339,-0.4503115593753656,-0.11510227216288063,0.9784718783676791,0.1077547905113374,-0.02043671149664972,0.03775306100905281,0.14837813216891718,-0.0879196662236015,0.07432854202514058,-0.09739441082718708,0.07321576709135923,-0.0018001760251668065,0.015258037727880647,0.04604214334168441,0.041588008242827094,2025-09-02 20:03:30,A,1756843410,30s
-3.3401555263980884,1.2911166197675141,-0.5434486261238591,0.3083989472194757,-0.7077771767203687,-0.9197952710204376,-0.1455145138000561,-0.7027837494571217,-0.9928049176345612,-0.6214228489316238,0.7416010826602231,0.21647411721952003,0.3973714315975935,1.0146974890982274,0.3373417394566403,-0.9637816996131569,-0.043957656443016566,-0.10974544297452438,-0.20159056018553578,0.2964936046032862,-0.0787629917344223,-0.15796677312940094,-0.011115350333957988,-0.46086034068216986,-0.006007003320958352,-0.033422758670534805,0.10448852327569332,-0.07189540593133205,-0.02874887516243078,-0.0981204406291613,0.09937630682540788,-0.05038971255006049,2025-09-02 20:04:00,A,1756843440,30s
-3.8256066910016227,1.8804707344305995,-0.43013784404049704,-0.25600112696512145,-0.44338153090294774,-0.839025443392072,-0.6015439659274631,2.02302366782426,-0.7516920659813632,-0.15071505248662823,0.4529169478262177,0.5674810027634349,0.18556372310327143,0.7308806944686308,0.37885218190140346,-0.21671447352268952,0.025767424859568355,-0.436979934913307,-0.3985762830508516,-0.2761945488282459,-0.17199095422418695,-0.14731964235009007,0.26339052506794686,-0.47723440716986204,-0.19648211138188598,0.0104755318652781,0.1965047091997105,-0.07311476902174913,-0.011103026398222526,0.024227042060374536,0.10169456600357857,-0.10079930711304114,2025-09-02 20:04:30,A,1756843470,30s
-4.516991700942544,2.2041672459195456,-0.8989156861889578,-0.1422704161052386,-0.3947271874209877,-0.5359211529735158,-0.7781939457361968,3.2524845374640297,-0.6862114376316957,-0.060007277896192424,0.8162978582621142,0.7202924622096379,-0.6571127925211249,-0.43101433281149637,0.46660645934850786,-0.6598592460445581,0.6197244976446032,-0.4722869516984421,0.07379569569621458,0.8617123669592109,0.06853937706982385,0.08423986347466736,0.16329669641268815,-0.08504061904168901,-0.22365594596442925,0.0273488608767127,0.09044758014603389,0.012109534728219322,-0.06428468797356346,0.1512061077428689,-0.037598937040479515,-0.03019799765446791,2025-09-02 20:05:00,A,1756843500,30s
-4.636644282985697,2.4172665367826953,-0.24132720485627432,-0.8267887430031883,0.5108391067202088,-0.6164119209526872,-0.43801793313658804,1.03984377564713,-1.2871845735864254,-0.3616189303618939,0.6682234427782417,-0.5405149140688061,-0.8996000404548992,1.073212148508945,0.1167600309181211,1.1306709800321293,-0.6352142477908514,-0.30737954728110806,0.05327663219507181,-0.0179535062202505,-0.20392655331242776,0.3640812080349263,0.1669832417829712,-0.02560272793443844,-0.10082981237287762,-0.1485906954865157,0.04478677536669062,0.20791863142081354,-0.17808448870141788,0.35531251004609543,-0.09438636644484126,-0.026649915630567882,2025-09-02 20:05:30,A,1756843530,30s
-5.77053817657021,2.0532071205688935,0.5062710812326132,0.19088448411280695,1.3439729368574524,0.6951214488348022,-1.2762351821813536,-0.5696575222384752,-1.7303843772815113,-0.9421421208494108,1.0469837838857476,-0.6966359041749143,-1.1794348395098813,-0.3141599068238228,0.08580663841913269,0.4271981438421713,0.11318533752352365,0.43265076374591294,0.19625660837918318,-0.6734786518873374,-0.3262235349622667,0.4426062426673918,0.29885663233162024,-0.14388148690026814,0.14526047855764762,-0.009990120848878766,-0.11576159556077409,0.04952265425202592,-0.029432089256964333,0.07027020282911652,-0.07476516211439095,0.02199226578825519,2025-09-02 20:06:00,A,1756843560,30s
9.752633709507409,8.661963703694962,2.6359354960865935,-1.2966410232654657,1.1029192319629413,0.08497993468812752,-1.4519025507914352,-1.117719172003467,-0.3295922880433886,-0.9855467070544005,0.47242316670233714,1.4375485815140416,1.2393248567145299,0.659700332056385,0.6556251779108229,-1.6247016838545936,-0.09860716269243999,0.3849028206311589,-0.4946578403384141,-0.2949760396311246,-0.5618643725215724,0.7027796637992146,-0.05449280781463203,0.165705080372401,0.20044567997025642,0.0026255726006843495,0.15747091102611996,-0.21309505426504016,-0.1673012055766866,0.047288299162287536,-0.042811384178908535,-0.21804389829631396,2025-09-02 20:06:30,A,1756843590,30s
5.346830537001636,-1.8585826864430484,-4.896617670689683,2.662141425671465,2.7646102047738044,-2.1465494336837163,-1.08867932306732,-0.5034777307225694,-1.1002310252349574,-0.9475319576811918,0.6513624099991263,0.35672010107498875,-0.4644360316873014,-0.017676190269167693,-0.06501413997266235,-0.6810884643643845,-0.012303300153217437,0.21379292035979172,0.5189176831962289,0.6766572930444116,0.026711170677098717,-0.6525198558530936,0.845837293893025,0.39418782401419233,-0.14553701753443207,5.379273994684267e-05,-0.24658282669121234,0.24559025398317694,0.004230012602890773,-0.060333378327235385,-0.0432795878326331,0.00022296967935521553,2025-09-02 20:07:00,A,1756843620,30s
3.1433752422238164,-2.234097645244816,-4.157027892538371,-2.0759286468342117,-0.5291749681397764,2.9821693676831917,-0.3204600127180407,0.8700106419279672,-1.759064741669475,-0.3467981586317289,-0.41472198153340695,0.8782312652173625,0.28559663703223775,1.949251563135201,-0.20684323963445866,-0.07170358216457633,-1.121598912410701,-0.4068902918278923,-0.32010428564619187,0.1343067390690224,-0.0009419553606884265,0.04230566336578517,-0.043532905952427786,-0.17972007315646868,-0.14717926867611777,0.04565028301238966,-0.31826742998024565,-0.18241812023886925,0.1891246287965934,0.0442453220407139,-0.09227005271101006,0.045542121304014534,2025-09-02 20:07:30,A,1756843650,30s
0.6184569733059879,-0.23524141913637675,-3.2213865909370623,-1.5965742770858375,-1.1849118860244998,0.32678152560417706,-0.3739593272734216,2.873712444538322,0.267071551703806,-0.8421346282368719,1.648765047956187,1.1810087203890918,0.023267902576254784,-1.6932884602357885,-0.35268890941844994,-0.30253835415798475,0.7222717836152552,-0.13457738669734137,0.13531030424634446,-0.04496468435931604,0.03033788622860778,-0.05005865584248548,0.03756910506884894,-0.004589004022583547,0.13816137399030798,0.03309641095740668,0.005624042238894406,0.13150271956744816,-0.009783780486285315,0.00748315462582198,-0.07923634619901566,0.10982935558558822,2025-09-02 20:08:00,A,1756843680,30s
0.15731936237370678,0.23835123581250012,-2.471356316552332,-1.0532710251763664,-1.0999657379441934,-0.300428439888927,0.3639191706013855,2.6930753077461973,0.6159829204070162,-0.7776907949911701,1.9483741957466134,0.5911726780674185,0.24804643165167614,-0.8578409721579622,-0.6821276068557546,-0.5192926160016957,0.2971713215512104,0.1296990619652803,-0.007454819739249071,-0.3802091720209592,0.015653199196710335,-0.003994901298590338,-0.044669321597871,0.0705892162867857,-0.32331945592181544,0.08246665453431792,-0.2385051697500203,0.055493732717776384,-0.13611798079004347,0.1094454243622269,-0.11788274885724002,-0.0027370818707099487,2025-09-02 20:08:30,A,1756843710,30s
-1.1988589511008465,0.7793092137849477,-1.5898238397913853,-1.4196963583475217,-0.3963091527783132,-1.3547982955838926,0.756573363175949,-0.6257578534703637,-0.9726205998935161,-0.9833020711093704,1.1746822027636303,0.12405586697255828,-0.629497680091318,0.05646221261904005,-0.48865920224359416,-0.20119185454164426,0.1493445701005785,-0.015173897640735418,-0.006139529830076927,0.8076332040869452,0.3332051229338139,0.3279970055089581,0.11585317422659538,0.4345933637825913,0.0787722012023568,0.05968740514827929,-0.12075999196855002,-0.032333918110351786,0.2693340628886928,0.10173090930963742,-0.03234815763781036,-0.10462151500021359,2025-09-02 20:09:00,A,1756843740,30s
-2.4694167006578356,0.7747081156971298,-0.8761026734347901,-0.481395090317661,-0.7097658469463722,-1.0656659445820982,0.19585086825754822,-0.7760823139751218,-0.8515142913449961,-0.8264051032531508,0.8315837066676528,0.6787214812253485,-0.0764648499430887,0.7802217432292977,-0.1439592147209967,-0.6523032272129581,0.17006347068225222,-0.19146105694592758,-0.2525375539116953,0.12275549211350664,0.1537049759919748,-0.17509847844898468,-0.14917327572602668,-0.04339628204323648,0.4301750421730343,0.09995693283578376,-0.05235256160324133,-0.07429069034417471,0.0939017575551218,-0.05323704972329976,0.08898687780195301,-0.07429462029061425,2025-09-02 20:09:30,A,1756843770,30s
-2.8916458486722676,0.8763712706285303,-0.342661970250866,-0.08098240884572733,-0.8822681189337351,-1.0624818813778745,-0.07006136914205142,-0.5787398903114643,-0.8947040613741137,-0.6408228963179626,0.7277844994800055,0.38008225803824175,-0.16082892481145886,1.2845843072030438,-0.2406266630600533,-0.9396273135510028,-0.0640215124852121,0.04533393357681652,-0.3087039434329076,0.15187756749466827,0.38671826430680095,-0.1409038362634607,0.06638850890233226,0.030122438035947424,0.08903559798514914,0.19293946865014916,0.006802215653950827,0.08201591750132667,-0.029168483587855246,-0.032184611288327065,0.027682765554266218,0.03826368753387251,2025-09-02 20:10:00,A,1756843800,30s
-3.1589785527819627,1.4916267252979443,-0.5323962213583768,-0.16756557943147693,-0.7034532508624876,-1.03421575408113,-0.3443843232642148,-0.749289175455464,-0.9993770998245414,-0.8193809286318653,0.771868597617015,0.6546830198322038,-0.7260058683727709,0.5879319012839376,0.08727219720167201,-0.2928102782140952,0.4263735506897568,-0.11209092182497954,-0.12403607601011002,0.4479676550722353,-0.2371250598096967,-0.376879107442322,-0.16542838421577638,-0.0026191644668836144,-0.1023697035402242,0.0816717893708424,0.06343184300165337,0.006665666791611939,0.01985501417035212,-0.11867463509383411,0.11000247325854362,-0.03848389208509322,2025-09-02 20:10:30,A,1756843830,30s
-3.91164282852425,1.4706753532657901,-0.5040691791717996,-0.34945391082255106,-0.4633197417797505,-0.9015786696886392,-0.5813759415994447,-0.7694958453498256,-1.2299227045979366,-0.8848523333289776,0.7146986512787719,0.5214836672320987,-1.0953071787248736,0.21272597216423578,0.20500655689786926,0.3896699793178814,0.8050980016607147,-0.05701216979928025,0.03517499202508773,-0.21476417845197665,-0.12713242129783606,-0.21774154803322618,-0.04287392737719692,-0.09030037365960951,-0.09403459001298844,0.06965767550338478,0.15108467134222178,0.05214886183350029,-0.06897217027608178,-0.0736736593333851,0.020175140322857783,-0.03894411490675155,2025-09-02 20:11:00,A,1756843860,30s
-4.615830347332268,1.8214284345795035,-0.34596361835405287,0.23187078125813262,-0.136803394725058,-0.17775015104516376,-0.5106066672897777,0.510127319550086,-0.6168345677493291,-0.7397913920282269,0.7031506917252207,0.7831607011516175,-0.6331344236669633,0.842006926722688,-0.095020271249611,1.4323462849235415,-0.22958930381299206,-0.4172586025168355,-0.028534207358223544,-0.5297129040259377,-0.1304055243840719,-0.14119716846663388,0.1162312867398753,-0.23888945487056026,-0.20143755336265287,0.18970743805374535,0.31474659085166024,0.03288210841443631,-0.06393045542494934,-0.0935124752268137,-0.105554250369341,-0.0616598311453563,2025-09-02 20:11:30,A,1756843890,30s
-3.7512068922832618,2.1993919064595118,0.029886076904165892,0.6225624106554537,-0.36440518648487213,-0.4749976315834741,-0.9096704081376839,-0.939259716704785,-1.3708246806374518,-1.1441019870270512,0.729252424565246,0.6953396416230317,-1.466981565614975,-0.658598127251272,0.5728241988035018,0.027206098620999767,-1.1126915846306937,1.2136778585722778,0.9659183725950317,-0.24695857177708755,0.21794966239233396,0.710703320807341,0.13865595996604133,-0.3473752789228701,0.06742612978082041,0.06789966632597766,-0.0970763519854574,0.07649272764146701,-0.2009498001029871,-0.2537550498512717,-0.18693343728696554,0.25953768926004916,2025-09-02 20:12:00,A,1756843920,30s
-6.551394320643227,1.8463719814890516,0.5902892185202493,1.6914707245030327,2.20357796059903,2.0492667347906655,-0.7866013518508268,1.023153921955765,-0.37164127481360526,-0.7951853860971975,1.4287890399934895,0.6428012491872062,-1.0952008103467545,-0.4153319287952159,-0.4571657863656405,-0.6249357366267252,-0.3498017656468098,0.12734271495048277,0.2647644100384388,0.27128287057225875,-0.34542204671330035,0.5450518130161824,-0.3093175447782129,0.14342693485861516,0.4504139243031996,0.1170080087936712,-0.10516236433125402,-0.1517403720977043,0.25336137728607744,-0.257504379218797,-0.22679809816418386,0.11328945839836752,2025-09-02 20:12:30,A,1756843950,30s
11.217928013987361,8.90599524414408,2.769167968641906,-0.9403728179078714,-0.6022120759940498,0.280483196849577,-2.975046025243532,-0.981381069585341,-0.2749573349714905,-1.0019936125965823,0.5791734304847187,1.0530180152043616,-0.5640755107131415,-0.006157037063821486,-0.28751572089284083,-1.0411802727320596,0.14905020102281252,0.320472941540856,0.42665521428280884,1.0657572633541086,-0.5498235805866762,0.13553000445154387,0.29651006115090295,0.24382286498987707,0.11104024211340191,0.29719299370679164,0.22653724328350633,-0.0405301884448378,-0.09622834750591332,0.11861029154927921,0.07561789187227969,-0.16054543431868873,2025-09-02 20:13:00,A,1756843980,30s
4.638646083998697,-2.4247315607166753,-5.405754524918749,1.7678536334930086,4.2749656825986975,-2.5162447561343475,-0.7480895083239667,0.7699490203757047,-0.238469934535176,-0.546461856319022,0.11587423603510459,1.0878775789187856,-0.3970660070310916,0.981899897933592,-0.8628812090888552,0.26760435592884735,-0.7210328438249486,-0.2880897705659352,0.5341822996603616,0.1807312792717792,-0.05513782331681721,0.13671071412060995,0.24880269344076736,0.15246394601289998,-0.028999905724071077,-0.06558257063018877,-0.03922339828870022,0.018603493819798027,0.23198115767307134,-0.08297382223295878,-0.10328573467155377,-0.024472668844234862,2025-09-02 20:13:30,A,1756844010,30s
3.336800006679078,-2.491759356413125,-4.174695532492041,-1.9078868314907957,-1.3829393770065557,3.442170046635221,-0.1283878548467761,-0.7098288771456029,-1.879920738831841,-0.59895215771081,-0.4030075683712052,1.1144178449143414,-0.6401147976444318,1.1987864296341793,-0.39581716875078987,-1.0357731332128362,-0.4150455346961199,0.4927144427251204,0.1358508287965562,0.27707182305976474,0.10307759769011669,0.019690217264144622,0.2077606318522045,-0.05611357968138013,-0.02799377074016166,0.07142458890972474,-0.05109618510252273,-0.15423798212309853,0.24722188223723407,0.18986690386391727,0.03397643509873773,-0.03747225966747088,2025-09-02 20:14:00,A,1756844040,30s
1.107354210663065,-0.7118810382022525,-2.249814315978059,-1.5356344531983228,-0.9510586287720285,-0.19816021667914807,0.10391924526550901,-0.7744540002849846,-0.0030218776708217177,-1.1256148796739796,1.3558935133604617,0.17670128660956383,-0.27072195966259405,-0.008857663347852965,-1.223257076814004,-0.37438497042367613,0.14571294046574856,0.7795484541553012,-0.1501770768599368,-0.5252910885248834,-0.15010915725830504,0.16829970782154938,-0.04470688337410521,0.08514896955073811,-0.025654527135433702,0.1468362238552939,0.2496729339088005,0.31090795899963114,0.1601367661351986,0.08359355117677188,-0.08786479447155365,0.0394164594345451,2025-09-02 20:14:30,A,1756844070,30s
-0.4913607050251379,0.25521215114298096,-2.2377549302840314,-0.8736496888404075,-0.479447235753874,-0.35367243427663414,1.2900420711179792,1.7372429127265354,1.205658097923545,-0.7281622789238456,1.7470443564892433,0.8363985935878459,0.030093884435222033,0.2632285556910807,-0.8851838154459769,-0.1868406419034378,-0.0033089259546973545,0.17314471635259565,-0.012608493963930734,-0.4927267065571103,0.23980737686988535,0.20663323277847864,-0.3715349228466918,-0.22402985447536244,-0.09590634630421742,-0.053272768408315414,-0.2687770902852631,-0.25644380840736697,-0.1927081406955256,-0.015977621989795875,-0.05123951349301598,0.013328278491125816,2025-09-02 20:15:00,A,1756844100,30s
-1.1114176398928817,1.862592345476437,-1.7613250007111587,-1.457452038618275,-0.42625349960791187,-1.0646431417964672,1.1424152790561013,-1.0289280860823027,-0.8371970324439862,-1.2143253687976814,0.9588161299568796,0.666795026703758,-1.519661273030801,-0.8459624060772116,-0.2723240603732416,1.4270735323369346,1.1998530984348859,0.21291158808882954,0.1042220438681822,-0.4498754229323001,0.7644385902966453,0.5937336176619059,0.31879548344253134,0.8461104179122114,0.13046505034799286,0.05827179727980616,-0.2331286635770217,0.07015945873255647,-0.18511432175313117,0.2551819980676516,-0.09324398967316166,0.1995793931241944,2025-09-02 20:15:30,A,1756844130,30s
-2.1905491256157044,1.23397094183961,-0.698554926549564,-1.2367855427803436,0.5510240026494869,-1.5360749496459498,1.7322444072133092,-0.33224900844707467,-0.8266166382175676,-0.27571120452380943,0.4178585298656371,0.07268218728450865,-1.0969670865467553,1.544926587141364,-0.7360781594673937,-0.6786024673199286,0.32181248573086296,0.19040741926617988,-0.4675945342647078,0.1212090308109639,0.751304395035665,0.2625647196691519,0.07264268127751489,0.5363505078623101,-0.07479832273962521,-0.054750975620219924,-0.04604721221795284,0.07796460534387901,-0.09693086153532972,0.07981760998766349,0.09892706082665022,-0.024060220599882186,2025-09-02 20:16:00,A,1756844160,30s
-3.0757175262083916,1.3134799304052138,-0.923691473947829,-1.5522992088977596,-0.48971332152323505,-1.0714796391427397,-0.628860286673497,-0.8222024221079818,-1.0647578918496234,-0.7664272588224574,0.2369356167129639,0.6140139434688436,-1.642645614668702,-0.062084734016147496,-0.4550692355536486,0.8480340288332608,1.2072932691392113,0.243794505433646,-0.2794736397713937,-0.11677153876084428,0.2616460255288249,-0.065164245571499,0.17091263098247458,0.018299247572940186,-0.35543427990139603,0.0857206656518326,0.04430620472736116,0.11199811771589366,-0.0397411956137248,0.19487967438662054,0.19449923295858806,-0.07417385649385085,2025-09-02 20:16:30,A,1756844190,30s
-3.8905180585702426,1.3426109314279917,-0.39080276446029527,-0.3436377769659312,-0.5506561363506799,-0.7351221826361287,-0.4168686477733544,3.1789682292139134,0.22307911438953204,0.26399917617334084,0.1590894064672893,1.4211474101488235,-0.6258334381823868,0.5834453668967081,-0.3865136920563793,-1.070597082545224,0.7436868415247394,0.07211643795407181,-0.5125629447706511,-0.5844058739487591,0.5341850519002596,0.18476874258993456,0.13175038111467016,-0.1867629992638056,-0.07092836499699229,0.16648959323423046,0.25686136819980854,-0.027015432321698903,-0.08555488082271559,0.002459445124852444,-0.003441653437214793,-0.044443680064192005,2025-09-02 20:17:00,A,1756844220,30s
-4.070956709272409,1.3526432109920026,-0.021774841029031714,-0.19803952878788839,-0.5622408059325855,-0.9342672181026938,-0.5043793054573814,0.10767224918665719,-0.25366768402904327,-0.17647233262879147,0.20886810832638328,0.4029380795545154,-1.0410528796434326,1.7561669474722257,-0.5350284534285511,-0.16506865877066182,-0.2965655756248174,0.2041128617404164,-0.22431956711225648,0.07619704526007234,0.25523211408083324,-0.05470591895086109,-0.11922131806711964,-0.04614507227626579,-0.07405310140774793,0.12488180768884635,0.12232982552591122,0.25424080276600475,-0.17528832787006382,0.10496920656284908,-0.11919414334048009,0.032789774071746124,2025-09-02 20:17:30,A,1756844250,30s
-4.5638182877385,1.4853392482934404,0.13957435269990093,-0.16624692523103657,-0.22288186089037185,-0.6738961293443115,-0.7566460028094025,1.360206715556632,-0.1773165968749965,0.09557207699158414,0.1273773767116277,0.6785943504544772,-1.2823860198742072,1.0242131658848213,-0.2690822049016866,-0.9697578007514563,0.2032333718424389,0.42580213995558847,-0.11507535812472382,-0.06297329901235431,0.20307790209079984,0.20384272483168456,0.009769355303378163,-0.10274328091513461,-0.047726956062467144,0.09494038373581123,0.2233523161681946,0.00277601727167742,-0.05727741273699966,0.07665573874563504,-0.09697419798666829,-0.02028167821899595,2025-09-02 20:18:00,A,1756844280,30s
-5.279907293842731,1.932499798765692,0.06850002293267457,0.28880845572701963,0.09323699212594158,0.05360022800869913,-0.7452220532441735,-0.6895582986392397,-0.5350519263224666,-0.4464727274499439,0.601742330522133,0.09826547235894949,-2.275556129034584,0.6333392075675633,-0.2014764216339089,0.025250717753241336,0.517642966740033,0.2559896703288204,0.3016600335085571,1.0433538979183408,-0.4743753180539152,-0.1883843424539131,-0.09770970943926972,0.1365289921938485,-0.01068554790343566,-0.0014297781478301744,0.048687061620689906,0.03449515809247069,-0.04638105715426878,0.035518952690094655,0.06750351736199585,-0.03848199869216034,2025-09-02 20:18:30,A,1756844310,30s
-7.15335974398656,1.9608943006499058,1.427921186888745,2.349528022660759,2.476590911919068,2.923386085364725,-0.4792603777385031,-0.9535452491316272,-0.1174084347312628,-0.7991398845141806,1.2416431446739316,0.044633140156524226,-1.5806289525485158,0.23337725264727757,-1.0684765280633803,-0.485223655767424,-0.3918621070724819,0.4049638331311421,0.018122999242948353,0.42866748357686424,-0.5151401135349808,-0.046010435511642835,-0.15398977500178193,0.33893643505724036,0.6071141897393245,-0.016977314481791034,-0.2596794850263217,0.07078817115015397,0.12325138969883753,-0.22023594963274853,-0.006281697624494624,0.18323642190525002,2025-09-02 20:19:00,A,1756844340,30s
11.794781382912937,9.97324246604997,2.5984177865884424,0.9706303904344828,-1.4865259187216044,0.769540733454926,-2.210388551166333,0.22334689162685056,0.6649165208827904,-0.4828455126962656,0.33381492101097576,1.1224131747139443,-0.7918581468976194,0.53053180970021,-1.0997948888890319,0.23381779211983122,-0.3861333675555229,-0.5067080296718429,0.9198711528667615,0.6790433806523739,-0.5449090793173732,-0.27172457366662645,-0.33379931402087565,0.4220958134389587,-0.013973105154715818,0.2607888020074762,0.09623962769882136,-0.1819992383721063,-0.032188664176460255,0.04802982534823796,-0.046290952589095866,0.10762404217625783,2025-09-02 20:19:30,A,1756844370,30s
3.871581720090101,-3.5148111792842807,-5.586534824740965,2.92600967832552,4.035484189339853,-2.4603590593448033,-1.255064242240679,-0.8679235029305966,-0.1203134178252208,-0.36119541482941375,-0.4368213506082946,1.176852853550394,-0.6369971526450936,0.6913841947101258,-1.1237416052210976,-0.741033943763267,0.7193805366226277,0.1007439561544424,0.6356589560158122,-0.48732073094007256,-0.15925846670335034,-0.15082373820339187,0.09637019166414719,-0.10624743632234021,-0.07112753961982933,-0.017668290834568418,-0.06562800446542909,0.0012957262736315834,0.010092174287340246,0.09190541534170078,0.046077414856381456,0.002909366469430131,2025-09-02 20:20:00,A,1756844400,30s
3.3481048187547358,-1.535608271861686,-4.586719193505259,-1.7870683077980065,-1.8933558368679588,4.277130762197962,0.22850878041661815,-1.2195001747022198,-1.7667525283679262,-0.6978472949076577,-0.8225457041239458,1.5934258588366306,-1.5087485022221447,-0.11826114578212034,-0.06108125294166587,0.6522782951379337,0.7368934531150612,0.4458250606351879,0.28398086324352917,-0.4869177942375637,-0.17042622314309325,-0.19597548271437473,0.1387502106339322,0.19661802194423894,-0.23138009857239056,0.07997828312328341,-0.08037074695129723,-0.05954871004107011,-0.03243930252369385,-0.0026643475424357795,0.039444901302125954,-0.01494404174721267,2025-09-02 20:20:30,A,1756844430,30s
1.3366563692746098,-0.7180015330396384,-2.248338488435347,-1.2868923228765807,-1.0987137577584571,-0.36604489585562966,-0.40406402099798405,-1.0015774430188515,0.6973682510511074,-0.9279803982618088,0.9406018201347662,0.36289936254144217,-0.7664137252551613,-0.617866458201918,-1.4686483540565718,-0.3213728585594327,0.05510452417573985,1.1233928638547508,-0.03578210148265563,0.2042821455371903,-0.7310531234007274,-0.11143495688497083,0.06037860719659729,-0.13202203536624363,-0.3276690185772747,0.0688546604182171,0.5244228273298828,0.35732902418419576,0.3290973259278989,0.10269344645729854,0.25353233467834746,-0.11112661122463054,2025-09-02 20:21:00,A,1756844460,30s
-0.35832319172616045,0.027088554621948938,-2.308030451789323,-1.103917968986778,-0.9216359525454555,-0.31563655149890724,0.2768412175104227,0.3174779735497612,1.6586198741738865,-0.7309950862931172,1.283647109006788,0.4157861462185978,-0.6669488232619872,0.3758749684471439,-1.203250823546873,0.971388845656307,-0.5434300052502735,0.300946710582037,0.1659359502231824,0.6092216427688323,0.05784966304033747,0.07951937384024071,-0.4509935488564676,-0.23000441852844386,-0.3470697925593648,0.07121118509198718,-0.29336236430363694,-0.15220652230461895,-0.15050907360544222,0.05074599094331256,-0.1340178446320705,0.18159644942607203,2025-09-02 20:21:30,A,1756844490,30s
-2.087219527364674,0.6699845352918417,-1.0877818739491654,-0.37529138253149086,-0.8944362164588932,-0.7394262683344296,0.3709200786315703,0.23974624864996905,0.7145979290664143,-0.34907566179218175,0.13949559095274447,1.0344828151011496,-0.4805260627783049,0.8047707759025042,-0.7462892471064551,1.1240224379622472,-0.4320576635219123,-0.1740950670625539,-0.22355638223918237,-0.6566862956514445,0.457074930017665,0.07383491081236326,0.01727702059075811,0.1874193242223411,0.5277810446354636,0.23643758635182435,-0.029473149907974613,-0.025081929838982792,0.06995553961500083,-0.1079535728696975,-0.04870302772588352,-0.07762999738452835,2025-09-02 20:22:00,A,1756844520,30s
-2.560820791664847,0.8539004408091099,-0.6208338880584557,-0.14721482071348654,-0.8064194183471746,-0.9284726126668789,0.6285217992487004,-0.9395374897076184,0.061372345789765186,-0.2725224540983596,-0.007343980037660605,0.5737223556009533,-0.8532390032926619,0.8424806243051081,-0.5726665246928605,-0.15933483522772687,0.5603920465521917,0.37990899760975766,-0.28844368270423804,-0.6986808854488165,0.5699075064748303,0.11577593130120954,0.017991907078027985,0.25916107664601,0.21379865020046862,0.19463763910007537,-0.002599574771778002,0.0007798890043589044,0.033717451365568404,-0.009626410947618302,0.025534986197210122,-0.052187825175005066,2025-09-02 20:22:30,A,1756844550,30s
-2.9627934105634726,1.0616934893356722,-0.5279469014210451,0.18276559723762686,-0.9189948666370445,-0.8400240123043602,0.29155895335969806,-0.9878196001293207,-0.022146720247577006,-0.2699659792696882,-0.11140349484102383,0.6112592128147931,-1.0517576513273463,0.6438277364106512,-0.40029154516415044,0.10746542936057793,0.7396475637003456,0.3940938867214422,-0.19933722843427518,-0.7810637470656129,0.3074831309954977,0.032766771408401445,-0.004327531118871814,0.2076642814807402,0.022522856388555005,0.21964161662003254,0.048141322949153076,0.05281103510312055,-0.006797354203989605,-0.05077722864635537,0.023024343220949577,-0.0316222447574651,2025-09-02 20:23:00,A,1756844580,30s
-3.5818566167892256,1.3064052957733858,-0.6413347247843444,0.007916434688784932,-0.8451345849772492,-0.9174367605005943,-0.315597142662092,-1.0882776209005247,-0.019443940108174823,-0.27364540806435117,-0.1993985833102284,0.8025041080225442,-1.4390004928477984,0.3784241507573442,-0.1449206545973845,0.008872900803790426,0.3557255891331411,0.5138820614226216,0.17073954524144594,0.25888031840992676,0.273136235428633,0.11711244814654374,-0.25680442421644556,-0.10275995220360278,0.0703837408917421,0.05331554311914816,0.09190176887256904,0.040237449859882674,-0.05993303687636061,-0.04188544771428709,-0.06327392093400917,0.04741359645568167,2025-09-02 20:23:30,A,1756844610,30s
-4.0867406365841505,1.3234228529165941,-0.04162247427559446,0.5425007601699301,-0.6803976884937531,-0.4825019567941163,-0.05639638927731525,1.1019822088227285,0.5574475393784316,0.4373653058246341,-0.3066968421241636,0.8599119205566735,-0.9580363334823233,1.0884373142458368,-0.17785851682831394,-1.170562333122434,0.12810740777036916,0.44707388220970934,-0.0682347409087154,-0.19469328457267168,0.2175700146212962,0.10645754923416138,-0.14225430834503394,-0.08468420653676699,0.11343838492168788,0.07213549465040918,0.23271886118809676,-0.038916069474621215,-0.08102076759075197,-0.05108327825811062,0.00011357015506856538,-0.031073385509088853,2025-09-02 20:24:00,A,1756844640,30s
-4.562304691143552,1.3776063789888595,0.4081646403769939,0.18411432131880495,-0.18854412299274212,-0.49592848626607,-0.5124045387870333,0.6834590756848924,0.5372978407289594,0.43037084602556547,-0.49708192789717415,0.23273256201774692,-1.0396713545285619,1.9758335206271602,-0.49075070970093665,0.2962178299953028,-0.8965490786768978,0.2158185854701429,-0.1865720998509287,-0.4335701517571613,-0.1461387831513579,-0.08244114669284457,-0.1362657102753731,-0.1997619928364109,0.043993410174241625,0.029835306524693114,0.20471626451727204,0.04127473019248414,-0.11155833858973231,0.008058965793695432,-0.06754563244263627,-0.05805831561788745,2025-09-02 20:24:30,A,1756844670,30s
-5.207995638265901,1.9247808077729773,0.20058078796860618,1.1011528243760274,0.07627518147835079,0.4942704624731693,-0.52810882955903,-0.9832037907224845,0.11597251305230453,-0.16952377215838677,0.14199286546148981,0.13229515218122853,-2.111319047853914,0.23927465633144632,-0.08796787711589597,-0.11675681107637866,0.030310414637872044,0.5823786298020018,0.5281798579812184,0.7991357844680047,-0.5119664145558614,-0.06657469475782238,-0.2773375214349509,0.11738750028151035,0.22820104753032566,-0.0401525560237408,-0.06510315647366664,0.012725922608114934,-0.039186802974614854,-0.16410733307402017,0.0025353278992683295,0.02911924618637501,2025-09-02 20:25:00,A,1756844700,30s
2.177827233280705,7.042954965685938,1.2687251763022724,-3.189204012509904,3.8763062178591072,0.06674171957758371,0.7400375416429865,-2.1026097973871094,0.9789342620093056,-0.7498352419795411,-0.6003508535552542,3.002087166397327,0.2968524992927308,-0.24550732004085254,0.19582030015768287,0.5234358542909613,2.3008842571829184,-0.22712483551600318,-1.9275011787690564,0.30838691002020185,0.05981007606206293,0.059668178826638225,-0.08026395531654573,-0.02954194328498054,-0.07318024673299671,-0.9128567589237678,0.4490963522966539,-0.5529274292231702,0.08823493179070932,0.16748943979384395,0.13003991638262005,0.5487226695889531,2025-09-02 20:25:30,A,1756844730,30s
9.0149415667736,3.303244082222833,-0.692453782563543,3.2587466905999274,-0.33156176873401655,-0.5038748363575727,-1.3210777153472968,0.4436730307459825,1.0566631504034516,-0.3405029778588252,-0.43304063935738285,0.9998735557792062,-0.6932438481445959,0.2807686697741375,0.5729760487750397,0.29683295521464215,-1.6804529997946267,1.952782868941161,-1.334258181204773,-0.281664876813114,-0.41991670965495637,-1.2591640648290656,1.297223832541045,0.6747165491941334,-0.22693339634399037,0.276087461722395,0.12189525246597682,-0.24224385196593898,-0.4265339965030028,-0.24626274372337642,0.03363009229055445,-0.25233446508181406,2025-09-02 20:26:00,A,1756844760,30s
3.7061550660164087,-2.3813929604497615,-5.450565607629251,-0.15381608562912058,2.5286335582515815,-0.15336709173151888,-0.6767670594815022,0.39958699927607794,-0.015480806935364858,0.2299504042981956,-1.4685910569676979,1.1054197828951675,-0.9227266293746758,0.8161650644287999,-1.016722200177159,0.7495996920836787,-0.512677023432862,0.0857519918406847,0.272453032182733,0.4012406377977711,0.12820918710342288,0.7811834789044511,-0.42639684580453074,0.009720541794446086,-0.3784691066862506,0.023204064166067725,-0.2626317293980663,-0.09745208318144118,0.1554331950850633,0.019499390104028628,-0.21656169889416063,0.059473899058212404,2025-09-02 20:26:30,A,1756844790,30s
2.392026486805615,-1.0076539886592948,-3.870012668318858,-2.1599479303145785,-1.0459331266910041,2.3429328811156407,0.21840589180992642,0.17526454124116986,0.38290456750405477,-0.10544786824662218,-0.6438711354864852,0.941494088256041,-1.0175503947680682,0.2617977664942538,-0.6849983134329887,0.9494888677933254,-0.8834380715606835,0.3819085580708271,0.2674361031346236,0.9225966733935776,-0.04434642792544526,-0.11016537055406714,0.0802567668645785,-0.1786066646083657,-0.005436612052395639,-0.17292656548006544,0.21280432127436907,0.027732498693247124,0.22686870579327284,0.012088525797650147,0.12707153071719726,0.06866038831301123,2025-09-02 20:27:00,A,1756844820,30s
0.5961289108740769,-0.09002186322272752,-2.89882609069013,-1.0963922037840645,-1.462444200673985,0.11007071398209123,-0.3949809636247261,2.48077064102094,1.880703605594412,-0.11754128805057307,0.5158877313974733,1.1032692669377384,-0.6661146947417076,-2.284683556740898,-1.0980866997650012,0.00750669391432858,0.8627781411990458,0.7927494542304051,0.12986581538240582,-0.2868937904096836,-0.3008379513884018,-0.021553392265231116,0.055769874301277805,0.03389664988881323,-0.33459379011161683,0.10008059220045307,0.2494776918324492,0.1904125131486309,0.21012297377307015,0.09999355254951048,0.08052553052164221,-0.07903597035172157,2025-09-02 20:27:30,A,1756844850,30s
-1.012197180631209,0.17625463338663805,-1.1852724277947841,-1.2735052085648486,-0.21394458116826295,-0.6397032068205056,0.7397856824685338,0.3483051989156761,1.6746655119907388,0.09420442518620913,-0.019508824503226066,0.24112135968799522,-0.07019353644718614,0.99285289229666,-0.9020813392323559,0.5911057075186624,-0.578478040734562,0.27229214869137963,-0.38159534666399875,-0.5690814036732026,0.2201787153252621,0.06754359566493336,-0.36624830271148995,-0.38697100007481106,0.08692236045520914,0.13332678026214623,-0.11270276427243339,-0.4719548962031696,-0.016854334444696376,-0.11670136396822235,0.020530838501373272,0.009934740669241316,2025-09-02 20:28:00,A,1756844880,30s
-2.2948828234804637,1.0424071748640344,-1.5560122525393372,-0.3111319968739439,-1.210147881274345,-0.7157962732951297,0.07417030982049608,1.2718675013035141,1.242178228389099,0.22819212551561177,-0.33250675986325123,1.2133721812197567,-0.7750335151891153,-0.4578819287480311,-0.5302790859002887,0.2879610364872143,-0.07008093857779947,-0.044200424303422074,0.04484138503176689,0.7948376480939576,0.5756575176488583,-0.07321122410921009,-0.11916856968602244,0.27934577239659697,0.447101786898345,0.08450567831360736,-0.12987753713787126,-0.01835725778219288,0.10297768430724095,0.005140205884914964,0.05210047387745465,0.0002538844329646438,2025-09-02 20:28:30,A,1756844910,30s
-2.67202972101672,0.9380105576614225,-0.42201993291256407,-0.5900117988114018,-0.6269217780986862,-0.9648349244072211,0.08952114244200933,1.010629496906901,0.7440137361881427,0.6216156632695478,-0.8438357170163242,0.5870812080713226,-0.6149810571199154,0.3891849808438834,-0.5038904313460526,-0.8193504879815401,0.31283232984672943,0.5659085520373718,-0.4629367055504189,-0.1333552219287239,0.6237685329438684,0.20086070840238576,0.1669232520102024,-0.1064133305704039,0.0944029702147636,0.19631489672072083,0.13150864389583644,-0.17042630626059638,0.13115577936349673,-0.09457631009668777,0.06865876673992934,-0.09432531442711987,2025-09-02 20:29:00,A,1756844940,30s
-3.3208631355372997,1.5470651113856204,-1.082694975801888,-0.034098893187451,-0.8594598747950775,-0.6889586755877325,0.047853477180864884,0.0670957910212236,0.7494877064782435,0.08490279013967189,-0.6531492710254673,0.6268109217449921,-0.9168851614641099,0.13221259769603536,-0.3178617002343178,2.066394280844606,0.25481241357463663,-0.058663175780187996,-0.048696720992667926,-0.44171944514482664,0.1975841182968304,0.2693695704198598,0.016147702640187906,-0.008964858680053384,-0.019627505059691675,0.14803755861439327,0.10919503539609167,0.025324108332295665,0.04462613124197156,0.032956094086259324,0.036816759868470904,-0.051569566993895845,2025-09-02 20:29:30,A,1756844970,30s
-3.8740568244820275,1.3736313639710853,-0.2095269246111605,-0.1756810918450418,-0.49363561509554577,-0.8037398135364109,-0.1834019121458558,0.4354084827315666,0.901855521562025,0.6488548620772945,-0.9562544784314627,0.2667961570064772,-0.5964734488672779,1.5431478000637908,-0.4502443087769062,0.48554766188455273,-0.7215012222651936,0.15331583838646254,-0.26196321466680256,0.15500094468367673,0.20427846306077374,-0.04122813558537324,-0.14877964867333499,-0.267784554892572,0.08957153467021531,-0.043315404538169816,0.25274460356182493,0.05938008309399254,-0.05836819342295652,0.09792911228398861,0.06153863534346699,-0.11076397005139882,2025-09-02 20:30:00,A,1756845000,30s
-4.270521121650101,1.6792195552042113,-0.18369603184360425,-0.059510845306178756,-0.5017513653452391,-0.6554680365542257,-0.30997510813289425,0.4159771245224839,0.6438568563025224,0.5820290907758204,-1.000309109893667,0.04614931257466157,-0.8857875607445651,1.1086790361626155,-0.26005510636584356,1.2851840334817273,-0.13527870481050164,0.19329356044585747,-0.199042330068135,-0.7421278967151758,0.006780483368090647,0.016588209492109044,-0.01901702982639443,-0.2074104239048622,-0.07544817017445904,0.013418041511243229,0.20236065558875488,0.05395683234901394,-0.08215784783901307,0.10094783367158533,0.01119671000249091,-0.1321400518357257,2025-09-02 20:30:30,A,1756845030,30s
-4.667026903175552,2.002443889799919,-0.27528115976932127,0.429578318232825,-0.2917127303662802,-0.1537907187117616,-0.5675440202655251,0.2584822565391619,0.576722667002363,0.365836371269324,-0.8030277641917195,0.0366213901715769,-1.2907252559031106,0.3067020967627795,-0.0632651386456508,1.716992614830703,-0.23518561791783607,0.3019362027016561,0.21328815325230205,-0.6354988748672825,-0.3980108189229072,0.0826631059983425,-0.049430848567795185,-0.13627754347641258,0.043654401856431886,-0.02733537820053096,0.08634803170528965,0.009113693899439525,-0.0414059516059863,0.038424723945125555,0.04738732449153588,-0.09841018498959993,2025-09-02 20:31:00,A,1756845060,30s
-5.740688091297419,1.8582142771103667,0.5098693669931796,1.093056760789835,0.7033927232302487,1.0603392904640008,-0.7543615875241491,2.868386524022997,1.0601047526615839,0.9998884281220004,-0.6235432715417173,0.4554823230621473,-1.0603002133875106,-0.5249958484107072,-0.1493799336574585,-1.2001620019636794,-0.1654030759938234,0.5927722396321047,0.09865720185573262,-0.3741188610101354,-0.38621427017221793,0.07863151171191463,-0.2834420793164916,0.0359418715807121,0.5885788829602185,-0.2623780329454627,-0.1408293222653127,-0.1151715483146992,0.14326381083012438,0.004013174402841443,0.05490978166043806,-0.005559431727521906,2025-09-02 20:31:30,A,1756845090,30s
8.11300475475806,9.03008581955169,2.3540728468458902,-2.3297854382171606,2.3058194550860596,0.2876394336986031,-1.16550979070982,-0.6386748710871006,1.95254282786452,0.016313132767449934,-1.352458253339846,2.3854001949045287,1.253121537956644,0.3700542042845871,0.3593766404921956,0.2213737733048514,-0.35438805679224794,0.2900811903011226,-0.8601484918842084,-0.21519422273958133,-0.28187222020016994,0.6150679110505202,-0.38445408794426894,0.09627865493371851,0.3916453332812613,-0.38686348783765667,0.04912705353140242,-0.11058592326932551,-0.16893981533124777,0.20671098165618212,-0.08492674801248808,-0.0040938197095240075,2025-09-02 20:32:00,A,1756845120,30s
6.213534054299042,-0.6757128940224825,-3.621139121237853,2.90980278228813,2.538152342316239,-1.8571217029903022,-0.1917008367413623,0.5554757942072471,0.9483338102996572,0.4599931474123802,-1.3136368037532749,0.39707512317381494,-0.350518067590552,0.4323589393196291,-0.074409064314696,0.2276132454642025,-1.2841539987143085,1.0635967154900046,-0.1209746108484117,-0.19202873211341032,-0.08050105082841882,-0.918138754872006,1.173263047841339,-0.06875713339017618,-0.029073225846947628,-0.06082426759230209,-0.20512449720536258,-0.12792514867383847,-0.002861923659439282,-0.524608162065404,0.13682534655820663,0.050969796737556555,2025-09-02 20:32:30,A,1756845150,30s
3.8269440309321867,-2.1277653445245757,-4.243937508676118,-1.5106825621425597,0.22955529416844234,2.4887407410492264,0.46928065825378795,0.43369934284803663,-0.2668910853420064,0.7838459041025998,-2.168488123943398,0.6941469615856852,-0.12363502941093822,1.133184023006591,-0.6645045046069934,0.05737102082234703,-1.1565476436021165,0.2763952918203981,-0.28433832013855037,0.10377873108894137,-0.48674719963476476,0.03341316287836297,-0.3846119548882693,-0.1648215235485532,-0.23044686744811574,0.06975222403499169,0.030333818062369764,-0.2800337642116344,0.45177403971466407,-0.09452089076567766,0.17571641267214602,-0.2177624910177746,2025-09-02 20:33:00,A,1756845180,30s
1.6766064875386213,-0.5363074958271641,-3.0434053487376573,-1.6593293253954486,-0.9913093860098635,0.6167126194737103,0.25419390248886675,0.0773710906257257,1.268972565372712,-0.07142138300819076,-0.33007475855822926,-0.04420249478089408,-0.16494544444420592,-0.7943608109218674,-0.9418652645399034,1.7274711184859466,-0.31148498578266565,0.5296401192918975,0.06384845705091492,-0.43237307589194696,-0.25204176064412565,0.1746291263781425,0.11644900940283971,-0.026711472503163178,0.14010190133384806,-0.023683960684971465,0.3140025881399851,0.2365444551022442,0.16191649391834867,0.003062065672364024,0.022681791722969875,-0.0587937776867647,2025-09-02 20:33:30,A,1756845210,30s
0.4857103561496083,0.20644476695273156,-2.0969462300562327,-1.6306823193326865,-0.2802918911625857,-0.3127883314352191,0.904932098869326,-1.1382860700299704,1.3708443862123452,-0.16750760380388016,0.21568979638722124,-0.5981311529067987,-0.5343596586693591,-0.9523614407961944,-0.7323171504796611,0.3182850167787088,0.798206864818702,0.8794146759657852,-0.0005537875571402033,0.5026087712133106,-0.37975553402373335,-0.21534454644998088,-0.05074829464121577,-0.41538010440139633,-0.3649315777822422,-0.05877950762120586,0.15359107332309663,-0.3670328356544683,0.02415277932356775,-0.06321373875685962,0.22502797466938096,-0.011423418309847942,2025-09-02 20:34:00,A,1756845240,30s
-1.4200983816321477,0.6898156997620282,-1.4222307619046548,-0.8648705494199453,-0.6361638992406797,-0.8324180600930258,1.2417541764355873,-1.061399381469284,0.7959987173864775,0.22840567206314114,-0.3931883183120826,-0.42153500656324105,-0.526041151577776,-0.03755576544040259,-0.40579253850269686,0.010578716864755965,0.40887130113412623,0.4000651554989361,0.022134206504353222,0.8021764836116154,0.8979893666626372,0.4340710428590629,-0.21536526464901914,0.4673933021136244,0.3280705437029373,-0.006400981844086279,-0.26497653818544714,-0.1396320924170294,0.007249175976041043,0.1658287563791617,-0.005521339117174311,0.09111297305619034,2025-09-02 20:34:30,A,1756845270,30s
-2.599232487090389,0.3358235324350661,-0.5690492737022924,0.6105297930992636,-0.955185609406703,-0.5930477944814998,0.7871940198058621,-1.0358713868451839,0.9283403331081466,0.5693513330966078,-0.8327498969070773,-0.20940631188133702,0.4051656156414754,1.1545864286712033,-0.4414078969238581,-0.8868178308939455,0.2087015030672872,0.4957132803723093,-0.32475014468255986,0.058715611456208495,0.5645917111823876,0.2192185325156367,0.08753908676839015,-0.11379024710176278,0.3178045600939518,0.07788782287650614,0.06596520305701659,-0.205532626415353,0.1825156754127196,0.06078247266369094,0.08768437741782016,-0.11239117249469283,2025-09-02 20:35:00,A,1756845300,30s
-3.3107471900756886,1.7122373013947867,-1.8844048333473584,5.259423630922035,-2.3035163197859223,1.2062977879830146,3.567492190409196,-1.0963915884077533,1.9423242501451543,0.2086471227202473,0.11788613383681823,0.884208729358462,1.241767886973723,1.4586888755980842,0.2312770200849793,0.3644212252844915,0.7636023358194519,-0.36126567373609203,0.4869619220079805,-0.3396135224286904,-0.3646548328215377,0.44002878382256727,0.17136755684281965,0.14782597650232787,0.3854608388319905,0.03633821506135562,-0.0870887756844145,-0.04652358045179387,0.18751588050327306,0.05186527307382415,-0.19848042203455654,-0.07681870584050049,2025-09-02 20:35:30,A,1756845330,30s
-3.5697009888716353,1.8179187613601,-0.6263466122608927,2.3189694125798868,-1.1924513214629273,-0.020542214097936978,1.1018611543271368,-1.4373864530635194,0.7135599056978348,0.20610763330852228,-0.7297931912204092,0.3485396388213308,0.2566605915295524,0.2558209758126483,0.14975342885234177,-0.0049324820730353765,0.471965162393823,0.7423619450894517,0.04911342390827044,-0.06081961619644943,0.4877685919738287,0.06915547515731861,0.3310311234269816,-0.4135140482341218,-0.16427192172185953,0.02581025080714246,0.11056933928435846,0.026484229514326812,-0.07232273801225884,-0.21665643457936545,0.08610324063618116,0.0670177673321403,2025-09-02 20:36:00,A,1756845360,30s
-4.666592865067653,2.7175451382911526,-1.9751319042566022,8.246273805067124,-2.6345891133006085,2.161643282730727,4.769756883032184,-0.45985768777277397,2.665558995538168,0.5243503202902946,0.4514490128833279,1.190386781948301,1.6858621171280304,2.894843996616931,0.5553719111173446,0.332469224398567,0.6122950323416645,-1.026229464305924,0.7366821160817708,0.5733975313930507,-1.4163776345357428,0.21563837305412858,0.089366564933148,0.1327081638801586,0.04313548614531551,-0.08074291355027335,-0.16691577732788482,0.14758113443385099,-0.10170877799474025,0.16149199696507305,-0.12838466007193938,-0.19628072431550078,2025-09-02 20:36:30,A,1756845390,30s
-5.209983233256914,3.121737047288216,-1.678455658519193,8.35753140425965,-2.650546453804151,2.5154086831120956,4.537634523940908,-1.940470807916134,1.8593446871945987,0.07579727934235896,0.535165656683294,0.8382748587625194,1.081694744566132,1.609662047556084,0.9952979613469918,0.29469001481127843,1.9978352104759367,-0.023088796438090434,1.0083892596423556,-0.2949430136372536,-1.0617024092996652,0.3217787502324719,0.9617470000318116,-0.13499999413737893,-0.2600199143576153,-0.20349133588468765,-0.04873974289464112,0.1610861447265474,-0.01912723940191384,0.20923970271789097,-0.10155307379924629,-0.048379504972744444,2025-09-02 20:37:00,A,1756845420,30s
-5.6370263018667375,3.768340318036187,-1.5730003227925848,8.308393908441532,-2.151424531291709,2.7453989672458503,3.558274112512639,2.0488726612552712,2.29613511889434,0.809155438659329,0.3053696127821944,1.53507287217172,0.9647259628471627,0.596300484894885,0.8828894792893711,-0.9407717205502262,1.1457107270038702,0.15757189848547884,0.9863890161842279,0.33821103384424583,-0.9710771450131229,0.46178998663405196,0.7113631173657391,-0.0966422613638733,-0.30941865666974383,-0.17832284051449276,-0.31067208305928723,0.21154125054065887,-0.11602726218487613,0.15182654512296131,-0.13368532514077894,0.00633984291018029,2025-09-02 20:37:30,A,1756845450,30s
-6.2144461865564296,2.8935843354997575,0.7149320611588831,2.797402952139553,0.9054915353843147,1.6003166455204516,-0.3788905674005381,2.9160384042253202,0.7173946741350916,1.1858741262071173,-0.9142780052124786,-0.005747188042476706,-0.252660649463227,-0.519137286804781,-0.23862597466913046,-1.2854582490578916,-0.37139144145500047,1.1080928529834402,-0.173433370735453,-0.08654072317291366,-0.1700247501561437,0.1948918401651608,0.10698561916185739,-0.2522534089763479,-0.09876457134111515,-0.28081276268550726,-0.35661449979742044,0.3238881860229545,-0.12446664594389659,-0.07891147318761561,0.13795405691956114,0.24345778671129784,2025-09-02 20:38:00,A,1756845480,30s
9.29231523382741,9.573569907065602,2.16352020599335,-0.4222714160701404,0.804254430172693,0.5101992996685769,-2.3121438769097513,-0.6277992752106669,1.3845608406883345,0.07637334350992157,-1.6585368055490288,1.7770163937662815,1.6138281841483355,-0.43145462717619476,0.3540496536450102,0.6737924977195211,-0.43233892580004524,0.6982718036352725,-0.32691748012340904,-0.3462932862697563,-0.5879754062153555,0.8896760751033539,-0.37761824535374616,-0.33091257527026174,-0.015828041203263407,0.019195924877717443,0.1626698731081129,0.1595929419085978,-0.23597434708521206,0.030588589371970894,-0.06795319798546998,-0.09831338921619075,2025-09-02 20:38:30,A,1756845510,30s
5.1970811018338114,-1.4275641423476488,-5.262196532771569,4.517796483714733,2.709993241573674,-1.3386350081141125,-0.09769197710825366,0.08386521131910696,1.0151551939893582,0.2786112975215058,-1.161304056682817,0.641747129055035,0.5883410806786127,-0.2805380144332605,-0.04735047463495871,0.5873870778640343,-1.0712231452219738,0.5183119315470441,0.6626167315592253,0.6456812764010593,0.037367493309031795,-0.5670669919919805,0.5834204692942567,-0.02108034722102967,-0.08377714131187547,-0.28050964497573216,0.096892365790843,0.17813427944289778,0.2608335333584812,-0.3008343162287505,-0.19676505655522175,0.2882635055355791,2025-09-02 20:39:00,A,1756845540,30s
3.473183856071582,-1.747794093039984,-4.599236197743829,-0.4447102544482558,-0.9208374894546307,3.6925647507613455,0.7080099163533357,-1.2940827798760492,-0.8730097594644027,0.3187048688052725,-1.8689030041691783,0.46813053656093223,0.35172947452247383,-0.067378052417138,0.002549984772702507,-0.4344541456226861,-0.28971031221883287,0.8633232802560667,0.3031570109613607,0.6645000242925501,0.38358677112732426,0.3273635870772734,-0.15244572491533706,-0.015248694726364318,-0.3143391833225396,-0.027284660341441343,0.011632715403805106,-0.04256787332935666,0.2913383566391079,0.1533937034989131,-0.1465978365019677,0.08649264736778713,2025-09-02 20:39:30,A,1756845570,30s
1.2091053868658823,-0.6153406692625316,-2.48313233714434,-0.6061585456099476,-0.7725286630892785,0.47697450225722604,0.7110559444298276,-1.1847717436302443,1.028044303207467,0.02133736345810207,-0.2535005674632306,-0.6425597105738269,0.9670224342830386,-0.5446318942577367,-0.7823008154813015,-0.5181410206471744,-0.19263786908640715,1.3009346417358845,0.11718789588100957,0.2896439517772775,0.10906135286883117,0.4029854581272981,0.06862844591759197,-0.3728881939584718,-0.14628142216941584,-0.1245900051335361,0.40245756446540865,0.16178611763933634,0.29770131951477985,0.19659469457681325,-0.07618492217412834,-0.005127694305104334,2025-09-02 20:40:00,A,1756845600,30s
-0.32026195327713736,-0.059037321261003826,-2.0077995379008597,0.04711791305380126,-0.9012346285188544,0.2585718496553324,0.6667667332344388,-1.3412001796825745,1.5123125059289608,-0.16393503985916624,0.16883835592641566,-0.5973895754938491,1.1541098067125366,-0.562237917842842,-0.46005202178184684,-0.09258689796034107,0.5137915924450068,1.1125708328136266,0.050032893125382255,-0.12501063375437915,0.021538487590892684,0.027015181645676404,-0.18948148208524573,-0.7700142332748751,-0.43745598690846277,-0.06995313091661634,0.006425416253000202,-0.32917113997984193,0.10208913197744617,0.06252055275314665,0.01823493818906507,-0.007144940746489455,2025-09-02 20:40:30,A,1756845630,30s
-1.8974010001717492,1.1914302160218266,-1.7402921523138621,1.2680883071350786,-1.1274497956782905,0.014462630046230026,1.3982742219785709,-0.16976503336944973,1.1896965210326385,0.08577248354646161,-0.4173545526808493,0.2315721557855326,1.1644089221556304,-0.24599046032758853,-0.07754664064338591,1.5975071747993312,-0.2943056504234714,-0.009059565593474893,0.12001817681796732,-0.1806103400379508,0.5362148620513097,0.2379457911030236,0.08211030807789581,-0.032550617759316426,0.25380290698069097,0.10851101293284211,-0.15924594792214852,-0.12123158469968004,0.12635595640748448,-0.22121702378247438,-0.1600227054949995,0.08896312025613809,2025-09-02 20:41:00,A,1756845660,30s
-2.322561131920658,1.4459193152729304,-1.196300184684941,1.5146366232222548,-0.9972601370293576,-0.22360327588269668,1.0390201506230576,-1.4356385884916287,0.5548501707133005,0.0907989418499727,-0.5770008822623908,0.13428002990258356,0.7661714621434218,-0.36399198090080226,0.22344129135614504,-0.1685084874391418,0.07321932192640286,0.5841183492132244,0.22133494481052127,1.0367474831392172,0.4917392368673226,0.12392859679617114,0.02706878089171995,-0.20966769909297375,0.09825201554798636,0.020269617541322102,0.029758420836239707,-0.13132222086843146,0.16041876631144358,-0.2702910182194748,-0.05680975574276336,0.10661070140528961,2025-09-02 20:41:30,A,1756845690,30s
-3.342499742507043,1.4203885946398318,-1.0688614793552118,1.7408195045713155,-1.0968943729681015,0.03516602534358952,0.6869369200895217,0.5102167024849199,0.6558579119760539,0.43350936562665815,-0.7766421025540607,0.4633883267146196,1.056469679647494,-0.7285954820471784,0.25765062391406807,0.08345724328010552,0.8467393986429076,0.31730886395207697,-0.046862204377818586,-0.42440229639971777,0.5348009457149066,0.13749848038854545,0.08934194266549307,-0.13567471651735583,-0.0863316178536571,0.183471490512926,0.1318363429173973,0.018686088611326573,0.11732387660874269,-0.18518088580976527,0.011976870446408815,-0.005715661520820963,2025-09-02 20:42:00,A,1756845720,30s
-3.5657840690540428,2.297559289376697,-1.0916395195844462,1.8407836621405367,-0.8775169316607213,0.17018854415451942,0.7265057166980389,-0.23095906713435932,0.6531159813849662,0.10656993911448834,-0.7518250051874668,0.5323795574219674,0.9316568933882504,-0.38256695930494505,0.49232178911909896,1.918070867604503,-0.028915655818056975,-0.007433726179740218,0.1738312391913387,-0.1472116223411026,-0.02674352026425453,-0.15327323024710673,-0.0026190729914206535,-0.3975609464373005,-0.1718806160127423,0.05029106018372982,0.21821019857563412,0.020602429252133386,0.030771930074714453,-0.3285604350306553,0.02238535539722363,0.016470037936856044,2025-09-02 20:42:30,A,1756845750,30s
-4.097765656321461,1.5389076784661626,0.021154441200149705,1.718203435360121,-0.49561871440039384,-0.15413418198142778,0.7531255614112287,-0.9112727545163668,0.1504178790184986,0.5858973705083202,-0.8917534711258308,-0.7286089454243893,0.9103063174195447,0.9691157736811233,0.31967265687261603,-0.5009232193506958,0.17191894848777456,0.8151733239176553,-0.012219204259605293,-0.11135606428314732,0.6551496718987617,0.41254283427699984,0.1328276152666084,-0.30814429141714256,-0.21820332834690565,0.09349247609131921,0.25885833606774733,0.09734195453733589,-0.1292781112426664,-0.11465453295553342,-0.1476152913560726,0.10671569928236288,2025-09-02 20:43:00,A,1756845780,30s
-4.67781322192302,2.169833078548411,-0.6231856756075964,1.9959661353687097,-0.6103572804075487,0.22690973723859767,0.7234568295762673,-1.120030185530932,0.017958990138718683,0.3107297660466709,-0.5647613773601345,-0.5854589742682095,0.19552556253105202,0.09996510081403909,0.6674471487354244,0.31564621376528496,0.6892315142343158,0.5658768613336911,0.5070401104254487,0.5604236115260379,-0.03637188003187549,0.3030642482393209,-0.05913335611578715,-0.10276448975984909,-0.1927945508405184,-0.04428742449801627,0.10671144329920056,0.06863195238937933,-0.046320527069990514,-0.011616562655306955,0.06424939342617894,0.07817059139463796,2025-09-02 20:43:30,A,1756845810,30s
-5.0864205598789765,2.4107009481188912,-0.3653211840555883,0.8294546914023706,-0.27735246025176286,0.12696315702426558,-0.7291087451693786,2.8418152320683463,0.3320492466853712,1.0208885250250375,-0.9191899777283922,0.17284623706603944,0.010952411914493473,-1.2526889729190125,0.6478644572028444,-0.5980546033417729,0.2751589104790966,0.46718227378173677,0.32657735679675737,0.4604511645605055,-0.24676564915811072,-0.28755860536181976,-0.2763054721389057,-0.15961289976159235,0.07812166848818416,-0.31406807078358495,0.014549534194126528,0.046749365003525514,-0.03955612183747844,0.02128822480234766,0.1674692126790332,0.02363785612988098,2025-09-02 20:44:00,A,1756845840,30s
-6.683506078095831,2.314650855244782,0.8869086944325081,2.262791867997373,1.9078365909315815,2.3648268206240903,-0.4943086835425959,1.5342549351724855,0.43839567580999556,0.5212931615836559,-0.334272323792055,-0.5307698682455703,0.5189040369176449,-0.7204094937998861,-0.11752509845552243,0.18396209137793879,-0.5056486679235433,0.3462555067571684,-0.005771809921466552,-0.18024636864154425,-0.5075006256866299,-0.04005279749353171,-0.2837224563634835,-0.06820197836173077,0.3639380851495384,-0.12293872747339263,-0.06413178912581427,0.007068108668115301,0.12960944371396,-0.2543827966376361,0.13650300782790745,0.033940160549314154,2025-09-02 20:44:30,A,1756845870,30s
11.422089708806293,9.927564784877315,2.8986125141674526,-0.7565032730533712,-0.13708366213660547,0.4000323058609936,-2.479662797134552,0.328705774517171,0.7025997643291746,0.4428541692548912,-1.123211394565186,-0.3488911512480969,1.1440375080957,0.14891404607423048,0.03702933074952352,0.6212099248341708,-0.03618807386387176,0.1400437389273318,0.21638944743300376,0.2793046163427003,-0.5335903948524878,0.26225156177421194,0.06210979467297588,0.2896527160889897,0.0016503457681580206,0.08940900869425342,0.0771359374140835,-0.041734858813270014,-0.22003705678701935,0.13244858825264333,0.14447248062690163,-0.07695001102279897,2025-09-02 20:45:00,A,1756845900,30s
4.163319756213431,-3.0640954569989574,-5.286795393993376,2.0636076232570866,4.173485759576877,-2.3367714921397473,-1.6030283184284029,0.7197496123367222,0.31339376479636166,0.6838305651540634,-1.4912565303995229,-0.5372865731004435,1.1133460352807605,0.550369815857979,-0.4625094922866273,0.7084224105937019,-0.0266987809395709,-0.135861056831588,0.4557928802604614,-0.06097789211601547,-0.19544016335236233,-0.23345764399925056,0.2957940442183242,0.021239929867019267,-0.09166717196644049,-0.07110903719870768,-0.017262575030606964,0.03370859007904544,0.09451376206926118,0.028172339433099675,0.07929685473021048,0.0888161891601802,2025-09-02 20:45:30,A,1756845930,30s
3.281363990515885,-1.7726220638963956,-4.6734109481310115,-1.867809933140761,-1.3357364791641302,4.034240127821474,0.5571484574255322,-1.0562873499964256,-1.690127039173076,0.20052215340347715,-1.6695254033419489,-0.08485707222313577,0.44084111071343307,-0.3083633414223723,0.5772447635335732,0.3970526661211777,0.5658074142919761,0.46716610524900176,0.45978046853464555,0.12852932639754291,0.12718338520652453,-0.011757820153839887,-0.1182356420621848,0.1662483084485802,0.01828238386183469,-0.10629772955376976,-0.1492246498731271,-0.16104934231821003,0.06650459562441044,0.18371091595304206,0.012809563076153156,-0.07046242876568291,2025-09-02 20:46:00,A,1756845960,30s
1.3156998058597982,-0.8417812625937751,-2.0427227784800737,-1.452120580771919,-0.7120455099839106,-0.3038158283752211,0.5032666996234945,-0.6194718198816387,0.47194578775225016,0.16235779929442004,0.01605317620370247,-1.6067741652103706,1.4076608670877735,-0.10235058699935345,-0.8638178944534881,-0.8708915710876342,-0.23818625429870954,1.1706142820582806,-0.06970771269004988,0.16096508654867298,-0.01258351959914726,0.020888265807180697,-0.18399041049630935,0.09850772328246679,0.0458544083695497,-0.09747671738010982,0.24930097777758697,0.34451428737716655,0.09248291209669235,0.2775656438335908,0.08223349521276005,0.012323235196029788,2025-09-02 20:46:30,A,1756845990,30s
-0.1776015152637149,-0.6350115330869499,-1.6201904188350644,-1.1758231782094204,-0.7138497832759548,-0.41965204975100945,-0.15823516703377302,0.6368000502285245,1.3742738957521692,0.22530225366861772,0.15737085985521215,-1.2459851978529197,1.879150529151567,0.5008929708579005,-0.7770646460109194,0.2091093997144753,-0.9695217666188319,0.5953496330268111,-0.16603729119201244,0.1470926569842917,-0.18026824621380305,-0.40528803599294405,-0.4802393896221665,-0.5619502724646456,-0.30401717109476417,-0.026248439133522743,-0.22358111059681876,-0.259888236471814,-0.0367095601400811,0.019135735248946323,0.06614570558460563,-0.024179614463009917,2025-09-02 20:47:00,A,1756846020,30s
-1.8935142111412928,0.45849051645638905,-1.118379870493375,-0.3378614001865498,-0.8647772030241669,-0.7525760171672914,0.6240235717732466,-0.9111786740624124,-0.026836816613368564,0.11618926654194218,-0.2915563075206243,-0.7550458488530126,1.044212566518012,-0.12449373700619044,0.073344262708674,-0.22391590978173456,0.2614295650935899,0.21383120655439516,0.08023461636469191,0.95187041409226,0.5104629156819495,-0.015363543055758978,-0.29447721269968713,0.25117323515993584,0.5234598417670107,0.12111707131629695,-0.08747600707121388,-0.2291058639549282,0.18779954927905654,-0.15817060738685618,0.062161045161225906,-0.013505882867691697,2025-09-02 20:47:30,A,1756846050,30s
-2.4992111542338544,1.227647503132998,-0.7698843834235956,-0.6242836600971821,-0.4351766762035157,-1.0122165251812767,0.6407162134721015,0.6777859256239541,0.16691633181990556,0.5254336079944044,-0.6128359324032945,-0.8021266594515702,1.2577955186980567,0.8811616156257887,-0.1340491181737194,0.7508122140664742,-0.650655830752745,-0.06556402897663269,-0.20388629658399304,0.606543404608774,0.5182582015958831,0.022066780621311104,-0.06816509498622145,0.1874224831638706,0.3922064471764984,0.003922804743134273,-0.035477714956177527,0.035048598138383166,0.014755027247443896,0.04535720875803476,0.08513549353801947,-0.05853126949380112,2025-09-02 20:48:00,A,1756846080,30s
-3.0239960690027043,1.3432696888275508,-0.8404406545711657,0.003964112834773209,-0.8446255541799476,-0.9866436824583001,0.22365667968742267,-0.1059864556210796,-0.23276980264947952,0.3364809149789682,-0.5276103390341226,-0.676305662266759,0.8293672172794593,0.3129722345235694,0.196346091049444,0.41086722874667,-0.09215365128628354,-0.014418160592997026,0.09723283893916741,1.016666979598929,0.2132914131516905,-0.3029396063920618,-0.4069892429829625,0.33959113737073066,0.2580513567774667,0.014347284390623733,-0.15293263773102914,0.16693167105329865,-0.13019141215309368,0.033308498977107096,0.14573704726505937,0.009715974216222539,2025-09-02 20:48:30,A,1756846110,30s
-3.693449306539945,1.120341122774781,0.06646742894856411,-0.29237261462680353,-0.24257743818966168,-0.9485898879275101,0.10533265317973259,-0.48313510627347483,-0.5994823321415215,0.550418292372636,-0.7391949691161931,-1.1227844710789159,0.8522141980897687,0.9663635728350416,0.33382044990341514,-0.5713270767078396,0.42691817644533725,0.3601165229181913,-0.22251330696184865,0.6440062956569395,0.21054687536706299,-0.3000142467653218,-0.19515093994932964,-0.08710794110405498,0.012411177323850563,-0.015752940655100495,0.1841125801850489,-0.15065353981200155,-0.0734896507911589,-0.13456480259783593,0.14658011508816748,-0.04751646078853207,2025-09-02 20:49:00,A,1756846140,30s
-3.95435145402671,1.4158217385237664,-0.1348536718049111,-0.19601209416941756,-0.47447344740971936,-0.8864855054350724,-0.22724891251213064,-0.6499661502391624,-0.9302714310850966,0.26706406398624855,-0.7126014368252573,-1.0740344327396494,0.6290674163028676,0.15304114381414546,0.5673837526922472,0.27373331958442765,0.5644840713649792,0.6875264597872727,0.17668222966163472,-0.36236574399210664,0.35829736179608757,0.13720601249079525,-0.1643806606502811,-0.07699211195758786,0.007401625489608867,0.04010728103725361,0.17383763445627992,0.045905112230408086,-0.1052005644104701,0.03563222554335475,-0.01653457066951061,-0.023224406564599176,2025-09-02 20:49:30,A,1756846170,30s
-4.598740135124012,1.5372518203243242,0.03537975024207264,0.09243728917183866,-0.19189862613857603,-0.5041119870227022,-0.5448562819779009,1.4430385157352057,-0.4428651777975842,0.7247540802296607,-0.5780415134289176,-0.9025869643190279,0.6066709146543368,0.20714060131959253,0.5391387928483451,-0.5933364498440007,0.2896292162016345,0.5589730240042811,0.23655167548811512,0.2288993434099535,0.21765294283573855,0.18427823610396574,-0.20437448351452436,0.01160136963593034,0.16400902988202834,-0.016516724208258532,0.0837687022617531,0.025064196079671888,-0.09567569731350864,0.11134698147062203,-0.07643518668213066,-0.00752981656621538,2025-09-02 20:50:00,A,1756846200,30s
-5.162774179502574,1.5885452221787397,0.49826750108530043,-0.4668218012621166,0.45656107970814114,-0.25615958323832877,-1.2355376863301795,-0.48353339424928926,-1.182490838189239,0.2341002362860524,-0.5742607808874136,-1.5535610659549703,0.03569507230447002,-0.08332871289882111,0.5392012706063187,0.43034658045403423,0.5554275961782903,0.8685225113152973,0.2811294595910871,-0.2882224813486462,-0.29531800900265454,0.06335033610983026,-0.029003124057788234,-0.22068259427857112,0.12627074023460372,-0.1297952489906563,0.09441005739865828,-0.1351783169508631,-0.019071048261226624,0.173684025151995,0.0901079945815126,-0.119392595577485,2025-09-02 20:50:30,A,1756846230,30s
-7.488425270741828,1.7785023187094768,1.8124790158422224,1.6963971806254616,3.1203263445420215,2.9812403031962784,-0.7795657330636812,-0.5467479491168835,-0.7279909955100504,-0.05060824928070526,0.40744745782015745,-2.014310654654471,0.42413797614878856,-0.030582100073681992,-0.47011280564441577,-0.09960258791807503,0.08221721339685224,0.6951704979053795,-0.09518291308959023,-0.006682303922308872,-0.5884635127020562,0.13388206671049108,-0.043457357269896316,0.1262973646680851,0.7449925431254549,-0.1449780263477658,-0.19245394419956663,-0.18095899395500273,0.24317413179297262,-0.03747012156171585,0.0939879296756407,-0.032392283792175534,2025-09-02 20:51:00,A,1756846260,30s
12.603717048632628,9.917653067016174,3.5708048826861716,0.20139524884383267,-0.36803929222267895,0.3215458229246091,-1.0029797521284323,-1.025201181830183,-1.498961532668706,4.266182606909396,1.7538608252093775,-0.4700882692407518,1.126556455059821,0.10533811374037504,-0.5726099166950064,-0.554155695385972,0.37331218528165594,0.4528992394698347,0.8298871975748584,0.047110403294108115,-0.10708834119963784,-0.10841721029172192,-0.21387942762717568,0.5113970198898049,-0.10758538127709875,0.10493119474369914,0.2236944268171296,-0.26326982273744554,-0.040481289511919205,-0.13155206432287667,0.2738878148208377,-0.2841307924228999,2025-09-02 20:51:30,A,1756846290,30s
4.09494206220184,-2.945797102351614,-6.134321588335347,2.1756126641593942,4.360606379907285,-2.350968551398381,-1.4210544858016936,2.0069021867445493,-0.22197455406708352,0.3504506669693102,-0.8011826963292047,-0.00025253456065826765,1.0957411213379342,-0.5932050592150045,-0.44510770304130937,0.25892567856430104,0.6460979376423832,-0.21386825968372003,0.9217557434013315,0.7289291980712647,0.03476304980453962,0.07121657049860261,0.03672381895190715,0.4169387140804576,-0.2297724079152288,-0.0060950344457135755,-0.11032808511277696,0.08947442805719986,0.2529216773809185,0.2133702179114103,0.008568367796369936,0.08533797796523965,2025-09-02 20:52:00,A,1756846320,30s
3.246129395933496,-1.5240360291039388,-4.57019467239523,-3.107184818081139,-1.025304429181976,3.915597174399671,-0.20397018454438984,0.5644134910609659,-2.079264750638922,0.010721850737738755,-1.4955354365094797,0.11213457778107104,0.6730550198673311,-0.08974312078773254,0.4985068773693714,1.9457718847484882,-0.01601383650027177,0.08340815691919638,0.3177957052176805,-0.005292305728701164,-0.18121145696620103,-0.508326868751443,0.15671593270433112,0.07472275209599857,-0.1374761204784746,0.08045862290563545,-0.20273577669607087,-0.12350645486487662,0.05751426971442529,0.12557466897222097,0.096240546944834,0.05044651994302083,2025-09-02 20:52:30,A,1756846350,30s
0.5228290770482151,-0.40265468781931224,-2.622675582504845,-1.8907719546526147,-0.7130285383413688,-0.06021226544527783,-0.1763998404137168,3.1694563086806804,0.472068658203405,0.09937759171319181,0.5203495683345083,-0.38576039557322606,1.5109286297524154,-1.7602247854325626,-0.4968871109415597,-0.12719384983269044,1.0360410790064496,0.7031909824421768,0.08368496818110066,-0.4904352311504402,-0.015532152803418992,0.05097690429812877,0.014217407643727198,0.02951941149448113,-0.04328429067587766,0.04757377030897163,0.22353236768695145,0.22501011762906517,0.12861637275257407,0.10816609603636847,0.0911231379688938,-0.14154530979914803,2025-09-02 20:53:00,A,1756846380,30s
-0.5573732615651292,-0.03184758328790997,-1.97968638595542,-1.0438370158094203,-0.708258233878048,-0.23772486607023335,0.4738452689025522,0.7136513861249768,0.840859025878272,-0.3448586977070167,1.0499141022555267,-1.0603274991941112,1.684625564035053,0.2920431072018054,-0.5584086672386191,0.902190181566408,-0.41220941170921294,0.20067141261912608,0.20190919547297065,0.8512589777399927,0.022566737590677656,-0.4863228639527624,-0.6265015466649255,-0.16752145151220674,-0.24444255267164414,-0.019573907869184462,-0.43126301346467594,-0.1664036272287689,-0.31272073123961136,0.05117208459015469,0.007106988116667776,0.12647666901543572,2025-09-02 20:53:30,A,1756846410,30s
-2.0721286304740083,0.49399006049799066,-0.6356342573522991,-0.880374490831964,-0.6563469380796473,-1.0194272651317204,0.15388939431125573,0.15344939742917468,-0.564296549997938,-0.04411921714759913,-0.11574907723664758,-0.8515519705432226,1.5378726779985612,0.6062274671920438,-0.11449431411751414,0.6039604921642242,0.23899896337957277,0.30288551821112175,-0.23166537991839642,-0.3677553556949364,0.529426341464752,0.011643203083046592,0.13210390254589496,0.1558906959168569,0.4026098778684418,0.18498614098705699,-0.13276501299761811,-0.1359567535237796,0.08262895549355323,0.008345168127008078,0.07750807774058144,-0.0924405992817441,2025-09-02 20:54:00,A,1756846440,30s
-2.453509872910643,1.2348155993578176,-0.4374551574488151,-1.2068123112879412,0.09965144960179982,-1.3161796123687601,0.9746030202799005,1.689939098851497,-0.7937917706392636,0.44467297281333035,-0.2067352596287367,-0.6916028319812974,0.9974752537047898,0.36818871708552475,0.10477166342181737,-0.6636417641754098,0.4607819088732795,0.3614799339428244,-0.20297761635644268,0.5279671486297761,0.7337629687145392,0.12724541281529347,0.0027589897948505113,0.3519571016855636,0.15397962133372536,-0.006458594159174448,-0.02347958169214004,-0.1173407252282683,0.019842215745952168,-0.07765443131885214,0.08936987158121812,-0.10506139687653572,2025-09-02 20:54:30,A,1756846470,30s
-3.052570021830213,1.4064172729387672,-0.9391454447577459,-0.13367544446838356,-0.7240795605413575,-0.8820048645776449,-0.1620016894310922,0.6165315358207362,-0.6357162462922239,-0.16509929993463612,-0.0979485181091931,-0.1997551633567789,1.1150127691898155,0.27795136112066016,0.20060717140923381,1.4980672349787745,-0.3060548378168379,-0.0495645330494706,0.2192750591508936,0.5227576844549686,0.19079332488449374,-0.20310718804247502,-0.23971438033926146,0.14629918360335528,0.1993234817746803,0.13791531302534835,-0.036305630093710885,0.10759088329637186,-0.012622390080312873,-0.07234022708997592,-0.040297705323473904,0.00012591175057463473,2025-09-02 20:55:00,A,1756846500,30s
-3.7086228709691276,0.8567099170959591,0.2788304122446874,-0.13475117134130207,-0.34790970813007477,-0.9318347245503644,0.09096042952645188,-0.28873692213539254,-1.109722043271669,0.1571129597520577,-0.22361371471560376,-0.9612504837207079,1.2650013949845718,1.3625621337209604,0.3029675692589418,-0.4837213188823441,0.5897803852373685,0.4291747561568394,-0.1736782149223383,-0.29910189680530525,0.3288117491173541,-0.22526541557081434,-0.2601797463319399,0.10144832686024075,0.20721804622370646,0.08012594244152528,0.13448682793893635,0.011411265084571734,-0.14837664604377102,-0.019921185623562133,0.037629550803834504,0.018721993570377626,2025-09-02 20:55:30,A,1756846530,30s
-4.222132080382753,1.6878055432078536,-0.3161629033270491,-0.295266184260857,-0.409489288162819,-0.5979911101513415,-0.6465606397076101,3.3815065146064693,-0.5219195547916271,0.5290767696744847,-0.13934050398320252,0.16243114094974465,0.7733773212482469,-0.3652988718675781,0.6028640517600224,-0.4555625244332548,1.053128198308529,0.16281165759437913,0.07856885144257353,0.3185716337151957,0.035736231072511185,-0.40612622764386413,-0.04758539184913727,-0.09014826292932246,0.012570328192499708,-0.008743102401791804,0.16812796626837562,-0.15860057916591275,-0.030696926034587537,0.026841711011950643,0.06807976331984258,-0.06736480912519098,2025-09-02 20:56:00,A,1756846560,30s
-4.550131591314526,1.3596334544975175,0.33545910796961026,-0.24621537108516686,-0.03250742970480585,-0.6252920789657246,-0.716256478179079,-0.28853655496354463,-1.4764731438564374,-0.06099076392931318,-0.10062834197973712,-1.1659364974019746,0.44973905571365674,0.6383993482091102,0.4448740819840447,0.18658754984664866,0.6782433689990314,0.8115982503523049,0.2557724855593728,-0.23562534440385835,-0.06457251186580369,0.01665488358558984,-0.06227541894093957,-0.06322256495630786,0.04845517194919198,0.011998518723905522,0.0928412030225625,-0.07934350438789896,-0.03261333862024973,0.08985071666634002,-0.09453651129242151,-0.043748001886399726,2025-09-02 20:56:30,A,1756846590,30s
-5.453133977282002,1.5330641398558458,0.8221431614585744,0.0515929238789526,0.7153455373777228,0.1725342726267903,-1.1001190606892737,-0.22034732371273424,-1.4455746552977526,-0.11113886743879117,0.20069262507748223,-1.4022177657465213,0.042480478618899614,0.513202533180103,0.30101962463086684,0.007140659197218729,0.45998636417484307,0.7534001901308265,0.3186053801078175,0.43408331804860906,-0.5505890738702391,-0.29344243501746636,-0.12340682429804019,-0.003907123949115158,0.25978633014959546,-0.10478817359597746,-0.04657128680539377,-0.12166299537840042,0.028423819850361524,0.0013940013051059802,0.006846233294762154,-0.05361158185551318,2025-09-02 20:57:00,A,1756846620,30s
-8.127360417585484,2.1037553693130517,2.2094386824345227,0.5100604800377717,4.277488308440623,3.345929943782458,-1.6768242265661635,1.256451717170503,-1.0685245427027854,-0.2813812375080068,0.8455645069670543,-2.3088763351279487,-0.0009185377546038685,0.3770158650792991,-1.2550286974181586,1.755700897587937,-0.2736342543928378,0.5181084480343827,-0.411867560417921,-0.19004745001158593,-0.6423651989971588,0.38568516282258736,0.5280250903805327,0.05644656113697564,0.6780255627355666,-0.11340916524008529,-0.2849681842957965,-0.2701485486793155,0.24360617595919257,0.3336409928930389,0.14897034865332634,-0.040970053763348786,2025-09-02 20:57:30,A,1756846650,30s
12.511674357754483,10.003651525309326,3.1774804708767235,2.210187722066058,-1.7951080900282512,0.7533507604369664,-0.918234753769261,-0.6096683090271765,-1.3857595629428048,-0.3671322274784396,0.3258482956837075,-0.7337972020396276,1.153115330333982,-0.24146997553735502,-1.1739754713576656,-0.68321501058201,0.5129126093684006,-0.2659201264239207,2.1629374099777845,-0.4763699697410887,0.2939103604552467,-0.20955302549178675,-0.8428514367698189,0.39280001266490855,0.3249154057017582,0.25561841828081566,0.20165328742106495,-0.18044773325316388,-0.11929713853740626,-0.38406270224907013,0.039777590996804356,0.3068759500034013,2025-09-02 20:58:00,A,1756846680,30s
3.58441274025041,-3.2966712217072858,-5.644429186125304,2.370742951832121,4.304984727966472,-2.7428477654748225,-1.7646893538308648,0.0923059008850924,-1.1294266380361708,-0.3510260766796788,-0.6160018541974466,0.30443161278823727,1.5094731460156312,0.19263757188688904,-0.6501861473296224,0.4184298184608595,0.37724055944903373,0.23783292242728415,0.9561679273061352,-0.4527349373054866,0.13820681227183368,0.014108750548603397,-0.2594580033071302,0.04942696352609446,0.06519608459074863,0.04566342035557251,-0.3285221367734804,0.20673721146639262,-0.15241808647763352,0.14551382299847643,-0.1763765335149064,0.055408159452489995,2025-09-02 20:58:30,A,1756846710,30s
3.5180966524585076,-1.3856986763544121,-3.8304617961470004,-2.544506587922289,-0.8046435510183354,4.059256397978049,0.6217703133416973,3.3915965891784885,-2.217628087941529,0.3465620440181729,-1.1537752831271604,1.274317032831282,1.0479458100424657,-0.31131627707103143,0.5277892648616573,-0.9801831373583832,0.31195270985785567,0.5751428966112968,0.01953770653364574,-0.3523071448234817,-0.17553474766472907,-0.8378646015676794,0.06294116071492269,0.10503831511168907,-0.14407437038712126,0.022995547617430927,0.048871239868270154,-0.2808214772521425,0.2185668129191107,-0.271297266700614,0.18702718497891338,-0.06474428311616745,2025-09-02 20:59:00,A,1756846740,30s
0.9292096870982858,-1.2422663982412434,-1.7055883895350483,-0.997108737422992,-0.8192970861567948,-0.33067866091413056,-0.1365977804083178,-0.41352211437114583,-0.44701712155157347,-0.7592498360426926,1.0153777606739194,-0.865927705876459,1.7531829406159163,0.03509288584458114,-0.9395692115663092,-0.3937932232201114,0.38050741232600055,1.0486256382953214,-0.04407184175919473,-0.5246739372928817,-0.40911918695786903,-0.3484700970865265,-0.4664789893171238,0.23688172970287577,0.012855196635396395,0.1606068027721211,0.32989477869172484,0.43797330545778734,0.07971910279253959,0.09052268068491434,-0.006670370994782253,0.09299090529047753,2025-09-02 20:59:30,A,1756846770,30s
-0.5045651304842325,-0.04742825674805571,-1.7696210036070705,-1.873949671695315,-0.3892375374815757,-0.5936297019766472,0.16393699646910478,0.9130277455215208,0.1787775566755008,-0.7531312784205142,1.2926810475491302,-0.7457206503988085,1.3723269052340494,0.36168457216668476,-0.5689046987195452,1.3562595338062082,-0.1914498531881742,0.5466529796510589,0.2582548909507825,-0.016638835572219846,0.2579489376810462,-0.27046704244757686,-0.5506311101806338,-0.1350421237072077,-0.17871180312788093,0.060355159667072965,-0.36730812574353966,-0.14625737470073708,-0.4283705941340866,-0.01927605616156968,-0.02882084684957326,0.1785206212971618,2025-09-02 21:00:00,A,1756846800,30s
-2.0409786845523983,0.7622199747318145,-1.0238125977536134,-1.0764437501501074,-0.5599703102090223,-0.8086760351828971,-0.22372965455312252,0.6404146190888298,-0.7563524301455894,-0.7483247078378921,0.46622416751697515,0.1459066784130628,1.1324549087159956,-0.030830302279432654,-0.26199884540081225,2.0577636111910036,0.190663050222286,-0.07172577530767411,0.009955247823170666,-0.09670875758856055,0.4878511957501136,-0.3123312374440778,-0.050634791428311135,0.39044009366800325,0.3854910711121391,0.27858473363298014,-0.172770783069996,0.04169104246684887,0.05378874936022677,-0.05087465602729255,-0.0935782170225778,0.01374671197392744,2025-09-02 21:00:30,A,1756846830,30s
-2.3415644780954463,0.7084515545021907,-0.26172548921292604,-0.8458953043836216,-0.3497460330986888,-1.208886651392756,-0.2938999553269475,0.914346110349182,-0.8604990045142823,-0.33700781748672226,0.03190293263302505,0.09108721852316064,1.5081599639393668,1.0643525127245503,-0.2584899391316742,0.8063975573675561,-0.7769484939703802,0.4155752626228465,-0.11203463436258002,-0.4385749551556836,0.4176281775586641,-0.2755109480493809,-0.14770819152794107,0.04698902254163056,0.3510666350163619,0.18742290555727872,-0.050470317125094886,0.005463918372831976,0.006688001032155485,-0.10403088562235221,-0.07514804579464608,-0.013302762334437267,2025-09-02 21:01:00,A,1756846860,30s
-3.218970939569635,1.5075279901567629,-1.1505497289641877,-0.06998065013190079,-0.8533169265555225,-0.4724851734153055,-0.3396372667615728,3.0309377122926655,-0.7764717967876362,-0.34665312671130205,0.5397935217920298,1.1636704477611768,0.4793989403581501,-1.6049223792154346,0.39043317443489267,0.7638401153492531,1.7849174240314918,-0.22065972073407222,0.26606187391013664,0.006310300342276658,0.04193234916041345,-0.734441988654447,-0.2671775908013722,0.5506173894287058,0.05284139064942013,0.26873357294469985,-0.0057473394886005235,-0.037277011090495346,-0.06562032260973873,-0.21331623195659685,0.1301140910757213,0.031116771227486423,2025-09-02 21:01:30,A,1756846890,30s
-3.578754795761557,0.9173549480558247,0.3237740633236305,-0.44221648946935943,-0.34506786971373227,-0.9953256418770374,-0.33896804951519216,-0.266343492552572,-1.400588103109904,-0.344854949628876,0.2193411437750287,-0.3041735439485017,0.7287028604433495,1.179794677161863,0.17707163183309416,-0.2868791074216084,0.5924062075447523,0.6009120996126209,0.03355918815585715,0.12046759443295028,0.21811044036038724,-0.474915516626186,-0.3415162409742887,0.14572937060512245,0.14890992554769197,0.09853641975703667,0.1178670247564694,-0.01586459764192596,-0.1398385423368117,-0.11936003379523824,-0.0037102748493298087,0.08783325356459935,2025-09-02 21:02:00,A,1756846920,30s
-3.8258866428587566,1.2095898487190189,0.18308679651738968,-0.4334000046308571,-0.2686205521323531,-1.0375941703705642,-0.5558491533585527,-0.30713123974371753,-1.6108185877286738,-0.4808124411993746,0.28514687519969384,-0.31066206916272754,0.24510889571323655,0.6504802636206749,0.28630120729500436,0.05545421369353417,0.4404429005064867,0.7702931977992229,0.3794063586582129,0.26376526434722397,0.2584696886601388,-0.3479830540653457,-0.43662484936858326,0.2662676319144201,0.09376122075967462,0.10687619563904203,0.042853219593505486,0.11540292944541457,-0.20457690534576017,-0.10802016561710681,-0.18528277585224398,0.1650270557779115,2025-09-02 21:02:30,A,1756846950,30s
-4.4373075584921144,1.241052870574371,0.4713451412549654,-0.4915572260909887,0.25679173370177105,-0.7169167575035686,-0.6390554285524108,0.48498693791433733,-1.4708251550281888,-0.2997045200748439,0.1829082477778912,-0.4388503319558678,0.3574744982796078,1.1487208699838174,0.11186878612514611,0.5858156137273872,0.0781693314968795,0.648041257500275,0.24655583400447378,-0.5336795296668811,-0.10965096407588651,-0.2860227646238431,-0.35942413439155657,0.10352026344581093,0.18022185435385538,0.03902169105331749,0.10316134308020886,0.028951087700245345,-0.09931911180524616,-0.04436380615955682,-0.14397276458804797,-0.009913171226221838,2025-09-02 21:03:00,A,1756846980,30s
-5.274827698146975,1.9444837856634534,0.1054468600998976,0.11758511465763623,0.42801033736406585,0.35363092036537375,-1.019711305940928,3.3969074377485584,-1.0232670614146824,-0.14045343199035742,0.5807742897508704,0.4469066797938303,-0.11582128421121503,-0.9286499571683812,0.31341794195238043,0.06545097713539512,0.6846117034505916,0.7016045591457698,0.6696115283277362,-0.3954142689289738,0.04579840778563123,-0.010209773390656568,-0.24026644160997107,0.32340059201643967,0.4264819882435047,0.024045239132992512,-0.09835750482674699,0.011812254071894946,-0.0800812938072247,0.07758534457024664,-0.17063359460206903,0.020952998209154375,2025-09-02 21:03:30,A,1756847010,30s
4.176443087994419,5.442030079217075,2.032459050136694,-2.686468336213743,2.3050848326882054,-0.8954458135343074,0.24163621633619842,-0.9871288523563833,-1.1504164800503887,-1.1755984242262827,-0.022546946847713096,1.8120737373184712,1.5696867501036986,-0.46720144448394174,0.25815845648834496,0.27785528437324225,1.2179470370405778,0.6075982665268483,-1.4820695037728926,0.41637557765080485,0.15497977677578725,-0.12956219737870936,0.12818501956129355,-0.23634215065078223,0.4906229321579455,-0.9844069730303825,-0.3893945857519413,0.32500591990389854,-0.059675655586469686,-0.5231734805054532,-0.38008180348182236,-0.028734533255490878,2025-09-02 21:04:00,BOTH,1756847040,30s
13.700248920234316,-2.4575223930617383,3.0184457090865373,9.530739164129507,-2.8162227307130423,0.16907472149030128,1.0069696470994802,1.1039590077894785,-1.6526835690913015,-1.3811766088973223,1.6222391460502268,-1.2837194075095302,-0.7678371104959929,-0.9393750116686252,2.074985562751977,0.46415447682070166,-0.8453611388115335,0.9998195234596837,-2.3340956383798814,0.12139803902748057,0.33965671091595795,-0.7669175937790103,-0.4124700249702573,0.19235779386746762,0.01809868977897753,-0.20295912057045012,0.3857319662621805,-0.10040711628526137,0.2888059147844785,0.48884628181342227,-0.3545012925157447,-0.06766087528678207,2025-09-02 21:04:30,B,1756847070,30s
7.6116988720836485,-7.80919190723439,-0.645920225585455,1.8490681804350406,1.5865554011777319,0.39933316834037186,-0.771924755123014,0.8741884037855316,-1.896943202186431,-0.35434972966066997,-0.11407942893648108,-0.6370899623655936,0.16784149289888353,0.6912990693337642,0.13597120446067315,-0.11599696156721363,0.7106304844890156,-0.8845476993506073,-0.39649857227583374,0.3220498521982395,-0.5258668951674117,0.6103750684920893,-0.1373496821148796,-0.33960838923056247,-0.014919815009883512,0.16353523274558993,0.2572062072487235,0.28329864264995175,-0.18326083959290354,-0.1553992250852898,-0.0017107213396273175,-0.1544781447020576,2025-09-02 21:05:00,B,1756847100,30s
5.776477326039345,-6.5912653921198805,0.896398033999142,-2.072082269754931,-1.0768028965152392,2.476458688202249,-0.2831524114302383,0.5184336571615923,-1.4858637760725444,-0.7154744078373143,0.4802714377652928,-0.5766285901078567,0.32207313937707455,-0.010895722365596269,0.21102663590874157,0.182645899365557,0.4080551622691423,-0.558076846805886,-0.1679480432507649,0.30717632013856633,-0.49874199548523124,0.16922196112741994,0.5286919563798316,-0.22007176037740758,0.13335756403853455,0.0865456663485218,0.42862457284581046,0.32620618995131206,-0.08248541089790509,-0.15182121548902805,-0.13682426245373436,-0.0304278536184049,2025-09-02 21:05:30,B,1756847130,30s
4.026941322964702,-5.668309648900744,2.5855357429475205,-1.8334732924815886,-0.6919588530004595,-0.24649840190109135,0.017411164246263648,0.5428307755874044,0.12418785036111324,-0.8487006025825644,1.5692282881818425,-1.0662772500535245,1.058413693563449,0.042772938151985365,-0.3339969715229973,-0.6213604500101276,-0.1837993676645371,-0.09357278021001898,-0.16305950394938923,0.03211122641364885,-0.6437244183397796,0.22317146026233683,0.372011863748964,-0.3870123432426284,0.07247598671307563,-0.026314232111537772,0.21022679112712267,0.0891076802216449,-0.10156485945568135,-0.14515587651010523,-0.17585241436501095,0.028447996886728305,2025-09-02 21:06:00,B,1756847160,30s
2.1096697280094965,-4.629532904278618,2.2941807545951867,-1.3778659654480534,-0.7086986958473104,-0.4386499599082586,0.09401234125375207,-0.03217348375217229,0.19584696570374893,-1.2323195034059806,1.6747487051327505,-0.04780602759380604,0.6757747036182709,-0.8123303139674333,0.08754212936353231,0.13357855946912953,0.14742959210417872,-0.6749599668627182,0.4616452597352097,1.308727661454008,-0.31998606766933874,0.27720068888253874,0.23541565660449096,-0.3173445489570305,0.09801016705239243,-0.017713114068801928,-0.3260491362520478,-0.355376918400415,-0.052513781784251125,0.022807040040108473,-0.222463222758419,-0.13739496622844138,2025-09-02 21:06:30,B,1756847190,30s
0.803579923074584,-4.110274193346135,3.280651084628143,-0.4127035305352701,-0.4085238450008138,-0.5466056764066604,0.6265546611678291,-0.312252456277394,-0.3901536385094709,-1.1054870651828652,0.806107322555884,0.9998484834988559,1.6188271606687903,-0.46795414480556363,0.030416351462089007,-0.46065578362593834,-0.6158192052139989,-0.6541564824398126,0.0492301620828787,-0.14785205721991312,0.2176124234131438,0.22830295186427185,0.17835463385101027,-0.045966750115363476,0.512610239486638,0.10295512129501135,-0.057821783722811354,-0.06961592579486088,0.15227759415237094,-0.011963724605724906,0.16725342308875774,-0.2601401827568892,2025-09-02 21:07:00,B,1756847220,30s
1.2517746335145115,-3.0616228397897847,3.36414663984052,1.393398801599409,-0.7269529112790085,-0.4731418748851313,1.2906907040009168,-0.7164475212139264,-0.6502959072833887,-1.571181650068729,0.7661237896575395,1.8753283949257538,1.633502699778198,-1.3959491739803775,0.7120053065417572,-0.25509481501278297,-1.8562388419325273,0.21632238520588393,0.7118035255811043,-0.4088435512345348,1.2167244851939234,1.178823084773125,0.011450156035285708,-0.3838717457296415,0.22537594889085158,0.12568434094985226,-0.22148805978112895,0.304574675887596,-0.11392961209817083,0.11754792776442959,0.37334738389065053,-0.04855942546839508,2025-09-02 21:07:30,B,1756847250,30s
1.7897335779851076,-3.220390361392061,3.85610233994004,1.2423172444064776,-1.5577766797737413,-1.3373175668076167,0.3080963055514732,0.15250289493075214,-1.1307780185633967,-0.9636676478703261,0.49268371989267884,0.4846283274351068,0.22435156129098063,-0.5477075822959433,1.1419454203958601,-0.014687318817646138,-1.083891732868203,0.3984064386306284,0.4129166315265463,-0.2685406226011643,0.14321493029450438,0.7839170011561682,0.685003360625055,-0.27328503258071685,-0.29344007851600956,0.1154689920476167,-0.43236034505674376,0.03758871240581297,-0.08502389060285664,-0.0610693798123506,0.3915935295700344,0.35203020215475006,2025-09-02 21:08:00,B,1756847280,30s
-0.1930791376405335,-3.8601618746589983,3.649210010944341,-1.0709102662181011,0.16120519921237436,-1.1800152591462256,-0.5233873209144362,0.17096588240522786,-0.9470083892440698,-0.5967850077553035,0.17540212166241226,0.4104016797784717,0.5257969641893122,0.3153473773565916,0.5265535839438679,-0.2907075973260501,-0.2419725000639311,-0.3082941718229232,0.22654223048956051,-0.16382091135833157,-0.23077233345511608,0.8246961354030536,0.12310293972545665,-0.07061424745766554,-0.291436202255164,0.2595590542971138,0.25675776570296643,-0.20041251146042038,0.228694063758925,-0.13843209492137323,-0.2303586615121899,0.1314255128633868,2025-09-02 21:08:30,B,1756847310,30s
-0.46888308556744746,-3.7698482355492975,4.138061268745758,-1.1114585283522591,-0.1225606705909647,-0.7329659205157578,-0.5146252929451853,-0.9221687983315943,-1.893045571906162,5.483531579067312,3.791523058665057,1.9489035563520256,0.659161368585725,-0.07845261561595546,0.6544196904078328,0.4135336289375917,-0.8330154852615219,0.24225621945433995,0.22984906121175167,-0.31774770883755626,0.20471933723686223,0.16746905525762784,0.3887579694074287,-0.024913158752808966,-0.17135892408005948,-0.038395523329193965,0.18825885537670542,-0.0976060504278407,0.23236777570992043,0.0870177412463932,-0.18891416484733467,0.23785796863551703,2025-09-02 21:09:00,B,1756847340,30s
-1.6257775017659564,-2.94264975810868,3.807722555213643,-0.5926420111462817,-0.06802478037634514,-0.6890965911100317,-0.16814884280401687,-0.09863774177298493,-0.7742350235235337,-0.7954877486411681,0.47545190011957683,0.7286048714214104,0.23808369611355726,-0.00878674271592441,0.854143546834895,-0.035498783171802446,-0.18975267053059247,-0.30918050306321365,0.7286617405329259,-0.3244784111419667,-0.2085712846401692,0.03971468586062948,0.002696098231099401,-0.10883724649609972,-0.23415344787394046,-0.12364452220759314,-0.0028672813876323595,-0.04263625761593179,0.08579201243806871,0.15094905784586055,-0.22875970823460018,-0.05945808567924303,2025-09-02 21:09:30,B,1756847370,30s
-2.0648179915609446,-2.6547467186094935,4.455274602320049,-1.2188487397512944,0.2575399778040102,-0.814689727521094,-0.8314549252276086,0.11549770921115068,-0.9702336718143217,-0.6164337473727385,0.25674167476583876,0.41036997278369386,-0.19606469439974566,0.1112670008466156,0.7990995738299297,-0.2081290784196367,-0.28388738690060394,-0.07827769978764228,0.5600088851493527,-0.22263198604671539,-0.5014887653052879,-0.46378907856657037,0.26170926531524485,-0.16690099817441673,-0.5059126174150599,-0.1960443432649421,-0.1806612621554032,-0.23935493619338125,0.0444350657969283,0.10925322147468786,-0.04302807783676337,-0.05425931494799091,2025-09-02 21:10:00,B,1756847400,30s
-3.3984528248237162,-2.2021115351949474,4.296710626526425,-0.15163151212567275,1.3942107018564676,0.2265510209453093,-0.3517145998527099,-0.3295598403934025,-0.8643812777829616,-0.9616290139932848,0.48400054362764444,1.0333216796736262,0.2362342387721838,-0.3129446851215826,0.5764113024997897,-0.2434157895963857,-0.7706522551279456,-0.07033624846100048,0.7305892054036321,-0.441460607927775,-0.04019552117340272,0.0018425262863017912,-0.5663744853276673,-0.10377189543329811,-0.21586632666300454,-0.14170738835113078,-0.05870169163753623,0.017147903189440802,0.12122510561577418,0.054782157711713964,-0.12237327266888318,-0.0996160857426026,2025-09-02 21:10:30,B,1756847430,30s
-6.896108404451859,-1.5356900139414278,6.09838549820879,3.288593375367978,4.45287439748316,4.732870885281828,0.8853864478700317,-0.7058251154184273,0.13784469168229516,-1.4461083223300868,1.7624494319862765,0.9796552036751595,1.3958581241859394,0.20172738620692263,-0.8568499526969634,-0.16851649709296718,-0.09273236129395115,-0.912770197356881,-0.26477498302000696,-0.11427688527456534,0.9721151950095233,-0.5155952539124087,0.16685375388461932,0.2586756768039688,-0.7352630643159198,0.45065427902872474,0.32401299884403145,0.07128452221393941,-0.259356631796648,0.0178742834266458,0.07239170764231116,0.040053021763761465,2025-09-02 21:11:00,B,1756847460,30s
14.937252291467413,5.600158217770621,7.777287888206218,3.5836883717572756,-3.0737662321472863,0.4626764411811249,0.07399905544286617,2.169616470596692,-1.7888523833403687,-0.001132907355804352,0.6708995859443172,-2.3646536266250058,-1.5132498850713847,1.2680823499504617,-1.8397104632766368,0.549414757074197,0.9371849129346584,-1.1901368982212113,0.6556934753934759,-0.23173946012546828,1.08091783457984,-0.5463458134252958,0.3656877138006189,-1.183986487801939,-0.5308081290951874,-0.7163484192116554,-0.4007830584405007,0.01384795325284295,0.7307048781973361,-0.28596656944387344,0.07226636616721616,0.07227335201335039,2025-09-02 21:11:30,B,1756847490,30s
9.576761878049993,-8.005154934972078,-0.4225339918190235,6.287080114762365,2.7263246946981985,-2.054868719823275,-0.7831118787259123,1.0050872472029784,-1.1364140633650437,-0.6616464810268664,0.3628423942161512,-0.44703771062762143,-0.6408363599994203,0.3392556998242894,-0.11272992925867616,0.23504145110249663,0.8090691155903621,-0.5210021947015846,-0.7783826648500165,0.17763999634924696,-0.47324396086469017,1.1032442526009199,-0.7108699579196338,-0.3099322036791792,-0.22552701854945678,0.3992620908248364,0.299640463491629,-0.10421447884790848,0.03005441974645431,0.022530531844612182,0.2535594389224203,-0.04156558128638029,2025-09-02 21:12:00,B,1756847520,30s
6.922261279118273,-7.90698382719696,0.4802894907818362,-1.6091083554344958,-0.8226821048505568,3.7867405308059525,0.08479803573887598,0.6983053172258048,-1.8957835897816675,-0.1876540018381403,-0.550382709511941,0.1458251549511477,-0.08049641098454992,1.617234324573098,0.2251793106968231,-0.6146943555453556,0.15545619360880158,-0.5829366903933443,-0.3416175002344846,-0.11747619719793924,-0.2157942176495023,0.2827236565660641,0.14669433042475766,-0.10147237054354208,0.4899611975847727,0.03704477044139091,0.5365557304845124,0.18918236078129474,-0.08642169991469494,-0.06650418784528178,-0.10758734378841671,0.07100782661057238,2025-09-02 21:12:30,B,1756847550,30s
4.5771214379598915,-5.721611316234351,1.88229601555357,-1.5473448627026478,-0.7844546571926283,0.48297716864776463,0.06949160477365972,1.7070034892022137,0.6772703292423751,-0.7471873272069096,1.1893098996026772,-0.11965106272358911,0.6118040620089725,0.48696161436540775,-0.7579685884908292,0.8629815164964993,-0.8140508196787999,-0.3947303968236442,-0.23037664495415375,-0.14305422755748665,-0.7227357159791037,0.10519545580462204,0.3447655326701218,-0.39236562035732,0.3942531425559941,-0.03118821975166262,0.5395346372927393,0.4460729230908392,0.08463488147775074,-0.16771171121188658,-0.06192100260662578,-0.024292274985965787,2025-09-02 21:13:00,B,1756847580,30s
3.3533150240531393,-4.9231755260878005,2.7970886451218138,-2.2477234063671037,-0.08308961351904197,-0.5524166128052448,1.0210749643526995,0.32092758013965716,0.6714334362887583,-0.8919352768530501,1.5434236329765694,-0.33288602857839983,0.3150921972781993,0.04937828329759366,-0.3625969558883706,-0.4077061971994292,0.14607742393732204,-0.02502944399484535,0.0012335148307996912,-0.2638222660516989,-0.7344804787999499,-0.22019562128518827,-0.034087016044632074,-0.49253547942996884,0.04633885678492478,-0.11885787113859166,-0.2899896532132064,-0.4566185106153352,-0.31651992059936573,-0.2555154194457867,-0.11943890321201779,-0.1960553807131342,2025-09-02 21:13:30,B,1756847610,30s
1.4413130265828058,-4.538248644922102,3.2800233944153785,-0.5585011147991469,-0.5911855738942307,-0.6760485319412642,0.8881482679788035,-0.11629250983897822,0.1620960994277793,-0.8743968969535647,0.769588336544273,0.8656413356310497,0.6839324895421696,0.0541829819986425,-0.18434541119022904,-0.3306176538223675,-0.13644669631830558,-0.46224801887003114,0.07798487265641708,-0.1556112164312222,-0.150544199103467,0.40204372808205974,0.2654101292348933,0.010282331695905342,0.5149963823453093,0.05363350367319241,-0.17374220868805124,-0.3114151568945597,0.13506173335541047,0.00025626812956739943,0.19482968085256216,-0.2407164145043726,2025-09-02 21:14:00,B,1756847640,30s
-0.43550639783204187,-3.095275956049112,2.6905226138807294,0.24872971801029234,0.44264202953119697,0.3734827972081307,0.8098994558237791,-1.2246467234464526,0.2201244122170393,-1.7663114699539866,0.8851803359055043,2.7125391835710557,1.1125800243840815,-1.7116990280045516,-0.4007065100196456,0.25924516210416665,-0.7614765478202213,-0.4814997906759837,0.5743013773013699,1.2455130656778677,1.3255567762246725,0.3507106044554444,-0.29889874194967664,-0.14991028692806052,0.005391085076738967,0.33317042521583645,0.2528313705905331,0.22574775525929155,0.16477975314826093,-0.04026078505717017,0.03813217593707345,-0.3471612837538405,2025-09-02 21:14:30,B,1756847670,30s
2.6341036945818237,-2.7074582415086965,4.194950374734624,2.741168604901419,-2.7259073974984487,-0.9997112355558919,1.1927863960346716,-0.042534639163768255,-0.6484715853475876,-1.0052925284297805,0.4426879738975336,1.0586959445290798,-0.3135407184785343,-0.5931866723689319,1.0548683757792627,-0.019826567403818607,-1.4451388222083934,0.904037776773961,0.5749594927273345,-0.46947073692456326,0.39061612807033347,0.6260215784507474,0.8484553932437696,-0.36455440346836077,-0.12834427501823836,-0.11559740620236869,-0.6350386142994778,0.21157414399066607,-0.3737576167997173,0.22903901335562468,0.8983965008343411,0.3438959315729837,2025-09-02 21:15:00,B,1756847700,30s
-0.013134095030337599,-3.8367538115665165,3.5612718470980798,-0.3995250135197526,-0.04664604294911027,-1.5502382348499755,-0.4355009722579888,0.09255249203906393,-0.5549517625177738,-0.5058434552660739,-0.07439331914284428,0.7557021498573242,-0.2933668704468401,0.18981174299212838,0.19221301482647676,0.0655801461864165,0.16824202403860594,-0.21164621240703715,0.07475848995039577,-0.060972844120963286,-0.5043101068142519,0.8017044292315866,-0.24534497953301782,0.13242071747589648,-0.5226475582938888,0.3408203410106792,-0.07850125751546223,-0.16226117347347352,0.18081205233578854,-0.21346992543650656,-0.005107122455529873,0.2291944121871701,2025-09-02 21:15:30,B,1756847730,30s
-0.4187910457767942,-3.8135760988016707,4.056505925510719,-1.1836293843416326,-0.37990486660831857,-0.7662555457305521,-0.29733935352312085,0.08586650049963059,-0.3931868455139057,-0.38167087472805494,-0.034045258260975854,0.6567273208529499,-0.24022741436093867,0.5087783941977131,0.4347577221379531,-0.3141521351126141,-0.2532530989693364,-0.09111910095235264,0.405786469210463,-0.31248065702921657,-0.1410805349040003,0.04720300397443657,0.3564938744027197,0.1583846174001193,-0.01853292797472384,0.022549045957127842,0.4183868723464714,0.0003713994528208704,0.17135211968183556,-0.07168579301581676,-0.1045085586972418,0.35175328619446444,2025-09-02 21:16:00,B,1756847760,30s
-1.1944937059845786,-3.3721428747665136,4.220637980673182,-1.155491988568915,-0.0990576231637216,-0.9998964100779644,-0.3479899287800077,0.024218986107418624,-0.29464961844805904,-0.3892552008033906,-0.024139726385371676,0.7551835241814335,-0.3481947149688706,0.4781626311603169,0.44484738121694606,-0.3193873262330757,-0.22119097205739907,-0.129377096128247,0.41865691066636174,-0.054151482966717374,-0.042770080025121934,-0.12492262185345411,0.013984704139542952,0.06796693595667946,-0.25970873263544364,0.001778629352147007,0.23929926242309263,-0.0389923086084004,0.06938726473337987,-0.06279978704815116,-0.10724755629466279,0.196764896018197,2025-09-02 21:16:30,B,1756847790,30s
-1.8978281083121529,-3.0426277729876348,4.266332093831743,-1.075849937700818,0.11448415122066004,-0.7811246980129051,-0.3798484407638114,-0.03374547787613134,-0.17530673811116007,-0.38951617217209955,0.02661212976008968,0.7191142094763507,-0.5185645535735423,0.462917595481521,0.4909835800128914,-0.258247692909633,-0.10134227141534306,-0.05037905149760035,0.6050442586847424,-0.058768207091980995,-0.3452552659128639,-0.1686892933472196,0.050083672407350316,-0.06864005580191372,-0.3031795872229417,-0.14401973870348136,-0.03968915482686277,-0.31300353031422723,0.12359015721814515,0.15738557456554247,-0.12195640905647787,-0.09956891883175949,2025-09-02 21:17:00,B,1756847820,30s
-2.6215810143953364,-2.689669484233257,4.620046064976144,-0.9142935734223382,0.5640701925628467,-0.4511492706052556,-0.675522671467903,-0.1193143995688798,-0.3890250542332032,-0.44831513445954263,-0.09114249906775215,0.8118627856473833,-0.6808967909504082,0.07276727257209532,0.4354605410924359,-0.14073177976859455,-0.2751271730589385,0.03249182586829294,0.5790894308176703,-0.32902183831030163,-0.3595104379485073,-0.4558450626795067,-0.13085066737329293,0.0478397811274328,-0.3732686445765302,-0.1804155726035183,-0.1034035569898201,-0.11673458532486465,0.03863828676801578,0.12876247313155365,0.07934844235371523,-0.029078273729438667,2025-09-02 21:17:30,B,1756847850,30s
-4.648780955391896,-2.0785678675498884,5.176413664473336,1.2126743208741175,2.726386658390994,1.94754975309218,0.15045792193382604,-0.7739303379087592,0.19237903968228073,-0.96541588806235,0.40880428748048725,1.6703525679740288,0.507375823563443,-0.18567418944644112,-0.1245173230426808,-0.5934129808529187,-1.0900051875663164,0.12218992483878952,0.4865598233338066,-0.4494276463591434,0.4017093588826934,-0.10005575060912136,-0.5456818829087826,-0.201889254531573,-0.2616477917763267,-0.038836104923425346,0.1669324524561822,-0.09426387170917348,0.15933392396194818,-0.13749192738199323,-0.12259332034695287,-0.05029816664198659,2025-09-02 21:18:00,B,1756847880,30s
7.264489900117746,5.165808959163241,5.346125151789337,-3.6301762302605978,2.38693896484084,-0.7330251577177613,-0.34543283512898476,-0.8991043384547655,-0.2765821713540579,-0.8350745634755474,-0.7727757859325894,2.3680733837366668,0.5528548451443455,-0.5569395060530656,-0.7700369084929608,-0.11236199569182627,0.66537038790004,0.3592549031886643,-0.5131962927173319,0.05556144595554839,0.9090181129826777,-0.036989049555293425,0.3289019183677796,-0.6695894767857488,0.3160874126158207,-1.186310245604218,-0.8869429874305033,0.9814492417110497,-0.18519237482878925,0.0026960757577611364,-0.20235366631521648,-0.5276564565400094,2025-09-02 21:18:30,B,1756847910,30s
12.91958286988603,-3.651900847567451,2.1750231199330745,9.487501494261867,-1.903623388924258,-0.18975158824719343,1.579574552345027,0.6765631603424492,-0.5814284062466796,-1.201311930556557,1.1557575434339462,-0.2499605520243315,-1.759311740912612,-0.9941215815546908,1.3213275785569252,0.8323997960537914,-0.40255112474383725,0.849479961146651,-1.755125086438671,0.002816932442887157,0.4872934536339794,-0.4386160829906287,-0.9393925070382383,0.659561763782093,0.27817421260337555,-0.07570103852695159,-0.023961119606532483,-0.12506533097010286,0.08005507485829888,0.38727028769719407,-0.31899558203499423,-0.08127632306305689,2025-09-02 21:19:00,B,1756847940,30s
7.283882929209177,-7.654744047918811,-0.3442485900194093,1.4706063297973613,0.9719652651320381,1.3304347135729073,-0.017363670540323093,0.397627685241969,-0.9228421539687908,-0.19338987953668227,-0.6278793227997378,0.5157852108752611,-0.8217124301455359,0.762569621989229,0.02024009102612329,0.07520829256651496,0.8232940005880642,-0.7238307767604019,-0.27506039594162524,0.09480547454335217,-0.22647722350691527,0.0941698113865348,-0.5989779781320201,-0.1708993978004932,0.5079395375385322,-0.002777267043445539,0.02142592220300017,0.110167523551587,-0.4847805497627228,-0.22795536121962345,0.24227271572021242,-0.07735764345511928,2025-09-02 21:19:30,B,1756847970,30s
5.14884676750242,-6.687532095610463,1.5787101132913879,-1.5530813524149887,-1.004489652813782,2.0868015075341604,-0.11611555555109512,-1.3208080347495472,-1.6520673741616732,8.989696313306776,5.191932089239888,2.525633085572946,-0.0449217019300456,0.1580679648671866,-0.41205971271880115,0.9060254854721953,-0.07567175308587688,0.5027411522435469,-0.6883574730442794,0.384325422357459,-0.055113363801498505,-0.1898596234166041,-0.10955851413165002,-0.19636615767340676,0.31419068229895064,-0.034970574181615824,-0.1395064744671162,0.15651825543004855,-0.08878788945267936,-0.05136348303534931,0.04153052779755292,0.1112229905580562,2025-09-02 21:20:00,B,1756848000,30s
3.716127112618831,-5.437244692751975,2.565448083011535,-1.3304089016768905,-1.0525225456378802,-0.1561794041121182,0.46870952062190735,0.20626295725251648,1.1125017171294884,-0.5735217126048171,1.0179613500014635,-0.3707238907755757,-0.16074448109705225,-0.07115843384553373,-0.7851230579116443,-0.10319098177926424,0.38070299410806563,0.11624073794147226,-0.1906713449408305,-0.0696574516451991,-0.5512204319872626,-0.2427811022413041,-0.06262571088790056,-0.08600141941109463,0.14532217726760058,-0.11896522054804413,-0.2219730741773677,0.1991344689395509,-0.4110691115783825,-0.09965613238958704,-0.06568556258281133,0.11676653813460387,2025-09-02 21:20:30,B,1756848030,30s
2.0457373785527246,-5.042175328959136,3.0886625357866855,-1.2246918142264245,-0.8973148280900575,-0.6522586277805235,0.41142552589017545,0.09560383132465262,1.0303490673679647,-0.29889071113794274,0.5210365062168174,0.020706152096043807,0.061532051242180356,0.4228093703529827,-0.7766366251620364,-0.3403469729134342,0.5835549587313216,-0.327714006890622,-0.26868297968008203,-0.083261587252923,-0.8135794637509809,-0.281352858553909,0.03534309734323258,0.18514833490342059,0.2840164879472862,-0.048666802856768505,-0.314779529242174,-0.18736776302919916,-0.06330061350817724,0.03517235776727409,-0.07956525852993723,-0.150248075660037,2025-09-02 21:21:00,B,1756848060,30s
1.261997516037499,-4.622000460306017,3.797078018936537,-0.6230744478125969,-1.1595301939715266,-0.9728122425719482,0.5312865298634822,0.08839845063727418,0.46976701553044736,-0.09391076865837986,-0.09299265323404608,0.3506158128143904,-0.009742918591522313,0.5407453643922897,-0.4994195914800619,-0.47079225145469245,0.13693183746593804,-0.3915448056073553,-0.29270712105828944,-0.2760343191277088,-0.4443863690362789,-0.24260972375309522,0.22831089298510135,0.6162944148390261,0.45748303709360044,0.011830177468155527,-0.25655353367438954,0.08908578786037927,0.124621114877131,0.14031779079771192,0.21456064960744306,-0.017139265396921937,2025-09-02 21:21:30,B,1756848090,30s
0.3600722516372053,-4.076289974896584,3.8107083660994743,-1.0796736235357356,-0.6903612712408578,-1.157354387831146,0.221497127116759,0.05472938149993704,0.3578607114540948,0.018924435813179524,-0.3170085392508689,0.41763969624208375,-0.2737076104900356,0.5590234509996421,-0.4310680334054452,-0.4237955826642176,0.28523766764303854,-0.4353030748696524,-0.24111943162807692,0.1599367324359003,-0.505743664338663,-0.4407506458385657,0.09892113868794841,0.5926202180533455,0.16539321832576048,-0.02244928853442744,-0.16200351195180773,0.034704141605970004,0.20688847288859227,0.028349850385775366,-0.00851748673631761,0.0195701738994541,2025-09-02 21:22:00,B,1756848120,30s
-0.13970465146252165,-4.045212696052018,4.21070257809775,-0.8932431508508203,-0.6808973040954485,-1.1317861550240667,0.13325296575367362,0.09729467188658207,0.3109383334825272,0.13858705154141363,-0.489618144156963,0.35444387926437715,-0.22372397333861654,0.7880525704667648,-0.20183683315022763,-0.5319107368178599,0.060621880953419964,-0.27748080315152995,-0.14520842883751175,-0.2912788082869635,-0.24499527286273018,-0.3683803400759352,0.07685816946935829,0.5556735836282117,0.06695667546636748,0.021484924647503376,-0.10888213774726613,0.05926121528983316,0.04949385197455222,-0.018889264077734235,-0.03584931414273573,0.21975682224639825,2025-09-02 21:22:30,B,1756848150,30s
-0.6515413738590424,-3.477552452354571,3.8892256620605856,-1.359723645112735,-0.555012686041481,-1.1664245571632184,-0.25244047156179855,-0.01736694906013524,0.13622008315205364,0.006994887014705893,-0.5093165239412355,0.343540312699882,-0.8501125968812512,0.10056986600963885,-0.02806056358195191,0.24239845692866996,0.4876880762068098,-0.24052547588924983,0.18688448267277324,0.10459612547249754,-0.27877549324202855,-0.2941133083892932,0.189974519358298,0.5519903555794682,-0.21534241068002138,0.023704661649939653,-0.11637898174706494,0.12648449979452436,0.08053145088792477,0.056305252827560354,-0.17697953678057338,0.12889544212540008,2025-09-02 21:23:00,B,1756848180,30s
-1.2492292469818143,-3.3189719749935085,3.9123135889332037,-0.4917843160192512,-0.4236564427712378,-0.7949044237470997,0.32620740515499413,-0.20576464044660048,0.37292024488428704,-0.0005445044040649083,-0.4532867201349811,0.7141091304569231,-0.5255521992032163,0.3240458792258933,0.28950652037082614,0.05115553209049059,0.4711680581274439,-0.4108495792342802,0.3504025709661586,-0.24191352817364367,-0.5388143232031946,-0.34566178267441217,-0.21731774135716067,0.4204006614332465,-0.10306621297292828,-0.1482971776292252,0.0009388754227441543,-0.0022647045260183367,0.09189304197070032,0.17638992252443736,0.11487538886156985,0.0013721055545474988,2025-09-02 21:23:30,B,1756848210,30s
-1.858801746136865,-3.0158229946417245,4.303247090380796,-0.6165876646215257,-0.16288680142085174,-0.7158544376859259,-0.004771051828007762,0.5462401727747148,0.5464699188990754,0.26886057060428653,-0.7282474123284287,0.7111870661562141,-0.25196977749652005,0.9238918557789696,0.10559481579600868,0.04559555311142445,-0.48039550232926403,-0.3652805351571635,0.1289241351144142,-0.5221429263014249,-0.4120058585107549,-0.8564555457455889,-0.340669934760708,0.2876749115348281,-0.0835458569850264,-0.22828251918037598,-0.07465459359435063,0.09898934914170114,0.02646577028575883,0.11247778160977064,0.11464187370196614,-0.008884400702424177,2025-09-02 21:24:00,B,1756848240,30s
-2.617471526880951,-2.488333810834567,4.138892189049979,-0.928178971351929,0.2483090203991924,-0.5943351327303856,-0.518151980358096,-0.24968091725042205,0.19792639502575882,0.049225994609706,-0.6377382495075669,0.6343513266424564,-1.0470503445655124,0.018382298267881843,0.17319403127017435,-0.15146823258020828,-0.02288353732751462,-0.06821246158970332,0.48397514908404904,0.7528137587815382,-0.3500853930644602,-0.841656387647161,-0.4525089408864619,0.2888395534360003,-0.43173480728266733,-0.2441191136404417,-0.1832297600239595,0.09614691292941198,0.08243285374531494,0.1768127226593,-0.009068379201832077,-0.10039001546216526,2025-09-02 21:24:30,B,1756848270,30s
-3.541571538841592,-2.303009689660957,4.891866555270541,0.29741425729640397,1.2379953761698574,0.5053716820160219,0.06502994423930128,-0.5491754964186413,0.39876117581734827,-0.10661927878809033,-0.5881409810725382,1.1260921089837734,-0.21000683147374447,-0.023330279905611623,0.17314153159903212,-0.4816283986490966,-0.47062477245601697,-0.07535810784788836,0.35749227896941205,-0.4100910533175993,-0.3215683348782213,-1.0262579195989965,-0.8051051331546666,0.14749043056055453,-0.31665268634639077,-0.316202107291086,-0.0578650462379815,0.16341092264358703,0.05922868207271914,-0.06691259078349174,0.016598713996500376,-0.0659386586060867,2025-09-02 21:25:00,B,1756848300,30s
-7.0734426346180035,-1.2421621125762297,6.04989864302809,3.6835545167831527,4.524041477710906,5.095797436374155,1.1467963471874125,-1.098911766732707,1.2753141941355122,-0.8339788616391104,0.7803902426398253,1.0666520773422494,0.7042247885832515,-0.23945180384663187,-1.1847628535437034,0.2640532658850011,0.3086054436512048,-0.6243551853936281,-0.34710000961290244,0.04264792475654728,0.8998652503910861,-0.7194218249770021,-0.059988948904459063,0.37980353356797736,-0.7506959275035657,0.42576273240524926,0.34652381912900904,0.11683824337393661,-0.24301650409455303,-0.18613355401763168,0.08365423680836305,-0.004278469837554025,2025-09-02 21:25:30,B,1756848330,30s
15.38185939713157,5.692182663625957,8.008290710221779,4.064517397139154,-3.158410421044238,0.685408145746634,0.6132052978218919,1.1541131809784353,-0.8908265026131407,0.6835459736056958,-0.3753488732912701,-2.492264013404622,-1.97328716330115,0.8880025924451554,-2.119456993665803,-0.0026349878465210517,1.3602530163767097,-0.6532540395003075,0.7497537745686539,-0.5325853749170272,1.354604539966382,-0.47907979158231256,-0.11806023804190241,-0.9046153270770567,-0.33440812981804563,-0.7869172181512778,-0.2694076194302155,0.13572350265252003,0.5395682069936643,-0.198136254295376,0.010851267188873236,-0.045135859764097085,2025-09-02 21:26:00,B,1756848360,30s
9.102496148533165,-7.885036110168616,-0.7360708693319085,6.392658748013691,3.116448917707455,-2.014931951259699,-0.4171417971619871,0.452794289126007,0.062449693073675164,0.06288294763481261,-0.876830496930022,-0.05780211103766397,-0.869646807340112,0.05264473624007684,-0.18434929735857117,0.32044659079664717,0.8552673453013017,-0.24467137613175619,-0.5244583756496467,0.09194601405947758,-0.18245424485691425,1.063275219577356,-1.1621279285745099,-0.45273281055753506,0.04700237026111087,0.12281731331625942,0.08033734931179842,-0.06696635907675408,-0.2914336406297252,-0.02781297983004611,0.4586649578665607,-0.016138172986549022,2025-09-02 21:26:30,B,1756848390,30s
6.391830470232142,-6.615031425852681,-0.593078921869884,-1.5809571919887373,-1.1118192067791473,4.29719142517045,0.19705580933597705,-0.0883820119455183,-0.9030210787692812,0.042591437649038714,-1.3446238692753278,0.616114299769024,-1.6117353327913069,-0.11720869014413862,0.6368041799173634,0.8219845051042606,0.6877351456582038,-0.462262514254548,0.4337417105926215,1.9494808816317715,0.27518030124468146,0.1184501529961772,-0.18111560831240753,-0.15213149359425046,0.2862518922955516,-0.060570149367281625,0.14407522499760958,0.2424431842517878,-0.49465236758052616,-0.07516612653118879,0.22014239113107648,0.06007616605211366,2025-09-02 21:27:00,B,1756848420,30s
4.364082549988694,-5.744995729610915,2.3246316577942836,-1.5621870800482773,-1.0371743856329931,0.33884223143739656,0.1753106179657773,0.14301627002362954,1.2009981848602473,-0.05461147604254525,0.07095136722685874,-0.7299070958210917,-0.28016832380505574,-0.3205065706553375,-0.5875241050962811,0.19351743062547636,0.4228254645017118,0.4209104634526151,-0.2425532180064649,0.017185514900789612,-0.3051102175169045,0.14831903961785797,0.24079073586997748,-0.2505814966085805,0.32827768550271275,-0.1124736927735893,0.2639693693351323,0.408206024339836,-0.3585468646742426,-0.2189214722534831,0.03977903269659984,0.32136174565008935,2025-09-02 21:27:30,B,1756848450,30s
3.222354801180525,-5.609310127749849,2.743365801660166,-1.6761070892403982,-0.8778658195279352,-0.3686713413812016,0.22254757457843344,0.09338030802661401,1.8702234416191381,-0.039129177892671695,0.3996904881703132,-0.9244908466626003,0.15945399227127893,-0.11219096382192159,-0.8608699015645666,-0.15967825716856307,0.3543523453450868,0.37721135987872284,-0.13754527498128602,-0.22131010081769456,-0.4030845764005947,0.15175135229979794,-0.14856108218653347,-0.16788332096653918,0.015879017156661054,0.025582691869305924,-0.3170562109761562,-0.21956632607276913,-0.48911198691768115,-0.037390454539930056,-0.03508829612262021,0.003996657162187479,2025-09-02 21:28:00,B,1756848480,30s
1.5423469365518656,-4.853130592787036,3.344710092523643,-0.6259405564293071,-1.0768941269773809,-0.7048783297768227,0.6344564002345823,-0.21254810283703535,1.1954968454687902,0.1253909043742421,-0.46113404287923293,0.10277855016769763,0.2093727613574916,-0.06584805413955361,-0.26323679386558196,-0.07799756286356672,0.18367629741758987,-0.16439361398987207,0.0555076201868086,-0.06854674287353504,-0.21450634894314338,0.4411030141069795,0.2636720105125866,0.29535623092010327,0.5387541328245853,0.05161840128952636,-0.13892641368643568,-0.2640234411779431,0.14986834040318225,0.1638746563929363,0.2966442498231296,-0.09530780067071748,2025-09-02 21:28:30,B,1756848510,30s
0.631935188780795,-4.30507520523062,3.6889115799954117,-1.1251804944100203,-0.8214399650892769,-1.07320012129618,0.46231912069874226,-0.07575839237800547,0.8127250245950863,0.4194731388067987,-0.8878391685262291,-0.07834349189728212,0.13880165177248066,0.28456954698444314,-0.45323714956237277,-0.24888332409229078,0.1848743221614853,-0.14228046761311633,-0.18328470983743242,-0.27085302189980515,-0.017218728597016883,0.10935994715846455,0.2251887917342082,0.6015308242766182,0.429328846461821,0.014960652806499362,-0.20037560092106035,0.08004438588897075,0.07708310466531501,0.23705218460081603,0.17633930212729884,-0.03616043795889819,2025-09-02 21:29:00,B,1756848540,30s
0.23271291185764062,-3.8550759683916183,3.8830647213552236,-1.1832494670344271,-0.8082489834270504,-1.1948082970957836,-0.15325146482121876,-0.09901707057982599,0.5965212938660172,0.35999935190645027,-1.063163355421931,-0.07169023024989414,-0.3337329039931168,-0.18130800473277026,-0.08893012980979496,0.17852549401268572,0.22492477108244285,0.1313462439402637,0.022028806686699026,0.07366230254092676,-0.039613605370623424,0.06880738713221381,0.5431735765265917,0.3245740723595375,-0.13364346788819534,0.10128276006794885,-0.18545468441327098,-0.061676486146517384,0.1265873101050691,0.009310364663461688,0.12471878647755968,0.10944722267067034,2025-09-02 21:29:30,B,1756848570,30s
-0.20490865421941687,-4.012231944010972,4.130989019678815,-1.0767897122209198,-0.5365429918568776,-1.1514693344009488,-0.13028505258465112,-0.07913982234860809,0.6284337977732595,0.5272441082460672,-1.2140869575155913,-0.04007663289144469,-0.04410851867679524,0.16929190749400524,-0.07279263201859722,-0.24907659015931463,-0.014147556585025606,0.03016983573134515,0.0021114385201744614,-0.16008186173149444,-0.16527219281866526,0.0665761109477764,0.10447629472538227,0.4038677879606454,-0.1137512543300445,0.07302270878478856,0.025338317064891473,-0.01724153704860737,0.2040182916450763,0.010054805910266099,-0.017782790649397674,0.15331721121032515,2025-09-02 21:30:00,B,1756848600,30s
-1.1127546450500938,-3.5216631795293276,3.869447855873542,-1.016995914466793,-0.3968016434805024,-0.9125389740803835,0.015380146826161506,-0.16894568529974519,0.7396358777921767,0.5380449260046627,-1.099311546660096,-0.059139435860540594,-0.21044522805577245,0.2847876069748309,0.15467993639344924,-0.050109300866227384,0.27598332246798646,-0.05044496734780073,0.3076111179513628,0.14878697727360937,-0.10321657704575826,0.08714648242241307,0.09711424517227336,0.3731934618783458,-0.09547108911879712,-0.02915791056147269,0.16287561364767167,-0.08477228500983762,0.18427989548370252,0.1715167711962895,-0.05573890266789873,0.07653760461670082,2025-09-02 21:30:30,B,1756848630,30s
-1.3539879800932835,-3.0476455439961008,4.021525794580253,-0.7349554586773963,-0.4721499943421448,-0.8574904077934656,-0.10363629918636867,-0.336042269827776,0.5210506482604961,0.35038874434942924,-1.1733368587170832,0.18806832611128557,-0.4148169226083196,-0.39237320206101367,0.5771607955783855,0.37198873704336577,0.173189112962688,0.1318658828911474,0.51483316809797,-0.24046479122470896,-0.05128936204380345,-0.13430889806108037,0.019976506487849946,0.19606177789977938,-0.20655391755836033,-0.09992848829847793,-0.039778737763425207,-0.043579542210812325,0.010189872760076503,0.14394583047180204,0.26706507540760405,0.07913516830561912,2025-09-02 21:31:00,B,1756848660,30s
-1.9549242870099661,-3.02440540254208,4.567455911481861,-1.031636556000555,0.23052757980680585,-0.857104489989641,-0.2668713165942529,-0.13711800122917675,0.48636930405220935,0.673692326612434,-1.412464478483714,-0.09032108544322087,-0.21059213174449956,0.2790509017589504,0.39413462264114857,-0.343449876307208,-0.15107640771403827,0.18370929918771828,0.2585608329020333,-0.37006011818346646,-0.2237041074406136,-0.3286338867500966,-0.28826613195091505,0.1897886175961425,-0.22419385975022715,-0.16005791175533648,-0.03233150843338056,-0.1100855899020383,-0.0033961705188700502,0.10982534351623785,0.08608916656802618,0.0024435385690710376,2025-09-02 21:31:30,B,1756848690,30s
-2.566133312599342,-2.6975538188792036,4.628563091584179,-0.6309535022949071,0.5667623223685744,-0.38279850062579357,-0.3815062885439901,-0.3151584829381553,0.457662965350272,0.48192629848739243,-1.339812380193772,0.05244010518422053,-0.2979233648168502,-0.2224692837439118,0.5883246089926232,-0.1652305063871718,-0.5556434224929903,0.49643854297922496,0.6634647030057572,-0.2710636821513953,0.0266570099797233,-0.04924653014212322,-0.20505496960616304,0.03655725914484152,-0.32746685532363556,-0.19687107771004966,-0.03932844704821683,-0.07264824820621153,0.016596554434002174,0.08454419521608239,0.011548510395103202,0.0648413947712033,2025-09-02 21:32:00,B,1756848720,30s
-4.934778452033647,-1.856575738679771,4.7382331780201,1.843551587024515,2.7338716890454293,2.517212645047708,0.6089428162545429,-1.336618868144424,1.0315013064866578,-0.42876244839233446,-0.516249758336284,1.3668967259997498,0.8526638724920784,-1.424782398048068,0.11179066804193673,0.2439316820518218,-0.6256253036797117,-0.0952738809594638,0.6189601758925434,-0.36019611243733357,0.5621705106459394,-0.25442257534550644,-1.043928339891034,0.03467996313035311,-0.17763265215672377,-0.011190810179632983,0.2865205310783937,0.14044560334272557,0.050290606460071746,-0.15021876511293192,0.13451884418068086,-0.13280665622982088,2025-09-02 21:32:30,B,1756848750,30s
13.042191697947668,10.968219863372818,5.9220692234507375,-6.075497192786743,8.372441348930936,-2.1213915515470703,12.37243857471948,0.5553377419387707,-1.7910991901852769,1.2034912460900888,-1.9427288204034845,-0.3750983874593917,-2.226953391647825,-1.0684760634403083,0.7274300612233877,-0.3266941427497866,0.0007015389522772,0.4098984260682331,0.41984275304084234,0.062304797285368134,-0.7027769377460851,-1.134251223366213,0.08672584655173085,-1.5251001053310123,0.7979739774415593,1.7978926155275512,-0.2167314167886487,0.370769692644106,0.12578231463863468,0.43867001037026354,-0.1504534624847969,0.06798883439168338,2025-09-02 21:33:00,B,1756848780,30s
12.12033765783543,-5.1341274597456215,1.7407699007463642,8.839227760381224,-0.6273624782556279,-0.6644706980257227,0.8838644084495982,0.6181553648443938,0.23857372448010902,-0.061627085263156696,-0.44151969981164185,-1.1661891282552983,-1.0279474959891213,-0.8879443350947429,1.4017522116524233,0.6650727464797441,-0.31395600082303027,1.1306073203390408,-1.4643524358723785,0.09514938091903984,0.648137770428614,0.23079205059044058,-0.5810288457755818,-0.04570320770860795,0.13846042152716487,-0.009551849384796808,-0.10680731318158503,-0.3057447658478244,0.09614576154714582,0.2511580815234519,-0.12095559185490934,0.1181284898611859,2025-09-02 21:33:30,B,1756848810,30s
7.527381386301461,-7.772100881747653,-0.13306077480961057,0.37580709587608535,0.36588468761921566,2.214289507083852,-0.17500408536003767,0.32593262721193694,-0.46836430385192024,0.6923906147947089,-1.8861520635196063,-0.6491220888707248,-0.49710540404669395,0.20635828026913558,0.351917813412036,0.42613407148623905,0.7594962924264679,-0.20428001565183884,-0.21749135810577708,0.34926913090961975,0.008673123592661284,0.6009953259287868,-0.1858370038832547,-0.3016919412824548,0.407098060144015,0.07225240993492926,0.23085122714470133,0.008843302437127526,-0.3893865655659958,-0.3016126655183004,0.12517520648711747,-0.12929160030301692,2025-09-02 21:34:00,B,1756848840,30s
5.144153742716561,-6.466109128742925,1.7190380741695297,-2.1588986144847895,-0.7955069409693886,1.605470240607876,-0.0971079239203417,0.14503468513964865,0.741816712769541,0.4472418748038928,-0.9187022339768196,-1.1095785547301085,0.08164080058898737,-0.3407853614596075,-0.11579966003178446,0.3248927547832098,0.5339045019540585,0.2509466917724875,-0.14217165349101143,0.26348077633837375,-0.2096053707432242,0.3248479451907823,0.368214760403428,-0.3470768685470987,0.3766833509524954,-0.05469855751028554,0.42690655242378545,0.12709043763947514,-0.29117201971164663,-0.3385695122463513,-0.19446071219747912,0.12032667741464351,2025-09-02 21:34:30,B,1756848870,30s
3.589141853700378,-5.818613109859821,2.7332759525270998,-2.104258279761396,-0.6917104996402358,-0.14417703955896982,0.2659114024282963,0.17727608794689653,1.7764787970666998,0.3559524384654528,-0.07233954047767804,-1.6821908998125767,0.5301628412900502,-0.44142510225284914,-0.6325512306127365,0.06542435171198864,0.4376547195993583,0.3157342018369684,-0.11298677925040423,0.00877287619292754,-0.2311330126496992,0.22033321170941916,0.10550782541670019,-0.0888435048129464,0.13024538801425709,-0.04501674045268812,-0.05943032284611856,-0.056998245189605945,-0.44474759447660556,-0.13664850280693505,-0.27266838702791124,0.06581532331028558,2025-09-02 21:35:00,B,1756848900,30s
2.292142668329408,-5.019681402812747,3.187363874431344,-1.6922831999627541,-0.7632205384398487,-0.636219685975969,0.12307454810638688,-0.10741570744579304,1.2870470373045684,0.3172712064351883,-0.5945352164901172,-0.9866666052201145,0.4425875517296939,-0.9426389705400705,-0.3092418781490272,0.38591468379174804,0.377426667909748,0.043761775355934306,0.009625304468329628,0.1929964625199493,-0.16986033722752866,0.16193157850737142,0.4149197374641581,0.12754304547939224,0.31591615466690315,0.08307830860068968,-0.1491999390824416,-0.27816817794470766,-0.028357748738733795,-0.21964143378454118,-0.3318483025945797,-0.1184904465814618,2025-09-02 21:35:30,B,1756848930,30s
1.3040224816073815,-4.350993698315141,3.247099208764738,-0.9930210626185247,-0.9043634188624804,-0.8062903771782843,0.47713777139160124,-0.2531887602377843,0.8528192870191265,0.35630645030561275,-0.9353515847020657,-0.5349916436800176,0.2774009427336472,-1.0646555828383968,0.04033533615455254,0.6397242824745858,0.4423659373401781,-0.206909423146935,0.25280949772493283,0.3696278204173087,-0.27171228048206264,0.3840145144285986,0.4474096308136327,0.4411814539820525,0.30806002191737825,0.06249432723325323,-0.022416528920907675,-0.1566765336809446,0.23036467590714205,0.06263080887926546,0.10495266452952476,-0.19925871746220447,2025-09-02 21:36:00,B,1756848960,30s
0.4852796053097019,-4.187351800077381,3.9128874212281897,-1.6032550987911032,-0.6370052015076484,-1.1017082698242358,-0.27991059561698556,-0.062117505718565134,0.622610397839134,0.6208399877798301,-1.3235988220395005,-0.7871476402391859,0.2977390381248171,-0.6241726410503595,-0.02494683859830519,0.3432179946901922,0.27869458396767394,-0.008908578858805355,0.01674994664044961,0.3136171332671339,0.0680181059952212,0.1287112816953855,0.6359966165149907,0.3754879535754989,0.06025136404733162,0.14684843981135234,-0.05827949737056629,-0.06915326007317729,0.08701939821125003,-0.10280905779007071,-0.17011336057486398,0.006609223806460155,2025-09-02 21:36:30,B,1756848990,30s
-0.02554790405939199,-4.060913226010768,4.203550611524353,-1.3677435308110184,-0.41399270946648226,-1.1263729341939743,-0.2485866881001876,-0.022234654783238068,0.5993152602069319,0.752830253664381,-1.4712690332219318,-0.7621027384355414,0.47747515982585076,-0.2329375064897316,0.20430983291114835,-0.029394693683581614,-0.05862378362376996,0.1477813633930613,0.13257233604939075,0.18184610799357245,0.11267532252203832,0.33046231034720513,0.44444540897121915,0.2601671466143585,-0.09725371516335522,0.13052454440242467,0.05035658600871198,-0.1586932018716514,0.1137703120480303,-0.10043649725095591,-0.20705061801402883,0.10483952257623284,2025-09-02 21:37:00,B,1756849020,30s
-0.6216973000012576,-3.7870218690622823,4.138086978058105,-1.567620029679599,-0.21492302165675975,-1.0935959694544133,-0.3405099957222853,-0.05567153546387445,0.49944451083953323,0.7730098930639381,-1.5132969606031779,-0.7925110394514798,0.4385163600583782,-0.2568717509777219,0.2502518976723786,0.09297207265974113,0.09520075457325787,0.1101825175473928,0.21022063327086532,0.07160705040756511,0.11901237500004885,0.18930171413007016,0.3410260397452999,0.2898462725464416,-0.10071106323317473,0.0779329661178597,0.12381831005169755,-0.07632366139780189,0.12487691293465612,-0.02128922217752852,-0.3373246122577874,0.04504552127907446,2025-09-02 21:37:30,B,1756849050,30s
-1.3779272800300022,-3.3299690672044866,4.033054531824159,-1.1343861479826916,-0.13048166890468924,-0.8441162825246055,-0.15975655389495858,-0.22770849648354913,0.5171654343706534,0.7055468301647829,-1.4638669671753874,-0.510717041825611,0.5071355858600959,-0.2764611829793544,0.5592297683638239,0.16885696655280924,0.23445853811735193,-0.013126490588294605,0.38527396879292386,-0.05728125501243886,-0.05028623207568224,-0.03716833160757583,0.010033255805235137,0.1941120382170553,-0.0445879915070462,-0.1126136898612619,0.09733411482319239,-0.1177913029282833,0.0767768778653053,0.10729024353053887,-0.14788767876304895,-0.06769874655255226,2025-09-02 21:38:00,B,1756849080,30s
-1.9308605492560735,-3.045791029467999,4.311701802374565,-0.8939130961260331,0.08173421070028253,-0.7282671399703605,-0.07864159843759695,-0.1489337975885896,0.44020646532920177,0.7894086449462852,-1.4699792114879264,-0.6039599356966919,0.46264848090826655,-0.07093080083359637,0.5622624620683649,-0.2519498332007689,-0.28775563208194554,0.141048768520997,0.5196611684535615,0.3401453232219229,0.15841014236992695,-0.12342943022178834,-0.15863393956649338,0.2553091087037122,-0.1993943981060753,-0.21186366237804583,-0.07203825576651599,0.06619441741325362,-0.042690028612680994,0.3200864830856447,-0.0162402380419753,-0.06704094401269711,2025-09-02 21:38:30,B,1756849110,30s
-2.655542682048871,-2.478715307534579,4.423769844143415,-1.4829720921219887,0.7829120565523485,-0.5587819125399948,-0.8189022714941097,-0.22031148052646196,0.08935004253760113,0.6370096705238215,-1.5751230242762728,-0.6698808712793741,0.09007704061331472,-0.7755614479957634,0.45627685602370516,0.2838312967426562,-0.13368687177547567,0.32474819464057747,0.4935996889973832,0.44277709448550284,0.22964209124372834,-0.3432108424387113,-0.07741972381376341,0.11544313889889066,-0.5524424477762819,-0.1183989966999507,-0.054206455152250026,0.09443891314088701,-0.07929308135772992,0.11564131657558331,-0.2057225681555039,-0.15293279069465293,2025-09-02 21:39:00,B,1756849140,30s
-4.160368276567969,-2.0693460118861977,4.907565627236603,0.632316808512894,2.1758299756170887,1.2992535830478025,0.01637657110933002,-0.8546917278342931,0.5403788967574288,0.14222036292275594,-1.1941105369989984,0.3457235493287489,1.310260106337096,-1.0383989328018632,0.43869950786171563,-0.08959053423134394,-0.8192003484224409,0.31119015316040366,0.5653949728622369,-0.1303033355807551,0.5807060938567806,-0.1836304582509125,-0.6146810906619666,-0.27871213062076566,-0.4505012415009453,-0.09253080332797714,0.2130534851098325,0.0930849499180579,0.07662466827870328,-0.1003591277121083,-0.16837307597965565,-0.19406161542040576,2025-09-02 21:39:30,B,1756849170,30s
-8.777311842493582,-0.9561514516446216,7.433795524380038,1.8572751587381693,6.516296481967681,6.035608955852167,-0.5331604795243007,-0.11128127162232734,0.7439445085761199,0.24591764236586555,0.10171003141713837,-2.47654825369659,0.7238421034852693,0.12100870678659607,-2.019721877350925,0.7618383268736493,1.0907510768421569,-0.12336711269289141,-1.2855298096898689,0.5455603372553764,1.331251519456013,-0.41517241191977966,1.2900291043753025,0.3739709326547672,-0.916915050828612,0.5144263637132566,0.1063574601277541,-0.1360041820292241,-0.31444539783773434,0.2801138177789139,0.0456302707345876,-0.0722574309685542,2025-09-02 21:40:00,B,1756849200,30s
