reduced_feature_0,reduced_feature_1,reduced_feature_2,reduced_feature_3,reduced_feature_4,reduced_feature_5,reduced_feature_6,reduced_feature_7,reduced_feature_8,reduced_feature_9,reduced_feature_10,reduced_feature_11,reduced_feature_12,reduced_feature_13,reduced_feature_14,reduced_feature_15,reduced_feature_16,reduced_feature_17,reduced_feature_18,reduced_feature_19,reduced_feature_20,reduced_feature_21,reduced_feature_22,reduced_feature_23,reduced_feature_24,reduced_feature_25,reduced_feature_26,reduced_feature_27,reduced_feature_28,reduced_feature_29,reduced_feature_30,reduced_feature_31,datetime,direction_aggregate_direction,timestamp_numeric,time_window
2.2347351250299,-0.054733390644416215,-0.4658062809010685,-4.538401433573338,4.733877061375262,3.397360760843444,-3.4894661441928876,0.6385243375936974,4.822788521894292,-0.852605794217362,3.514363849892874,-1.899984586440937,-1.0357924395273619,3.2898832635816797,6.524404040182966,0.4044654667845404,1.6548407023415048,0.9227452236802737,0.4004137426244532,-0.40122012767567117,1.6551208178613532,0.7635774906710395,-1.547435663579593,0.8725742499449604,-1.3691608071413637,3.651324664238185,-2.1006433903402217,2.7325674198235776,3.254758374078985,-2.0226468738465435,1.0617272349315021,-0.5079719932367143,2025-09-02 19:28:00,A,1756841280,30s
1.2359544948113212,-1.2374628360163893,-1.5872128203009448,-0.20118202389909592,3.24513465143934,1.0978397533376074,-0.6138909190687694,-0.4414351719471458,2.521973930660994,-0.7557726992619098,2.097787678441748,-0.622360859833566,-0.9786011614052303,0.10710846317931569,1.439403425044404,-0.4341819279066691,-0.6701693536022401,-1.0456417084604253,5.291819285655077,-0.711962504650962,3.282847603775571,-3.72484729327225,2.0995477280020864,-1.3645169555388998,5.1380264664425885,-5.940389777569803,4.232907488976431,-2.3454922874527133,-1.6247278721694982,3.1667535422222786,0.3651370748793629,0.33858644360158446,2025-09-02 19:28:30,A,1756841310,30s
0.8313062954534116,-0.7283035188521504,-1.1882699080878425,-1.5463026590938616,-0.7062005323544163,3.6293608685182157,0.07839380490641763,-0.9032057675945538,0.07417954084989108,-0.3210159032517764,-0.08675493574145712,0.0,-1.2798841574336202,-0.5135570616959647,-0.06531191677739452,-0.3892496785154379,-0.2374650744347751,-0.13682240509589227,0.6703681671024828,-0.7865193629520584,0.5066815315727832,-0.45833821896503224,-0.16395300963959367,-0.6651109223891614,-1.2285198034931448,0.17207734765613839,-1.9825580047368596,-2.777282216245541,-2.753252279060096,0.8758375572023827,-1.1046951354628063,-1.7922322597024105,2025-09-02 19:29:00,A,1756841340,30s
0.46640609547166567,-0.2961805234264491,-0.7057129876385876,-0.6647466393210176,-0.6062341547367878,0.7565813550091348,0.5674864315351716,-0.9340693826302535,1.068194916946499,-0.58550991312218,0.9887668159438139,-0.3463404459976277,-0.957325289009569,-1.0704917871211406,-0.916966545410682,-0.7485471102797819,-0.4919076625333683,0.06405119158193993,0.0,0.9439776611821437,-0.3629504350067991,0.3103484731507833,-0.10480944467107431,-0.8490544005303262,-0.8954056715918536,-0.0013088603408468137,-0.3160568475905803,-1.7705753516074234,-0.2898967562623454,-0.38626753521691337,-1.2015697493260258,-0.8489139751071605,2025-09-02 19:29:30,A,1756841370,30s
0.28246069579417166,-0.17790927814595672,-0.5107616497236048,-0.3997467449620208,-0.7068243577498661,0.1879333628021414,0.2539406416904503,-0.9993144512456406,1.0342427727425345,-0.5444876862945736,0.7620778716143666,-0.2661985417356316,-0.691605592256203,-1.077961716320565,-0.8099858268688565,-0.4358848991266554,-0.26337979064921524,0.2615202210484153,-0.3501187492782421,-0.8353385176974364,-0.21816694755125662,0.6874562010191704,0.4029111788520419,-0.9811484740279908,-1.0905153221891508,0.9902204665319418,-0.2241506186518334,-1.6748673135125667,-0.2569162884618312,0.10058919307545976,-0.8543520815093079,-0.35399041289363886,2025-09-02 19:30:00,A,1756841400,30s
0.014185300269944313,-0.10315341463140386,-0.2473433310516574,-0.018373027229698597,-0.5497389985314737,-0.27785126242286745,0.16896240317465142,-0.9305684488323567,0.6266398829655262,0.08174607848371655,-0.10752202155606758,0.12432053451311244,-0.5299932966759752,-0.01139314718730519,-0.5879017334676945,-1.47592676392091,-0.7985270249563068,-0.4391709031297753,-1.1703636650259173,0.05847315228655462,0.4238074808677074,0.4485728319488686,0.5143903399073331,-0.2831774069334339,0.6575402447670301,1.3422593196445172,0.3774584986444009,-1.0382483387867383,1.9888439644166684,-0.3619567009972717,0.0,-0.8537662813164641,2025-09-02 19:30:30,A,1756841430,30s
-0.130106564498387,0.1680033904610858,-0.3011427807587252,0.09503385544550365,-0.4990350687470211,-0.024188895428193295,0.4299627959323448,1.296703511938561,0.8298184155419168,0.5961414258389992,-0.22509622959735262,0.7422477081544856,-0.7031792131742336,-0.9490809533437093,-0.0251744499535438,-0.44777528950281204,-0.05764705701372065,-1.09461472374795,-1.0742388241413543,-0.7722972633747853,1.2784095219614033,0.8837354785893698,1.1435934545780513,0.27683729532159346,0.4716193700408458,1.3196944732957119,0.28585187593924555,-0.9600641602884394,0.9606159941226483,-0.9972042834387248,-0.6867791692554895,0.1872296339793263,2025-09-02 19:31:00,A,1756841460,30s
-0.16164619122396248,0.1691767019568053,-0.16920292372420592,0.42529678346620015,-0.3678358019914311,-0.22208076016492223,0.4287932333279467,-0.9998894999783566,0.46035359353129957,0.21214864868651967,-0.2811734191248559,0.34055106625790244,-0.7742665035948152,-0.016763360511228283,0.138406645205721,-1.2535316860214285,-0.5986354421666387,-0.7060688306499402,-0.8460264789518097,0.5120384838121992,0.01348247970733285,-0.3697212486287367,-0.440102530246452,-0.2769488707111206,0.4456050884369478,-0.19875750289646768,0.5243571810693199,-0.5326953131533152,0.6478114126401404,-1.1076724879899238,0.486795072946273,-0.14001204827571823,2025-09-02 19:31:30,A,1756841490,30s
-0.2982655132950576,0.2256451250427272,-0.18630201640945973,0.1680575629422152,-0.3767657963393641,-0.19124174649057857,-0.0446691613678737,-0.8722653360774427,0.2901109753081411,0.3113281955439709,-0.2867070915563566,-0.10336523930546541,-1.314602651292484,-0.03918084522455226,0.1351611095148436,-0.3998844843882277,0.16381951400214972,-0.789736940252092,-0.7146111460500008,1.308717462158509,0.7714544784137624,0.010659874947396899,0.2381893418736009,-0.12136812647740083,-0.4811188706386256,0.1975438429068708,0.13649768945687976,0.39954578962666065,-0.13152620248589691,0.0938171991764934,-0.7958366383366365,0.5051775762761912,2025-09-02 19:32:00,A,1756841520,30s
-0.35801664571416747,0.36557105309684373,-0.2494869623066495,0.03461745964195281,-0.2742897821908576,-0.07395480227152496,-0.6234235505443054,0.7820792393955367,0.481578305318464,0.5246042061569448,-0.581022173852067,0.6414498049269887,-1.1652018866350158,-1.205607165995889,0.5511563917611588,0.818447273190337,-0.08993866959474786,-0.8801353592811806,-0.4039276333324857,-0.9402793655547338,-0.13544733198211223,0.21507602994794234,0.21626154603443848,-1.0237438159291228,-0.36023326381757714,-0.7046161522479477,0.6695353408283502,-0.36214659013999095,0.09379189072170603,-0.36957611277752295,-0.38148240406279116,-0.9179201898646959,2025-09-02 19:32:30,A,1756841550,30s
-0.4170797318373299,0.2942710044146447,0.03236261201740905,-0.20056106080457642,0.3384167882003911,-0.18292357153667335,-0.8657964781715495,0.34597386802295976,0.4210409169366591,0.9269693706439786,-0.7373408415795781,-0.47101910297603117,-1.1377759640473433,0.9189831925778158,0.012170236292414911,0.4713409124536987,-1.731513484251676,-0.4961498399400913,-0.9010468563855272,-0.04548089113258443,0.44994531122456044,1.1556053214955273,0.98262956540291,-1.3671205913747364,-0.7612294251983145,0.08902757386583886,0.8112913356089477,0.08208896766770965,-0.602215872346363,0.4455229520367838,-0.6898745403672106,-0.048209092980543114,2025-09-02 19:33:00,A,1756841580,30s
-0.5077841023382147,0.39583144702834294,-0.08830623640460196,0.10091781065566202,0.49804769312229097,0.34391823683022466,-0.6578736843604811,0.5716937447278612,0.2980934781974891,0.7306276117324614,-0.3323259026885524,-0.19995494589758978,-1.7247524651619734,-1.008648048139463,0.4399295576280869,-0.5286590875463013,-0.3894680349551572,-0.39314897741084615,0.23438958089561762,1.0462814681874706,0.42899999776661724,1.4066653507359272,-0.14285538651683705,0.0,-0.19532634159925516,-0.3526337889317188,0.253911667829657,0.3477187975037864,-0.37154093935520993,0.37712126669492485,-1.0001706108859931,0.1948789289746073,2025-09-02 19:33:30,A,1756841610,30s
-0.7555707277703657,0.34727672949827953,0.24318376693756918,1.1271370181985987,2.2414219062769583,2.3486360945047395,-0.7499839616823496,-0.9589002465342589,0.25424672111354857,0.018928717434396492,0.12450216365702008,-0.634128660732708,-1.3405611860446658,-0.9542506687941402,-0.2527178145908747,-0.485585894377115,-1.0672359752428218,-0.02169078973535546,-0.23429454866071323,-0.16305505455023384,-0.7766026800161221,1.0899917654060467,0.2024229269744923,-0.3605256934762136,1.3955585927804615,-0.8139177655104184,-0.3124018455695167,-0.49127455153182453,0.8327049645684159,-0.9933133398495252,0.37051229540488667,0.5781496425398724,2025-09-02 19:34:00,A,1756841640,30s
1.8223288639113768,2.089542657980784,0.6425469861092551,-0.23402993518994522,0.04277063292047668,0.7913005311929842,-2.0869795792647863,0.0279684108298301,0.8961850188409854,0.4996087309720413,-0.5961037838911489,0.0038400030751279727,-0.43586827641194437,0.03309523948429366,-0.5028797848704458,-0.0049736166251767725,-1.1744638393954618,-1.0782917409462773,-0.013341607987823844,1.0683807523955897,0.12405359007933717,1.74915521409147,0.8857499569302556,1.3935493318348255,-0.5345857298952403,1.5516517554372842,-0.05463607910106059,0.5136964654927402,-0.8920421505482085,1.6443963084342772,-0.31369002249328104,0.7411473278935021,2025-09-02 19:34:30,A,1756841670,30s
0.7591436697228826,-0.7846037943352536,-1.2451967554525725,1.8375308441994527,3.733411458921304,-1.402297836084085,-0.9355074718592502,-0.7553100749638205,0.4234932184361092,0.6452656982524341,-0.8816353549145685,-0.07212667973576548,-0.40045252185484836,0.22266617879896683,-0.4870979321614647,-1.5026687566291952,0.39590114903477003,-1.2113837684143403,-0.2336749849488535,-0.3638584475650998,0.14216259506368115,-1.2548741490227577,0.20790334898800827,0.1383875999464781,0.10095696250675083,-0.30067077512248913,-0.7828305314165058,-0.01348784309768756,-0.5932228775128792,-0.7788201016154298,-0.3249165409669995,1.1270173190155537,2025-09-02 19:35:00,A,1756841700,30s
0.5994521616221387,-0.42513911922612707,-1.1492059726467643,-0.8333980735848793,-0.9791941594498245,3.8487837065919623,0.6978765683436251,1.7073089156854742,-0.19209021504252893,1.255294107539705,-1.4289482679591663,0.8089207364233991,-0.4016085879320106,-0.649809723234399,0.20300774554438392,-1.2078890469688544,0.08877932252127992,-1.1251001144031805,-1.0483320643928304,-1.980167824360691,1.2514793711734564,-0.3952293233360901,-0.3814163565457226,1.9307422227895732,0.10719316476952545,0.5078075294252369,-1.1966387580560254,0.7354326863252908,-0.9725400924283979,0.8166819347274956,-1.2082571486505012,0.5782898548923617,2025-09-02 19:35:30,A,1756841730,30s
0.3435101155854986,-0.18636882292286414,-0.6401450876426437,-0.1295010972024765,-0.7024568723110071,0.4787196321118796,0.7854599789111395,-0.8960846039841317,0.7952283127227229,0.03691387785975654,0.3644182733382522,-0.6193701527828585,-0.2576828060785684,-0.8128054236165827,-0.9574992617634553,-0.9330538111445338,-0.11448089627011425,-0.46585881488862546,-1.167175194289097,-0.030133580335084644,-0.6751065392237965,-1.4784720977705006,-1.140604858432534,1.1780677750441872,-0.09687479996687383,-0.48731708049287636,0.17916669689662218,2.4955096396722194,-0.1694926815194811,0.20884734375563357,0.1496411007624442,1.5973070963594276,2025-09-02 19:36:00,A,1756841760,30s
0.23437519879252977,-0.2175252656750551,-0.48829009458936806,-0.008340022422834676,-0.7209578243502688,0.20786343603013127,1.0180127846758908,-0.8032753218871806,0.9723505890144404,0.23521772639557892,0.43610703228446307,-0.8267808631699646,0.1262116565239941,-0.2410708550874607,-1.2096305473494728,-1.7322725817529818,-0.5267204258820494,-0.39186946764980046,-1.3870919991339339,-0.7909967249759695,-0.6840427470649366,-1.6575659181980549,-2.422449116888262,1.1527726365773332,-0.8104213722787089,-0.25534399640287103,-0.902603408770231,1.697820380979627,-0.796073843270649,1.2294324760741955,0.689815082532193,0.43237632073876026,2025-09-02 19:36:30,A,1756841790,30s
-0.03521597613095979,0.05269526752536011,-0.35244217841193315,0.5137428472949075,-0.797781985563796,-0.03630460399245506,0.8786789315598734,-1.0975633531333426,0.4592732567433932,0.14828861696206913,-0.19889500506468208,0.02622444279623458,-0.17712785525468236,-0.7883585512571318,0.05811966897502433,-0.5761686915702188,-0.03224339103882152,-1.1674559087971326,-1.0102877397705414,-0.47010693223348704,-0.03381283999874107,-1.2469105276523524,-1.1948098487008332,0.9572417190725714,1.3300685935195509,0.31919036462587763,-0.5624259790077183,0.23717414199629044,0.4176030411631633,-1.6286438905611669,0.2538900857557563,0.6146626867940348,2025-09-02 19:37:00,A,1756841820,30s
-0.14810594464118532,0.16570992622040215,-0.21330402608825108,0.3461860655991866,-0.38354719086671024,-0.1619759754781897,0.8062632713493395,0.09121298116269574,0.6740533174897213,0.7498575388681901,-0.4988039311623765,-0.07747369752183167,0.0,0.48082578853062224,-0.1355278105229828,0.21505327700769225,-1.4819474982876009,-1.6385546536692375,-1.5682582871331194,0.013117659900248725,0.293279708079311,-1.2001981579344876,-0.7216636109579576,0.6028321966660478,0.7144234660710465,0.4184377095543849,-0.3967700569161568,0.9342676627365825,-0.3383810764610921,-0.7806353260158179,0.49975223381518136,1.054339463783393,2025-09-02 19:37:30,A,1756841850,30s
-0.2245060372996869,0.2681541733988044,-0.2619563972519091,0.21209345670002022,-0.382569179428141,-0.19627499506466922,0.4049381453929776,0.023982263839648688,0.38492445190850966,0.5301730855528467,-0.574379720817103,-0.140413411881739,-0.3858939184917765,-0.3613918641037414,0.11831391324199453,1.6428357755512943,-0.6383937292655011,-1.4985368751748225,-1.1835646770478645,-1.0185101113553474,0.07550097499995288,-0.7370999076991029,-0.11347682593668101,0.44708277287104564,-0.11842712129787868,0.46315174070497384,-0.06999381543437577,1.2698616416693964,-0.35528421012970446,-1.0707120054872377,0.42467153592937745,-0.268700723606693,2025-09-02 19:38:00,A,1756841880,30s
-0.3125871436028604,0.23540844927666382,-0.14836394457076788,0.017811317530471965,-0.2144083624310499,-0.22109457471018423,-0.28179648237226956,-0.9233933468164128,0.02641460124555549,0.3810231385659796,-0.633793756667605,-0.358074976458488,-0.7163603030739384,-0.7880025774999072,0.554881763713647,0.4234914490981063,0.8568003915367757,-0.8349556919759636,-1.1159679899365984,-0.6224954681465421,-0.25387680247673555,-0.6519395022259897,0.29549733227803016,-0.7473731151168871,-0.6383739973687763,0.09154982971298554,0.8471412301740288,-0.40526753289079603,0.14502718803283673,-0.7742450185178293,0.9560915532928677,-0.01187602032421182,2025-09-02 19:38:30,A,1756841910,30s
-0.35719534115710194,0.27169648114784983,-0.07094118604335678,0.2641198725195527,-0.236468819256309,-0.11203548860347685,-0.1214186972886265,-0.8441872219184574,0.029675874413332463,0.53831246898577,-0.6073678937552793,-0.5162854440677095,-0.632735072525951,-0.3686214874461705,0.6795480716705691,-0.07177320049546534,0.35985244528179894,-0.7097186336288135,-0.826855880800015,-0.7658469685298344,0.04628046183692455,-0.3882161921390277,-0.21967899543874417,-0.2778402147066514,-0.3309132532808834,-0.0161278735621113,0.6671791428518177,0.5101559180627274,-0.4704578311707773,-0.40773554337020035,-0.0820159381949462,0.46059552241715734,2025-09-02 19:39:00,A,1756841940,30s
-0.4400685050706427,0.28682263982896056,-0.07474239772013495,0.18150908092291826,0.09674625288739136,-0.07611194845788997,-0.5763683864732922,-1.258024453481813,-0.47012586094986525,5.285906073907326,1.5006011374901171,0.0649306298816867,-0.9009603794337109,-0.6250812619797173,0.6342055114611245,0.33606351887569486,-0.3533834042351502,-0.09340198873349753,-0.5424574493730593,1.1066415068375195,0.2266997574303256,0.06551164329681418,-0.49436301967304064,-0.2552430838414209,-0.6192069535503113,-0.43847032776125044,0.04671701745988768,0.4062051838449675,0.26063155964357454,0.023919669640554697,0.06624361025293175,-0.6879491804131734,2025-09-02 19:39:30,A,1756841970,30s
-0.5065013639674585,0.3976067989969131,-0.06319876609768446,0.5426559274502518,0.27924129874215703,0.5594325257955032,-0.669872861785913,-0.9176061679270998,-0.15306962505781216,0.2634781223049002,-0.36634245645249697,-0.6727657612351937,-1.1630695863948404,-1.3447409751438042,0.8715853016067787,0.29306548757422013,-0.28235647799918717,-0.274601979892971,0.43929309078714995,-0.1784260963996761,-1.0563023147762751,-0.03537920448102464,-0.576516459616573,-0.1861440484300094,0.5399992977796558,-1.4565063442319575,-0.4257277599577812,0.5914712223526952,-0.13417006924305344,-0.29088687041672623,0.09267668388603269,-0.26808629562404007,2025-09-02 19:40:00,A,1756842000,30s
-0.8393706358197661,0.2689505218179252,0.4631096513520052,1.493451335546174,2.899802406516678,2.8644539902157606,-0.50017573634443,-0.7348146046303968,0.21604226400427867,0.4268015818858447,0.09810676645291207,-1.2787129800888624,-0.3280871278933256,-0.1474492432849496,-0.5044442903578206,-1.5663119822263338,-1.5485520967170574,-0.1906233232720592,-1.1329097776372805,-0.302562849007434,-0.4587674222860242,0.805329808244538,-0.15825688124061826,-0.014057797090929983,1.6480081217223026,-0.5184944592030186,-0.5039730719300926,0.06271629508727199,0.6638792699078898,-1.2442048720403505,-0.29357231210620366,1.0574344305467729,2025-09-02 19:40:30,A,1756842030,30s
1.9518703888845617,2.1429450482586865,0.7532403397905232,0.23222442822239944,-0.22829141390833682,0.666386903184865,-0.7734961806804228,-0.6235667911885094,0.031211631552937227,0.6602772392092606,-0.562259370255795,-1.093495338742118,-0.36203466510614185,-0.45917374727551097,-0.15602374189115578,-1.0042413222351096,0.4074047201921435,-0.6772220213769938,0.613404849002001,-0.8970030680377751,0.0831286055154017,1.3522453241096235,1.1011247349459754,1.4890599866709606,-0.5608128704921781,0.9700350737394453,0.7009410749659425,-0.4487793014144969,-1.3610646782336393,-0.7220438363858561,-0.3991359161382098,-0.7515472534965595,2025-09-02 19:41:00,A,1756842060,30s
0.7890703289318596,-0.818216751252341,-1.3729966008590897,1.722058376873575,4.091764126831087,-1.585812489386346,-1.2891448374192989,-1.464034092836586,-0.5657812740337983,6.549575929483303,1.5922571373249015,0.8096905119079385,0.22357783117010224,-1.044146197055379,-0.2069500378897134,0.4449743473957475,0.5079870437341207,-0.5864694010071367,0.15085140203534514,-1.2961584004242876,0.24984761196473726,0.47351034702324235,0.061224126637215555,0.08617533545408557,-0.40620788896714727,0.5365637069829258,-0.555078937558193,-0.27623266596882307,-0.2752906693934394,0.34041335188433686,-0.3188498358909933,-1.482281895058977,2025-09-02 19:41:30,A,1756842090,30s
0.6819955974492535,-0.48202570478569945,-1.1185905707507517,-0.7940070300167708,-1.1227702898029714,3.8421235677711802,0.6802896356598744,-0.9577048543743969,-0.9555175351446542,0.33354802781240855,-1.3589947741878838,0.05259071338613151,-0.2116719374188944,-0.7013353721439716,0.8559089069647826,-0.18922399286458652,-0.2294591644809918,-0.5778309933666925,-0.15673781811663526,-1.0523131515665296,0.27787978660824597,-0.55437039779963,-0.2665948519455252,0.4006704132976791,0.15278006336474326,-0.9030885750888514,-0.701301924297476,0.24680984729645872,-0.501198130637411,0.06562227735525568,-0.0363504222738613,0.164264963632211,2025-09-02 19:42:00,A,1756842120,30s
0.4022648748573725,-0.29049169201378905,-0.5245709365449269,0.0,-0.7778224481572507,0.4350752555270718,0.46964606186826197,-0.7305335198439764,0.6368759901112246,0.1627694494821839,0.29693352704859,-1.0088623947713768,0.555804042857207,-0.621842126815451,-0.804901562641284,-1.6284359527786452,-0.7688793207043587,-0.04225869008935463,-1.182437482711082,0.0019249070250667239,-1.2400425708428542,-0.9282002315114254,-0.39532825784246245,0.15688026546791015,-0.6163328927879002,-0.29637418956465844,1.2649249625875951,2.0161798759946903,1.2340036494216216,0.6770116310514431,0.8473037590318258,0.4946061859508084,2025-09-02 19:42:30,A,1756842150,30s
0.1956969540361597,-0.22556055864925972,-0.45221295783593657,-0.3255240912407524,-0.523711081014179,0.09826363509543287,0.18275172120375674,-0.7951478032515461,0.744673997920302,-0.005147343352248748,0.44892577572409953,-1.0503471883873239,0.5021651363784628,-0.7887495708630007,-0.41859009522085394,-0.996257401150879,-0.3382392333823572,-0.06546991337461969,-0.8142463875809608,-0.4860779173894024,-0.19973279708196637,-0.3254699799480192,-1.3070047380370489,-0.9762957641761572,-1.0612355217429126,-0.024530960941676644,-0.6807523746711306,-0.47724063204189715,-0.5276461598550425,0.3711952765884447,0.003623272633553027,0.5005850329413731,2025-09-02 19:43:00,A,1756842180,30s
-0.0018004377840336605,0.14237686642732547,-0.5432503059554832,0.3293977274118951,-1.0406956667679308,0.09800431463875967,0.31321251380675463,-1.2844326395673566,0.037468321367569515,-0.5593334640051943,0.08741956747364503,-0.024175991825963927,-0.18513401014607023,-2.690611518784742,0.46130831792582105,1.463324188569076,0.9584682269776177,-1.2752637273754426,-0.07231435789609122,-0.0023838215529812207,-0.9135853074747098,-1.1094507969919871,0.1688532796645165,0.8177984808175291,0.734483666026736,0.28072634232343574,0.08186817122439152,0.2801457742040254,1.6170114630025056,-0.9578388355090582,0.8674788725533453,-1.3825331910379233,2025-09-02 19:43:30,A,1756842210,30s
-0.17139661153362606,0.19694185811809548,-0.25856854156528747,0.43152015270027766,-0.4435121363429677,-0.02259442437547693,0.561594321974462,0.11555786721398326,0.45453295071892263,0.48817415702341493,-0.2366984921218408,-0.3533344573465417,0.3701289836202596,0.10530786383851833,0.24055662921150103,0.6908966407302877,-1.3907602172356566,-1.545478026320538,-0.8523108930589655,1.0363850727487218,0.6414465004853716,-0.22046950504184093,0.2745641822845435,0.018944958149557076,0.44990128363190046,0.8405886745424107,-0.10841806902967338,0.1604591490565721,0.25325442547481214,-1.0156279737771623,-0.21165430913629008,0.09386605521267348,2025-09-02 19:44:00,A,1756842240,30s
-0.1979910095213582,0.3434401648780627,-0.31926043053296704,0.3271097530090263,-0.47205008076232996,-0.23373247199345462,0.09200906720777734,-0.001933609546952583,0.2632499348706196,0.31336116697989375,-0.3130053650946507,-0.07440550145448033,0.036469349040294155,-0.611505679648571,0.5934447428947052,1.0026859711783889,-1.567009036005104,-1.4212820521773823,-0.21582360192172512,1.7311578300863535,-0.1949639353291998,-0.7847452006681854,-0.7176160174224174,-0.17665988915793715,0.2788775271588203,-0.6015160366071597,-0.2627637784677939,0.6003492260999411,0.08079923743088396,-0.5209018542853006,0.5230236456591453,-0.7277061237582089,2025-09-02 19:44:30,A,1756842270,30s
-0.3039647531688948,0.23945363202541903,-0.18587787287291382,0.5333430042908603,-0.37621841710048104,-0.15237538476429255,0.22346181519321062,-0.8398485760462515,-0.1486709755155083,0.314663368918074,-0.34696561099107776,-0.525488714944723,0.016843492382527976,-0.44211995691346345,0.8668893030945901,-0.26903376745000485,0.10084098485747846,-0.793862320849328,-0.42181174908919067,0.01522537140387841,0.26493581846932324,-0.16475055200737584,-0.3614024117952955,-0.19163275203789526,0.006171098278446806,-0.009111558626334651,0.18429496525936423,0.3129731479233021,-0.15639165914498834,-0.6174348111077288,-0.36918691422421973,0.5389942410662623,2025-09-02 19:45:00,A,1756842300,30s
-0.3964098252239412,0.297321294871248,-0.12780178329673952,0.6070076615072547,-0.2040929600000549,0.1513730089519753,0.09660365764037909,2.0645986208640057,0.3321964267090075,1.329667259460303,-0.46723815680309233,-0.016579632124926854,0.3992083216524249,-0.48164645312636695,0.8734245735836288,-2.0545911238141685,-0.5180898811323285,-0.8127461244891531,-0.5748804718524609,-0.3392374915192822,1.1405107996110935,0.6828642040689427,-0.36566274000235527,-0.21123774319050534,0.40692608008456327,-0.11323630917705577,0.27448693371136523,0.8814826855944496,-0.7207353281346935,0.20344486064392045,-0.9253796632962809,-0.26800381609440466,2025-09-02 19:45:30,A,1756842330,30s
-0.4650932077366652,0.4006846489311421,-0.17158038677926432,0.28912473320416054,-0.001194992476277399,0.17430086979811923,-0.7450836268337984,2.0098630784098175,0.17064571388354766,1.0671628712306078,-0.3691380767508559,-0.048886056260621,-0.2610574165930521,-1.4193688486312013,1.1129868184322935,-1.1339989775763906,-0.20181253734066906,-0.7366974068879837,0.1272398413601109,1.0372233145418215,0.48775658513095665,0.5556165678590694,0.04333434550966011,-0.5371722372066672,-0.3493035432239872,-0.5571252837763596,0.3677421184584093,9.284892496703553e-05,-0.43609448296126035,0.3670081824612272,-0.288543942439177,0.14506450809638732,2025-09-02 19:46:00,A,1756842360,30s
-0.527756250625111,0.33640047288091934,0.07405959127249218,0.7134769773651071,0.5655284397225105,0.5567561057226642,-0.04130681922237305,-0.5647026817895917,-0.37995847742711797,0.5185035308717677,-0.17087258286715343,-1.1763820712156887,-0.32161053123550115,-0.08562786794131994,0.8685739357801149,-0.7521383007095104,-0.4996543305623739,-0.4419069594030772,-0.07789623716892165,-0.3072983817196621,-0.7402778323168329,-0.14135965177497983,-0.6992458231313368,0.2209171021112597,0.4519475880809459,-1.041685741129009,-0.36199296931767877,0.8030275752644233,-0.6505226003199855,-0.4442315642642345,-0.12951897911150875,0.2334839543282126,2025-09-02 19:46:30,A,1756842390,30s
-0.9215579987353933,0.45680651411745704,0.24623370967970978,1.3090055866545007,2.9049439844070943,3.230168196719931,-0.933326788778097,2.044715956867016,0.2665630485130278,0.6400841291397886,0.5380827611253782,-0.784662633830681,-0.27332524302148686,-1.7803317678693351,-0.23219237100897672,-0.8736159966638712,-0.1402032284865896,-0.9679686584641088,-0.8267012710453223,0.7955759326183096,-0.14224812662077527,0.8244290110952978,0.8795441556909745,0.5187921718272698,0.9279039059107352,-0.08377509637325474,-0.7394996886902794,-0.141512029351998,0.5906132949756346,0.4004894525446281,0.32755321979512436,0.3114900743733462,2025-09-02 19:47:00,A,1756842420,30s
1.9138849507701858,2.081802277457122,0.6285210368886404,0.8437329231612964,-1.0976874403711503,0.9253137993895094,-1.9202641212409486,0.3129522516514364,0.11793648257314458,0.4088174273606704,-0.25422495037093834,-0.8587948066984453,0.4306121636711236,-0.22650442819710154,-0.503492836420493,0.13975094490325307,-1.245004922513598,-1.313457045531009,1.1626053049512834,0.41305610018958483,0.09878987070700539,0.6891921534766466,0.38461876693894637,0.9151495455155975,-0.3955246979972776,1.6170696203893598,0.22252515523026942,0.21550603317207326,-0.3138469566391051,0.6945466748314943,-0.4186724658799916,0.9761348383978289,2025-09-02 19:47:30,A,1756842450,30s
0.7913383373338566,-0.7561355493993397,-1.4288276253786192,1.803181567469234,4.073419714957912,-1.5488735123950632,-0.9367243778336731,-0.6470808891382304,-0.32197970384510466,0.16893240252563577,-0.6054616452565357,-0.5010947715877627,0.3712515796802936,-0.6564562338676548,-0.07530969259659806,-0.4416105180218772,0.7652296283943165,-1.0331422690635645,0.7536225789724252,-0.24710274338228974,0.1233110157779772,0.6431424962602055,0.4023458514038576,0.2898602999068468,-0.7083919782876023,0.009705324899667255,-0.46295498462251256,0.5754364029342265,0.3071125925803754,0.25158892197219757,-0.8552094691867216,0.518985338578784,2025-09-02 19:48:00,A,1756842480,30s
0.7630120834335096,-0.37605195996703034,-1.0014334682257389,-1.5632775688526015,0.20984180646784262,3.310213278028672,2.2874264739491363,-0.3684022160159527,-1.464963077592395,0.6809332075625788,-1.1732110891898229,-0.722912186543394,-0.021455158733026496,0.515502652687329,0.805007871104699,-1.321698119122705,-0.9311348375251608,-0.2692050044290593,-0.3215571936812261,0.19879274683017906,1.1216767312926363,0.6102240247741123,0.5061659343801582,1.0375820486343137,-0.694999135868812,-2.397209912796698,-0.40059520453760056,0.0023402076422649144,-0.027140642205362983,-0.11548976960688115,-0.15123627152399383,0.9222821280517421,2025-09-02 19:48:30,A,1756842510,30s
0.34166669976726954,-0.30022012683496874,-0.5417397650304349,-0.7863165771461641,-0.33015681040009326,0.04569061637351503,-0.17661008964463495,-0.4709244797468684,0.10363847175934106,-0.020544873305749053,0.4337109873607139,-1.3829905612392959,0.6107560644087986,-0.4908501175134619,-0.6076559636010378,-1.206757211095044,-0.5605415374985432,0.24883994234631684,-0.7752253456252037,0.6087955995558929,-0.13050358393724815,0.3395309717527257,0.4476610831946432,-0.6500448149138158,-0.6883131751646421,-0.2923209976225026,0.6747630465639364,1.9599930831322758,0.4355154570374484,1.1448887496247002,-0.06062450646965639,0.44902667224017806,2025-09-02 19:49:00,A,1756842540,30s
0.2043268064099187,-0.12431471041631953,-0.5384301638535363,-0.8282635093062652,-0.3133778971027919,0.10588940674474165,0.02321577098999382,0.37659982687731725,0.5777107341817227,-0.1542814960636685,0.7338829385574751,-1.150916249339416,0.7601544659485594,-0.45872630481803345,-0.5410079476702956,1.0287003103192023,-0.9340177239658509,-0.6262480763053263,-0.7016971705699337,-0.024547917478212115,-0.6398962562395625,-0.1635224494096091,-0.20221854736163947,-0.8106704739838548,-1.8274079055019814,-0.20121954878700352,-0.6705379895934507,-0.26079794510168786,0.1590784175187435,1.4085009444597014,0.49528655916905423,-0.28692542923269754,2025-09-02 19:49:30,A,1756842570,30s
-0.0629812172048294,0.0,-0.26027594438782325,0.21294020912246422,-0.42727938151519645,-0.16577470471041733,0.9008634017405395,-0.7269496082504503,-0.21253232041312425,-0.1195909200430554,0.21939617390173502,-0.6560785581883604,0.7200974856570553,-0.4817543290896956,0.4461923367204262,-0.3000475464598464,0.2709756711138313,-1.0200169755298472,-0.8333896134760276,-0.848646731438352,0.4683317230875408,-0.2656407792074483,0.3103391892320891,0.5070579844938038,0.9686022877917082,0.9312928046754885,-0.018660604310919787,-0.665449338302391,0.89322304698517,-1.067298079090762,0.3030641427297247,0.127084013300914,2025-09-02 19:50:00,A,1756842600,30s
-0.13447193844337677,0.17009331553357634,-0.22424673053186384,0.04477631827627292,-0.2917433236154173,-0.3695719227925479,0.48572765667301704,-0.6775659657163058,-0.3702054238159879,-0.045261843126116495,0.08146662902307163,-0.5907047505588763,0.37280806368066943,-0.4075617449847763,0.6306225474956267,-0.649441837108946,-0.35022348730532,-0.6259616732817276,-0.3884474508758216,1.1215300941830215,0.7992637388971571,0.15307331070406538,0.2910324739862097,-0.07998338949977539,0.3904638502591319,-0.07603535774202456,-0.09243797234123999,-0.20103414825676064,0.6526850846229139,-0.2696803796487905,-0.2979481715051523,-0.23545391520333936,2025-09-02 19:50:30,A,1756842630,30s
-0.19957921939179402,0.26366844597953387,-0.24075141826124175,-0.0828584059165425,-0.26791507415030236,-0.5094010374169369,-0.12172151060769631,-0.7647798021716143,-0.6190557916389702,-0.2518591831502412,-0.042239496696147516,-0.44910281152782305,0.09776779306600808,-1.0596793702560148,0.9745998876530853,0.36353291787133496,0.28922135130521753,-0.5541417694124445,-0.2066956674839556,0.1059573298655115,0.1406453595081451,0.11514112718425809,0.07587088897228186,-0.24098329094017729,-0.0653900646390371,-0.4951526492900957,-0.03213919589504989,-0.07313653671126755,0.4153682493386316,0.2820009205634629,0.6638054038447694,-0.5302195990547867,2025-09-02 19:51:00,A,1756842660,30s
-0.32795657099425984,0.13327681040188438,-0.0002981886698986925,-0.058492797837912995,0.06806859226610622,-0.4536426932609164,-0.2379435723996364,-0.40182157042522937,-0.5825652394948735,0.3644167155885531,-0.2085561915937353,-0.9768827804633368,0.4009157076734832,0.6296589401766882,0.7184517698495744,-0.865197915571637,0.018715592782424226,-0.512941660074453,-0.9717936106004681,-0.3121620153088594,0.8478794339420038,0.4231703220854759,0.36702401484428027,-0.42857438421797756,-0.369313394725241,0.5142549033012803,0.48024429811578484,-0.012451737981733298,-0.5860214117219341,0.5510484471243416,-0.09793914987485479,0.09955952654747208,2025-09-02 19:51:30,A,1756842690,30s
-0.3661003786861882,0.3029409866335428,-0.1059131049141632,-0.0426875799066823,0.0006669478029043972,-0.19829025951552276,-0.3924783305235962,-0.5875185882802361,-0.8298814486257154,-0.14124828020389493,0.0,-0.8116498701499993,-0.2539650127035338,-0.7901786720448137,1.168447990131584,0.8258765285405236,0.8587699897855713,-0.6070211967793887,-0.12524660900580098,-0.31094593603588144,-0.11083957713622482,-0.14671288183434109,0.8118354740968524,-0.5782573460247991,-0.9067749816562648,0.026179223097031815,0.6945292035230154,-0.23603188522480156,-0.4838395675460074,-0.4489262885855996,0.10396710015420269,0.0,2025-09-02 19:52:00,A,1756842720,30s
-0.4581402172572935,0.2734046323538213,0.0002985360434543586,0.017838089452368956,0.11236060539793626,-0.14324202990276258,-0.9362285814803335,-0.42725298760086833,-0.6961084684953001,0.14320893442897553,0.08063254183845042,-1.0103961472177503,-0.283198776637866,-0.00538017537055528,0.9933539727777833,-0.509005316248723,-0.11738953989135213,-0.5462855632792403,0.10065809604425768,1.5219442084138046,-0.34368808074112295,-0.14438555176357248,-0.34108677455251535,-0.27598005736778547,-0.378122736750015,-0.3003526796095587,0.2114832629990538,0.21749971984010463,-0.6712690747145013,0.5923016062725208,0.03933341567477216,0.19703174644961027,2025-09-02 19:52:30,A,1756842750,30s
-0.5085406173950029,0.3273546949034355,0.02473536069483617,0.6412661944505491,0.39906210332552616,0.5020770272424391,-0.76399366386746,-0.6550917335684571,-0.7992490532825928,-0.3155637584173424,0.25473446150489176,-0.7520320550612641,-0.18449223286007696,-0.9462312862994353,1.27361186244345,0.16784966524770265,-0.26643614298648993,-0.2071813087639681,0.7166264237960205,-0.8736284227959488,-1.1866821905414808,-0.13597213418515652,-0.32143953410431525,-0.49332311233758197,0.5404446111184066,-0.6541670041295141,-0.024622869550052353,-0.1196191673066793,-0.1878497703674689,-0.9400495921130891,-0.18016581401267312,-0.05575075706833345,2025-09-02 19:53:00,A,1756842780,30s
-0.9028718533668849,0.3399945729375911,0.4352530619273816,0.6861278339108599,3.529181073992043,2.8528487598483867,-1.3902432100205635,-0.47543631742340287,-0.8325334284794883,-0.48293689973238724,0.7875921163685361,-1.6584839092545018,-0.31002134917853247,-1.0445010429934065,-0.4111591329338533,0.16143745496794898,-0.48600877399437475,-0.03634759585778099,-0.6893089437602917,-0.7596219999417765,-0.6405810759315071,1.4497831243411154,0.6505092042229835,0.0891851310620648,1.7599732655235518,-0.703812848391155,-0.9960107070575493,-0.0842080822818308,0.6972359716178191,0.9708539321810884,-0.04400248750581386,-0.0933439565102143,2025-09-02 19:53:30,A,1756842810,30s
1.9495158470283482,2.0814565154124542,0.6054225678224,1.3192866436671613,-1.3248632939622134,1.062667195660846,-1.421363699210052,0.27459203236247065,-0.2941539261245752,-0.29378291179242394,0.2863061273827077,-0.45182804674493965,0.7961133980689444,-0.5793456836952849,-0.2609356561731713,0.5749115318324813,-1.1627833206852196,-1.3835732051173188,1.7562135829896495,-1.315611694008603,-0.18480549588260764,0.08350852080983916,-0.7575093034072902,1.1959257333078248,0.341752548922592,2.4184891039772345,0.5863166621087231,-0.7104405397466848,-0.32100374779709,0.19297635453322984,-0.08058715111724944,1.2745551131418535,2025-09-02 19:54:00,A,1756842840,30s
0.7493840508213987,-0.858467974145002,-1.3263114440298915,1.9522270677882974,4.09971981504961,-1.7354658624081334,-1.0727577906858694,-0.416337010900927,-0.6397770556333869,0.03480343211359888,-0.35918121221054633,-0.36800739069570443,0.8381052902151486,0.2983816594864444,-0.15122040548779297,-1.4263989431507413,0.317722917246568,-0.8144253079865738,0.8315309760919594,-0.854185754008274,-0.43689271453187356,-0.25940996550910833,0.4996836452080197,-0.41646358209812817,-0.5429757279138239,-0.2767632886540576,-0.4038276729856198,-0.005506010988560074,-0.01380066153294222,0.3590928107597088,-0.045889363487864945,-0.5630357703101835,2025-09-02 19:54:30,A,1756842870,30s
0.6348683551894864,-0.5999182175603529,-0.9516352127804075,-0.7897269115915581,-1.0648236063765217,3.762983639442387,0.4589356578688865,-0.508105563955998,-1.6256790107996346,-0.033126890850215626,-0.801750970610347,-0.08551563466483175,0.7178752660528401,0.6108571412222474,0.7859510784990362,-1.1854322855904231,-0.5955977444964656,-0.23408811327430176,-0.40356615699630793,-1.21849145161953,0.25769884688456335,-0.3314209355757225,0.06955405644059617,-0.16105705350884347,-0.21835909693780703,-0.2628229434816508,-0.6493176200908242,-0.34269755147343434,0.35938566569828184,0.3110864094708769,-0.2514134348639834,1.4196528731888363,2025-09-02 19:55:00,A,1756842900,30s
0.35704543996275634,-0.10176854266184947,-0.6583933737298698,-0.27457349983804874,-0.5353484709103364,0.2203807947430016,0.886792627739779,-0.6707418805232339,-0.28821766800508963,-1.1134038944448708,1.2473223309047337,-0.7373319544881209,0.5684795178741603,-1.602004912261061,-0.09905893444951186,0.30330195611265165,0.12783588390494613,0.14765564928159958,0.2194426622217782,-0.470205647142456,-0.6389563716496175,0.36638058944720436,-0.1398296135370907,0.14744750623074357,-0.525199673367889,-0.5900296157769603,0.8536638446508961,1.852205121649829,0.9512253782565059,0.13958541337084124,-0.09009011809393028,1.1498095521301779,2025-09-02 19:55:30,A,1756842930,30s
0.47295144267148254,0.6663816065901063,-0.5162970427792145,-1.1548716133416335,2.912421018281418,-0.13035650592947004,6.623596421603421,1.5583727872055488,0.02016487459085043,-0.14850649613005326,1.5165021774214957,-0.5021525415951696,0.11337411346748595,-0.927963383169315,0.9332843167905287,-0.3269743665791889,-0.6286871233157076,-0.852925464349429,0.14685482473281494,0.6521406684252622,-1.3160004836862673,-0.7397295669437803,-1.382478991221874,0.2758211118654059,-1.5826527658912808,-1.8522319728151948,0.6712071861211902,-3.3770537391724123,-0.7186716772985337,-1.5829101266709655,0.29343670741157263,1.6234026647817645,2025-09-02 19:56:00,A,1756842960,30s
-0.09549806825642147,-0.012654862126944614,-0.24366878969452477,0.4412981760448089,-0.28119722447047996,-0.26523928403881036,0.9361210695806439,-0.4819726032579853,-0.5547804100692381,-0.3206066379579208,0.5198821920328411,-0.5341193932859402,0.8537081458185171,0.5792438647631961,0.44469349957119014,-0.7249728765300942,0.3086897483060813,-0.722562585623784,-0.6892616927726083,-1.0474281735638842,0.9467849595984579,-0.20972950006305482,0.8222057037988063,0.5103410746990178,0.8867322825131895,0.2909786483027178,-1.000232210959392,-0.1158691249368447,-0.24381454667068536,0.5814195659274494,0.2907528525602271,0.4403354401885614,2025-09-02 19:56:30,A,1756842990,30s
-0.18208761702916734,0.13254146267602385,-0.1889314319214919,-0.09561937096838857,-0.29230648569834533,-0.2644765396033569,-0.2546730866887473,0.5460402411144752,-0.47284532112029126,-0.04106973105991947,0.15253238314461853,-0.28057179470957105,0.7378850564924742,0.9577227113642757,0.09012491030420258,0.35360075710511185,-1.411968673345405,-0.9955617230403597,-1.0327668748409713,0.7334802071014184,0.49217795789744295,-0.3304373525158522,0.35198837437198105,-0.5444254603922034,-0.11236273034660714,0.765142780233691,-0.7683346611529884,0.4128111900597219,-0.37879254228440695,0.21770605172238716,0.02314166871901869,-0.13862116650312722,2025-09-02 19:57:00,A,1756843020,30s
-0.29730376473622,0.2085825101257987,-0.1353869354444038,-0.23229381806584143,-0.07586153709004197,-0.2930631307626205,-0.8008338992848447,2.3403246316533663,-0.2831094258943442,0.39953657743144083,0.26739615032574077,0.22051104061211566,0.45883985445461317,-0.5316221136197936,0.5317601015296044,-1.4161397951177164,0.38102849413079076,-0.7248629352124586,-0.9776816969201999,0.93450588723425,0.767354880926769,0.19006977397516894,0.9511723621094567,-1.0320946841462262,-0.7555730413887356,0.7289313280183904,0.506339152960064,-0.6431996428668154,0.2424954050844088,-0.05069826957481388,0.6012404189369396,-0.5260766157539983,2025-09-02 19:57:30,A,1756843050,30s
-0.32897096571284595,0.25781104274390054,-0.07305222528846113,-0.025706796359248826,0.10377664896380341,-0.37598954268917734,0.0,-0.44743040835445175,-0.9416993753240873,-0.440707892461364,0.3854301145020327,-0.4967453993859324,0.1463700740793264,0.08152899533018773,0.8519475156308923,0.0656064411711948,0.625640502951571,-0.32995308588269257,-0.3934505554907778,-0.7213003049432716,-0.04521177623641858,0.14551761841066949,0.1824519554872072,-0.8544792594813158,-0.4086475040390601,-0.31983791781049864,0.7608165093203529,-0.19374545056722228,0.040655254640145855,-0.06314817779743001,0.35878284182469733,-0.3981994184589006,2025-09-02 19:58:00,A,1756843080,30s
-0.3987570621941198,0.32081322103746274,-0.04658802341655969,0.1469549664755122,0.10874129185717388,-0.3288514813533709,-0.24181132590861704,0.6235433878924009,-0.5795568804819384,-0.010485212979790656,0.3366828635787614,-0.35968489080391547,0.24685362948187603,1.0829448196659501,0.5609649186876416,0.47372484705271106,-1.3530739758673809,-1.0238801739795813,-0.19656805568002444,0.8687268442734477,-0.5100428504761966,-0.4707728031188534,-0.3305287665744197,-0.5954419457940923,0.10400819908382695,-0.758101568020312,0.3884533484341021,0.9843702602891389,-0.7192433843626529,0.27541562179794243,-0.26625929280600774,-0.5191363313451155,2025-09-02 19:58:30,A,1756843110,30s
-0.4885335778125159,0.2880459407113712,0.09309912165867865,-0.029525895468199545,0.4545069998477042,-0.1395281523766898,-1.0372378993324216,0.7243351974703554,-0.6973070579030501,0.04507756749231024,0.24084818074764996,-0.5654995740991009,0.08224265253967371,1.124518384145461,0.45028413034610115,0.47008447356421157,-1.365998810956471,-0.7783185802681708,-0.4588352489022909,0.37506675373019516,-0.9576357028774398,-0.6958995063488574,0.058492921228118645,-1.0680848885976548,-0.18462400929630676,-0.7671912889838961,0.29894406094617837,0.38363225722329825,-0.3781550629036668,0.5132127809719143,0.29834148624973256,-1.0415422580443954,2025-09-02 19:59:00,A,1756843140,30s
-0.5740852562682752,0.4092306687980164,0.02836918494236147,0.4085494754014303,0.6630182419193426,0.6165848506922036,-0.9314175551232048,0.017151858546655543,-0.9950150915001496,-0.6857569440924791,0.7206996295586044,-0.5999427875190865,-0.5500107515921799,-0.5270975116014482,0.7285131629425518,1.565447954313243,0.024590472318470738,-0.5902410796249904,0.4715508056737571,-0.215062063983165,-1.2351927198211772,-0.3112244949173647,0.3024786208657741,-0.1010430255138964,-0.10434761759808586,-0.13285981141904338,-0.21674811327810342,0.42322282245178405,-0.3481155528902671,-0.016626923148687352,-0.07475752699706159,-0.38652186819124407,2025-09-02 19:59:30,A,1756843170,30s
0.7561139902363366,1.5845167776582916,0.49103851663193754,-1.7902143274903866,3.3311723587949804,0.4302530570004556,-1.510204074507094,-0.20733383660954352,0.1775287224267242,-1.0396336199748908,0.013572601612453007,1.8363651318274377,1.9057108607879913,0.38411733509944024,1.063281883883804,0.8915368644010094,0.9063868567099806,-1.397436279883679,-4.369709937912228,0.5008400666621998,-1.3906723917660828,-0.6841603503986367,0.6171810147185712,-1.7437313287700915,0.19523865479894634,-3.2769907154663516,0.3483006001582596,-1.510558683514731,1.3499561039684573,2.081438323261535,0.8359771305236586,4.091609681231558,2025-09-02 20:00:00,A,1756843200,30s
1.3398658356606543,0.2886930376785842,-0.4233579808219891,2.2098451909724495,0.6382495181060279,-0.5885033326004694,-0.9315745280092719,-0.3829621553224062,-0.8179842746995776,-1.2199050529158755,0.6306428402324964,0.06736176284804574,0.04986475298482819,-0.9913454302930724,1.4154238148717548,-0.9767910109986118,-1.401015365205594,1.5810313873344817,-1.2162601821498602,0.9938011499044543,-0.5473902968599554,-2.6803575654208847,4.022838769469768,1.3508826211627598,-0.691865370049195,0.7729937880517341,-0.11488817815438081,-0.29906307930946996,-1.0873472414646157,-2.4466732679996737,0.4723483103081189,-1.543215748080336,2025-09-02 20:00:30,A,1756843230,30s
0.7333539829893235,-0.6130357186247114,-1.1466685709588802,0.16014434512491724,1.4458385928302782,1.1052040517961204,-0.32240629403768695,-0.4700674228996957,-1.419825750410747,-0.7303064438590234,-0.11972110652136837,0.25330947707296875,0.31142441447810487,-0.05139410616397067,0.11493012089648806,-0.41801652408657836,0.4148197753870835,-0.4676868860031815,0.12208378931776985,-0.246172446196983,-0.9515982652618232,1.0182166660418754,-0.9215973826491096,0.4788863499482518,-0.9096993124046876,1.0867579388135593,-0.17059351168407086,-0.5400127157972786,1.580454390736482,-0.18044521821145992,-0.7622249103645821,-1.317106858263207,2025-09-02 20:01:00,A,1756843260,30s
0.5146991379889692,-0.36343166769266694,-0.8046884938636477,-0.549652862774301,-0.67672559301262,1.684521032943572,0.35041251951183894,0.476985722129556,-0.5357404740501208,-0.8545616139780793,0.7636703600472402,0.030826802644067012,0.6723291607219576,0.2344861400996663,-0.2825616730284173,0.6632743282912192,-1.5312200138273069,-0.4287488264205121,0.06741228087983722,0.13526432929071897,-0.5598207715219207,-0.5237161977785775,0.8207110712866069,0.0728330807558505,0.2602649333617348,0.007827906749132774,0.864653814438831,1.3561989483025292,2.2326340934506623,0.9117082732495934,-0.09374939349699372,0.4586489748285882,2025-09-02 20:01:30,A,1756843290,30s
0.7994249790379645,0.8624623457115276,-0.5909002571983262,-2.7978946261928006,4.699343299453313,-1.2831856478205654,10.252140514692753,1.455789723742038,-1.1429492044649192,-0.06793509692391522,1.496268293318845,-1.703021015036928,-0.9566424532764186,0.5368699229934455,-0.11744353745930391,0.8269866571357423,-1.9279023115704996,0.004560249010116675,0.43418427152003286,-0.4523231824468356,0.15642643625906902,3.722282915536645,-0.06023521947969677,5.052329228691182,-2.1992257961914032,-9.337202829921818,2.297581852861142,-0.1606212778663332,-0.7821494913068369,-1.8575959257630208,1.1325882604270592,-1.7192444784295209,2025-09-02 20:02:00,A,1756843320,30s
-0.01939473691798877,-0.1588887664714817,-0.34444985147454554,-0.3619491994138466,0.0,-0.2776512102771257,-0.2668743320341884,-0.44963644411709264,-0.37465823619978617,-1.0181558680563325,1.1974770448136722,-0.27902490298407306,0.3262261776201648,0.22831083244426303,0.0,-0.5558955758571965,0.2467412140957708,-0.2467509212141368,-0.030859452379418378,1.228176488128416,1.113515004417643,-0.023082655829307807,0.15994048225546312,-0.834050254007625,-0.042962950501706634,0.7374883110696047,-1.2778954552197037,-1.4971888142722851,-0.540679823153858,0.640499923265995,0.0934423085362683,0.6830553389893755,2025-09-02 20:02:30,A,1756843350,30s
-0.11961415600037335,0.06663215957694643,-0.20000998371755083,-0.4021865202604999,-0.2582631285786133,-0.16735255838813093,-0.12284195603460345,-0.5168080218741028,-0.9765696827387127,-1.0290984035407558,0.6494059072086616,0.023944872907002826,0.11258714451985076,-0.22022809881905198,0.31391295571707506,0.3792561401247291,0.7047368221571461,-0.15087332039960805,-0.4849748818084058,-0.6114164932494501,0.6631675755446121,0.0,1.0669360962033136,-0.6094113304703378,-0.2567442383683284,0.722545791350446,-0.18569306853995896,-0.9325802048344073,0.49129120203106225,-0.11242063810148038,0.4862566427588844,-0.42734872289321657,2025-09-02 20:03:00,A,1756843380,30s
-0.2068421583674197,0.208347552574847,-0.17976306336990241,0.2916153721941803,-0.24510854651031463,-0.305907247077497,0.700098794017272,-0.42136659175959496,-0.7327611831488855,-0.8305352246001837,1.0057829113946373,-0.06551124548997787,-0.010231403409282447,0.4960283099450726,0.18031128703317337,-0.4271541983404421,0.45823165745221606,-0.5500918544516296,-0.2312349739381321,1.6372166465723008,0.23806289096961783,-0.08451689179263433,0.08589776773769572,0.4727542532996816,-0.19675277440308037,0.39543616124795244,-0.2852244720924003,0.31514418609937667,0.03650381895513226,0.02562504730067342,0.26486526694364143,0.3869388696495452,2025-09-02 20:03:30,A,1756843410,30s
-0.29123170055859016,0.16181382320116133,-0.028329330518899725,0.4079205981454201,-0.18814000452194257,-0.3539724769434262,0.005801534397844982,-0.41966497010400683,-0.7264971395136963,-0.6546639649812929,0.6858004561959096,0.14198456512068902,0.2946867387477666,1.016976926435798,0.39672549546948804,-1.1889646491974386,-0.08770786280039067,-0.11157906256222848,-0.4012816150960724,0.5651043485283421,-0.11723607776766361,-0.4126042910408342,-0.06553502251416346,-1.1969942351775311,0.03551846490827326,-0.28816314547214333,0.43336574528555216,-0.3720214576815618,-0.08671501524111896,-0.5327450143487309,0.5805190308119038,-0.326954140291597,2025-09-02 20:04:00,A,1756843440,30s
-0.3624133933964706,0.29661672738870165,0.0,0.06579642421740092,0.04913105357749935,-0.28523265661918373,-0.4589598755191492,1.5307919353179154,-0.568514308894998,-0.11481191397078883,0.43358200847936484,0.41687206731436094,0.12739060418306258,0.7355445532034324,0.4436932526145674,-0.25308667924143163,0.0,-0.532926060258535,-0.7885798411927842,-0.3351970772765341,-0.29482664597657965,-0.38720482996760724,0.7851001733153591,-1.2418708704958856,-0.5045920361977537,-0.009662182766980807,0.7608918501505308,-0.3777956817166617,-0.006032051582864543,0.06979589501921081,0.5942394529093658,-0.7182125546364508,2025-09-02 20:04:30,A,1756843470,30s
-0.46379116112831326,0.37065579615643274,-0.11720122468478072,0.13473692809560842,0.09279390408854846,-0.027273279031489406,-0.6389923126670425,2.4105350998319426,-0.5256098558704416,-0.010779691591894196,0.7510617661136613,0.5365448205386874,-0.5381967096808898,-0.41658908075253037,0.5429844513788793,-0.8082300661019879,0.7471444202851031,-0.5783873605997374,0.14016172832501889,1.453663426608773,0.16336118807237224,0.16519626063985332,0.4749307337183593,-0.16697981535197584,-0.581646059491207,0.09738613998927262,0.3833878488349701,0.025779124635235774,-0.24919712261487517,0.6951465767424364,-0.23015743730661234,-0.1702344042682769,2025-09-02 20:05:00,A,1756843500,30s
-0.4813358164165766,0.41939797437144344,0.0472053842060628,-0.280199706111769,0.9054573355372173,-0.09577560336609543,-0.2923026800168148,0.8272756128473218,-0.9193816373949073,-0.3566963524630579,0.6216916528535344,-0.4508437598177438,-0.7297250518216619,1.0749999884196166,0.14714424537633586,1.4348315147076043,-0.8314553210316087,-0.36605265426281214,0.09981871879334869,0.07077391665482895,-0.3556609819065908,0.8327769906191864,0.4863545520187649,-0.004077547591116496,-0.23336073634111545,-1.0188153163089835,0.22086094789682695,0.9530218805454939,-0.7695294290475175,1.7003365042187581,-0.5662490652808737,-0.142695659736178,2025-09-02 20:05:30,A,1756843530,30s
-0.6475986513400414,0.33612670268362926,0.2341157430666504,0.336686485228181,1.6531192147786473,1.0204155639997092,-1.1465699398734213,-0.32440623409603564,-1.2097766082034755,-1.0224950441583407,0.9526081590399741,-0.5731083385987825,-0.9507523247730811,-0.3007163802968141,0.11212145746836899,0.5535658041262559,0.10996384868958879,0.5868100708982963,0.38093498619572463,-0.9597524173696192,-0.5886253188008433,1.0201038490716752,0.8950020799808378,-0.328245813061816,0.4644519684522997,-0.13950104240622585,-0.35060136652372104,0.20294680805965135,-0.08983890793093205,0.29655076851482165,-0.45012261660365716,0.2348448251099297,2025-09-02 20:06:00,A,1756843560,30s
1.6285636768867722,1.8477468955505387,0.7665625763993485,-0.5650115454531515,1.436795426834698,0.5011496538657827,-1.3256009509863176,-0.7165728349365346,-0.29194457291891607,-1.072275513194536,0.4506242621126756,1.0982567161990542,0.9597029202025239,0.6649621962031634,0.7568531732341651,-2.0169228724381525,-0.15645201206043355,0.5253298389142568,-0.9774880328972434,-0.3647227499262206,-1.0374991235885043,1.6407653981123758,-0.19995251716573298,0.5202424649966498,0.6209349183350058,-0.05946414967050103,0.62195338247226,-1.0406643004604723,-0.7202245045808593,0.1833687329713807,-0.2610068675917915,-1.6282165575364407,2025-09-02 20:06:30,A,1756843590,30s
0.9825408614186271,-0.558616565305396,-1.116684404949686,1.8346961035226514,2.9280120243477654,-1.3980116088763446,-0.955422799895107,-0.27705115297650373,-0.796885260448329,-1.0286766168669816,0.6069604535900502,0.2518167928702514,-0.3860111375074827,-0.006723503364973157,-0.05852749914932455,-0.8348246710465582,-0.04788953793602858,0.30500880145790443,1.0153264542136515,1.1627453311328566,0.0836823584373321,-1.5923946057886942,2.5899785590125814,1.1464483479797782,-0.3601323194034715,-0.07578011911575362,-0.8162517065755786,1.1314136902946372,0.0640759406723286,-0.3466500463016864,-0.263777891564074,0.0658805564858224,2025-09-02 20:07:00,A,1756843620,30s
0.6594482634165783,-0.6445080620353051,-0.9317762886308529,-1.0373947832671597,-0.0278607575706596,2.9668263417708856,-0.17249378481113986,0.7057511770666148,-1.2285686598013859,-0.3396984950310894,-0.32445945461440767,0.6602330011593495,0.2064015143549576,1.9436795597787442,-0.21900265471733948,-0.0714263227351649,-1.4432833553018285,-0.49418264815464014,-0.6342942160671993,0.31013650012360194,0.031005734014240657,0.06515934878261032,-0.16599011744230702,-0.4264691326601464,-0.3647890805735142,0.21349461759619498,-1.0714087602860625,-0.8953954374210785,0.9094784938905018,0.1683825790946272,-0.55372384032232,0.4176290590841693,2025-09-02 20:07:30,A,1756843650,30s
0.28921955708389335,-0.18730988927494155,-0.6978524625584442,-0.7468230323582289,-0.6163250337517298,0.7069368692373794,-0.22701749319523104,2.1395039772572995,0.09900365603183589,-0.90779702893308,1.478374274923068,0.8973501113942144,-0.00079860867981427,-1.6682585029741945,-0.3840224327693586,-0.3606013397399772,0.8761396558651715,-0.1435526631218233,0.2611070355480624,0.028310663232252994,0.09059091310616676,-0.1551820726681572,0.08532772748995887,0.05351506236815877,0.44432177420117785,0.1338499341628415,0.08146354396828802,0.5911587092263967,0.0,-0.012664952882097368,-0.47658494380768984,0.9165999705879136,2025-09-02 20:08:00,A,1756843680,30s
0.22160296004846688,-0.07898509149951155,-0.5103340715319472,-0.4174871857595626,-0.5400935876014992,0.17314471442499332,0.5249897498016931,2.010248715642655,0.32761861904534445,-0.8338867690745811,1.7401377217464602,0.4354259638768281,0.17674251725359805,-0.8398298344466191,-0.7567719344403196,-0.6321371955091873,0.34140162033255955,0.19672958385680173,-0.01958680593354857,-0.4987145396229111,0.0626179547327487,-0.04529382533885453,-0.1695116272959304,0.25955707271680356,-0.864251534049336,0.4470662393385741,-0.787499770295924,0.23122250794212906,-0.5776439449360825,0.4894821888297716,-0.7053104297292943,0.04290586117438597,2025-09-02 20:08:30,A,1756843710,30s
0.022746565869290962,0.04474816947176877,-0.28993823242342814,-0.6396043862198846,0.09137423398373715,-0.7241853476032196,0.9251624037814811,-0.36454893741174776,-0.7132718981838643,-1.0697011532033733,1.0641761085698518,0.06960814456093163,-0.5163849371164355,0.06679204281585092,-0.5378685330814588,-0.2336409364313702,0.15544890156565003,0.010191220447383409,-0.01700078375277574,1.3686476162615524,0.667524734482419,0.7466956494190095,0.3279133712428847,1.2571883815805136,0.27591805887417414,0.30254938443878765,-0.3683928592874159,-0.18468029930511717,1.2762239501378925,0.45148949120381954,-0.19908114073733588,-0.7478789506905409,2025-09-02 20:09:00,A,1756843740,30s
-0.16355528703823385,0.04369576079376343,-0.11149764231987189,-0.07083134577670563,-0.18992465527621621,-0.4781169029701984,0.3537033103068721,-0.472113903368792,-0.6339201867379892,-0.8897569276472813,0.764416753422168,0.5039889260615624,-0.0795724366230578,0.7844710745131065,-0.14785136274133198,-0.7987643696852494,0.18151140957057083,-0.2167960536189115,-0.501449688234007,0.2919772208691579,0.3255937060907505,-0.4534731496471643,-0.493347105697302,-0.052844592683925454,1.2723546350699657,0.5580286318482679,-0.12490070639734674,-0.38336418974900976,0.4740863763181391,-0.3117018136434037,0.5190300683629752,-0.5124941427199772,2025-09-02 20:09:30,A,1756843770,30s
-0.2254667370719546,0.06694916344703082,0.021870230665188308,0.17188807284988206,-0.34472976362986696,-0.4754070800203905,0.08269944029039648,-0.330905140590029,-0.6622191433310819,-0.676913767194713,0.673729141073363,0.27011263046766415,-0.1462073278738829,1.2845963526311273,-0.25722753341127613,-1.1587055814671072,-0.11294638386225761,0.08810107912267182,-0.6118797372314952,0.3377589361551394,0.7694622747790462,-0.3718994842995171,0.1746329169970796,0.14864920194220885,0.3050209082482288,1.1479314600219956,0.08565718170293118,0.35681679404451927,-0.08863361104184288,-0.20802207197507777,0.15620683260546145,0.3611368678553371,2025-09-02 20:10:00,A,1756843800,30s
-0.2646657251823186,0.20767647838921235,-0.0255660698487928,0.11940367912347392,-0.18425967411683652,-0.4513509619291095,-0.1968761931158241,-0.4529420199436182,-0.7308033883867686,-0.8817009423744732,0.7122446722697473,0.4851634474710183,-0.592611845797441,0.5937967113635063,0.11377969103385653,-0.3484146292968093,0.5039263700364821,-0.11459910016872976,-0.24879993413930182,0.8032309848006229,-0.41890103859220884,-0.9348346861661355,-0.5437182220647166,0.05891382946387456,-0.23772724595232553,0.4420234299137257,0.28722694987897934,0.0,0.13551888742276885,-0.6339709877142518,0.6434091037223661,-0.23454608827329154,2025-09-02 20:10:30,A,1756843830,30s
-0.3750288702160492,0.20288427328470987,-0.018483900562060868,0.00914785533709339,0.031238321733437022,-0.3384690898589846,-0.4384056780255379,-0.46740094267644544,-0.8818623094648876,-0.9567897179911419,0.662296256747152,0.3808497179174818,-0.8843041649806358,0.22174298839470755,0.24699240783880635,0.506552923351167,0.9803275669137181,-0.04367972163564636,0.0642286616800764,-0.2386247111361038,-0.20937532709482623,-0.5552011182800387,-0.16394808330162325,-0.18139529913115016,-0.21409222933623884,0.3658030979304855,0.5992219446562161,0.2153830635583511,-0.27062992357086624,-0.41234870124717804,0.11177358368557118,-0.2381181473824435,2025-09-02 20:11:00,A,1756843860,30s
-0.47828386952169216,0.28311198840102314,0.02104477099883928,0.36153127830066845,0.3242570623140991,0.2775510723487318,-0.3662813282636409,0.44823595173268144,-0.48015249344313277,-0.7904201628782478,0.6522069997307771,0.5857794477833816,-0.519257415870554,0.8457371840251781,-0.09247849084387075,1.8127510138738616,-0.3212157304826147,-0.507532880748049,-0.061031481787624284,-0.7337437126217276,-0.21561028301757096,-0.3725992483984515,0.329085061325323,-0.5886354929342854,-0.5186436688687152,1.1274267063834302,1.1817667488487682,0.12414645688637951,-0.24757744808245058,-0.5100515546809743,-0.6323452476328857,-0.4144281374403882,2025-09-02 20:11:30,A,1756843890,30s
-0.35150415266183227,0.3695635332678264,0.11501261807066039,0.5983580561164926,0.1200051436063604,0.024576180560533675,-0.7729862592236829,-0.5888758176350305,-0.9741846094246931,-1.2541216473317738,0.675011642401593,0.5170032707679184,-1.1778708566059648,-0.642260882387816,0.6631664754047599,0.052481390024532636,-1.4320787404307944,1.5924602380760293,1.8941849397422295,-0.28923630147518287,0.44797383816213415,1.6596678256214452,0.398574343743139,-0.8859641233552098,0.2437451813603807,0.3546498789240879,-0.2840923606871785,0.33066204498752333,-0.8740775929527552,-1.2992194599879394,-1.113981125524294,2.0785741097470374,2025-09-02 20:12:00,A,1756843920,30s
-0.762095569363446,0.288817323242144,0.2551214897135375,1.2463015816523988,2.4245365840026656,2.1728719500380502,-0.6475607020580165,0.8153331549258919,-0.3194960613985179,-0.8539512144938162,1.2861849559806318,0.4758583586287287,-0.8842201500095769,-0.40103842883973356,-0.5022347257426666,-0.7644801304118053,-0.47243216382977526,0.19369555240634775,0.5156297735664639,0.5254715053173901,-0.6251966920195376,1.2644947868870415,-0.9896000600893916,0.4591844368920925,1.3297439332330243,0.6662046225638154,-0.312874037529292,-0.750122719186786,1.203191270938323,-1.3176842806525484,-1.3499167703210113,0.9434558568876298,2025-09-02 20:12:30,A,1756843950,30s
1.843419746258386,1.9035642039351695,0.799872616992775,-0.3490513232103046,-0.09340492267038862,0.6675342990777987,-2.8779092621926097,-0.619015835257234,-0.2561464622921418,-1.0911383740963108,0.54389016271371,0.7971154815301362,-0.4647112934629059,0.0046988743291963555,-0.31028102432461563,-1.2859246240943145,0.15507861181907615,0.4423699530055496,0.8339270612743865,1.7744347050991656,-1.0145625386380575,0.28755241143626675,0.8877305560729618,0.7343409807679957,0.3674171945019094,1.8093400647601403,0.8677908571992783,-0.22349326776013045,-0.3952546546497122,0.5346176283805456,0.43990684879488207,-1.1819372720515438,2025-09-02 20:13:00,A,1756843980,30s
0.8786997917460739,-0.6881117373179312,-1.2439759650079052,1.2926028506204597,4.283418771769277,-1.7126438271955096,-0.6083114417031271,0.6341518852432121,-0.23223905643084813,-0.5686916358349979,0.1391134896914879,0.8244153972630437,-0.3327989820546285,0.9844548766754428,-0.9612889376999069,0.3536369288742392,-0.939407373665525,-0.341215145670684,1.0453385728210869,0.38311876715049387,-0.07223233670902515,0.2903690753713525,0.7398955925582222,0.48395230101696207,-0.02968012279828832,-0.4921924705747631,-0.07816823561118866,0.05653089575594721,1.1054334637003629,-0.45815044957573925,-0.6189192281431584,-0.12579677108922047,2025-09-02 20:13:30,A,1756844010,30s
0.6878101320752689,-0.70344299792402,-0.9361934535513831,-0.9355323458059495,-0.7940367058665442,3.358313670005411,0.023256131080495398,-0.42470612519899237,-1.3077563613197538,-0.6288924591027034,-0.3142247698944466,0.8452001388950173,-0.5247708581930643,1.1995192861593622,-0.43282069872633566,-1.279150906040851,-0.5545029400476456,0.6641480393335376,0.26216977347857656,0.5345720989776385,0.2291532751359087,0.011208650249962112,0.6127149919771965,-0.0876990699618164,-0.02682713021636106,0.37701280743570836,-0.12042870946124191,-0.7619500083283697,1.1751193622120846,0.8855445378576381,0.19345538682459273,-0.2266942160443996,2025-09-02 20:14:00,A,1756844040,30s
0.3609065474885023,-0.29633161882993747,-0.45494537468693275,-0.7098829470172481,-0.40646299303336153,0.2601809195864723,0.2600113995795783,-0.4709487602772493,-0.07796793304583485,-1.2329188907656345,1.222497366832603,0.11083687397325989,-0.23300624599102998,0.002020936734556824,-1.3690428723582777,-0.45060617870315905,0.1508806390723987,1.0334753948859712,-0.30019636587183324,-0.7267923434055293,-0.2531438648364282,0.365726787461121,-0.16962802323403522,0.29946119415436734,-0.020193979835606096,0.8554417547856594,0.9501409628656986,1.4407219391564017,0.7769358941611129,0.362166032946484,-0.5276516896918811,0.37008420635049105,2025-09-02 20:14:30,A,1756844070,30s
0.1264870170362581,-0.07512849612287897,-0.45193035425463474,-0.3086055535192246,0.016765361908769125,0.12783097889993927,1.4688458603939851,1.3263009490203648,0.7139877115715202,-0.7770828002761244,1.5642392451442957,0.6274721662928003,0.00459288716201259,0.2718212861038862,-0.9865236337761407,-0.2156626564571056,-0.036575426522437046,0.2526701906387763,-0.0297195650800796,-0.6755991078891851,0.48961074440947144,0.4571740416673961,-1.182398452837064,-0.5479095762285596,-0.21939977444644113,-0.41409622291552856,-0.8952508590867315,-1.2459398414600318,-0.836393856945412,-0.12820535768407992,-0.31088804255722136,0.16759854072365915,2025-09-02 20:15:00,A,1756844100,30s
0.035568083273271565,0.2925274053779556,-0.3328159972992975,-0.6624908660673289,0.06450190469711238,-0.4772464383205163,1.318392340999294,-0.6530381972446421,-0.6245391808215744,-1.3346604379872167,0.8755775704849942,0.4946488434919963,-1.2194798777474383,-0.8280510634014947,-0.29309213931418754,1.806145647161875,1.4768938701837062,0.30387399838704643,0.19998368141986864,-0.6082342226303911,1.4889842457108684,1.3806285723831488,0.9567883295265474,2.385038984809703,0.42249810778385616,0.29356843895388,-0.7683624184600322,0.30067121301796307,-0.8016722730792213,1.2072104633988823,-0.5594880043738927,1.6132026248876559,2025-09-02 20:15:30,A,1756844130,30s
-0.12266494107458746,0.1487428983449718,-0.06710814370448753,-0.5287287599740351,0.9415196267571718,-0.8784623220018811,1.9195153955161064,-0.15452810103547387,-0.6176066568292177,-0.2581692782535331,0.4029520614526608,0.029375365462987347,-0.8856152417318484,1.542751426897919,-0.817815284105362,-0.8317103731814819,0.37239798214003933,0.27489763983481863,-0.9242782353434109,0.28954608743765814,1.4639648294641556,0.5906024416273059,0.19401326408555633,1.5360756237530846,-0.1595459420959013,-0.4234743131912139,-0.10245719275637004,0.33763203749655357,-0.3984667933607605,0.3435701535071122,0.5778602061271614,-0.12259551848078835,2025-09-02 20:16:00,A,1756844160,30s
-0.2524571628158717,0.16692898087327396,-0.12339552912238316,-0.7199846745650678,0.007552483135727605,-0.4830646951254236,-0.48679924353462695,-0.505115238245289,-0.7736424262953392,-0.8209686845469094,0.24488277116082985,0.4533138705012551,-1.3166189531581773,-0.050758958965184335,-0.499862544585817,1.0807620456093572,1.4862529337969066,0.3436388301022065,-0.5544093551565827,-0.08457418170978231,0.5312113320516367,-0.19121749350244963,0.4985308915827769,0.11624521682912506,-0.9553162083216024,0.46771044251413535,0.2191503854774932,0.49879578493304466,-0.136975731137685,0.9102315951047977,1.143496074096071,-0.5115568240995529,2025-09-02 20:16:30,A,1756844190,30s
-0.37193134569498826,0.17359211164993033,0.009834337473683206,0.012673439549720637,-0.04713815336458588,-0.19680493942348498,-0.27074843250429415,2.3579303596076393,0.07017877289072003,0.3608214377947908,0.17686985344344436,1.0854123042649437,-0.5134907388276578,0.5893478695610526,-0.4222941081083379,-1.322776119232976,0.903077866992332,0.12258622078144228,-1.01269167651066,-0.8197244658605951,1.0503727430684402,0.4050147999955453,0.37717542683488714,-0.4457717797289518,-0.1485723044541575,0.9801273000683086,0.9757277643590345,-0.15949491464608792,-0.34645184918451016,-0.03740588276943903,-0.028000425203542418,-0.2808034965057737,2025-09-02 20:17:00,A,1756844220,30s
-0.3983890607997666,0.1758867938913924,0.10209664315520525,0.10093118908181493,-0.05753434124783602,-0.36628894549841007,-0.35993472619268707,0.16025842766558643,-0.24219698056310662,-0.14435278968650228,0.2203606636310724,0.2880119365666233,-0.8414514539798663,1.7522171000197695,-0.5903338791579853,-0.18838811051985505,-0.4054658388971239,0.29254476194717627,-0.4459696459625407,0.21878444425199883,0.5189934293101115,-0.1662684377053555,-0.40053237329363567,-0.060378240904239794,-0.15743279528583945,0.7161578336271063,0.49687079250146193,1.1723778683078683,-0.7567444082897531,0.46743756409310955,-0.7130718077562906,0.31865061657678917,2025-09-02 20:17:30,A,1756844250,30s
-0.4706573424478664,0.20623834444031472,0.14243626974733414,0.12020301190115676,0.24700946361224754,-0.14469800758989565,-0.617031774178248,1.056511950097795,-0.1921699463892472,0.16765337126660865,0.1491635892127725,0.5038893648805828,-1.0320682251539548,1.0264126594566654,-0.28942408203703246,-1.1964511259243487,0.22323615317373557,0.5779917857129298,-0.23118205761971258,0.0,0.419644522668339,0.45051709347748065,-0.0008177714037921765,-0.21549775081143577,-0.08278247641014973,0.5262024778739969,0.8564542998112303,-0.0184192123926258,-0.21715742076716243,0.32799846595297905,-0.5815649287552113,-0.09326803601843066,2025-09-02 20:18:00,A,1756844280,30s
-0.5756574565555819,0.30851732976006263,0.1246666617509502,0.3960453680998119,0.5306973984436635,0.47444369865567393,-0.6053890811855306,-0.410201472532053,-0.4265665767261198,-0.45401468188096855,0.563608229095777,0.04941065713860276,-1.8165227731440727,0.6388225386270671,-0.21293026932113268,0.05003181411878011,0.6187350625652153,0.3593413194227834,0.5881711197760021,1.7392152200726416,-0.8708406395883004,-0.48516748989825753,-0.3338724834425779,0.4402791479923354,0.022252001460039323,-0.08519223779837469,0.23474378331108395,0.13178496119565006,-0.1673354896582374,0.12540666812026627,0.39188260526494556,-0.23453139254080105,2025-09-02 20:18:30,A,1756844310,30s
-0.850361745217498,0.3150120011668089,0.4645415682692567,1.6451982505707683,2.6695408904627254,2.9167983500902204,-0.3343348264323371,-0.5990978587054715,-0.15291670473191696,-0.8584866058709072,1.1226787513838221,0.007409037104566657,-1.267635146454133,0.24222077190365995,-1.1939135603984017,-0.5894577843008832,-0.525340279334026,0.5511603903867992,0.030702340788018756,0.7728899138155767,-0.9484937706775645,-0.1455247652826891,-0.5082724102965069,0.9950200857996142,1.7740826174304385,-0.18382942352589426,-0.8628684778334951,0.3036484446410849,0.6082831120647181,-1.1341434920735503,-0.04480898802164388,1.4863552447362676,2025-09-02 20:19:00,A,1756844340,30s
1.9280037421643212,2.1476755478955707,0.7571826076696009,0.80934752174464,-0.8869962108599209,1.0837507029204396,-2.098610284686222,0.24302964756149173,0.35968106890034685,-0.49573041904209275,0.3295245813522815,0.8514616007874863,-0.6446252107868495,0.5368788534219207,-1.229349298463553,0.3113112858195377,-0.5181340417766668,-0.6227079264900717,1.8036504265905422,1.1664964093814145,-1.005200872357141,-0.6839813302085811,-1.0654638445839697,1.2229361688167786,0.012929816464424565,1.578383407655431,0.40400429533410787,-0.8934118463464111,-0.10244292811850529,0.18702062553656318,-0.28160040077147525,0.899483240426753,2025-09-02 20:19:30,A,1756844370,30s
0.766225162123508,-0.937445532947005,-1.2891736485010925,1.994645954867944,4.068505900851581,-1.665081849303418,-1.124993623146082,-0.5378310483382723,-0.15482011821210365,-0.3562106249468132,-0.3437672997330463,0.8940954861951419,-0.5223083889985202,0.6963798741860601,-1.2564442531512368,-0.9099205280304812,0.8725027279503665,0.15944700148263755,1.2448541946895981,-0.6671005777088025,-0.270572445486179,-0.39556409107443435,0.26753976115863115,-0.2251016390346947,-0.14913708326669245,-0.18821313817870083,-0.17215385047571974,-0.0254290455809788,0.09087978470756734,0.4031005751404397,0.2650740184388225,0.0867312567840092,2025-09-02 20:20:00,A,1756844400,30s
0.6894677564037975,-0.48474266168680924,-1.0392053140278492,-0.8622954000572871,-1.2520890808527694,4.0689137944685605,0.38698654942484506,-0.7894024333505508,-1.233605879076454,-0.7423147203312195,-0.6807681458173857,1.2203304337717424,-1.2108604352037422,-0.10646341755301893,-0.054077561445175164,0.8355318009140207,0.8945323971634752,0.6037732901731587,0.553411690600576,-0.6664671361305121,-0.2918459792928463,-0.5032766758886902,0.3988664064730206,0.6049660006302526,-0.6035486376190058,0.43127943249296935,-0.22462975971859026,-0.31355438686081516,-0.10358893389762261,-0.06263970552813718,0.22582004442745668,-0.05183951034977067,2025-09-02 20:20:30,A,1756844430,30s
0.3945291176077442,-0.29773155896544695,-0.45457639650605997,-0.5591021449764815,-0.5389700491919661,0.11730129459973328,-0.2576986253792943,-0.6334673903370711,0.3809442083610299,-1.006253046378616,0.8596640359493911,0.2566560191642965,-0.6245279564551837,-0.6018714110697588,-1.6466953673994082,-0.3841960004729861,0.03690342461728778,1.4762093158829817,-0.07528173554458621,0.42014219491068494,-1.3597879047734904,-0.30159945040681624,0.15600951264593693,-0.2957424467191813,-0.8765851375807785,0.3607085835073437,1.928096759453301,1.6605462330276957,1.5494823943376048,0.45622982582699984,1.492878524921362,-0.7983688158836876,2025-09-02 20:21:00,A,1756844460,30s
0.14599430447947026,-0.12730718217875145,-0.46950024865927126,-0.448188003505112,-0.3800588156921918,0.16020172704669747,0.4362444460445687,0.3103853299869553,1.0107789571789099,-0.7803317306740675,1.1593769048450986,0.29807377039029487,-0.5459656900173632,0.3835213259814612,-1.3464064274183345,1.2352930590454458,-0.7159990232174626,0.4172279860262185,0.32132083270738787,1.0567322911749042,0.14299828044478433,0.15393520870000377,-1.4286237979128704,-0.56428414832388,-0.9315978994265923,0.3756589239937921,-0.9827606700554821,-0.7523301467773758,-0.6434450313073156,0.20039728725181188,-0.8008046379257808,1.4736264569462625,2025-09-02 20:21:30,A,1756844490,30s
-0.107513724515506,0.019742347346195503,-0.16442049683636817,-0.00651412641863267,-0.3556495250575766,-0.200467966648486,0.532124709773311,0.25476424001561415,0.39223350001364604,-0.34231055024164514,0.1597510681081696,0.7825998265134647,-0.3987198345878959,0.8088138641453974,-0.8293688078977604,1.4265026470525604,-0.5759026635491492,-0.1944356121629027,-0.44446913037579666,-0.9333537880785994,0.9034851570473236,0.14037453208285078,0.02244688303248454,0.5797549998455862,1.5491258491021729,1.4238936332163254,-0.0434628102391553,-0.1503389244448379,0.36459593141903773,-0.5811715476283948,-0.2958760647348265,-0.5383819595992926,2025-09-02 20:22:00,A,1756844520,30s
-0.17695786675086145,0.06180941292387801,-0.04767676261961521,0.1317397627522009,-0.27666244963155456,-0.3613573992985033,0.7946589349478999,-0.5890745786583079,-0.035775318143544246,-0.25451211882184127,0.03145981760401911,0.42175991983940825,-0.6931068268911901,0.8462069019465185,-0.6329201703762397,-0.18120514364613743,0.6725095488327381,0.5188997944387259,-0.5720455658695656,-0.9993718973133052,1.1184206852983447,0.24042771442450817,0.02466216387557891,0.7763786341172969,0.6587985505739586,1.1587050482271233,0.05219207155982454,-0.027871763407886125,0.1989027762558801,-0.09692670451675414,0.14349538100052137,-0.3409103464572765,2025-09-02 20:22:30,A,1756844550,30s
-0.2358991023971875,0.10933789489159303,-0.024453675663778082,0.331765033951976,-0.377688681168672,-0.2860824968333773,0.45124399406100707,-0.6236229385619863,-0.09049898124462016,-0.25158011261748625,-0.059455221107521064,0.45115653097347097,-0.8499066085955655,0.6492229505120602,-0.43788331459794516,0.15302513883233837,0.8979968198480892,0.5371642518449501,-0.39685128696174704,-1.128882883931531,0.6185267402991583,0.042403667465716895,-0.04450101761781451,0.63524064017835,0.11641762795933669,1.3173360957182614,0.23280125918266328,0.2185187471286437,0.01365498063721685,-0.299587605847682,0.1286363515638281,-0.18128882095194446,2025-09-02 20:23:00,A,1756844580,30s
-0.32667232575279215,0.1653108004437009,-0.05280226761431575,0.22577616535472755,-0.31140579240641036,-0.3519652473364396,-0.16753780152343234,-0.6955058746329563,-0.0887280559122081,-0.25580002823466474,-0.13633504213802014,0.6009280417786972,-1.1557700305869354,0.3860490919239169,-0.1489392016552117,0.02951473407074294,0.41505760712397183,0.6914034564924381,0.3307652929575985,0.5059739212859058,0.5530991096073317,0.24361606706996852,-0.8268730928531621,-0.21554344204723447,0.252131772319477,0.26212481009483296,0.38856394654601756,0.15897725477951222,-0.22929985884362616,-0.25579707047308553,-0.38211267151072537,0.4321546748260743,2025-09-02 20:23:30,A,1756844610,30s
-0.4007034576899202,0.16920322448555783,0.09713444845562123,0.5498268328078386,-0.16356940268141018,0.018189563406814904,0.09662607436807394,0.871738891988415,0.28926485597202223,0.5596540498204561,-0.23007971673297117,0.6458863911553935,-0.7758809071079227,1.0900972434350629,-0.18620735451094067,-1.4480061822166432,0.1287344670303321,0.6053812723206563,-0.1390876271546234,-0.20707201658769642,0.4472506445882614,0.21819807458225532,-0.4719067005895722,-0.16600299056515153,0.374217359243083,0.3815229587595218,0.8897939560424097,-0.21584969987901034,-0.3257203050119822,-0.30109484904815437,-0.006959133187404097,-0.1770288025748893,2025-09-02 20:24:00,A,1756844640,30s
-0.47043540381478055,0.18159661666173396,0.20958771724306177,0.3325825942841508,0.27782446201558014,0.006762806032429751,-0.3681136250331063,0.5722638337241489,0.27606229788799247,0.551632144305494,-0.3964159472627884,0.15471720218338603,-0.8403602575679653,1.9700381950803911,-0.5402350078414978,0.3894820564444056,-1.1601909648503115,0.3076170470237304,-0.3717534697985874,-0.582601321374878,-0.2455806726908086,-0.23243272665712397,-0.45334931166566683,-0.4813983050335807,0.17729944964336333,0.11316072934626985,0.7901203896844896,0.16388923634982133,-0.46534871076595413,-0.009829179091842178,-0.40739443703928785,-0.38647466416348447,2025-09-02 20:24:30,A,1756844670,30s
-0.5651130521912132,0.3067517657683524,0.1576887588461697,0.8884667173893949,0.5154757152453879,0.8494796945068196,-0.38411861832222505,-0.6203200869831853,0.0,-0.1363835258462828,0.16193289462412974,0.07606065767150214,-1.6868002572402094,0.24806862990977604,-0.08449892918527183,-0.12786612218212243,0.0057146713454497644,0.7795996098629414,1.0335370321776027,1.3552891436744134,-0.9424481703021649,-0.19458221682052876,-0.8905007844203376,0.3878177907207673,0.6996379343556387,-0.3308585447417226,-0.17028568547124856,0.02869799411636803,-0.13444085498911235,-0.8577194339776395,0.007373836474097377,0.2901614979340155,2025-09-02 20:25:00,A,1756844700,30s
0.517869981595076,1.4774311984871769,0.4247402685317214,-1.7122324246095606,3.9256581410006475,0.4856278721987214,0.9083099577520778,-1.4213132759471327,0.565432903642908,-0.8019393963330783,-0.48664026160487356,2.3235093291720315,0.215291947383856,-0.23264056240137293,0.2365984479040369,0.6741262435921425,2.8618917505210284,-0.2627167202881768,-3.7946347538710445,0.583801364976513,0.14673268429910652,0.10657882081898,-0.27981181004952294,-0.014873810746614247,-0.15495773184803938,-5.867496935391944,1.659976681305147,-2.6499210368745088,0.4481756761122561,0.7753392663332113,0.7619990267149934,4.323108267118061,2025-09-02 20:25:30,A,1756844730,30s
1.520395895363618,0.62204752444467,-0.06558276967259506,2.1963421995470798,0.1494791255142502,0.0,-1.192271108605459,0.4006844535339787,0.6163627057051168,-0.332478588589342,-0.3404641562349884,0.7554959341409836,-0.5667347925793744,0.28921404096042463,0.6633382888609806,0.39025264591940734,-2.1462713863805347,2.5441315464889738,-2.628245853909817,-0.343796773384943,-0.7671020728412287,-3.039585993831458,3.9887292274108597,1.9152973877516601,-0.5909395854793306,1.6754416622411683,0.49532395571214866,-1.1786967615063653,-1.905527072273714,-1.2623211041875129,0.1914055860243023,-1.894365748058472,2025-09-02 20:26:00,A,1756844760,30s
0.7419686557309675,-0.6781989038718752,-1.2551793822791901,0.1277382531680568,2.7162444347795542,0.29830247377411595,-0.5356233253366968,0.36913860624925576,-0.08613131752822545,0.32177109813606825,-1.2452070476726345,0.8381533973782472,-0.7479915679907335,0.8201124261823435,-1.1353551697813555,0.9574498134113819,-0.6773145461318197,0.14014335437702102,0.5307465529670148,0.7297732049884573,0.27702660760729275,1.8278030790646542,-1.3524038580419597,0.0927334367215801,-1.020633676647588,0.0710905858790255,-0.8733768149263356,-0.49304363819089275,0.7554295298499877,0.04651299907127949,-1.2893335016056924,0.5257617532740045,2025-09-02 20:26:30,A,1756844790,30s
0.5492780130969999,-0.3639837344421612,-0.8600183411401296,-1.0883250174565744,-0.4916042306596183,2.4227989181451624,0.37669021279313,0.20862422634791142,0.17490018162037965,-0.06289524201421275,-0.5246631961149154,0.7097766429596379,-0.8228880367168006,0.27040251735278475,-0.7600200484428078,1.2078581695084676,-1.1436985005628408,0.5214744276688362,0.5208826517028895,1.549377346241222,-0.051675735576277824,-0.2985707650962582,0.2176076923466341,-0.4234175981246592,0.03713586424735837,-1.1732077342994298,0.8189093434862298,0.09976077516683195,1.0820575538909678,0.010015730633817598,0.7444308856455408,0.5970634816530733,2025-09-02 20:27:00,A,1756844820,30s
0.2859455938151239,-0.15409383564108206,-0.6172076831665391,-0.4436260866646964,-0.865385057982022,0.5225033661504995,-0.24844164749889874,1.8583336901561602,1.156293459137694,-0.07676511528633909,0.4885985174155731,0.8364692424960737,-0.545306854330197,-2.2546851298573265,-1.2274165363147973,0.02780323758743365,1.052883979476091,1.0504729971719622,0.2504024989535577,-0.35201695104741837,-0.5402681511571491,-0.08718081039199242,0.14172803177345564,0.1589932376808314,-0.8962209937382241,0.558813155611894,0.949446010383905,0.8701226607126519,1.0054902373469568,0.4429332994528227,0.46895229565652446,-0.5492945400023836,2025-09-02 20:27:30,A,1756844850,30s
0.05011677687907615,-0.0931884407914234,-0.18879454202062304,-0.5509872356512157,0.25502985974864917,-0.11559784209911632,0.908053276030156,0.33244381225857333,1.0212924377503845,0.16608481931617117,0.020831598669915404,0.16128680447027377,-0.07461904510597765,0.9953158519803817,-1.00564264930116,0.7588987013499036,-0.7600862903851989,0.38033238388049445,-0.7551932259374956,-0.7956334446719799,0.4522199759769547,0.12536616809270812,-1.1660163439026023,-0.9944846756345447,0.29902861984439777,0.7697347033178285,-0.3397136396825256,-2.2664802471528156,-0.03232903419343132,-0.6242529571318595,0.11387875345885849,0.14125930433978073,2025-09-02 20:28:00,A,1756844880,30s
-0.1379633887363926,0.10492653822644578,-0.28148484773204724,0.0323775708397879,-0.6389720454928313,-0.18035746671356023,0.22969283766114537,0.9933006500744839,0.7379165629203939,0.3197545383633281,-0.2526294054839222,0.9226952293291478,-0.631336290046824,-0.44323095477318325,-0.5849601195080615,0.3791384743987383,-0.12056859530251961,-0.027183323386347862,0.08323398252152753,1.3485322057446312,1.1293739199752835,-0.2104141129825866,-0.40036891730414687,0.8316991148843624,1.3203520488462424,0.46000228032284773,-0.40084621545786386,-0.11849462529912608,0.5155846730615355,-0.02420358395087807,0.30072098701990196,0.06612050401132719,2025-09-02 20:28:30,A,1756844910,30s
-0.1932644294437732,0.08104791103757465,0.0020295949179582576,-0.13667187870343867,-0.11557963415462284,-0.39230384116917283,0.24533760485609626,0.80637127773379,0.41150743104702187,0.7709697197908354,-0.6993688701234461,0.4322217704155393,-0.5049189950725275,0.3967195173762138,-0.5551021886961216,-1.0080304783230825,0.3611017560833979,0.7583927444838181,-0.9151203696246865,-0.11064476394843402,1.22102091423719,0.44340328866136286,0.4861686565000178,-0.2255563077437391,0.3202406087858567,1.1693459605804928,0.5295422469610849,-0.8386088895568933,0.6444247333931266,-0.5152907636603518,0.3987198516101041,-0.6679641022389801,2025-09-02 20:29:00,A,1756844940,30s
-0.28840285774083213,0.22035689456372418,-0.16314869889904407,0.20030760147698667,-0.3242614378242794,-0.1575171103761783,0.20287209574396015,0.13122386252185095,0.4150941055657101,0.15541682784556232,-0.5327693462665035,0.4633356949691886,-0.7433776896358406,0.14190602848856923,-0.34461654339157494,2.6070457313420623,0.28811793503915895,-0.04580555625996299,-0.10067347030681369,-0.5954125178563405,0.4091793772384463,0.606835880037547,0.018947367422370156,0.04152209569631803,-0.0031037786715524284,0.8630633018403767,0.450118293403193,0.08835598063319375,0.2487810583259723,0.11278501772100989,0.21026561024636148,-0.3361116822804737,2025-09-02 20:29:30,A,1756844970,30s
-0.3695176353281448,0.18068741189798784,0.055155913123908364,0.11448427335531422,0.004032581197851272,-0.25520253364472234,-0.032811324028590855,0.3947707398054477,0.5149290938588482,0.8022101994584869,-0.7975872412668639,0.1813937630368267,-0.4903007767710578,1.5409875838900737,-0.49440329202799665,0.626662342946716,-0.9399965514937644,0.22713853549687402,-0.5199816997785107,0.3426690795197986,0.42193147927591823,-0.1341162606502662,-0.4921273393642136,-0.6678287017288077,0.30654060829974206,-0.3509243911655248,0.9610743870973638,0.24962609742874475,-0.22214484980048227,0.43276627608970347,0.3565799523836764,-0.7955541451519575,2025-09-02 20:30:00,A,1756845000,30s
-0.42765118588879064,0.2505845664927126,0.06161400903813475,0.18490355827398286,-0.003250566915507987,-0.12901462897557633,-0.16180811743789225,0.3808665928872357,0.3458822796634441,0.7255681086116332,-0.8360770279276747,0.008596412241868832,-0.7188152767208458,1.110168909189668,-0.27921020459353474,1.628395571252902,-0.2025815041267333,0.2786138340348247,-0.39627148040306054,-1.0676733035073835,0.04571625910968058,0.003808597852017903,-0.090020642986184,-0.502360468102508,-0.16138864704167458,0.009005782640509516,0.7817357407317556,0.22394460432293178,-0.3309194317625784,0.447632974529479,0.05863549846712324,-0.9614664468942852,2025-09-02 20:30:30,A,1756845030,30s
-0.4857908192997822,0.3245156342896943,0.03871640554516302,0.4813762798530369,0.18524001510275442,0.29794194257872486,-0.4243089059178948,0.2681708276328579,0.3018943744804146,0.4776179282224732,-0.6637156516955265,0.0011347159095574445,-1.0386549634873978,0.3149295942383303,-0.05654855927936748,2.169337703913832,-0.32825538881682953,0.41850205567387555,0.41442110397673526,-0.9000458437343491,-0.7253733953250365,0.16143479748400913,-0.18426658443693483,-0.3074055779088524,0.17633815893049623,-0.24954338828898856,0.36879575159665373,0.011592492076957327,-0.14458757509137096,0.13971710602984241,0.27282660851722473,-0.6996691772933551,2025-09-02 20:31:00,A,1756845060,30s
-0.6432217340391885,0.291526010264569,0.23501536642762536,0.8835591009782942,1.0782567028980583,1.3312371857606318,-0.6147036173807925,2.1356930042659634,0.6186177247257764,1.2048085673504245,-0.5069030850769792,0.32916143091368477,-0.8566539438181778,-0.5097810323055705,-0.1539847353474722,-1.485086751433262,-0.24047524573785817,0.7929824176201381,0.1890425156918134,-0.4891401916050848,-0.7029020708469426,0.1518171526683608,-0.9094175080839544,0.1645986056620548,1.721523971135225,-1.740708643797917,-0.4398284389448391,-0.5769531498578209,0.699786868468002,-0.02975402568590005,0.3173476390125547,0.020999949427307284,2025-09-02 20:31:30,A,1756845090,30s
1.3881449218501436,1.9319474280971174,0.6960928470015046,-1.1912759555426666,2.516289031376015,0.6736246727933795,-1.033724401468275,-0.3737917349946925,1.2033642129604798,0.07675174625958377,-1.1437437806426347,1.8405571472900417,0.97060021689694,0.37774946362767703,0.4216572914129057,0.29572221610809596,-0.4782013043891255,0.40323754656597954,-1.6960877310865463,-0.23930076752555385,-0.5041402031867595,1.431522993207008,-1.2224321917020033,0.32996448009836055,1.1630999372311894,-2.530473315886511,0.23630990817532002,-0.5552381852496203,-0.7277167988334023,0.968498806530006,-0.5102631086652585,0.03237542346509555,2025-09-02 20:32:00,A,1756845120,30s
1.1096255777570034,-0.28805888304477395,-0.7977963632926748,1.9848217695562393,2.724786678203642,-1.1516917789485226,-0.041269154718712224,0.48068514274472585,0.5453827655181496,0.5856057905465373,-1.1098261365072506,0.2834204214102644,-0.2960331325219947,0.43953075978884887,-0.06915755989801932,0.3035386271808304,-1.647762990759692,1.3992158197572673,-0.242780716050114,-0.202883174259056,-0.12054691814044773,-2.2260467159941935,3.604601178370624,-0.122351436210858,-0.029888029063370174,-0.46200468966759484,-0.6686832648459687,-0.6373470934719513,0.03164913914148673,-2.6331257811565614,0.8021580248971406,0.45975642991737364,2025-09-02 20:32:30,A,1756845150,30s
0.7596799388130925,-0.6201866861605891,-0.9535049467123548,-0.6947577804805002,0.6530306829572783,2.546889886121638,0.632368677464904,0.3935477613708641,-0.25086126517301083,0.9570306452972718,-1.8566952816744005,0.5160692354259211,-0.1168297619007454,1.1344680230336122,-0.7368319497566069,0.09027007244527521,-1.4872457066267706,0.3856155892916575,-0.5639739167365885,0.2621445712758272,-0.8944079194159349,0.04394567867227186,-1.2229213877114808,-0.3856364672969395,-0.6009023709476747,0.36640293580010375,0.16941651165847918,-1.3576487252719525,2.1104030376249927,-0.5150178327150692,1.0323315309175516,-1.6260323906820762,2025-09-02 20:33:00,A,1756845180,30s
0.4443759954460795,-0.25617270108964785,-0.6533545838594704,-0.7848634580150768,-0.4425843887908389,0.953685090500187,0.4131634849111374,0.13857637353998772,0.7554728448531006,-0.023870462770318537,-0.2505046070624573,-0.06216169440941846,-0.14945875732993955,-0.776882987156757,-1.0506569067282956,2.1824645021276496,-0.42423311108585915,0.7116935253461399,0.1206042303203574,-0.5807194435993532,-0.44731596160717313,0.38082604974845363,0.3297597374493808,-0.007116299492439645,0.4498243262490503,-0.2263779465164396,1.1791185157393762,1.0885778280929235,0.7850734291682553,-0.03443807726400961,0.12660898931431983,-0.39218301642012043,2025-09-02 20:33:30,A,1756845210,30s
0.26975492373522236,-0.0862830547403806,-0.4167261474232382,-0.767498411954633,0.19548918011402494,0.16262572795360378,1.0763618819131975,-0.7312895196240065,0.8222216660220144,-0.13407119401412873,0.22632065715305924,-0.495965336152144,-0.4412402535391879,-0.9335562111489198,-0.8135598209892715,0.41712641460688393,0.9716591383742801,1.162063101156839,-0.006018525534899994,0.8891302206667988,-0.6905987812341638,-0.5494829065225194,-0.18834906899948997,-1.0723459091615708,-0.9822467105263116,-0.4490322569486783,0.6081433324509643,-1.769627842324576,0.15516976589861456,-0.3608353401419957,1.324177865985704,-0.02451388800445172,2025-09-02 20:34:00,A,1756845240,30s
-0.009693766621348252,0.024278327493767977,-0.24803754469681827,-0.3032838748742247,-0.12387359775475841,-0.27960938919214856,1.4196333590745709,-0.6762730970816596,0.4455692175634264,0.3199994536643718,-0.3056458571354322,-0.3576658452741074,-0.43466988793888095,-0.026436064866463743,-0.4441075151596557,0.03165167117158353,0.48191011886767154,0.5448528550753988,0.038588868980270266,1.3600693120051761,1.74338601129898,0.9997425442490536,-0.6984619702786834,1.3470836358872371,0.982827502652099,-0.1167307099874296,-0.8817230214232903,-0.692784654663322,0.07788060668580533,0.7671606779972823,-0.04030887010382641,0.7713311539229668,2025-09-02 20:34:30,A,1756845270,30s
-0.18259017274686448,-0.05669026342307957,-0.03472986181356279,0.5910642063636365,-0.4101665830033012,-0.07589137304370377,0.9563693784220718,-0.6580064898809904,0.5322825674201717,0.7110280616078932,-0.6896833765259996,-0.19153939754259353,0.3008429682443068,1.1556906213190117,-0.48440517055530635,-1.0925492441289613,0.23011456900751884,0.6680093414589201,-0.6434285479228685,0.19130254213052636,1.1082945913533995,0.48719713778545926,0.24017404947251536,-0.2457743270855179,0.9537173180834055,0.4180170665985759,0.2962442933259117,-1.0048528567678177,0.8792600582224054,0.24982528274230462,0.5113213293140003,-0.8081838172074599,2025-09-02 20:35:00,A,1756845300,30s
-0.28691955689593407,0.2581367120796847,-0.3635877314172084,3.409098853580875,-1.6201708299740363,1.4554563550823432,3.789904124327547,-0.7013118401808186,1.196668759682342,0.2973384876291514,0.1408712507849554,0.664914191913351,0.9616325455305772,1.4572382216155193,0.2767166088444401,0.4749229015225478,0.928129762358682,-0.43543640859986565,0.952497486500896,-0.4348956514716578,-0.6618333546901115,1.0139551441337986,0.4999406098546936,0.471240952464662,1.1455632079961307,0.1544166932058792,-0.24854218079139848,-0.25187463213823724,0.9021227366345222,0.2059095647252202,-1.1823209842345344,-0.5320850503335149,2025-09-02 20:35:30,A,1756845330,30s
-0.32488994631738977,0.28230922121750174,-0.049055023215111584,1.6266744414706167,-0.6230909917099915,0.41134416881316055,1.2770616942635271,-0.9453113921171011,0.3915533626054069,0.29442596190131504,-0.5997318434941201,0.24541034636361636,0.18354640395033595,0.2644759393007969,0.18447523512975716,0.012220234660237996,0.561276505016399,0.9855940610544712,0.09163333783834546,0.0033857234487432667,0.9619537186423058,0.12921141722791427,0.9947039697620574,-1.067231582664528,-0.41325694336015195,0.08762483993924929,0.45501004581506227,0.09384966800618244,-0.2859498857050098,-1.116514978532044,0.5019635041656371,0.5843141372888334,2025-09-02 20:36:00,A,1756845360,30s
-0.48572717630223855,0.48808066707115155,-0.3862708082748786,5.219647248622239,-1.9172785670636752,2.268510927374998,5.015189533044463,-0.24583874470186343,1.6705492330605283,0.6594166601301253,0.43229949853867333,0.904694445718126,1.3123999874496954,2.8813278163332554,0.6434197620142623,0.43489548139110923,0.7377988231011775,-1.2916435127879198,1.443478186921672,1.0004145581179993,-2.6652671417923948,0.47865642172182077,0.24583701477071526,0.429807349861041,0.17486672348879428,-0.5883732112516566,-0.5326816139659685,0.6672971214003582,-0.42031309076520795,0.7458028625062535,-0.7674651085730307,-1.4592998063373082,2025-09-02 20:36:30,A,1756845390,30s
-0.5654044931979557,0.5805314395800669,-0.31209746600266536,5.287088618597162,-1.9315988296157414,2.569585855639532,4.778622542949315,-1.3052944003483544,1.1422985917358945,0.14497377014277343,0.5054413147988828,0.6289415444405245,0.8351989130495705,1.606943027259629,1.1411822206166935,0.38756810744094666,2.480683385986935,0.0,1.977687941761462,-0.3646708310080581,-1.989643937153384,0.7318615747643238,2.9491580317125856,-0.30390418038905415,-0.6847595917054266,-1.3671177448864038,-0.11204109450049786,0.7312493236928569,-0.04272154693182729,0.9809523352382857,-0.6086646203996988,-0.3113517408669788,2025-09-02 20:37:00,A,1756845420,30s
-0.6280218082952549,0.7284289371716766,-0.28573211042173974,5.257302787704152,-1.483682275207221,2.765320962075783,3.780509540578751,1.5492882338517295,1.4284939907532042,0.9860580041890596,0.304672396487993,1.1746318808074556,0.7428112224153046,0.6020949882477059,1.013995566478889,-1.1601392212545751,1.4087876507796528,0.23261863673592995,1.9344327497552143,0.630686744115717,-1.8170112661294175,1.0658679866801617,2.173271749670796,-0.1987766003459784,-0.8248344798933195,-1.207442957898485,-1.0443735776479346,0.9701765857815433,-0.48578218522425587,0.6982021271713353,-0.798836649264671,0.11335719544293586,2025-09-02 20:37:30,A,1756845450,30s
-0.7126888723943464,0.5283460939921616,0.28628399888523565,1.9166880098383867,1.2596220156746125,1.7907893162483366,-0.23204315569011222,2.1697904016857916,0.3940659933852729,1.4181144894706321,-0.7609131063269754,-0.03204580879357206,-0.21874053581925326,-0.5039716900549274,-0.2549638175621164,-1.5919404264273387,-0.49959002852228296,1.4565090281561195,-0.34592110791179137,-0.03704945780205765,-0.29108121071946114,0.4291641439016111,0.3004347082525984,-0.6252622707275387,-0.22750454662727024,-1.8576628558445893,-1.2079028594935197,1.5021890603511974,-0.5243699858013658,-0.4381440592999186,0.8088382023032676,1.953768559760241,2025-09-02 20:38:00,A,1756845480,30s
1.5610671896341046,2.0562584858361017,0.648451937242455,-0.03499216159384448,1.1687709163752182,0.8630360612707111,-2.202314000396806,-0.36600968078819074,0.8312090107002903,0.1456344548068497,-1.4111594367261153,1.36410750952628,1.2555040480589015,-0.41702567608558533,0.4156299737111836,0.8624834158880124,-0.5762564661240699,0.9288236129893596,-0.647689796704697,-0.4453966560308004,-1.0872382060092982,2.0866196119884397,-1.2012493726015536,-0.8408445589069055,0.007669966771202699,0.04566201823238178,0.6404587767456322,0.7241783473213035,-1.0342220149680639,0.10112545258635063,-0.4098065794488661,-0.6989178885526365,2025-09-02 20:38:30,A,1756845510,30s
0.9605831052651986,-0.46002973939350666,-1.2080843955262377,2.95954438556019,2.878998264652108,-0.7104294500218364,0.05453976714795186,0.14322325448643475,0.5891657130830561,0.37757999530966097,-0.9767355909370888,0.4750328350789682,0.4455239501861261,-0.2673769544873295,-0.038541618609092373,0.7542402403029588,-1.3799151842719652,0.6971073554489673,1.297856506205422,1.1140491047788401,0.10398165856877385,-1.3885409353281364,1.776804754791757,0.008317005112022626,-0.18500624632025675,-1.8557398066106683,0.406327677493779,0.8119797886432932,1.237356569808015,-1.5310769804850723,-1.1721687378207144,2.3015320094120186,2025-09-02 20:39:00,A,1756845540,30s
0.7078080927010991,-0.5332759020776127,-1.042334745699409,-0.04859398305906669,-0.3793422676498531,3.5714141244345963,0.8756690741063595,-0.842770164454144,-0.6480045247386128,0.4235630804706618,-1.5949528277225173,0.3390667517466525,0.25863647859946626,-0.0560078067714232,0.017919178261613967,-0.5258569938625614,-0.39684253590428337,1.141343826636409,0.5911143620757195,1.1436333478909988,0.7634970725131844,0.7451845862854654,-0.5034877281991542,0.02429989748046289,-0.8387871067914072,-0.249221622397643,0.10285105636458544,-0.23314260775460582,1.3768352415931013,0.7059201203184909,-0.8752582624656507,0.7354700977436142,2025-09-02 20:39:30,A,1756845570,30s
0.37582632005981165,-0.2742499504736376,-0.5132782465999733,-0.1464596031612328,-0.24624857751588755,0.8347598265500672,0.8787734268995243,-0.7645524355959914,0.5976109616231847,0.08251400739819957,-0.18360303097052577,-0.5307591129871255,0.7446250883840712,-0.5292521104383541,-0.8701147623667806,-0.6306945506106281,-0.2747341587622135,1.7048120363134265,0.2254761456013157,0.5543362679096441,0.2405517703280311,0.9255857487988468,0.18157400435570747,-0.9558877299816678,-0.36224315039088917,-0.8665493558966927,1.4939687082447806,0.7345640053071432,1.4059289230202014,0.9186777829810562,-0.4585253471870796,0.024350916654337595,2025-09-02 20:40:00,A,1756845600,30s
0.1515752229772564,-0.1470067446418976,-0.3944381880578338,0.2495390491951747,-0.36175048189397213,0.6488864684036435,0.8336361750328848,-0.8764851133663532,0.9149149166799346,-0.12997384107566862,0.18538734575683993,-0.4953845772806674,0.8923958869816171,-0.5467102210734478,-0.5055004101369559,-0.09758760315321899,0.6138903811112751,1.4622748731500714,0.0934411277205666,-0.09752655190562937,0.07382887988957522,0.028682855416392136,-0.6182536453468106,-2.044296675628777,-1.1878966526859545,-0.519920321305944,0.08431598679391024,-1.5903359522450693,0.511521902475022,0.25838503676938546,0.1002906604297521,0.00869388447938027,2025-09-02 20:40:30,A,1756845630,30s
-0.079680638341698,0.13901256263710732,-0.32755748171017585,0.9896585257369178,-0.5647580310694471,0.44113532681859263,1.5791504181317688,-0.03826237030140785,0.7035293097025465,0.15641427418690543,-0.3267594875160878,0.1538084417463676,0.9005306343678835,-0.23311964369632493,-0.07270762861208209,2.0196539978823767,-0.4026230568480271,0.018064031885346023,0.23104082699189826,-0.18493275114599203,1.054239341977762,0.5318722981979601,0.22335142147687523,-0.02311972737813046,0.7722344708676944,0.6122977050401793,-0.5053813153824775,-0.605650104868791,0.6224782718598342,-1.1389751183345762,-0.9547122212472872,0.754644886062344,2025-09-02 20:41:00,A,1756845660,30s
-0.14202185845140722,0.19722182733823107,-0.19155164036624642,1.139109496480556,-0.44792464689727046,0.23852739661254463,1.2130174239957654,-0.9440607041549315,0.28756299872524244,0.16217909016183338,-0.46623978647277714,0.07761509463970483,0.5859831225114188,-0.35012980168675784,0.26785072878352933,-0.19269730754901726,0.059690206161177845,0.7818396718637702,0.43024208861935903,1.7288295248046943,0.9695174266110262,0.2598764573933364,0.052789461051733086,-0.5085470140962106,0.3311549472780117,0.05247377415302335,0.1673684196806166,-0.653433734169169,0.7782252971405687,-1.3806563412283968,-0.34385505313623543,0.8916181086660786,2025-09-02 20:41:30,A,1756845690,30s
-0.2915754329114613,0.1913821883135508,-0.15969012517936398,1.2762154873860376,-0.5373373167278475,0.4587551201824014,0.8541925764611824,0.4482999098690371,0.35374565456327783,0.5552316942950692,-0.6406629452347059,0.335352937934963,0.8152749174356666,-0.7116701705376215,0.30655751023530076,0.12294922107470715,1.0327086880985188,0.4382958879991028,-0.0970665843846198,-0.5681888820736238,1.0515459633081459,0.292248345859521,0.24576071561158888,-0.30575340154679864,-0.19224971040903382,1.0878644051571391,0.5307086720092663,0.05692201865786732,0.5811804586518655,-0.9615031600493089,0.06325281248235054,0.019787358417013724,2025-09-02 20:42:00,A,1756845720,30s
-0.3243156084567438,0.3920173483587619,-0.16538496390840957,1.3368110762158052,-0.3404660049434812,0.573667135662925,0.8945190282170995,-0.08204988257049974,0.3519490769309785,0.18026675576676185,-0.6189806668572265,0.38938272442482796,0.7166916466290624,-0.3685487266902633,0.5720805364224903,2.421235659594539,-0.06878638286217457,0.02015746204808566,0.33684394457259953,-0.13242788792793025,-0.018143839241815365,-0.40140752242726513,-0.03920687004562425,-1.0235086912208742,-0.4348321283176359,0.24293678707803318,0.8381512400947613,0.06599673994027107,0.18543482747992635,-1.6676234828641698,0.12485455583571776,0.19198357753353845,2025-09-02 20:42:30,A,1756845750,30s
-0.40232005607446364,0.21849104579657577,0.1128295831530502,1.2625062333474775,0.002252929838908324,0.2976496353627993,0.9216485842204628,-0.5688496913151359,0.02256941668486186,0.7300046162778419,-0.7412338017259817,-0.5981477033764396,0.6998279127466372,0.9717781552969029,0.3767334854858051,-0.60912519197502,0.18384543327847708,1.079345962590362,-0.028954173508904446,-0.07606071872915965,1.2807990553571817,0.9483855254248882,0.38051354585491404,-0.7784432017321785,-0.566184637451755,0.5170166150994494,0.9828358519281781,0.42939236412011195,-0.5463696801788334,-0.6141726563966359,-0.8812799835030916,0.8924330587415437,2025-09-02 20:43:00,A,1756845780,30s
-0.48737241696380423,0.36280254569234477,-0.04826474344160639,1.430878525689476,-0.10071450321832887,0.6219401694883296,0.8914117616342464,-0.7182264852511498,-0.064220773312701,0.41441648121361363,-0.455546337977448,-0.48604124726164843,0.13525895440161298,0.10992945152050168,0.7702293605731693,0.41382069121135934,0.8345779773470003,0.758351939546748,0.991973681243384,0.9800187484883414,-0.036484966049551835,0.6872168460827218,-0.21433258719931614,-0.21555587819173502,-0.4941356033749422,-0.3570911118118567,0.4412780960248764,0.29343779426856986,-0.16705872504037667,-0.10672786914532106,0.3726233462583262,0.670877742808575,2025-09-02 20:43:30,A,1756845810,30s
-0.5472865013093198,0.4178962279721882,0.016205100256855797,0.7237706027836498,0.1981270521571325,0.5368798175266166,-0.5889672388147527,2.1166798635905226,0.14157857524448378,1.2288934571061196,-0.7652046136656188,0.10781783080488963,-0.010525988280994398,-1.231360610718198,0.7480721623844697,-0.7308051684134168,0.3137119928104302,0.6312728290669435,0.6371616505019091,0.8228558387879021,-0.4372654616100521,-0.7217544993384087,-0.887302683637388,-0.3713611185084363,0.2740734107528813,-2.068642263182004,0.11323329822124995,0.1898140557557434,-0.13612950940233448,0.05532271106649214,0.9835211709314081,0.24761721642367648,2025-09-02 20:44:00,A,1756845840,30s
-0.7814671132486976,0.3959267004084165,0.3292806387103129,1.5926211220032793,2.15913558812836,2.441431933866396,-0.3496712740888325,1.1810524989545852,0.21125926536159262,0.6559104224801263,-0.25417194883748495,-0.44321202546882593,0.39067916148892196,-0.7035529549842066,-0.1179419934361581,0.2488552572700986,-0.6684735088865775,0.4755675734105365,-0.016277801060255337,-0.18436056545440135,-0.9339412592680966,-0.13131241098124372,-0.9102863367890771,-0.1208299149824312,1.0845333684808676,-0.856073266453795,-0.16682816155151314,0.0019057404429402415,0.6373543484724479,-1.302311008021409,0.8002502902142763,0.327579440404854,2025-09-02 20:44:30,A,1756845870,30s
1.873355970763545,2.137227696721839,0.8322356211715312,-0.23759454100709712,0.32400554778902796,0.7692775429928327,-2.37304053831721,0.31841940524507784,0.3843720193234962,0.5659491955625069,-0.9434546760914422,-0.3007755426626501,0.8844402906685426,0.15846716349690304,0.05693147138557698,0.7966113365779154,-0.07793442876292221,0.21004938567315165,0.420518630829537,0.538082189005011,-0.9836398347476674,0.5898553819802358,0.1613740936256004,0.8599475010551404,0.05723161522890987,0.4911101484152814,0.3360058534874328,-0.22919791525228528,-0.9613511754226005,0.6027689274220382,0.8474169451448623,-0.5331041868266121,2025-09-02 20:45:00,A,1756845900,30s
0.8090027034925088,-0.8343533735552277,-1.2142344657766437,1.4718809798449022,4.192349765557789,-1.559901642616902,-1.4796204436179514,0.5982315992255816,0.1293550632451287,0.8423236311546082,-1.2650094885965966,-0.448315517149092,0.860198657526212,0.5565501951424328,-0.5082809605493807,0.9058655526336512,-0.06599775423592612,-0.14520551626053954,0.8912153062374958,0.003136903850848591,-0.3394952010099428,-0.592692943635261,0.8855117722208143,0.12430478633177271,-0.20737918761406554,-0.5272536595391664,0.0,0.12806021344491458,0.4768846740159609,0.08922582536539582,0.46168048125453043,0.7535044676931661,2025-09-02 20:45:30,A,1756845930,30s
0.679681550330271,-0.5389548012203483,-1.0608795035877576,-0.9112388058708034,-0.7516763958780571,3.8621997397809222,0.7219189511124793,-0.6726151728190148,-1.1833990502096263,0.2880200072827815,-1.4207599888295601,-0.09399991669534237,0.3290212270369071,-0.2949685134038212,0.6681682050529655,0.5158014805050491,0.6793215929617862,0.6312520104708209,0.8990553965878584,0.3010540477724761,0.2750725507248422,-0.06381280095448909,-0.3974779734551818,0.5217312978585239,0.10439335998726845,-0.7504989061672901,-0.4697111049436607,-0.7942048141851575,0.3488170141053957,0.8552273259924035,0.06818103382408729,-0.48275025780066616,2025-09-02 20:46:00,A,1756845960,30s
0.39145625720756577,-0.3260436833882733,-0.4031695021214129,-0.6592590794412343,-0.19197044562709223,0.17026184983615655,0.6670054765374103,-0.36005095360588113,0.23324209048215178,0.24424953014841091,0.05190151742784654,-1.285873938165996,1.0926629717685532,-0.09068652766343027,-0.9623487676640411,-1.0725978459468684,-0.3320299187146922,1.537011594607136,-0.14198367134352846,0.352045081786625,0.008829640568291098,0.014066677258685541,-0.6012379849368826,0.3360737192089782,0.18257648913717342,-0.6945363538124537,0.9488170072853445,1.5998627812682054,0.46759892093478916,1.317446178742557,0.47906074112731484,0.159797810537347,2025-09-02 20:46:30,A,1756845990,30s
0.17249351964481574,-0.27874926507149206,-0.29753031535357494,-0.49177501107586563,-0.19358961689513773,0.07167848921481375,-0.007162691277464515,0.5388768754876068,0.8244687616082527,0.3164401610457228,0.17536838832456672,-1.003325697261144,1.4650686717839787,0.5074890184541596,-0.8641902016641902,0.2803581944274644,-1.2519840238560325,0.7963010682987621,-0.33137950334482874,0.33023675898240035,-0.3105941147532186,-1.0026061346258222,-1.5192504245761653,-1.4740528391821914,-0.8095180476816835,-0.24264759410500591,-0.7343784752309563,-1.2622507331650612,-0.12311403833879829,0.0447220596726048,0.38384651038387224,-0.1235222042431882,2025-09-02 20:47:00,A,1756846020,30s
-0.07911071855766051,-0.028632657168045677,-0.17207043748084586,0.016174924089385097,-0.32903325655555055,-0.21165916760336326,0.790074576341528,-0.5687823718596537,-0.0935720430688317,0.19129910679275422,-0.21685168763639787,-0.6188514976566245,0.805593647277647,-0.11264364709816069,0.09802067218769073,-0.26210817732287267,0.29644171475674863,0.3050580987463834,0.15282144049402613,1.5953974888471874,1.0051842873988064,-0.0724145003593746,-0.9436130342550284,0.7544862441223729,1.5368726624762628,0.6922734706760985,-0.24992050772949384,-1.1164825721953828,0.9034197690319631,-0.8284820519279491,0.3602636325768441,-0.04067711621318754,2025-09-02 20:47:30,A,1756846050,30s
-0.16792404706469857,0.14729653887976216,-0.08494153715888463,-0.15744656100360133,0.05649416483475043,-0.4326283388128912,0.8070868452969803,0.5682043999425475,0.033379592320560675,0.6606590765364712,-0.49754826390462603,-0.6557223596245777,0.9742919565254304,0.8845629238322806,-0.1366384008815258,0.9589687832873919,-0.8508794395057796,-0.05469109200724259,-0.405795315996701,1.0525219340727054,1.0200335795836317,0.016878105216712742,-0.24232002080701107,0.5797636576012585,1.1646910296853128,-0.05123420731705913,-0.06483570003998083,0.13440574481638565,0.11219997173574325,0.17385843539376092,0.49623597430383376,-0.3901455364478676,2025-09-02 20:48:00,A,1756846080,30s
-0.24487324676336913,0.17374278916011682,-0.1025816230251185,0.22338037394496393,-0.31094898353761236,-0.4108643625166218,0.38204154167273585,0.00737451754276962,-0.22850419549735676,0.4439503250801707,-0.42308810391816204,-0.5571869146971802,0.6358982348097988,0.3211470548816159,0.2371933637242234,0.5331074797167055,-0.14833407684375646,0.011164307160296335,0.18624204252614737,1.6972617232710403,0.43910030808154865,-0.758446932730326,-1.2922638337071957,0.996814437678341,0.7842813591567739,0.014901115541531224,-0.4829094657297525,0.7589304786162777,-0.5505456098918048,0.11452055292557105,0.8549011765065962,0.13956132965337387,2025-09-02 20:48:30,A,1756846110,30s
-0.3430351592239528,0.1227523618726842,0.12415848392596415,0.043749004771605045,0.22933447334819104,-0.3784783704263836,0.26145187113670676,-0.26249494769230425,-0.46878289916357513,0.6893138666362024,-0.6079460178823797,-0.906842290678187,0.653943902756493,0.9690490764320113,0.39274126733717024,-0.6973226349886651,0.5046114601096039,0.4934150121382351,-0.44241831573440815,1.1114159307851212,0.4338722197309494,-0.7514682866044651,-0.6358220867996626,-0.1726457541307222,0.08774498877693032,-0.17606171126916903,0.716782808829171,-0.7449760871823017,-0.29128541717138584,-0.7122274076045243,0.8598908025582266,-0.3046531490224719,2025-09-02 20:49:00,A,1756846140,30s
-0.3812912349680773,0.19033761179811545,0.07382530381007692,0.10216016552204576,0.021228884821681185,-0.32562392936553697,-0.0774978977044671,-0.38187123219378316,-0.6855237233485953,0.36433653991209486,-0.5847116983463359,-0.8686641898407602,0.4776916110014797,0.1625595883762061,0.6570107821221765,0.3613149019717018,0.677656946930393,0.9149879126548844,0.34244934345990485,-0.4706635600463914,0.7153231078264065,0.29155064362048116,-0.5404715500617752,-0.14492115829559382,0.07353992240866021,0.178328524167281,0.6802097546599657,0.1858161451312985,-0.43627875386519765,0.12596451799596195,-0.10548975538964471,-0.1161082757848878,2025-09-02 20:49:30,A,1756846170,30s
-0.4757779321079138,0.21811230153927977,0.1163861156751331,0.27701043842154394,0.27481410037233445,-0.0002018290070617066,-0.40118674750204303,1.1157824090533883,-0.3661636435036184,0.8892585740533118,-0.4671489683286411,-0.7343968341490247,0.46000175362940177,0.21620454175612058,0.6250525003889431,-0.7248945679169346,0.3319143321305425,0.7494625614310854,0.46016005786453623,0.4588419623344914,0.4474086150976458,0.403844663115031,-0.6644038822724713,0.09788824815479012,0.5176152901792742,-0.18090733173084392,0.359614782864667,0.08712518105601134,-0.39272774557407986,0.4988470398599716,-0.4600065166430828,0.005706637621889631,2025-09-02 20:50:00,A,1756846200,30s
-0.5584822307572984,0.2298446359094005,0.23211473254356602,-0.061997409164019,0.8567477402604602,0.21082008580405867,-1.1050931767747996,-0.26277994344359934,-0.8507838312112602,0.3265305164565491,-0.4638458062293526,-1.2442006361860811,0.009016980534993009,-0.07182446145474569,0.625123192002683,0.5575099638510309,0.66626471807544,1.148038354417258,0.5478054793462124,-0.3541057359116317,-0.5297531760511238,0.1153628596852696,-0.12096542043277553,-0.5387356929247415,0.4106047377776712,-0.8995726332869695,0.39749204938551047,-0.6716940561813888,-0.04246462147459576,0.8058465641770834,0.5256653037934859,-0.8625259661035043,2025-09-02 20:50:30,A,1756846230,30s
-0.8994923955178938,0.27329350246735246,0.5606865744173806,1.2492878671055212,3.2472349245771337,2.966035653864581,-0.6403903666950305,-0.30801324359641946,-0.552984808181627,0.0,0.39385608383031634,-1.6050320295022147,0.31582827071041897,-0.019520987142307565,-0.5168838699440889,-0.10637641016573501,0.07100874198558459,0.924830373002686,-0.19207105727528048,0.08849294827538652,-1.0881680033147918,0.28362114287457063,-0.16575600817865016,0.41223718190333386,2.165049958502827,-0.9958957032489656,-0.6235831899971761,-0.8884858285238089,1.1566116380240334,-0.23405232692264163,0.5486283735414506,-0.1872655453100035,2025-09-02 20:51:00,A,1756846260,30s
2.046617959785762,2.134960590545897,1.0002934125831127,0.3430578286518139,0.11674386405317852,0.7024809817849434,-0.868082271266901,-0.6503714035128811,-1.0581428988798887,4.950902481535458,1.570194678616555,-0.39568984323668965,0.870632896113299,0.11525732431689614,-0.6328561202110501,-0.6758114283239735,0.4371799586982343,0.6128819999411461,1.6267308724482952,0.17305843250036182,-0.1711932250859482,-0.2944004088328149,-0.6938576780601796,1.467685246780767,-0.2525168021560147,0.5895865060432066,0.857672022184238,-1.2782640411331534,-0.14035969809159163,-0.6973901749947781,1.6133507232766167,-2.141155684087816,2025-09-02 20:51:30,A,1756846290,30s
0.7989764838292586,-0.8072950034339199,-1.42612824359273,1.5397754289195897,4.360273512716163,-1.5719841656484155,-1.2941622136175788,1.5192561775464026,-0.2214308938604434,0.4599721528915047,-0.6621036470992824,-0.02774272633780678,0.8462934315412095,-0.5774171991434519,-0.48859138455289414,0.3427648377555596,0.780319828813653,-0.24564755868002075,1.8073557640147,1.2449200196491597,0.09902043674778248,0.13412830159556743,0.08270836598972131,1.2088020337571748,-0.5989898760290906,-0.11478970855106557,-0.33126111138377,0.39213614334763663,1.201180809897739,1.0012944324040831,0.04307987603106328,0.7265080316240621,2025-09-02 20:52:00,A,1756846320,30s
0.6745151025561078,-0.4820957438272481,-1.0350739453126623,-1.662514590711819,-0.47309184982956326,3.7612276869683687,-0.05377343346012984,0.4870805294607435,-1.4383712623349318,0.07033913721780752,-1.26874789651984,0.0602721071675388,0.512435181466464,-0.07818498017391701,0.5790787688129603,2.4559377195766077,-0.05255705795556047,0.13712543349278367,0.6198958404254028,0.09067811196014718,-0.3123908432130678,-1.2484123406288279,0.4545383497026427,0.2708859126982973,-0.3372748699835471,0.43432681976426857,-0.6601807572038302,-0.6164226221672413,0.30771011421274314,0.5689160235199806,0.5619602995177998,0.45569497196143416,2025-09-02 20:52:30,A,1756846350,30s
0.2751976409067786,-0.2256023084784453,-0.5481660714548874,-0.9251577669071037,-0.19285262421893234,0.3775826481817607,-0.02567517807269402,2.3511240859984888,0.23332259810146672,0.17201789410461232,0.4924967489095566,-0.32964931949639537,1.1742289244043278,-1.73463247805966,-0.5471781524152484,-0.14094097582645349,1.27083312623515,0.9351575456048986,0.15960525770913642,-0.6719967659104653,0.0032127694901123347,0.08584518904162217,0.012965794678547901,0.14699647858182596,-0.07018487112395294,0.22569766826879925,0.8570951824127127,1.0339576340014303,0.6328136823158792,0.48318171058618586,0.5316733446094001,-1.0344661674668314,2025-09-02 20:53:00,A,1756846380,30s
0.1168075974247912,-0.14078763875686176,-0.38740949441767797,-0.41176854253266615,-0.18857170959203176,0.22650910214929199,0.637020690335882,0.5938680013609214,0.47496275038164154,-0.33747413850679087,0.955168328655689,-0.8579297430813212,1.3114232970633553,0.3003937588001296,-0.6167878540991713,1.1486054049623848,-0.5509353531596337,0.2881135534691545,0.3920486695756003,1.4372300480550804,0.07578760017955988,-1.1959202772810948,-1.9724856728795332,-0.39303619800536077,-0.6405884834080187,-0.20030281575407152,-1.4736097747484673,-0.8195597235343873,-1.385133201297143,0.20249572726708912,0.03443082322498788,1.0458095290485798,2025-09-02 20:53:30,A,1756846410,30s
-0.10530094665968034,-0.02051285022162761,-0.05137706850240928,-0.31268194796250076,-0.14198604043957824,-0.43876509783730033,0.31093836672154956,0.1930143569121185,-0.44572834432561265,0.007442233446285747,-0.06325188297423152,-0.6944292935073026,1.195510657506246,0.6119385712906728,-0.11451275649328273,0.7750023521836682,0.2682260411295558,0.41972439393476624,-0.4604124199243964,-0.4791363651350205,1.0413078437870011,-0.007988054259920255,0.3782709143957255,0.4933440428840586,1.194190958686272,1.0974736999624386,-0.41112401290988476,-0.6753802979615937,0.4225432008543976,-0.008419680421444298,0.45109375498723536,-0.6533357231443981,2025-09-02 20:54:00,A,1756846440,30s
-0.1612228692601233,0.14893609676959518,-0.001829433935970126,-0.5105597916600134,0.5364537909429626,-0.6913186023926013,1.1473668477414753,1.2924526111515866,-0.5960990289315423,0.568035170850837,-0.1427449721936393,-0.56916673887341,0.7686782213511015,0.37589964888943406,0.1335797854484126,-0.812968562539783,0.547208980861279,0.49517053961472945,-0.40400873859860176,0.9289951684701439,1.43055004934488,0.2677889496047081,-0.02254139982687098,1.0307060107541968,0.48917593696421663,-0.11709621591077843,-0.02212906300477377,-0.587225162820285,0.135460368570854,-0.43195333813371106,0.5212967848551173,-0.7512931317987387,2025-09-02 20:54:30,A,1756846470,30s
-0.24906304479381142,0.18818652938153743,-0.12725924481522408,0.13994696917407934,-0.2027699120863824,-0.32181064343289667,-0.011001334267946028,0.524373699790498,-0.49252421482830966,-0.13130912422669988,-0.04769983542511803,-0.18398119791609643,0.861515125856449,0.2864204012763778,0.24201464183467927,1.8950820105676227,-0.4174024747656835,-0.03409014760916501,0.4261920993595723,0.9208055665093634,0.39624354952668406,-0.520289848321849,-0.7739146896899535,0.4670564495993934,0.617752817345941,0.7988454221261936,-0.06778261440544876,0.4779255789103104,-0.012979111278537243,-0.40578177024980644,-0.24612987055937052,0.06512723300358647,2025-09-02 20:55:00,A,1756846500,30s
-0.3452600586190051,0.06245202413722266,0.17725229400442116,0.1392948924210755,0.13480833596226616,-0.36421875202843823,0.24680445111245156,-0.12339294134742088,-0.8031039994521274,0.23823425399290715,-0.15749139303284077,-0.7803385776941105,0.9799835116508555,1.3619190664087935,0.3578322054242791,-0.5875757528784148,0.7094774279542407,0.5823343649513214,-0.34640250178070436,-0.3712088542298016,0.6591557673658748,-0.5731498205738463,-0.8373324966254769,0.34413307297273643,0.6401386146502976,0.4322162175427015,0.5401429147611284,0.02247250875435698,-0.6336948301262223,-0.1476267496555806,0.21507604508263342,0.20946232533909345,2025-09-02 20:55:30,A,1756846530,30s
-0.42055590190687886,0.25254843861884857,0.028495379759781666,0.041995000535896956,0.07954626057325546,-0.08009842214766395,-0.5048385192739154,2.502857031555075,-0.41796193697774786,0.6648373976095618,-0.08386331365384281,0.0996613533270223,0.5916746640659012,-0.35142571311023674,0.6971556221167761,-0.5523002188099039,1.2923271809913848,0.2393653484169224,0.14954634121248234,0.5998123846022716,0.10087425624285423,-1.0046056983252571,-0.17854790743240037,-0.18097840710397836,0.08819627638239556,-0.13158966741221584,0.6598865325781464,-0.7826088366117954,-0.09562218201007923,0.08267270272416849,0.39529306853327273,-0.45870781589472814,2025-09-02 20:56:00,A,1756846560,30s
-0.4686504624734156,0.17748567154758757,0.1914102850494861,0.07172828673802085,0.4178532102360899,-0.10333313424353785,-0.5758688792698246,-0.1232495682200778,-1.0434079758085704,-0.011907646038645041,-0.05004115223205306,-0.9406363648661052,0.3360492611660175,0.6438401676630746,0.5183949514332313,0.25214426347474567,0.8207558818151969,1.0747426993329374,0.49795054103488107,-0.27141976257534517,-0.0902045379192856,0.0039676534771492175,-0.22406917015102532,-0.10718276632437149,0.18995120457668152,0.0,0.3919078061597879,-0.40729150108511347,-0.10438468751884394,0.39298152748115456,-0.5671376849416769,-0.27540393034982585,2025-09-02 20:56:30,A,1756846590,30s
-0.6010576810703779,0.21715445382953222,0.313088320943929,0.25225168062791453,1.0889832670639281,0.5756634870041124,-0.9670815832509994,-0.07445662851151803,-1.0231625569067127,-0.06942221609323794,0.21321788214238377,-1.1256776570610958,0.01437642781821328,0.5196951648251322,0.35562816748020687,0.027344692738966822,0.546208257391926,0.9998069008454841,0.6214877611194701,0.7814039427292514,-1.0160207319049432,-0.7357907787265132,-0.4135023649456252,0.05538390071756299,0.7892010431352511,-0.740921932158257,-0.10432260487446182,-0.6076930254144784,0.17469845007872606,-0.042653015558100756,0.03288756772785373,-0.35196095668451266,2025-09-02 20:57:00,A,1756846620,30s
-0.993179441058499,0.34768859826181164,0.6599322189253515,0.5301624058351054,4.285682599151351,3.2764077458213876,-1.554829380567551,0.9822698551532807,-0.7761104248265447,-0.26467220630982213,0.7766315422652669,-1.835718171205275,-0.019902247565275238,0.38465263763347,-1.4049914595752704,2.2178289612226307,-0.3766203052832163,0.6968453501614665,-0.814712131756527,-0.19976847546442236,-1.190845685427784,0.8843147072144613,1.6051462832878742,0.22079609797248229,1.9751586403975214,-0.7956155077634041,-0.9528820888700621,-1.3108378536231025,1.1585870943609704,1.5936079033049082,0.8740371990156662,-0.25384264648750016,2025-09-02 20:57:30,A,1756846650,30s
2.033121742189063,2.154631008797232,0.9019566342251263,1.5607339008721677,-1.1639206589543192,1.0699720943857096,-0.7817145931770701,-0.3530360319638616,-0.9839702967714234,-0.3630195210586843,0.3225642754984864,-0.6022108342164306,0.8916104006778809,-0.22863713671735433,-1.3132822892261427,-0.8374886719392006,0.6127846996886563,-0.31266952096012995,4.24767199981364,-0.6498852994425783,0.5926718790746943,-0.5356668358663504,-2.6429078664578154,1.1426447538109568,0.9738808051847826,1.5455812910387186,0.7792179060883998,-0.8860647827697093,-0.5007331982610046,-1.940962875114914,0.22778904042300593,2.4459941018508586,2025-09-02 20:58:00,A,1756846680,30s
0.7241175813698176,-0.8875504035687427,-1.3036480742237124,1.658058171130098,4.310358136203688,-1.9054961658022904,-1.644376931146959,0.14926300665165515,-0.816014914966361,-0.34454746980254675,-0.5003142762487827,0.210867590644901,1.1730793118391536,0.20182335618311237,-0.7206311798367268,0.5425814077142761,0.4421214990458996,0.33596269826669756,1.8750143617474748,-0.6127295572236832,0.29607115054249594,-0.002106321596572936,-0.8350959688340454,0.20155738764344502,0.2374216735941403,0.21357796395613646,-1.1079097751759217,0.9474273340564489,-0.6521737027500044,0.6671130254925842,-1.051500977851921,0.4942051647899102,2025-09-02 20:58:30,A,1756846710,30s
0.7143936549780284,-0.4504538557937472,-0.8501300524047911,-1.3214341524101507,-0.2750687701333344,3.883490040456787,0.7877781729827782,2.5100770044337333,-1.529030186282944,0.45551231370542644,-0.9701578287732312,0.9704235751850875,0.8085423464325058,-0.2978966406441037,0.6122108672288205,-1.2095113198654723,0.3599952734825987,0.7702828827723099,0.03348382980236629,-0.45485081602706634,-0.3015772417625811,-2.034547214926596,0.16395031978054897,0.35397220448466243,-0.3559848426453922,0.06976770840870739,0.2353993547567493,-1.3613788952328192,1.0440984095045913,-1.3856119468652879,1.0992733861503163,-0.438368377342827,2025-09-02 20:59:00,A,1756846740,30s
0.3347852201918732,-0.4176466060217771,-0.31888104026361325,-0.3834431145724874,-0.28821898588840233,0.14740001718967508,0.014889003559464882,-0.21268323322481744,-0.36888409503628206,-0.812736939846929,0.9249945109343582,-0.7056875056413101,1.3655732814024881,0.045602245515931866,-1.0480589951642474,-0.4749195946758754,0.4462309052820662,1.3799390668976101,-0.09158038733114858,-0.7258221432524807,-0.7465337997629135,-0.8670630425545942,-1.4766098771159872,0.7153173132383531,0.08900404826927649,0.9428055094679754,1.235685816556229,2.0424326054158035,0.40923834128861913,0.39629083799505965,-0.047109318695886,0.785906886868335,2025-09-02 20:59:30,A,1756846770,30s
0.12455085244203451,-0.14435140454617174,-0.3348901177289944,-0.9149605505643092,0.09772036589049243,-0.07638661016177477,0.32117835829091496,0.7365321508886681,0.04115134676850298,-0.8057196014758512,1.1672697042094502,-0.6115485625402256,1.064754472691697,0.3694501470453121,-0.6286637828667152,1.7174344055561854,-0.27323974192597195,0.7335992773715106,0.502831256198199,0.07284066074896416,0.524168724725778,-0.6809814031945649,-1.7373793623060474,-0.3040196454961945,-0.4542026168474356,0.3067857743770938,-1.2459661808303515,-0.7241582992344573,-1.9139246360238997,-0.1444495948490908,-0.1782050483058879,1.449753151736256,2025-09-02 21:00:00,A,1756846800,30s
-0.10073343082249105,0.04083934963425151,-0.14842725475402738,-0.43153386957822804,-0.05549677772792801,-0.25940354532226784,-0.07391125372070692,0.5414632874068821,-0.5715678894790698,-0.8002069734570405,0.44520830133316436,0.08672038715548241,0.8752917846098596,-0.019767104134422425,-0.28140948404157484,2.59623378120868,0.20742382246833874,-0.06262495405756774,0.014643534139164995,-0.05303424084181089,0.9621110711272778,-0.7808513130525173,-0.18799734673636878,1.1361768904805751,1.1456489345361853,1.6912849359255302,-0.5535221563707502,0.16586065926694576,0.2906757381754977,-0.3000674194197862,-0.5614661008497681,0.1708462482763397,2025-09-02 21:00:30,A,1756846830,30s
-0.14480831865366142,0.028540904573470166,0.04210551878343291,-0.291781590714335,0.13316040122805214,-0.600006053188196,-0.14542516092517205,0.7374755094567295,-0.639807182843956,-0.32847000936091,0.06574918164253468,0.04378908004624891,1.172042096116929,1.0662147848236467,-0.277439267204859,1.028602541041911,-1.0097442177355562,0.564823662650996,-0.22520361968015892,-0.5904691838556433,0.8283427749110677,-0.6930139861171865,-0.4888071220560752,0.19487568834964444,1.0480351328207653,1.1129331010099335,-0.11820096986577626,-0.005690810767028437,0.07531471947865216,-0.5618529683718099,-0.4523886814840625,-0.03910057868196979,2025-09-02 21:01:00,A,1756846860,30s
-0.2734624074447229,0.21131357301516474,-0.18011336628788036,0.17855704364539654,-0.31874870018390306,0.02671442856877173,-0.1920382409554291,2.2520068295329465,-0.584750573316005,-0.3395321587598491,0.5094846022993824,0.8837718180577318,0.3594760952880239,-1.58063480922042,0.4567967806132317,0.9752893035558554,2.212852016666754,-0.25439224114482833,0.5181807475590142,0.10891813094109244,0.11267728295858787,-1.787825475029729,-0.8590173250173095,1.57517706759213,0.2023887498510124,1.628786881856407,0.04098779150431751,-0.2080880328325571,-0.25530410915041746,-1.1000650387249187,0.7624380234017668,0.3056654607604362,2025-09-02 21:01:30,A,1756846890,30s
-0.32621750580852465,0.0763233556415537,0.18848885528068862,-0.04708232967275531,0.13735862761290424,-0.4182532148644603,-0.19135620967539296,-0.10736927838099823,-0.9936863062395165,-0.33746983985763546,0.22951077763112496,-0.2657553995232491,0.5563885800062077,1.1806870885189755,0.21538492068532097,-0.34098443842927045,0.712780475557366,0.8034632979947547,0.0610517919903828,0.28838050329859477,0.44828010518695727,-1.1687072674688015,-1.08937695631831,0.4654947550661158,0.47480032663211097,0.5490165665687876,0.48098572034675763,-0.10669077605489347,-0.5946556475794305,-0.6373464617963104,-0.029590238453647843,0.7458753283226919,2025-09-02 21:02:00,A,1756846920,30s
-0.3624544427306919,0.1431662134993906,0.1533150085568838,-0.041738013237858855,0.20596314594874574,-0.45422619065665776,-0.41239010811411264,-0.13655503180627812,-1.1314342811595146,-0.4933987010936396,0.28700413257536006,-0.2708368226021592,0.17442230704435052,0.6558195880477399,0.3389747422147307,0.087868819248962,0.5216243429948972,1.02155833059535,0.7410299837485326,0.5136533603767551,0.5251607067427889,-0.8659011680069925,-1.384098260946505,0.7958556705266634,0.3184208664410368,0.6019260439888467,0.21397857188253025,0.5149190757543742,-0.8906619808389818,-0.5814995057824922,-1.1042118245601746,1.345021679589139,2025-09-02 21:02:30,A,1756846950,30s
-0.4521070771966397,0.15036274715393572,0.22538375411451236,-0.07699135968495503,0.6774729115989595,-0.18131106393452537,-0.49718959988517236,0.430246701774849,-1.0397072802368845,-0.28568707317555064,0.1976799723826825,-0.37122616771471756,0.2631741806235485,1.1498743407712764,0.1416099560736073,0.7522716106874415,0.06591687169038521,0.8641467823740027,0.47982946735582804,-0.7399794950432378,-0.1760747825129716,-0.718090645869574,-1.144869700878291,0.3498116588404121,0.5635883143658337,0.17144128888000618,0.42864172683688584,0.10553133357426324,-0.40938670502436536,-0.26800257171042535,-0.8597219949791175,-0.012791975056506156,2025-09-02 21:03:00,A,1756846980,30s
-0.5749126355582912,0.3112584258131328,0.13390390416066364,0.2922543751500152,0.8311260443185335,0.7297872655535795,-0.8851341974171116,2.51387719266474,-0.7464566550189888,-0.10304292073668045,0.5452888063882355,0.32244550238117536,-0.11065808204225598,-0.9100439340867224,0.3696564727130253,0.10039212417971036,0.8287666721062903,0.9331148676186746,1.3116091393452538,-0.5226178984470141,0.1200417638465702,-0.060119829174954446,-0.7756254098937829,0.952440781322668,1.2618826252163118,0.07642719546524429,-0.2886525475242071,0.024371369123847166,-0.321424703811548,0.33257661931259136,-1.0175118765874782,0.22677846019261272,2025-09-02 21:03:30,A,1756847010,30s
0.8109269773226208,1.1112518188700815,0.6156847571543264,-1.4074875533310478,2.515629774552388,-0.33324967262730615,0.4003653467768954,-0.6231286726226212,-0.829767954810189,-1.2902447291034087,0.018177242544179305,1.3915623145443463,1.2206389747227793,-0.4524721747452314,0.30713210678533115,0.3664786354404737,1.4996544128048002,0.8120724037730451,-2.918861144170131,0.7535662725550041,0.3280220826153933,-0.344843226484068,0.36612713135225233,-0.5816540602766246,1.4437604449047552,-6.321428131054247,-1.3245816129324963,1.5074820250890304,-0.22812302198323636,-2.626060214192836,-2.257113496823569,-0.1588755991606795,2025-09-02 21:04:00,BOTH,1756847040,30s
2.207402402305419,-0.6956119809250673,0.8621956490133736,5.998255668444391,-2.080278227881228,0.5727192078034808,1.1803532240484214,0.8731533944110309,-1.158865204953573,-1.5260211608427237,1.4551990429109256,-1.0328768629702856,-0.6256522160512124,-0.9206788845130682,2.3628147079798825,0.5998623309675724,-1.0958011538544283,1.3170963334394754,-4.594049608193722,0.2898432201193788,0.679814407505409,-1.8652982595092507,-1.3092476088349068,0.5932899333614414,0.1038724777357647,-1.3637412471783517,1.434434942787869,-0.5070370281062445,1.3652560358062906,2.357968018192669,-2.1057173927001775,-0.4610057589337377,2025-09-02 21:04:30,B,1756847070,30s
1.314638452074764,-1.919698781735492,-0.05394870898027308,1.3418329288121102,1.8708149253403465,0.7686825363057985,-0.6326030808864442,0.7087405828524506,-1.318909881036443,-0.34835934819544045,-0.06179313948372864,-0.5264755348451763,0.11339271605077388,0.6962954639709317,0.16888108267021032,-0.12691423138665697,0.8614959516556121,-1.1092141303027618,-0.7844948055577061,0.6052803605692646,-0.9689272886294934,1.4203278952640708,-0.45670830934330237,-0.8646772990625656,0.010245329554391796,0.9613841501592424,0.9769551983084239,1.3099796038242195,-0.7931975073837227,-0.8148334571593144,-0.017756049067960657,-1.1348454805909276,2025-09-02 21:05:00,B,1756847100,30s
1.0455399599809732,-1.641122579008372,0.33165311052673246,-1.0350632127358024,-0.5193070429613778,2.536437144909924,-0.1344718252770529,0.4541795680903208,-1.0495609396536232,-0.7625311542639871,0.45748116384679954,-0.47912582096883216,0.23521244804623606,0.0,0.25380393747627256,0.24720641622125972,0.48088348979447715,-0.6888503943772548,-0.33513627755212216,0.5818982423259557,-0.9172568861180459,0.36792688600669654,1.6072127588745082,-0.5370615718233518,0.4307001087421903,0.47294443876902204,1.5871086079780654,1.5131658351131758,-0.3324171641034549,-0.797212357742586,-0.8174141859252636,-0.17201845114977551,2025-09-02 21:05:30,B,1756847130,30s
0.7890055370357129,-1.430015009676079,0.7539619108801809,-0.890424856053461,-0.17394449689632094,0.21904231294929025,0.17184687968693496,0.4716369745836533,0.005382882885064095,-0.9153275069582484,1.4088843526652206,-0.8625892304582836,0.8168103951384905,0.053217775633669605,-0.3628730942429686,-0.7600012403415468,-0.26361612124130646,-0.0907551486153638,-0.32552480636483533,0.14947879277765633,-1.1934348714287444,0.49662711817254035,1.1216945488088272,-0.9945979854385839,0.25806453671321594,-0.24306500005618925,0.8097347792416655,0.39039942999004434,-0.41965504510178875,-0.7643866769740087,-1.0483990227152211,0.28495153862196954,2025-09-02 21:06:00,B,1756847160,30s
0.5078760482016447,-1.1924157149675114,0.6811189597363867,-0.6142479249605717,-0.1889669841706896,0.0555101628844158,0.24991480021535548,0.060191536008077653,0.05233562639848195,-1.3552978069618022,1.5010757568830655,-0.06498376478698197,0.514583321314655,-0.7947015235633846,0.11408511076627137,0.18573799564320445,0.15304003198477265,-0.8393490518553801,0.902721806079439,2.1563992952989,-0.576743525708377,0.6255175504965169,0.698412018903813,-0.8036584775320439,0.33046916259214504,-0.18849750719929875,-1.0991072778763409,-1.7144319141482776,-0.19537644167243476,0.06280262233564782,-1.3242611745761335,-1.002252918014245,2025-09-02 21:06:30,B,1756847190,30s
0.31636413085050996,-1.0736457250466087,0.9277507763452595,-0.02919236622779227,0.08041265805070118,-0.03636642981081061,0.7926541305132253,-0.14021952845741445,-0.33162579898016403,-1.2098344166663049,0.7421584673622308,0.7554762990375037,1.2594524853211564,-0.4532185514285537,0.049449093774426085,-0.5586807276948316,-0.8070581069795218,-0.8125624938392009,0.09186285948735583,-0.1334346914231194,0.44733142937900594,0.5088686435085685,0.5215920721792663,-0.059889510838925276,1.5061075709947096,0.577049836593933,-0.1443680750942338,-0.3612271101283301,0.7410010238158209,-0.1084375837443013,0.9822440383783715,-1.9549504987760729,2025-09-02 21:07:00,B,1756847220,30s
0.38208291069142963,-0.8337878120830199,0.9486258699328255,1.0656183835825401,-0.20534848318087034,0.026155537428751024,1.4695069131654372,-0.42944210909343294,-0.5020771527868313,-1.7439368443164422,0.7072255306851164,1.441099561669393,1.2710439471386232,-1.373417244213281,0.8206455115805883,-0.30116711273593655,-2.367394119211404,0.3082657393569773,1.3945638096331074,-0.5437295661754059,2.3505466667120145,2.7763996446351933,0.004390671794894484,-0.9859905054715284,0.691627095262941,0.7212492912457286,-0.7269283861616982,1.410731039928759,-0.4761909987659052,0.5293856642491118,2.2019938232885425,-0.31274820930610614,2025-09-02 21:07:30,B,1756847250,30s
0.46096381805513925,-0.8701026904730349,1.0716218935462076,0.9740367993223568,-0.9509372920867476,-0.7093082308567673,0.4680980000579618,0.19233708517151674,-0.8169003713801121,-1.0471825466791982,0.4683255648825171,0.35198683027470756,0.15802714448206173,-0.5323019587922704,1.3071091979481322,0.0,-1.3958511247741816,0.5427170919156264,0.8069153131477398,-0.3231646288070535,0.30561114800196043,1.8343240839686425,2.0915884822205033,-0.6829039386269334,-0.7795256836866535,0.6564407424636126,-1.4775156608541145,0.1464343103602849,-0.34402397704391546,-0.35027473063837034,2.3099821029124246,2.7964627229700323,2025-09-02 21:08:00,B,1756847280,30s
0.17022403624005933,-1.016437560900033,1.0198958259807036,-0.4281796201623032,0.5916926858761061,-0.5754348194266391,-0.37930670320498905,0.20554831248933875,-0.6964901733232507,-0.6264069673450495,0.19112199690439963,0.29385697980489556,0.396123534106817,0.32350224349945517,0.6108127332211483,-0.3457805253604513,-0.3367926743529893,-0.3672303244479748,0.4404802544972467,-0.1585387241556684,-0.4067996877436414,1.9316055069522249,0.35037884920692824,-0.12744125496870598,-0.7738434996867706,1.5705816022311174,0.9753589974741192,-0.9806068458235845,1.0904037259778976,-0.7312731761172191,-1.3709896652325904,1.0842204072469848,2025-09-02 21:08:30,B,1756847310,30s
0.12978290984819682,-0.9957801317978487,1.1421156942245543,-0.45275888816985543,0.33703861253617967,-0.19496983496581233,-0.3703769017333432,-0.5766463770848101,-1.3163560616935088,6.347072981319766,3.350465720488442,1.4987192072687203,0.5014612930705894,-0.06698932957955232,0.7554892021235896,0.5364477750885546,-1.0802714353153202,0.34165813370575154,0.44698189154016277,-0.40052123140634865,0.42277130343756697,0.36374520877104816,1.1735871607440511,-0.0021876355943609765,-0.43335282063248604,-0.3197115207696494,0.7315412271398685,-0.49377274126262355,1.107201215959466,0.3790295968960083,-1.1257038951111635,1.9103050889677455,2025-09-02 21:09:00,B,1756847340,30s
-0.03985249116470615,-0.806575111718787,1.059526249276989,-0.13826624281408506,0.3859796165970158,-0.15763448450586437,-0.01726619206440759,0.012632904316579745,-0.5832849866859592,-0.8542979923478141,0.45327041529141776,0.543054599974766,0.16887345924307537,0.0020912615431392086,0.981470450028317,-0.026071269534210587,-0.2711048392353262,-0.36837156418969097,1.4277091394114576,-0.411102314400679,-0.3645087616246332,0.0589783941528722,-0.022736287377343716,-0.23219956836085992,-0.6114127364834255,-0.8605509923640264,0.051239185888060604,-0.23346643762469824,0.4370057983703059,0.6938806489497953,-1.3615263946504106,-0.3973391001781232,2025-09-02 21:09:30,B,1756847370,30s
-0.1042289878479565,-0.7407230800059058,1.2214236047922955,-0.5178559514824899,0.6781443926640356,-0.2645215472166752,-0.6932731223965705,0.16585795111178042,-0.7117079265753464,-0.6489419932408509,0.26218698921338157,0.29383214879172886,-0.17403826987517912,0.12113640124436863,0.9191899296547341,-0.24233144616506813,-0.3895178211048585,-0.07106120933252807,1.0961168251762607,-0.2509933944291983,-0.9224892262878368,-1.142164385988654,0.7798903077090725,-0.39133571277812734,-1.3820120170679573,-1.3198722920785007,-0.5816078442789192,-1.1650164664241383,0.24790744059498268,0.48853562172356646,-0.2622893507928102,-0.35698839292712903,2025-09-02 21:10:00,B,1756847400,30s
-0.2997798320543717,-0.6371918824734648,1.1817803228728077,0.1290624829820445,1.6982030421654977,0.6216348810622918,-0.2043468283268997,-0.15260386149937483,-0.6423509399104745,-1.0448444492691018,0.46073922058938366,0.7816904950144945,0.16741266696854684,-0.2995113679996691,0.6672251701653773,-0.28653637775514795,-1.0018241172174334,-0.06083579985931812,1.4314987730683022,-0.5950056096390731,-0.04376864558964004,-0.03136824127461472,-1.7861647261224227,-0.21831688915129077,-0.5595578442532773,-0.9751460152860635,-0.14750005463735116,0.049638029743248685,0.5990182358199038,0.22027473418845614,-0.7318872174821911,-0.7090288799564585,2025-09-02 21:10:30,B,1756847430,30s
-0.8126409873574414,-0.48476135854404556,1.6322250377450072,2.214434458633884,4.44307567116806,4.4567751418949255,1.056441974824303,-0.4218412255516716,0.014331167617451587,-1.6004909676677745,1.5776983991468254,0.7396621356109594,1.0833405855401466,0.21083680452279643,-0.9544647612081475,-0.19270734153029814,-0.14906204183146946,-1.1455534071680442,-0.525509983146212,-0.08065243114251734,1.884588796638468,-1.2657515721821682,0.48595329662264325,0.7750482919135906,-2.0323572829957794,2.782934142763309,1.2147499733255707,0.30599888665862784,-1.141133960821658,0.03850962022208056,0.42081294858900786,0.37502493975094897,2025-09-02 21:11:00,B,1756847460,30s
2.3887841775092102,1.1474204512431216,2.051974860671978,2.3933131237648877,-2.311400109268549,0.8225913450983243,0.22951830414005275,1.6356867061810059,-1.2480862256065965,0.05674298368186227,0.6240297538912063,-1.8793995944770592,-1.2144158485370293,1.2682330327696854,-2.066540447460403,0.7066709490073347,1.1464809865342263,-1.502690657516269,1.2842445307139738,-0.26531091060174555,2.091847671206748,-1.33910914198353,1.1020973561371235,-3.178876281268723,-1.4526056364953497,-4.620802334727058,-1.3651181996491544,0.03401130593285995,3.385771936292624,-1.457855811801572,0.42007112560354726,0.6251058109107326,2025-09-02 21:11:30,B,1756847490,30s
1.6027755943803448,-1.9645213843019056,0.0019010727738205538,4.032036627151496,2.893654259274021,-1.3199859898672015,-0.6440044132222034,0.8024055099623567,-0.8205932409436917,-0.7007962161352126,0.35488539391357005,-0.37763803074442587,-0.5253407835923575,0.3472097057053835,-0.11251641064197968,0.31284420741564134,0.985322870027023,-0.6411130875235972,-1.5353260306696834,0.37825907797053465,-0.8686855097247278,2.5961011543181503,-2.2339253958887424,-0.7833433581242966,-0.586951665886672,2.4568901507169394,1.1279973929018603,-0.5250665753283577,0.1821541204698528,0.061440865674214896,1.4930389391118086,-0.2584648847018725,2025-09-02 21:12:00,B,1756847520,30s
1.213546234048202,-1.94206671722461,0.22761997055715305,-0.7544208541820107,-0.29125673246199735,3.651563189862194,0.24052406108102584,0.5828870913136065,-1.3181500756222193,-0.15717698147167775,-0.44298393898386124,0.08665654287852102,-0.08275676160958771,1.6144516875362427,0.26981724288212133,-0.7516503841704445,0.1631367726463683,-0.7208599187911264,-0.6765918492483639,-0.08568194863637349,-0.37826777494001296,0.6386929688880126,0.4234835403834269,-0.21201454880348358,1.4418840328341491,0.15889924483015727,1.9712831018455106,0.8642973446750164,-0.3504152478416667,-0.3770402521057166,-0.6443779401531854,0.6152833263877628,2025-09-02 21:12:30,B,1756847550,30s
0.8696784343457468,-1.442206694396421,0.5781418317573712,-0.7169814828985804,-0.25695107313014426,0.8398684447218248,0.22492454573611878,1.3046630695226942,0.3677755756849761,-0.7989025181855264,1.076956079982323,-0.12124847942709355,0.4640561656084852,0.49367470304289146,-0.8425836145210746,1.0994873007425814,-1.0564155967001416,-0.47852557233116383,-0.45787860804046987,-0.12589220453916833,-1.3439440198425785,0.21518726410205996,1.0372639764614997,-1.0092697876457317,1.1704946314172369,-0.27398671097977156,1.9818863422847524,2.080787880542173,0.4317149927838644,-0.8754703940558863,-0.37410553810222535,-0.12439662860531839,2025-09-02 21:13:00,B,1756847580,30s
0.6902317286840498,-1.259580560733881,0.8068531889892568,-1.1415321547500874,0.372460298270845,-0.04131187460972973,1.1947286270039768,0.31285370282635494,0.36395110567224925,-0.9649131049788671,1.386339261701088,-0.2882412922699298,0.22969855699352612,0.0597676274941753,-0.39523307503125776,-0.49234887732819443,0.1513391264017866,-0.0024987769986616363,-0.0025044686059070933,-0.31574707860370826,-1.3663166969571516,-0.5610554784195029,-0.13671931804780282,-1.2838067353778768,0.18395018924451007,-0.8301833649557778,-0.9707557068504673,-2.193855672103112,-1.4025044176744268,-1.3078889861031135,-0.7145203984840399,-1.4575507825391787,2025-09-02 21:13:30,B,1756847610,30s
0.40987492080513765,-1.171536275999139,0.9275938447349227,-0.11757094794403986,-0.08350963936392117,-0.14652982736869635,1.0592566776942642,0.0,0.03022126230071022,-0.9447984384455181,0.7102524467236981,0.6503733247845885,0.5210267414402789,0.06453196062628386,-0.19354707100328197,-0.39577728783398003,-0.2040507320860945,-0.5654612348045472,0.14839816689473678,-0.14563257269433336,-0.2539725789519539,0.9233391871550283,0.7913584961419047,0.09427314224019834,1.5128737087238204,0.2641420257841625,-0.5569798876997841,-1.5062535119091105,0.6622841148369712,-0.04825616134530644,1.145451802182574,-1.8041912468327415,2025-09-02 21:14:00,B,1756847640,30s
0.13467693278512355,-0.8414852857984816,0.780210143503126,0.3717507131899539,0.8442566579923982,0.7466823671941191,0.979509573440702,-0.7930850565152098,0.06824278229691698,-1.9677301068754067,0.8112432222095262,2.096752746773388,0.8595936244848754,-1.6865143986003868,-0.43835283425152566,0.3431650662708547,-0.9902819051094272,-0.5902498082911404,1.1242176274905593,2.0570220157656642,2.5578620245452486,0.8008804982982215,-0.9573144109338486,-0.3447690304591491,0.06783884156432371,2.0375892559844266,0.9613832291413817,1.0374506747266423,0.7981652471634174,-0.24779587834950545,0.2180507896883134,-2.6303722768281066,2025-09-02 21:14:30,B,1756847670,30s
0.5847737883745208,-0.7527797810523094,1.1563387915931493,1.8826002581260517,-1.9992284261411934,-0.42198561012085084,1.3697279537252756,0.052777590696837455,-0.5008818140008582,-1.0949218815973836,0.4246451269028654,0.8015620946137668,-0.2668266054467255,-0.5773989667702294,1.208584266783985,-0.006438121451393894,-1.8502673772470957,1.1937677956651407,1.125511563585701,-0.6390392759925398,0.77688734148736,1.4576537184237741,2.5980914908420414,-0.9330471926646,-0.3113806432902969,-0.809498217253643,-2.198936826046331,0.9703323508289863,-1.6642150910528735,1.0784606318886654,5.309452891800268,2.733327880540431,2025-09-02 21:15:00,B,1756847700,30s
0.1966093736019321,-1.01108343710966,0.9979100161308244,-0.021203902983799826,0.4051650900737349,-0.8905161013488586,-0.2897375248910075,0.14943945544111492,-0.4396054190334762,-0.5221066264452849,-0.02712005634455653,0.5642755602814347,-0.2508923091031688,0.19902126783862598,0.23251691825966977,0.10055393889333882,0.1792201939945592,-0.24278645151731756,0.14205470057354797,0.0031448396132974952,-0.927863618565726,1.8767572142042845,-0.7913627164063435,0.4290195414404914,-1.4294655525774516,2.0861221006003015,-0.21797542399649372,-0.7999433711729796,0.8714705004266821,-1.100821953433035,-0.03785736360659006,1.8430621486514462,2025-09-02 21:15:30,B,1756847730,30s
0.13712790446349082,-1.005782001325315,1.1217256816272716,-0.49650692367944443,0.10609558964330983,-0.2233012419171216,-0.1489304160078479,0.14465528093010466,-0.333613227792554,-0.3796938115546145,0.008131362268555138,0.48676442119680174,-0.20892015587400306,0.5153081942269027,0.5069486091525939,-0.3751503406380785,-0.35098265022132646,-0.08759579220888564,0.7928965346462705,-0.39224109810094876,-0.23594518183162982,0.07684229085687173,1.0736076075471999,0.5001791687216813,0.0,0.06693499805197002,1.5506681259731754,-0.029806142269371356,0.8282163950148437,-0.40255879178309084,-0.6261564093614362,2.794313415869521,2025-09-02 21:16:00,B,1756847760,30s
0.023386641657927722,-0.9048130267745457,1.162761063732594,-0.4794507896965878,0.3581304611344514,-0.4221432044075993,-0.20055083802155754,0.1005432796984436,-0.26904931115997754,-0.38839223129234846,0.016785657991831397,0.5638694038141672,-0.2941980344719703,0.4849496424675572,0.5183647403569137,-0.381708652751152,-0.3106513866968383,-0.1368567711165079,0.8182014099054756,0.013868443962888452,-0.04867293993603109,-0.33377520070392025,0.012244696120776893,0.2523701519744744,-0.6838772059826507,-0.06483735457655217,0.9132165002752972,-0.21621072592789,0.3619975808248333,-0.35879669714324647,-0.6423669364303742,1.591357662943062,2025-09-02 21:16:30,B,1756847790,30s
-0.0797432651982709,-0.8294430724664484,1.174185251357427,-0.4311739164120722,0.5497647923276473,-0.23595575519608508,-0.23301937021476632,0.05906669249385146,-0.19085303949491295,-0.38869153784668337,0.06112669662598433,0.5356220837943517,-0.42876450349988154,0.4698326844429449,0.5705663950014894,-0.3051168362180718,-0.15989253211621496,-0.03513892122912903,1.1846619239181877,0.006610666256789049,-0.6248789901592283,-0.4381835987927956,0.12410770414117629,-0.12203056001090144,-0.8071429980002119,-0.9898161036056958,-0.07982606812432655,-1.5137751632110383,0.609832075099261,0.725579418325218,-0.7294200452293514,-0.7086627899113785,2025-09-02 21:17:00,B,1756847820,30s
-0.18586713677948546,-0.7487109604859383,1.2626188479972442,-0.3332427852876789,0.953227396283175,0.04487252260812638,-0.534355110038351,-0.002162319191642912,-0.33088632392798817,-0.4561277278310035,-0.041753531660456575,0.6082571957699113,-0.556982480179978,0.08296011956505478,0.5077438266455183,-0.15790042732337448,-0.3784982622979993,0.07156558650078994,1.1336315312311223,-0.41824486472790806,-0.652033762548507,-1.1232133909768667,-0.4365692479504832,0.19720737442333325,-1.0058872658191162,-1.2207197368883664,-0.30661366809577234,-0.5843548220445368,0.22140254882274124,0.5846154263587404,0.461985798268329,-0.16154357048536314,2025-09-02 21:17:30,B,1756847850,30s
-0.48311541640578987,-0.6089337524660842,1.4017187758802512,0.9560680548267578,2.893709866055698,2.086304883459061,0.30744118921955815,-0.4705740526249981,0.050063359426849044,-1.049187593250449,0.3950415229641327,1.2805748101576662,0.38157361218523894,-0.1733101060656812,-0.12585347514947667,-0.7249904410629696,-1.4035412993266014,0.18706082197051302,0.9517069109152235,-0.6075302899842565,0.7980189109288346,-0.27445357300205264,-1.722042761938452,-0.48722852121062205,-0.6893755948005825,-0.32250667285065154,0.6556311727380492,-0.4779460454748032,0.7732650202488836,-0.7266430080771151,-0.7331895511699477,-0.32624359883330367,2025-09-02 21:18:00,B,1756847880,30s
1.2637272086890001,1.048071791353894,1.4441490965313961,-1.9795379453275095,2.589086417477131,-0.19502024926954178,-0.19794478166928672,-0.5601425570601896,-0.2572110934358166,-0.8996998814661092,-0.6372850097717512,1.8269878298804005,0.4174951778749678,-0.5414563226693552,-0.8562385381891003,-0.12236057896354166,0.804562832786504,0.4923055909276495,-1.0139369166868688,0.1863439976234444,1.7643947438004868,-0.12400363004218783,0.9881060171322867,-1.7690611269466816,0.9488481811430045,-7.602349440262461,-3.095575360903536,4.616031755885927,-0.8020291589140082,-0.03624051644066118,-1.2052444549653474,-4.031301122089606,2025-09-02 21:18:30,B,1756847910,30s
2.0929333577203963,-0.9688020382447448,0.6513278317066656,5.972046153664631,-1.2613032754850497,0.267337151369526,1.7639222497896718,0.5673294478194073,-0.456953540848201,-1.319735400887283,1.0476419536796222,-0.22329904168460385,-1.4087675916283733,-0.9749655137080563,1.5100744554705077,1.061176480181678,-0.5387860993728967,1.1235191746251063,-3.455722096598479,0.10342633914858532,0.9610486244463348,-1.0821124776876812,-2.9420680650988635,1.873762453300572,0.8413416535672088,-0.5563863837306924,-0.023843068381784262,-0.6238045906270717,0.4107745225363485,1.8577232193678912,-1.8955798294573227,-0.5666832307270253,2025-09-02 21:19:00,B,1756847940,30s
1.2665708080881481,-1.8843719392425187,0.021473552829200774,1.112419514577979,1.3192761455461395,1.5611040977012258,0.13640618354407005,0.3677366152048813,-0.680655885652524,-0.16375542645026042,-0.5106914197499122,0.37638702929568046,-0.6682055904769028,0.7669672535018747,0.03793497586451655,0.11261546397964296,1.0032164922132125,-0.9022750866488887,-0.5457323734863413,0.2480380534201671,-0.3986179041258293,0.1888848327701726,-1.8871960007563522,-0.4022941831136029,1.492863346091047,-0.09374102067995953,0.1377093896552765,0.49012711117612656,-2.171850591344372,-1.1721603043127027,1.4262394164830638,-0.536268061094752,2025-09-02 21:19:30,B,1756847970,30s
0.9535105059576642,-1.6631416518954933,0.5022409756522878,-0.7204587889689537,-0.4544124801382974,2.204816224404596,0.03576341782913834,-0.8618934736016273,-1.1584614594936022,10.368273049079972,4.573979413275584,1.9503791212422215,-0.0546581085653238,0.16754417775055264,-0.4511986252329723,1.1534100280380033,-0.12760133564008747,0.6770584263998018,-1.3583254004553942,0.7031814333803682,-0.07218574361498387,-0.48868687386757587,-0.37058940356347503,-0.47209129163370656,0.943469819779482,-0.2979828469836264,-0.43511984140494225,0.7096183457070484,-0.36123429015880204,-0.30247481075701166,0.23816364954476213,0.9274167885812048,2025-09-02 21:20:00,B,1756848000,30s
0.7434308566895301,-1.3771635467442778,0.7489397060448181,-0.5854807268640525,-0.4975176351748555,0.2959090323936598,0.6317866038075751,0.23080520442550947,0.6529494524031265,-0.5997264286008387,0.9272517492481467,-0.3178736324207863,-0.14614063007941197,-0.05975642819640079,-0.8733080407147352,-0.11087172015247733,0.44647692952165335,0.17940065135992905,-0.37981309121967954,-0.010507904013011916,-1.0172234101974975,-0.614934693041313,-0.22515465022850784,-0.16961309449640619,0.46462692108253856,-0.8308644145710005,-0.7286547658677065,0.9114249825204924,-1.834816234556285,-0.5403080396721357,-0.3963857699118689,0.9704435110424506,2025-09-02 21:20:30,B,1756848030,30s
0.49850164930582047,-1.2867993730331235,0.879750868869798,-0.5213978663748503,-0.35823281732576834,-0.12628323547221987,0.5734057469725669,0.15162284732075748,0.5991210974931203,-0.2847537204097056,0.49309691492302077,-0.011329142269810279,0.029424295905313834,0.4300614193252695,-0.8637059095656389,-0.40796555561230585,0.7016464029677408,-0.39223529612150826,-0.5331935865669218,-0.03189445201664721,-1.5169928815165248,-0.7069502644938328,0.07842980403085115,0.5735308673398535,0.8579079875922806,-0.3848749064443068,-1.0589937864265762,-0.9188341871992978,-0.24469759156999746,0.1236997460374593,-0.47853158379332983,-1.1020134350190782,2025-09-02 21:21:00,B,1756848060,30s
0.38358189171511986,-1.1906928198559417,1.056864961614243,-0.15671356897739547,-0.5935472723739124,-0.39909300283280474,0.6955618247013732,0.14646702287447003,0.23181450750383387,-0.049663409181903005,-0.0433699800743165,0.2470362810861995,-0.02687217710390144,0.5470066012878703,-0.550043574316383,-0.5713790453331828,0.13983480358887768,-0.4744238063867531,-0.5804280114985099,-0.33494518621333425,-0.813714490375129,-0.6145258578978104,0.6763958708565133,1.755179018869699,1.3497890829140897,-0.0010679960703964425,-0.8517418411443675,0.39029575996788396,0.6145459724268791,0.6415234351019227,1.2622278823801372,-0.06887792797172713,2025-09-02 21:21:30,B,1756848090,30s
0.2513326114281972,-1.0658725183622673,1.0602727450816813,-0.43349173212023173,-0.1725108124900247,-0.5561491001385334,0.37984063843534777,0.12237505365400904,0.1584908561064055,0.07974663462917088,-0.2390888721689505,0.2995253593964693,-0.23536445970356004,0.5651311287626002,-0.47270594091466084,-0.5125046288867595,0.32639016017888767,-0.5307669359536223,-0.4790002515871476,0.3504284451085062,-0.9305944118655182,-1.0872046238337474,0.2754446022406841,1.6902948133240254,0.5215402897321303,-0.2185448992985476,-0.5151966994530133,0.1327745906473457,0.9907009732655228,0.0901000371472548,-0.05804131796299529,0.2160455500904519,2025-09-02 21:22:00,B,1756848120,30s
0.17805033589186012,-1.0587642156656984,1.1602770697275868,-0.320482584213076,-0.16401776226800904,-0.534389047148773,0.28990679609090175,0.15283273163946406,0.12774620670061188,0.21698699694749038,-0.389894965601879,0.2500341927170145,-0.19588492731845186,0.7922361128600768,-0.213338063591051,-0.647944369056192,0.04384376175619382,-0.32755504357620846,-0.2904273910588724,-0.3589104721084699,-0.43389305998457695,-0.9145602934337373,0.2070761634436692,1.5890346504571176,0.24241399846930997,0.0601839650265788,-0.3261143483038853,0.24906320575425436,0.27103797213121533,-0.14254470846477565,-0.219802441241258,1.7698114806491483,2025-09-02 21:22:30,B,1756848150,30s
0.10299972933593265,-0.9289233482850269,1.079903202023512,-0.6032505373949771,-0.05104776069417478,-0.5638683416982138,-0.10317181952533194,0.07078638128304439,0.013266685767997945,0.06606470406603764,-0.40710510697170854,0.24149517453430275,-0.6906374375029312,0.11052913592067294,-0.016715692304081306,0.3220605930862929,0.5810545123240891,-0.27997137934022953,0.36250823115962616,0.26342956612782653,-0.4982412273280456,-0.7373911931899002,0.5575996205406145,1.5789399753156648,-0.558072230059448,0.07426649271923322,-0.3527989156914323,0.5673952170771313,0.4129526795861771,0.22777572314206412,-1.0550698019976437,1.0645830450799825,2025-09-02 21:23:00,B,1756848180,30s
0.015360770570024523,-0.8926512525044819,1.0856755168848584,-0.07712901550335025,0.06683252713106716,-0.2476831031290801,0.48655588725715926,-0.06402196056847634,0.1683582178118724,0.057417819626191684,-0.35815281470250626,0.5317024066410092,-0.4342836893305698,0.332127666909788,0.3426014529229933,0.08248370627432793,0.5602738197512533,-0.49928062499630643,0.6840049600065904,-0.2813051788874143,-0.9935909307419247,-0.8603636158197893,-0.7045122794188827,1.2182902417694745,-0.23970226548402485,-1.0169531707714512,0.0647869731831929,-0.04228926159064705,0.46490182936529556,0.8191726566115721,0.6722490451527221,0.07479967365572518,2025-09-02 21:23:30,B,1756848210,30s
-0.0740208306312224,-0.8233120183561405,1.1834145331531591,-0.1527814551414757,0.3008495758314255,-0.18040696799256503,0.14923992311939838,0.4740765755052576,0.28207205996427986,0.3663969429683571,-0.5983813226112441,0.5294140214555547,-0.21819485119648474,0.9269341757195874,0.134511156412619,0.07551852073519363,-0.6367073045044467,-0.4406059425200603,0.24855103940593962,-0.7218432364238994,-0.7520326396776632,-2.0788971879614824,-1.0867544337560262,0.8545269041756294,-0.18435041735161026,-1.5243987763383382,-0.2042834540658265,0.43719350685977454,0.16574556580702476,0.5044160416013884,0.6708670053074417,-0.004807083938945109,2025-09-02 21:24:00,B,1756848240,30s
-0.18526456272199196,-0.7026594732468733,1.1423234362902284,-0.34165974076591177,0.6698604475032122,-0.07698697275616198,-0.3739711174286552,-0.0954463395650913,0.053698117564382794,0.11449931726724516,-0.5193049973260738,0.4692408870128745,-0.8461885464387946,0.029032048089964096,0.21099753787707495,-0.17135036771822287,-0.061198521922031436,-0.058101212754315464,0.9466251225632148,1.2824680358484388,-0.6340799316199781,-2.043592780809091,-1.4333196748018637,0.8577188546855816,-1.1716736972244066,-1.6248698140317395,-0.5907502586682409,0.4237333130715367,0.4216465553918953,0.8212548766306588,-0.06130172871790245,-0.7150358022004397,2025-09-02 21:24:30,B,1756848270,30s
-0.3207653257216758,-0.6602703066513577,1.3305778927569403,0.4012619739926579,1.5580139876051722,0.8589274779076556,0.22037745424708025,-0.3097502798844321,0.1852898056000638,-0.06423872599336711,-0.47597270245349055,0.8543427210555431,-0.18505045473205733,-0.012330091470267058,0.21093813615405824,-0.5849538764652011,-0.6244166076824028,-0.06730194394755826,0.6979442003396632,-0.545690717104315,-0.5797575970790201,-2.4839724025171077,-2.5259401173322065,0.4703213169622146,-0.8453472672776944,-2.0821810870070943,-0.14452206542689158,0.7422581762900339,0.31554900435896566,-0.37905156833689735,0.09060680506989494,-0.44763862568283935,2025-09-02 21:25:00,B,1756848300,30s
-0.8386435013521035,-0.41762275277267064,1.6201026243172583,2.4538493000219783,4.506941656461728,4.765646742163416,1.322857296918592,-0.7031151587812585,0.7596280296796696,-0.8984432273631521,0.7196898894476171,0.8077928597816475,0.5370545962107066,-0.22663592023102255,-1.3254878721326409,0.349188350720493,0.35578471453129007,-0.774190355977234,-0.6873711388635387,0.16604313845958857,1.7469593947381568,-1.7519938439033338,-0.21698388687833645,1.1070251199653267,-2.076118651893987,2.625016383022691,1.2948758904260953,0.5217159226075547,-1.066421208424422,-0.9661948917929885,0.4874692808482603,0.030942245576482768,2025-09-02 21:25:30,B,1756848330,30s
2.453976906946314,1.1684691929909248,2.109728899390578,2.684778771332443,-2.3873605745003315,1.0121489782133966,0.7790491563142812,0.9090413125419798,-0.6596784753212738,0.8419972347527495,-0.2900598356387497,-1.9793363818180252,-1.5777758931294106,0.8913464277613368,-2.3830648284997213,0.01509838826891403,1.678662498247161,-0.8114005086801795,1.469178679680598,-0.7382594156676785,2.6131953036422244,-1.1786414311264772,-0.39693443378440524,-2.4131997947502555,-0.8956945361070036,-5.068507204364255,-0.8974951898289408,0.6111459856400439,2.5118285345014026,-1.0253061851456668,0.05659102420902526,-0.28617590892397315,2025-09-02 21:26:00,B,1756848360,30s
1.5332340216259133,-1.9370466182347208,-0.07648767072979101,4.096035560421914,3.2437552864579184,-1.2859974773743632,-0.27102681210102125,0.4072111880643294,-0.035069414777944,0.13016239775335614,-0.7281958514792695,-0.0728120967165499,-0.706066516665215,0.06300663808498486,-0.19355146808026233,0.41983429608416994,1.0434360757402417,-0.2853096387931946,-1.0360795607241824,0.24354280354422783,-0.31475823816390297,2.50075228339142,-3.6322776594810566,-1.174718998557701,0.1858316455658202,0.7030602012763479,0.34740108747151477,-0.3486802387767788,-1.287801212282758,-0.1864925174931252,2.7069387139649232,-0.061107862917825335,2025-09-02 21:26:30,B,1756848390,30s
1.1357691770280234,-1.6465585813853676,-0.04073762058705493,-0.737356374605343,-0.5507309983800429,4.085986585247054,0.35493132334827765,0.01997141214193245,-0.6676686494083581,0.10689018223737576,-1.1368990117442532,0.4549587433537596,-1.2922044938679376,-0.10541980387855143,0.7355578072750786,1.0481288707966991,0.8326956806566187,-0.5654798990557098,0.8478599870220453,3.1637032429334204,0.5569928642280906,0.2468072537812048,-0.5923295857447191,-0.3508567229453271,0.864246691767369,-0.4603925045586692,0.5742722400422187,1.1165109219347167,-2.2169879791162934,-0.41969885282200375,1.2952629504451374,0.5304363004725867,2025-09-02 21:27:00,B,1756848420,30s
0.8384405472176477,-1.4475554087897782,0.6887321249221287,-0.7259784366214689,-0.483744056744771,0.71720123126838,0.3327697595436106,0.18554891189781594,0.7109344265594227,-0.004591277634153228,0.09986513874104591,-0.5991643367666032,-0.24046744850324558,-0.307009724094676,-0.6497310542659964,0.2608255742441476,0.49946319766333674,0.5716932650526597,-0.48181925244098595,0.12601464518587982,-0.5484064194302951,0.3180615324007741,0.7150682438276043,-0.6206800368842267,0.9834148731616404,-0.7896806529131732,1.0010282688501775,1.9014713515926633,-1.5946662369652387,-1.1276699106149437,0.22779757300207135,2.5584268536788004,2025-09-02 21:27:30,B,1756848450,30s
0.671029034287154,-1.416520055455964,0.7934217029394963,-0.7950336880670583,-0.3407791000897949,0.1150660367216315,0.3809111996481247,0.15003180081338852,1.1494266083713016,0.013165280624898384,0.3870789505971616,-0.7515506386860453,0.1067678559659725,-0.10044423282774376,-0.9590132066360773,-0.18163536065687433,0.4133301903106236,0.5154263172019302,-0.27536068545375775,-0.24891530856465435,-0.7350384298206224,0.3262495498266031,-0.49145004840994905,-0.3940279787305176,0.09757838238369804,0.08618115312397484,-1.0670974987556678,-1.071308637248682,-2.1916554299345323,-0.23365998015180323,-0.2152984200523938,0.09517035723836136,2025-09-02 21:28:00,B,1756848480,30s
0.4246895206454762,-1.2435591905633112,0.9437664526473553,-0.1584509270815676,-0.519388914008143,-0.1710656618676739,0.8007071704480987,-0.06887588054030234,0.7073298191596205,0.20185241203634696,-0.36500888790661223,0.052945028506076276,0.1461961523661259,-0.05449066242179455,-0.2828101837071782,-0.07931101861499743,0.19863511767278313,-0.18194402516286604,0.10420511634071562,-0.008761800684714795,-0.3758145052424599,1.0165177941902466,0.7859724367085332,0.875579204719047,1.5802410967628349,0.2513577476960985,-0.43305514978386045,-1.281832758069572,0.729985076932972,0.7575370620730878,1.748032771170535,-0.6755897539252947,2025-09-02 21:28:30,B,1756848510,30s
0.2911958675016756,-1.1182025398500683,1.0298217911102996,-0.4610767756346335,-0.2901420249389022,-0.4845289254893004,0.6252738418261541,0.02900426816865483,0.45652868878404274,0.5391336268859921,-0.737813941725251,-0.0888988719584643,0.09045562276292239,0.2929829859767235,-0.4977895970372177,-0.29338575476699996,0.20014212473403067,-0.1534711469517023,-0.36529005558665656,-0.3267998644464187,0.0,0.2251219439913361,0.666721144568543,1.714716237668909,1.2699551656890584,0.018792467396677896,-0.6517798528344162,0.347480719079243,0.39718564017211205,1.117924161361116,1.0360180498043219,-0.21651239875249398,2025-09-02 21:29:00,B,1756848540,30s
0.23265791443446743,-1.0152742620984958,1.078362877948958,-0.49627662800650996,-0.2783043179801116,-0.5880245549821128,-0.002083562163965846,0.012361474836258452,0.3148669020451518,0.47092348445367604,-0.8909917195460724,-0.08368843720343833,-0.28277538563521243,-0.168980602846737,-0.08558768777654403,0.24204463631395312,0.2505219767676083,0.19885049469265753,0.038381639939431104,0.2147996709151987,-0.04266015029160466,0.12838102935845316,1.6520882128932333,0.9556569554752552,-0.32640701469172134,0.5664399880999986,-0.5986697438276457,-0.3236303486690264,0.6235361015071269,-0.0036662487528147407,0.7305063666102397,0.9136340130225745,2025-09-02 21:29:30,B,1756848570,30s
0.16848947450257457,-1.0512205317466277,1.140347529910041,-0.4317435824983727,-0.03447288909065303,-0.5511405774355795,0.02132260619206388,0.026584679244452524,0.33577672773394573,0.6627355288102532,-1.0228511189749339,-0.05893056728372305,-0.05401581647912627,0.17867382500984166,-0.06732861770773418,-0.2936278661167565,-0.050209446168014704,0.06857579295217339,-0.0007783623551733362,-0.15266070539445245,-0.28202803251554076,0.12305816691175893,0.2926588466966456,1.1729783619043166,-0.2700007286295853,0.38715165152943054,0.151635324934393,-0.1132111937052395,0.9775775054143806,0.0,-0.11287724042833219,1.2541347113947328,2025-09-02 21:30:00,B,1756848600,30s
0.0353720382385438,-0.9390127902368842,1.074958465096365,-0.39549818743494314,0.09093226834677932,-0.3477969462715805,0.16977697276463177,-0.03767608416454891,0.4086389549093942,0.6751229242679144,-0.9225737830602078,-0.07385940916346244,-0.18539672189155323,0.29319921398635185,0.1900494231204546,-0.04437439027398842,0.3147490287272298,-0.035223794450830015,0.5998716857587778,0.33290033594501545,-0.16381787569832348,0.17213019959000017,0.26984542438229037,1.0889088031135081,-0.21816556080603122,-0.2611059573751241,0.6411910978786789,-0.43299918060636317,0.8873266865707677,0.7951732005688125,-0.3375172992173223,0.6582031751410342,2025-09-02 21:30:30,B,1756848630,30s
0.0,-0.8305907866974349,1.11298014415499,-0.22453283437287094,0.023313972743925222,-0.30094741511892303,0.04848162441805291,-0.15724237674224348,0.26541675395213243,0.4599011341966815,-0.9872484466314558,0.11973885631221934,-0.34681952730373705,-0.37827258455757107,0.6680731979584862,0.4844029955424343,0.185443185614056,0.19951958159283023,1.007295793772831,-0.2790276742229179,-0.06490137713474983,-0.3561668066773739,0.030812014421201673,0.6034414947202528,-0.5331516119680337,-0.7100909586219731,-0.08014493322376556,-0.23793330776576152,0.09132649613701328,0.6593909242924969,1.5729709135072785,0.6783643896657052,2025-09-02 21:31:00,B,1756848660,30s
-0.08811527653663835,-0.825275071605631,1.2494705507832764,-0.40437295131188106,0.6539032209352627,-0.30061897662556764,-0.11787898339882523,-0.014901721681911628,0.24269271875401172,0.8306961439711195,-1.1961702050037046,-0.0982790035391658,-0.1855127536424845,0.287510704377374,0.4609848525825404,-0.41185267423793676,-0.2224535893640632,0.26627314316715955,0.5034327758072572,-0.4827595952335165,-0.39333537681565817,-0.8197424016492044,-0.924366218931643,0.5862485556631469,-0.5831713658021302,-1.091566002757912,-0.053636966282820005,-0.5528688852620637,0.029206376511024885,0.4913532271830898,0.5018802079761803,0.08311569337327038,2025-09-02 21:31:30,B,1756848690,30s
-0.17773684157042516,-0.7505143435139294,1.264748227544195,-0.16148964029522556,0.955643338064558,0.10304300266696713,-0.23470896212193187,-0.14229894160006235,0.22388364817259712,0.610760794738936,-1.132695295083298,0.013522983025745157,-0.25449125222326285,-0.20979607485748714,0.6807047009339271,-0.1885908628472115,-0.731362400410232,0.6689431892943204,1.2995237226526108,-0.3271310354750677,0.08357918736328285,-0.1532446910824063,-0.6665125636220884,0.16628520705185895,-0.8760118842179647,-1.325117287636497,-0.07854215038150726,-0.375586499130177,0.12062007512970067,0.3668477959982412,0.06071759952214945,0.56742203401766,2025-09-02 21:32:00,B,1756848720,30s
-0.5250512226057441,-0.5581575163561966,1.292167331618455,1.3384889179768893,2.900427000665816,2.571121132152642,0.7747050576299865,-0.8732069468059338,0.5998760717563029,-0.43370286519675927,-0.4131625566399405,1.0429264281405253,0.6542990776925417,-1.4020082325933059,0.14152156792487341,0.3239813193149752,-0.8193932943005006,-0.09294548524311634,1.212022333447842,-0.46725276418737255,1.1036824302857071,-0.6427062259616914,-3.2660023288728146,0.16114007534678604,-0.4511425804062734,-0.14711849471344182,1.0812977789562541,0.6335072228431647,0.274681011015812,-0.7893205573916128,0.7885071844361423,-0.966640354371425,2025-09-02 21:32:30,B,1756848750,30s
2.110911487292758,2.3752566225382,1.5881434249307271,-3.4618258693710846,7.960530714674457,-1.3766007881702695,12.763445803982693,0.48058635917012266,-1.2495583864755766,1.4383194624359172,-1.6594531951664377,-0.3212994753779845,-1.7781339432385446,-1.0486953235483867,0.8380981352878223,-0.39086216446961725,-0.031530623429268545,0.557514170230049,0.8205329222678241,0.19694496567309297,-1.3059244099262226,-2.7415978390839832,0.23765399138653961,-4.113771191307311,2.3152839146827273,11.330127419051028,-0.709997400206175,1.7241937482583534,0.6198553819888271,2.1108582652215166,-0.8980774607815618,0.5918511579935856,2025-09-02 21:33:00,B,1756848780,30s
1.975740051092333,-1.3078315741628923,0.542758260929315,5.579080018776053,-0.11597512248507115,-0.1366764174201186,1.0548907917073136,0.5255356338700437,0.08033120709179396,-0.01263743929843717,-0.3478721679953078,-0.9408342101708764,-0.8311001780846714,-0.8696802909167168,1.6010723926940846,0.8515598700492935,-0.4273414251113025,1.4854986470951537,-2.8840272035692904,0.24857869565018317,1.2674420374298063,0.5148065593201777,-1.831575465514129,-0.059167216442003234,0.4451697522736441,-0.1367205463280597,-0.31872913448034285,-1.4794017000675082,0.4843467437822811,1.1873933467695579,-0.7234967927400606,0.981014416791176,2025-09-02 21:33:30,B,1756848810,30s
1.3022749811194279,-1.9112149554067925,0.07427355392919484,0.44878160832242603,0.7753739210015894,2.313315925838467,-0.02425269738943882,0.3164350741889093,-0.38287127266874166,0.8521411026096284,-1.6100230392408508,-0.5358983733628555,-0.41181501288687133,0.2154287931956907,0.4132178636868764,0.5522328024343364,0.9229647301516712,-0.23330173959451786,-0.4325445449087186,0.648070761045334,0.049321562110198815,1.3979518757474858,-0.6069601842341543,-0.7607591545739255,1.2069176314919365,0.3822646965104993,0.8831462244786211,0.010312068802841556,-1.7356760857704572,-1.5349102206827587,0.7332076500749306,-0.9393579447393354,2025-09-02 21:34:00,B,1756848840,30s
0.9528223678437916,-1.6124956001501365,0.5373249907095259,-1.0876889503689242,-0.2668694931480673,1.7951753253650506,0.0551350036657122,0.1869931928386074,0.41006788945383665,0.5709814296953347,-0.7647784801963313,-0.8965002104831589,0.04530717410916122,-0.32711814731105615,-0.1159897142485115,0.4254041655423863,0.6391906070096302,0.352847982300622,-0.28445671619144575,0.5132061275180736,-0.3664785991467033,0.7391833499435327,1.1099281349089936,-0.8851462658230705,1.120673796328073,-0.42314176051315466,1.5809934171423032,0.5702646010166555,-1.2866049903663384,-1.716916515748084,-1.1585306694184223,0.9980758390076129,2025-09-02 21:34:30,B,1756848870,30s
0.724811011163659,-1.4643939043721905,0.7908990950665212,-1.054567446252542,-0.17372162233127036,0.3061237426025959,0.4251053491200089,0.21006359258409124,1.0880029049055078,0.46628210281970994,-0.025325704648785516,-1.344935793224135,0.3995719183423586,-0.4269123865134833,-0.7006778274547435,0.10035876955466908,0.5181170629186814,0.436268353705098,-0.2270756539610063,0.11278945346838601,-0.4074867479495767,0.48985628149078775,0.29585534043408823,-0.17740243810377404,0.4218752340952365,-0.3617180618140815,-0.1500935738017631,-0.3014768067193951,-1.9888059829697498,-0.7224892829716433,-1.62139621958581,0.5749812643425627,2025-09-02 21:35:00,B,1756848900,30s
0.5346320511451842,-1.281654339689551,0.9044276277246197,-0.804839212147206,-0.23789538176766098,-0.11263316328302453,0.2795334842041174,0.006351813563968521,0.7673156654168091,0.42191882138510617,-0.4815592378281597,-0.8002429569019329,0.3304006519565319,-0.923915421986203,-0.3348634864138169,0.50184852964891,0.4423556067017585,0.0860767688418466,0.013994824810470636,0.40240039869799504,-0.2907680194339942,0.35053517800526274,1.254656903464859,0.41565123689902606,0.9483625627461972,0.4509467149618353,-0.46962314836362984,-1.3488143484184132,-0.0849266490678275,-1.1312156008579908,-1.9716475758244008,-0.8555238588906434,2025-09-02 21:35:30,B,1756848930,30s
0.3897440114273281,-1.1287054719068803,0.9193623232484993,-0.38096527583764117,-0.3645582868149204,-0.2573732116270331,0.6403762369827644,-0.09795638357423868,0.4827993957409224,0.4666881169529699,-0.7793247364283354,-0.44651826631991215,0.19992815233251288,-1.044906939833859,0.06067211229034073,0.8198049379546312,0.5240433498661485,-0.23668736360748466,0.492124941516639,0.6800758882362222,-0.4847864661821016,0.8803292608317962,1.3553361576023057,1.2752444534517178,0.9260857422246197,0.3203571508315558,-0.018345190309646337,-0.7734976294814169,1.0980423463153355,0.25892802976797125,0.6135222351936029,-1.482413756897918,2025-09-02 21:36:00,B,1756848960,30s
0.26969176274970713,-1.0912756778656143,1.0858189832386174,-0.7508727671325848,-0.124628590063531,-0.5087910177227022,-0.13116793584396952,0.03876503168125799,0.3319610986660222,0.7700801020551503,-1.1185297834524504,-0.6439916918052759,0.21599217931027587,-0.6081246139761984,-0.013192610635099118,0.448360852335961,0.3181595511273199,0.01825844234302137,0.028002750028089274,0.5920236014908811,0.1623682153219518,0.2712858804051357,1.939727028209736,1.095197348919251,0.2234004425906648,0.855519255651436,-0.14599727942048688,-0.35903618311786234,0.44261783341920147,-0.5558356704514096,-1.0144329152228788,0.1154480184945193,2025-09-02 21:36:30,B,1756848990,30s
0.19478913707623352,-1.0623553962192318,1.1584889748861902,-0.6081119768153854,0.07550484932200653,-0.5297820814270173,-0.09924424461371703,0.06730328479537802,0.31669757472877114,0.9214589750828528,-1.2475467502484376,-0.6243780295581054,0.35795659890570436,-0.22017635124220913,0.24620408660978058,-0.01842445720038438,-0.1061565278510675,0.22001234776379375,0.2557238523895834,0.38487134729685213,0.24743604525008897,0.7525768032782604,1.3461506659485771,0.7791359842910158,-0.22322036852349394,0.751956667427736,0.2406863554172294,-0.7830474461267751,0.5649323243659836,-0.5441512062242514,-1.2330429688182927,0.8778709514793228,2025-09-02 21:37:00,B,1756849020,30s
0.10737576518314461,-0.9997082551712239,1.1421221219236093,-0.7292717448431125,0.25415179835215673,-0.5018869783529061,-0.19292768075008257,0.0433774584857698,0.2512599028133557,0.9446028868701228,-1.2842658398199402,-0.6481919838036804,0.3271850247514371,-0.24390951769054994,0.2981860847135177,0.13486878988097253,0.08734086561870813,0.17160008926360384,0.4083899813651795,0.21156868662651246,0.2595075388265271,0.41582851465409404,1.0256760849755644,0.8604779839722038,-0.2330240117265253,0.4183034658187537,0.5021689640566834,-0.392991207667439,0.6157155701977166,-0.15436410110045826,-2.0040586542849677,0.413774655175427,2025-09-02 21:37:30,B,1756849050,30s
-0.0035102189861694645,-0.8951666162404346,1.1158624948178588,-0.4666569957091397,0.32993023658206444,-0.28956525676883516,-0.008713209340136136,-0.07972393029219904,0.26287107012122957,0.8672298899734899,-1.2410796902930015,-0.4275078567088196,0.3813838606439358,-0.2633343735934168,0.6477848058822995,0.22993252439737794,0.26251459571400876,0.012827460928932537,0.7525664289464132,0.008948247485410291,-0.06299050816080227,-0.12443131968012519,0.0,0.5980978156303272,-0.07388164030488731,-0.790568826990497,0.40790005672728413,-0.5893588476968846,0.39578546463470854,0.4788682833400044,-0.8828920854772538,-0.46129970002814513,2025-09-02 21:38:00,B,1756849080,30s
-0.08458681123626606,-0.8301666037859624,1.1855283331473856,-0.32088868705455825,0.5203746977368695,-0.19097089947321974,0.07395491853592277,-0.023356538209361472,0.21244573738885036,0.9634105206177656,-1.2464198548069234,-0.5005300886055335,0.346245759442039,-0.05953070759075739,0.6512162032132202,-0.2972272809631265,-0.3943837246119628,0.21134346136602208,1.0167882379262247,0.6337275674227947,0.33455660893945055,-0.33021308960474416,-0.5226636863600299,0.7658214911660071,-0.5128501054960432,-1.4202337309537874,-0.19497075620559148,0.281894987080001,-0.15045882219599824,1.5268542073084928,-0.10374777247208926,-0.4561941089015554,2025-09-02 21:38:30,B,1756849110,30s
-0.19084693530803648,-0.7004594340064295,1.2135469606557536,-0.6779604374279826,1.1496180761096502,-0.04672911484564919,-0.680480113041221,-0.07443098084846822,-0.017443670966262616,0.7886250177320526,-1.338282226335322,-0.5521554044352036,0.05197053096412594,-0.7582415627461444,0.5312968308238846,0.3739650009634098,-0.20057912175830986,0.4478747671444469,0.9655481550612602,0.7950711004570042,0.47024682394887624,-0.8545167297056019,-0.27099814288188406,0.38248885201391014,-1.5139518293017913,-0.8272721588162577,-0.13149952949399765,0.4156451779554631,-0.31782072208942397,0.5199959227171695,-1.225183017352549,-1.1228510822272748,2025-09-02 21:39:00,B,1756849140,30s
-0.4114994768074898,-0.606824438397454,1.3345028872754616,0.6042709102456552,2.3996352898212208,1.534567142346257,0.17079247637423536,-0.5283630254163467,0.2780810785101574,0.2211540207698941,-1.005398058118212,0.24320495428029543,1.0157310654980753,-1.0188708789920151,0.5114086154471058,-0.0938339505955788,-1.062893239351771,0.430417438491629,1.1067065379049728,-0.10584700863604089,1.138990986501964,-0.47382677292356123,-1.935856599304515,-0.6977780628869816,-1.2248877276181585,-0.6631583250062476,0.8197962272413328,0.4092335627070246,0.39508950941553206,-0.5437701741730002,-1.0041331871162007,-1.4420760013239853,2025-09-02 21:39:30,B,1756849170,30s
-1.0884818031923607,-0.35220356460899876,1.966096813352606,1.3468077787471668,6.294809423355063,5.565480998153387,-0.38926699623797945,0.0035858014481923196,0.41146207148186664,0.34008383118384544,0.12673846359614274,-1.9670287431102473,0.5525493153452281,0.13079626448677673,-2.2702176882133522,0.9727815911714781,1.3396533684541574,-0.1291183189084646,-2.5324398656697076,0.9566527561278843,2.5687099789491503,-1.026185991658728,3.9664342984107206,1.0910396282527837,-2.547448973774042,3.1875190767453714,0.4400181141187871,-0.6756048929310813,-1.3930189773977069,1.329995509652281,0.2624276335362286,-0.4966823221572539,2025-09-02 21:40:00,B,1756849200,30s
