datetime,packet_count_sum,packet_count_mean,packet_count_max,total_bytes_sum,total_bytes_mean,mean_packet_size_mean,packet_rate_mean,byte_rate_mean,flow_id_nunique,src_ip_nunique,dst_ip_nunique,direction_<lambda>,timestamp_numeric,time_since_start,hour_sin,hour_cos,packets_per_flow,packet_count_sum_ma2,packet_count_sum_diff,packet_count_sum_lag1,total_bytes_sum_ma2,total_bytes_sum_diff,total_bytes_sum_lag1,time_window
2025-09-02 16:38:30,19.223465780306938,19.378329365566707,2.7626828398144845,17.28701202687362,17.157050644065745,1.8283675962220438,-1.9757525523953445,-1.989444370372239,1.1339360807401178,0.7397951610509129,0.6670681924646992,A,1756831110,-1.0,-0.0391074296599099,0.6372002497672042,19.37812455030549,14.798941146264392,0.5361597223348525,-1.273227064143608,13.260580644014663,0.5441865599768552,-1.260124833857851,30s
2025-09-02 16:39:00,2.1149102078518514,2.032415745048145,0.8882625758116304,2.146564483353466,2.02788194065646,0.6348035796078609,-0.7942226647190924,-0.8072789666805933,0.8705494813568825,0.33249220721389344,0.9759753730843873,A,1756831140,-0.9920318725099602,0.0,0.6362526680418806,2.0323944518364154,8.183756018985354,-49.330057144092855,19.223465780306938,7.417878168337562,-44.03850882969854,17.28701202687362,30s
2025-09-02 16:39:30,0.788471882685937,0.8706255509016342,0.2719229397074563,0.8336322612703966,0.8996039447638602,0.010733022589005364,-0.5608659487201713,-0.5968245378753849,0.24635548079618727,0.10236010093513433,0.3081041290236231,A,1756831170,-0.9840637450199203,0.0390002389135362,0.633412520121553,0.8706113302275872,1.055690944376471,-3.3300030815641373,2.1149102078518514,1.068514821354574,-3.3218852424693464,2.146564483353466,30s
2025-09-02 16:40:00,0.38840065735049173,0.4061200873522281,0.8963967178023546,0.40558900169273093,0.4084182019228111,0.00014799095478389585,-0.2209965440106577,-0.23986693155949615,0.21425567703952902,0.02873682648062936,0.4748711771397979,A,1756831200,-0.9760956175298805,0.07778639013671006,0.6286875906542551,0.40611226498862296,0.38811966682396953,-0.6299257721480664,0.788471882685937,0.39667194963274394,-0.7162333979207668,0.8336322612703966,30s
2025-09-02 16:40:30,0.29355967162152635,0.35346045799349096,0.12978951123795934,0.3112401375192402,0.3572134121604153,0.10779811326554158,-0.13401511592373855,-0.13339539162570344,0.04520605550883095,-0.03538667062490723,0.3316603091748645,A,1756831230,-0.9681274900398407,0.11625214352501116,0.6220908303432306,0.3534517636419694,0.19675717078642338,0.25972720048007525,0.38840065735049173,0.19508069904772535,0.2663660622856338,0.40558900169273093,30s
2025-09-02 16:41:00,-0.041763272210619255,0.02054008242396099,-0.03160899036746343,-0.012031236743977474,0.044497545819260895,-0.14240013457030593,0.14197075518488006,0.1303358342368381,-0.22000280347631063,-0.15686507347484044,0.054339824667068194,A,1756831260,-0.9601593625498008,0.15429206712212395,0.6136403204499572,0.020534209450492977,0.030430211326091666,-0.44120429688978274,0.29355967162152635,0.033920945084487446,-0.4077211802370067,0.3112401375192402,30s
2025-09-02 16:41:30,0.23022105821558278,0.3455293848590694,0.5175169461291473,0.2358020272372126,0.3342760492663691,-0.41433263085406546,0.19457243147649197,0.14584960745998932,-0.14472946453602467,-0.13560932165652367,0.02569765107408151,A,1756831290,-0.952191235059761,0.19180189614159132,0.6033592232346643,0.3455188460564615,0.005939736276283082,1.3289110184839785,-0.041763272210619255,0.004809359549234012,1.273958575218982,-0.012031236743977474,30s
2025-09-02 16:42:00,-0.048388712268193065,0.02115129363005914,0.21027470567249376,-0.04289113598810644,0.013885843076735491,-0.5787725139361286,0.3149400063127362,0.26838799355377585,-0.24845808802915614,-0.1585275345109099,-0.005353677307100314,A,1756831320,-0.9442231075697212,0.22867881874934728,0.5912757184701887,0.021145146592258364,0.003377947097475648,-0.2759027090733142,0.23022105821558278,-0.007099483250461545,-0.2764557867929484,0.2358020272372126,30s
2025-09-02 16:42:30,-0.15834282386197124,0.025228255003884953,-0.15190866928291116,-0.127892570163496,0.05245129588113923,-0.3128148204161896,0.2589429473830316,0.2235474989737597,-0.7007989907485281,-0.33344218494879024,-0.42347587499163486,A,1756831350,-0.9362549800796812,0.2648217578638073,0.5774229262031759,0.02521738210913731,-0.14686395981462172,0.2156770520784339,-0.048388712268193065,-0.14744931891519078,0.29389058711119065,-0.04289113598810644,30s
2025-09-02 16:43:00,-0.2711682067908906,-0.13214952851414777,-0.31387798787013915,-0.2588516093063843,-0.12867358222593045,-0.4133692141912381,0.32639842605385355,0.28789460208891915,-0.7176198486122792,-0.36538518628469646,-0.4903968413303888,A,1756831380,-0.9282868525896414,0.30013164820112365,0.5618388159743339,-0.13215743569546373,-0.23300376235891154,0.2073081726324667,-0.15834282386197124,-0.2307885193237762,0.15856341813447636,-0.127892570163496,30s
2025-09-02 16:43:30,-0.44687962547344445,-0.3228391141479673,-0.15875847306457366,-0.42582679201224904,-0.3037405991157358,-0.11332972376782441,0.3066243654135621,0.298716093776452,-0.9427389963554808,-0.409084162089951,-0.6820584889245801,A,1756831410,-0.9203187250996016,0.334511707806242,0.544566102746562,-0.32284531894146645,-0.3445692507842431,0.024014575257743104,-0.2711682067908906,-0.345761409694487,0.05250996410258362,-0.2588516093063843,30s
2025-09-02 16:44:00,-0.5460089699406826,-0.5000629096906857,0.2398144844809133,-0.5260396963588105,-0.4804902760847976,-0.07228647325869943,0.4645642152779091,0.522035177633259,-0.8418138491729745,-0.3888971352233932,-0.5650806397644382,A,1756831440,-0.9123505976095617,0.3678677033255136,0.5256521298262057,-0.5000644193083382,-0.4508390361590949,0.24722794383984517,-0.44687962547344445,-0.44886935899422636,0.24909875786564545,-0.42582679201224904,30s
2025-09-02 16:44:30,9.780091776812444,15.701926076182524,2.8424545130217624,8.302465408093598,13.196359634044528,0.734318915358285,0.5206003776880713,0.9193778583171193,-1.0466077936641436,-0.27893721240908415,-0.8726494010573512,A,1756831470,-0.9043824701195219,0.40010820829376675,0.5051487390983455,15.71097908334062,3.503516364037988,30.63359121159533,-0.5460089699406826,2.919380773599596,26.540680566288405,-0.5260396963588105,30s
2025-09-02 16:45:00,10.012590561901122,7.142556404875854,0.9777381377095968,9.459024518339266,6.618429767486377,1.2846365267186175,-1.4279924010441316,-1.4886491841183809,3.1650546677880573,1.228321211221612,2.598139597135783,A,1756831500,-0.896414342629482,0.4311448537278936,0.48311212893179334,7.142530927039432,7.586098922929734,1.2138227073433132,9.780091776812444,6.772619539449663,3.9498007179483277,8.302465408093598,30s
2025-09-02 16:45:30,1.6136767482666647,1.578852545797053,0.6857652515162326,1.6853886211312614,1.6241485319762712,-0.2845555450814331,-0.46224888363722766,-0.572712839107325,0.7152368937482478,0.15532135965563307,0.6670681924646992,A,1756831530,-0.8884462151394422,0.4608925703400899,0.4596027001432696,1.5788346416631667,4.4284771698110506,-23.94411015780852,10.012590561901122,4.21908796029388,-22.346130273741593,9.459024518339266,30s
2025-09-02 16:46:00,0.8215694057507039,0.7317441189173138,0.49796646450231896,0.8693336134351934,0.7627102254010562,-0.8635483227875035,-0.2582475984033545,-0.3913203637885028,0.6626717129240258,0.0990351788629954,0.5251957438265409,A,1756831560,-0.8804780876494024,0.48926982170686006,0.4346848904429635,0.731736194408164,0.8746817486147548,-1.77259137918917,1.6136767482666647,0.9043241020178894,-1.858776214059758,1.6853886211312614,30s
2025-09-02 16:46:30,0.46188888105739945,0.3506565040607189,0.4955404923296468,0.4919536700750215,0.36752300039378577,-1.067412862966998,-0.060963105579265445,-0.2067357073082912,0.612910008410429,0.10354757310375538,0.4711236030248277,A,1756831590,-0.8725099601593626,0.5161988277546863,0.40842699781524766,0.35065297411390656,0.42933205578561295,-0.5121992096058301,0.8215694057507039,0.44377725734551066,-0.5670497500885063,0.8693336134351934,30s
2025-09-02 16:47:00,0.14123390474353315,0.062265777923311935,-0.3389939350695683,0.14633404570777567,0.055099483717780375,-0.9084284993234103,0.10129944083302925,-0.02192299030750099,0.37040930754135126,0.020068279649695712,0.27169912333534096,A,1756831620,-0.8645418326693227,0.541605777949804,0.380900993318651,0.06226418507665158,0.16627388768003168,-0.39845164917743864,0.46188888105739945,0.16477154419653756,-0.47352803462597026,0.4919536700750215,30s
2025-09-02 16:47:30,0.07359951329354113,-0.02549698422390022,0.24352479486264716,0.10868253820764436,0.0027879921689297907,-0.8432251761932469,0.2632581101076381,0.1574686797616596,0.40250911129800954,0.02600564049280095,0.4031319012246537,A,1756831650,-0.8565737051792829,0.5654210336077433,0.35218232381818976,-0.025497133147883207,0.0161381243285344,0.33902611760762497,0.14123390474353315,0.01686711900829487,0.433317598870164,0.14633404570777567,30s
2025-09-02 16:48:00,0.10383318432894234,0.16824181345859227,0.6338209061719586,0.13159056110597142,0.1872628465740173,-0.802513771489303,0.2550620880880459,0.15199412813430221,-0.10155592935239698,-0.12729701647617633,-0.14026634544602823,A,1756831680,-0.848605577689243,0.5875793187681244,0.3223497051907541,0.16823461032715648,0.0016767813829932196,0.6242816441496235,0.07359951329354113,0.011177604630634615,0.611641726273635,0.10868253820764436,30s
2025-09-02 16:48:30,-0.26173084984438005,-0.18253678125228406,0.03888690688547984,-0.2541025899995556,-0.1847541168862679,-0.5473950889971929,0.28408094514541565,0.21398882957840915,-0.5145079899074853,-0.24378803621790116,-0.4288295522987352,A,1756831710,-0.8406374501992032,0.608019899111526,0.2914849065703624,-0.18254174520477795,-0.12798188100733107,-0.5293478437160419,0.10383318432894234,-0.12882126664594223,-0.5915288949458113,0.13159056110597142,30s
2025-09-02 16:49:00,-0.16127344964331689,-0.07819057220171988,-0.13036032821976454,-0.15120329335148608,-0.07835784534210966,-0.6276834858325752,0.3332743519467462,0.27532827564222984,-0.40699467339500983,-0.26290633813270003,-0.22565749849427827,A,1756831740,-0.8326693227091634,0.6266867484280342,0.2596725262246468,-0.07819645832306465,-0.23048787309820143,0.8289623778862633,-0.26173084984438005,-0.23795148547173936,0.8471847365555991,-0.2541025899995556,30s
2025-09-02 16:49:30,-0.461963074115155,-0.48190918794452425,-0.3976453799500535,-0.4507651224704984,-0.475229664089978,-0.584896077849369,0.37140431592663736,0.3147631556187567,-0.4219932716568545,-0.29389936173370934,-0.22860202101318344,A,1756831770,-0.8247011952191236,0.6435287021811893,0.22699975967688385,-0.48190791000114513,-0.307909559948879,-0.34025874326245736,-0.16127344964331689,-0.3138436057038573,-0.3379058444648316,-0.15120329335148608,30s
2025-09-02 16:50:00,-0.48460679534215984,-0.5188455052531952,0.008633606849803781,-0.47064739889063506,-0.5079816248046948,-0.47162549590464603,0.4181705611759904,0.40405093708865275,-0.39451920381272776,-0.28831824254119043,-0.1346449842735729,A,1756831800,-0.8167330677290837,0.6584995977464239,0.19355616070912443,-0.5188433774299317,-0.4329294618664915,0.4701601872725995,-0.461963074115155,-0.43711716554475094,0.4856410334496922,-0.4507651224704984,30s
2025-09-02 16:50:30,-0.8066343432245044,-0.9144974225849405,-0.5577595433464145,-0.8051058259840261,-0.9159219535678464,0.434796987043904,1.1631259160706668,1.530897890881004,-0.6743061396131202,-0.3771411607540448,-0.45399183564210666,A,1756831830,-0.8087649402390438,0.6715584009396074,0.15943339590150352,-0.9144894312550021,-0.5661998740620997,-0.4024522763027718,-0.48460679534215984,-0.5738573312301246,-0.4406626746810916,-0.47064739889063506,30s
2025-09-02 16:51:00,19.802594531229712,15.719257648164115,5.0164109882269,17.887380630148385,13.951705192429607,1.6188148977237387,-1.7470696715421818,-1.7753333605043247,2.6804737874964957,1.1554104200682795,2.200361373218229,A,1756831860,-0.8007968127490039,0.682669318488894,0.1247249933805142,15.719477580050347,7.278038753874599,60.60577063431565,-0.8066343432245044,6.5105102547017415,55.58624706406337,-0.8051058259840261,30s
2025-09-02 16:51:30,1.9347620443155134,1.7344751354655146,0.892829111666072,1.9733096324067079,1.7403213311343302,0.21025099294685412,-0.6399178897163942,-0.6944101300317894,1.062587608634707,0.38497847706694377,1.1280198086060362,A,1756831890,-0.7928286852589641,0.6918018961415913,0.08952608646491524,1.7344597241206883,8.338025643710491,-51.54311756978121,19.802594531229712,7.582701471674499,-46.3165272770877,17.887380630148385,30s
2025-09-02 16:52:00,0.8124065631178891,0.7018085040701643,0.35797359971459153,0.8448296563230975,0.7162555042284717,-0.27242174036062156,-0.38455596548545146,-0.4549130624882787,0.713134286515279,0.21766364850823808,0.7508532423208191,A,1756831920,-0.7848605577689243,0.6989311021371507,0.053933152911916186,0.7018014288985917,0.9952895209052611,-2.7351638905558167,1.9347620443155134,1.0059768087870806,-2.7787455318565777,1.9733096324067079,30s
2025-09-02 16:52:30,0.4950531778741463,0.43197541266966255,0.048876204067070994,0.5038853629271721,0.42429823853867044,-0.4460586464473041,-0.21317223107344707,-0.27649310037824143,0.4859125315391085,0.11720350304289744,0.5749849427825737,A,1756831950,-0.7768924302788844,0.704037395817484,0.018043750478351023,0.43196974188070175,0.4386124454759176,-0.38882851906515076,0.8124065631178891,0.4389256174382156,-0.4597610138069914,0.8448296563230975,30s
2025-09-02 16:53:00,0.07981689153345921,-0.005897356727040694,-0.3362825544059936,0.09355897692795592,-0.002234190977436504,-0.38484813243717014,-0.028860546298517933,-0.08711314498230638,0.3587748808522568,0.04536143684132403,0.544468982132102,A,1756831980,-0.7689243027888446,0.7071067811865474,-0.018043750478351026,-0.0058980893691790055,0.15534970717286625,-0.6741272956301259,0.4950531778741463,0.14901007525966095,-0.6640641357021314,0.5038853629271721,30s
2025-09-02 16:53:30,0.17838978806753053,0.09436774560063188,0.2844809133071709,0.19855515919346825,0.10402464777265938,-0.6569746795139122,0.22952524789537307,0.15985450872293658,0.40713484721054105,0.024343179456731482,0.5466104530549422,A,1756832010,-0.7609561752988048,0.7081308452723941,-0.05423043662647954,0.09436598844379111,0.03290880690334768,0.8234696249682383,0.07981689153345921,0.03118307363860209,0.8533592444412299,0.09355897692795592,30s
2025-09-02 16:54:00,-0.07373306079750118,-0.07847478765168668,-0.3364252586514449,-0.07168517628237499,-0.08827756562826981,-0.3176278905197994,0.2167782816030532,0.1794972882814938,-0.03174936921783011,-0.06970461629805551,0.05059225055209797,A,1756832040,-0.7529880478087649,0.7071067811865474,-0.0904171227746079,-0.07847742141012562,-0.02646273715555339,-0.19870141806012834,0.17838978806753053,-0.03258468621644737,-0.2515655156399295,0.19855515919346825,30s
2025-09-02 16:54:30,0.0021219214518097542,-0.004503078225141622,0.2,0.015350443786384626,-0.0014404445433914932,-0.6019064935311129,0.29758816083908457,0.2408796715259742,0.0372161480235492,-0.11755974469348375,0.2650070267014656,A,1756832070,-0.7450199203187251,0.704037395817484,-0.12650462373131008,-0.0045063112950836865,-0.09461837804033169,0.7572538397911024,-0.07373306079750118,-0.10328343149381557,0.8004724145675751,-0.07168517628237499,30s
2025-09-02 16:55:00,-0.12527497802030663,-0.10836588400326412,-0.05158758473064574,-0.08942790541714304,-0.07523164636405986,-0.38237436735562425,0.37452763037331993,0.3613575960419623,-0.15271937202130642,-0.23963188362772747,0.11537174596801178,A,1756832100,-0.7370517928286853,0.6989311021371507,-0.1623940261648751,-0.10836901815507526,-0.11454754872921774,0.16483665006947035,0.0021219214518097542,-0.11013035508329325,0.2356553086682934,0.015350443786384626,30s
2025-09-02 16:55:30,-0.29566675446178503,-0.3125576232668192,-0.1422047805922226,-0.27553813896553536,-0.2965510281504836,-0.4510909684602744,0.37404434831343947,0.3424006486890877,-0.2111718530978413,-0.22122606501410122,0.00026768386535501573,A,1756832130,-0.7290836653386454,0.6918018961415913,-0.1979869597178743,-0.31255780782144077,-0.22969036202126028,0.03951970849484514,-0.12527497802030663,-0.22238433157279502,-0.003835275397517254,-0.08942790541714304,30s
2025-09-02 16:56:00,-0.40284604569550425,-0.4163464667924957,0.27577595433464147,-0.38801627284075807,-0.40569585222036575,-0.42121776391229526,0.45693013448068936,0.4479923411502084,-0.362139052425007,-0.29389936173370934,-0.04738004416783778,A,1756832160,-0.7211155378486056,0.682669318488894,-0.23318586663347327,-0.4163459443576864,-0.33701584551235064,0.2237648063750534,-0.29566675446178503,-0.33760965688366945,0.2129824548046579,-0.27553813896553536,30s
2025-09-02 16:56:30,-0.6477795872640197,-0.7285195282050458,-0.5078130574384588,-0.6379509471617467,-0.7204389219015621,-0.15493217347018756,0.8290053174994684,0.9798768247812202,-0.454233249229044,-0.3075552916728514,-0.24439536906912937,A,1756832190,-0.7131474103585658,0.6715584009396075,-0.26789426915446257,-0.7285139615936778,-0.4731636088236855,-0.1777467819279779,-0.40284604569550425,-0.47746484977533105,-0.1917732866882635,-0.38801627284075807,30s
2025-09-02 16:57:00,18.212422143660017,16.04722068825557,2.340420977524081,16.45531376121586,14.256976938482953,1.7654004019699088,-1.3999568820890227,-1.308309824254696,1.9511494252873562,0.9569838206917025,1.5608646188850968,A,1756832220,-0.7051792828685259,0.6584995977464239,-0.3020170339620836,16.054394101744897,6.724606228905761,55.50789042606679,-0.6477795872640197,6.022380402866958,50.877164598980556,-0.6379509471617467,30s
2025-09-02 16:57:30,2.729792593307044,2.3500829299790316,1.0526578665715305,2.7408240650590434,2.319793317323229,0.5192171867542892,-0.7817468884578871,-0.8118554394715012,1.389753294084665,0.5082380881698085,1.4537910727430905,A,1756832250,-0.6972111553784861,0.6435287021811894,-0.33546063292984296,2.3500651485031763,8.030576517315026,-44.59097912645766,18.212422143660017,7.326250521099177,-39.839620774059455,16.45531376121586,30s
2025-09-02 16:58:00,1.3838118167283087,1.4909513300683144,4.690617195861577,1.4819344804043162,1.5711399140510367,0.08816450542442204,-0.47897702900753514,-0.5270897635838113,0.4019484160358845,0.12005343624758795,0.5351000468446765,A,1756832280,-0.6892430278884463,0.6266867484280343,-0.36813339947760587,1.4909303826483726,1.5236348718890256,-3.386963361824286,2.729792593307044,1.5480197295865536,-3.162750815590823,2.7408240650590434,30s
2025-09-02 16:58:30,0.3834223031750919,0.46585259440292986,0.2722083481983589,0.42621010063467313,0.4987752845878756,-0.12489359263166117,-0.29727104412101807,-0.33844036481218503,0.041982057751612,-0.02576814605907674,0.21361172455330255,A,1756832310,-0.6812749003984063,0.6080198991115261,-0.3999457798233213,0.46584213062012375,0.616388565756653,-2.379670326699861,1.3838118167283087,0.654809624580977,-2.564508761177496,1.4819344804043162,30s
2025-09-02 16:59:00,0.29522901542102703,0.42044734826609015,0.4617195861576882,0.33258842398264443,0.448316073825263,-0.4043823956373232,-0.07281233970949638,-0.12359046816078005,-0.12342304457527334,-0.069110880213745,-0.0013384193267750785,A,1756832340,-0.6733067729083665,0.5875793187681246,-0.43081057844371307,0.420435813307488,0.1954777105694602,0.27910321077358075,0.3834223031750919,0.21127669532231447,0.2685073450758109,0.42621010063467313,30s
2025-09-02 16:59:30,0.029261741978803043,0.01590781839207781,0.7691045308597931,0.0614037143122624,0.04162341062811418,-0.4078985780350775,0.16366894013439973,0.11373234790316047,0.08010933557611438,-0.03253673742021671,0.20129826674697182,A,1756832370,-0.6653386454183267,0.5654210336077434,-0.46064319707114876,0.015904622399352846,0.05853817367094635,-0.23905368949727254,0.29522901542102703,0.07049782003596325,-0.25434632822343956,0.33258842398264443,30s
2025-09-02 17:00:00,0.13222686753200502,0.20333160773329917,0.7051730288976097,0.16426745957039376,0.22725200125693437,-0.3427012332330528,0.22379725470059694,0.19848111939789329,-0.09861227922624054,-0.13204690515066053,0.15605969350197416,A,1756832400,-0.6573705179282868,0.541605777949804,-0.48936186657161007,0.20332386423465054,-0.004488151366454906,0.8362716317693044,0.029261741978803043,0.005542717972239016,0.8470800516191904,0.0614037143122624,30s
2025-09-02 17:00:30,0.09656968397467049,0.2034187492495288,0.07599001070281841,0.11300494083521527,0.2078644253096671,-0.4137206888193535,0.2369939802661979,0.2047190117166929,-0.22729184188393609,-0.14570283508980258,-0.08432041758682995,A,1756832430,-0.649402390438247,0.5161988277546866,-0.5168878710682066,0.2034097136158697,0.02153710219473327,0.4322299171221435,0.13222686753200502,0.025455644131589197,0.3932384951254887,0.16426745957039376,30s
2025-09-02 17:01:00,-0.23636424339774528,-0.08959579905861673,-0.11123795932929005,-0.20814433864314888,-0.06406016985699532,-0.2984311913904499,0.281359547718709,0.252194085588248,-0.694210821418559,-0.29900549205877985,-0.5243926922304758,A,1756832460,-0.6414342629482072,0.4892698217068602,-0.5431457636959225,-0.08960431287037948,-0.12098214349748769,-0.4342410431905542,0.09656968397467049,-0.1182581614966249,-0.4014724412146498,0.11300494083521527,30s
2025-09-02 17:01:30,-0.3358645531537614,-0.28564360104863723,0.3185872279700321,-0.31810414133293474,-0.2726445306145466,-0.32816307277429696,0.2960499901086113,0.26517167043785483,-0.5131062517521727,-0.28689327593884517,-0.25992103325972027,A,1756832490,-0.6334661354581673,0.46089257034008974,-0.5680635733962288,-0.28564662693824383,-0.28818693889143093,0.2461466932654308,-0.23636424339774528,-0.2846232636133555,0.22039795502735132,-0.20814433864314888,30s
2025-09-02 17:02:00,-0.416364020818572,-0.3671635541763676,-0.557474134855512,-0.4027015824408453,-0.3586662977792256,-0.5846019739418605,0.3225409648835508,0.24883990194890707,-0.6276282590412111,-0.29805551432388305,-0.5377768854982266,A,1756832520,-0.6254980079681275,0.4311448537278936,-0.5915730021847524,-0.3671659848146686,-0.35778555845139415,0.3015283476869347,-0.3358645531537614,-0.3597029524224369,0.29508018866128904,-0.31810414133293474,30s
2025-09-02 17:02:30,-0.6143481954393527,-0.7046330914879777,-0.5571887263646094,-0.6114567586020224,-0.7058978954849126,-0.03847561225090876,0.5056267354051336,0.5711724712177999,-0.33732828707597423,-0.2551877690366632,-0.10064913337348591,A,1756832550,-0.6175298804780877,0.4001082082937668,-0.6136096123513046,-0.7046273272582764,-0.4654638975628578,-0.04090370923009553,-0.416364020818572,-0.4729078004454404,-0.07051577316487306,-0.4027015824408453,30s
2025-09-02 17:03:00,16.280635240960503,16.890262651244637,2.222119158044952,14.530486528851165,14.83825387827243,1.7794789096771606,-0.8096506432716647,-0.5993301768650365,0.9507289038407626,0.5400623422888526,0.6255771933346718,A,1756832580,-0.6095617529880478,0.3678677033255138,-0.6341130030791647,16.906596533590353,5.990589082417606,49.779879008060725,-0.6143481954393527,5.2898132087455485,45.13128633043134,-0.6114567586020224,30s
2025-09-02 17:03:30,4.006536408388267,3.118893135775526,2.765679628968962,3.8878224369669816,2.964569029010235,0.660799585937993,-1.0329102210575918,-1.0684598139210686,2.0666526492851136,0.7967938251447232,1.8438064645653482,A,1756832610,-0.601593625498008,0.334511707806242,-0.6530269759995212,3.1188771569141567,7.777297900509058,-35.23909153326738,16.280635240960503,7.026086170238307,-30.794296003319463,14.530486528851165,30s
2025-09-02 17:04:00,0.9868492805128224,0.8465943815408253,0.4894042097752408,1.0308823612586808,0.8710526495505835,0.2895538535927447,-0.5045921654306048,-0.525618297533562,0.825273338940286,0.24390678343476324,1.0080974369269893,A,1756832640,-0.5936254980079682,0.3001316482011237,-0.6702996892272931,0.8465866006544895,1.8638106398878895,-8.265306453444053,4.006536408388267,1.8165855617566053,-7.868384387859593,3.8878224369669816,30s
2025-09-02 17:04:30,0.5862438651615368,0.5393132206094947,1.4146985372814842,0.6283475471560908,0.5676958035294795,-0.20855144323349956,-0.3019281754096266,-0.34461415579980254,0.4769414073451079,0.13335312453614367,0.6186174128354414,A,1756832670,-0.5856573705179283,0.26482175786380746,-0.685883799456135,0.5393060342851235,0.5413221184533449,-0.6314827729752231,0.9868492805128224,0.5587533904575477,-0.6411210043663136,1.0308823612586808,30s
2025-09-02 17:05:00,0.3477057651715529,0.30439374793049345,0.2861933642525865,0.40210561186770033,0.35068497654604897,-0.2156723161630068,-0.028878800506615083,-0.04137186742101829,0.36508270255116343,0.05070506160011875,0.5666867429565683,A,1756832700,-0.5776892430278885,0.22867881874934753,-0.6997365917231478,0.3043887539579715,0.2941912219275384,-0.1591060220250742,0.5862438651615368,0.31610828635775606,-0.12200743834057245,0.6283475471560908,30s
2025-09-02 17:05:30,1.3738180118486314,1.5759675336371983,14.548341063146628,1.3045925123924873,1.4609615114149361,-0.31852250833860046,0.2858909774471817,0.29745518125818765,0.23191757779646763,-0.06103606946712187,0.5701666332061835,A,1756832730,-0.5697211155378487,0.19180189614159174,-0.7118200964876233,1.575942910202643,0.5987142285442985,3.5269636861994584,0.3477057651715529,0.5770713867676822,3.201657448047721,0.40210561186770033,30s
2025-09-02 17:06:00,0.024951125323203507,0.08619180558569217,0.3255797359971459,0.05933397702895418,0.11491504101482412,-0.5783818228395784,0.25140370762575504,0.19378814562893643,-0.15706476030277544,-0.11221611993468904,0.005889045037810346,A,1756832760,-0.5617529880478087,0.15429206712212382,-0.7221011937029164,0.08618542004646346,0.4739180887274104,-3.3953754912932297,1.3738180118486314,0.4447957275635819,-3.1226127076092625,1.3045925123924873,30s
2025-09-02 17:06:30,-0.2160130876553881,-0.09898904845985829,-0.32101320014270424,-0.20201075429545629,-0.09358157402091855,-0.30284464126332644,0.2645107588382727,0.24567980752192312,-0.5777263807120829,-0.24105685023007273,-0.41865756541524457,A,1756832790,-0.5537848605577689,0.11625214352501115,-0.7305517035961899,-0.09899619112530428,-0.14080517062577366,-0.16617740078174417,0.024951125323203507,-0.13660284806229056,-0.22537144118800273,0.05933397702895418,30s
2025-09-02 17:07:00,-0.20931345454005867,-0.04573263304266757,0.5860149839457723,-0.18960590476267428,-0.03285432652242612,-0.4309331496314553,0.29993001271190883,0.2642985400988346,-0.7083683767872162,-0.3188362772747514,-0.5238573244997657,A,1756832820,-0.545816733067729,0.07778639013671014,-0.7371484639072141,-0.045742173011802896,-0.23138579024598052,0.5556871077087759,-0.2160130876553881,-0.23266881040969853,0.5807139893335567,-0.20201075429545629,30s
2025-09-02 17:07:30,-0.27506334232305885,-0.23108877301769484,0.2536567962896896,-0.2588070084717346,-0.22096057915525735,-0.5526626475730665,0.4052466250411254,0.3679673171411897,-0.4111998878609476,-0.27394982930087575,-0.14562002275312855,A,1756832850,-0.5378486055776892,0.039000238913536406,-0.7418733933745121,-0.23109194229838723,-0.25421813075452293,0.34451887052564995,-0.20931345454005867,-0.25458649903356956,0.3404163795761592,-0.18960590476267428,30s
2025-09-02 17:08:00,-0.518067864389929,-0.5010128688501245,-0.37466999643239385,-0.5135585729348885,-0.5036877066790746,-0.6694448309600254,0.39896203880614567,0.32416585558951905,-0.6719231847490889,-0.3272673296719608,-0.5814093555510942,A,1756832880,-0.5298804780876494,-1.5555021332081754e-17,-0.7447135412948398,-0.5010130285412073,-0.37360094898080665,-0.1721242789410232,-0.27506334232305885,-0.3795999143167965,-0.20595714389039677,-0.2588070084717346,30s
2025-09-02 17:08:30,-0.5840551699577471,-0.5988153108588079,-0.31259364966107744,-0.5711912543580752,-0.5883706886607338,-0.3354856627974359,0.5087720181140488,0.5300874634805266,-0.6574852817493693,-0.3465043788036218,-0.45265341631533157,A,1756832910,-0.5219123505976095,-0.0391074296599098,-0.7456611230201634,-0.5988134413311893,-0.49307556704328503,0.34382687015802477,-0.518067864389929,-0.5001490725603907,0.3744808578835371,-0.5135585729348885,30s
2025-09-02 17:09:00,13.77440116928259,17.153316235937595,3.2080627898679985,11.406763005546825,14.003714146247738,1.0205692793405357,-0.27220243098450364,-0.011489064043380025,0.006097560975609756,0.14843402107763098,-0.03988489593789735,A,1756832940,-0.5139442231075697,-0.0782148593198196,-0.7447135412948398,17.164226688738324,5.033243015681994,42.38667683042207,-0.5840551699577471,4.099905991681745,35.81457633054554,-0.5711912543580752,30s
2025-09-02 17:09:30,5.75195035000575,4.410738368270583,1.1565465572600784,5.38230461885274,4.0328795329120855,1.2288212236233347,-1.2375060650070728,-1.2468112633753174,2.3835856462012894,0.9673148285587057,2.1192531620156596,A,1756832970,-0.5059760956175299,-0.11721509823335567,-0.7418733933745121,4.410717055304321,7.483119587933485,-22.846835449881333,13.77440116928259,6.397361531047845,-17.19548674688705,11.406763005546825,30s
2025-09-02 17:10:00,1.5481716975742579,1.4815651857785903,0.615554762754192,1.5528698455534502,1.4557780060364023,0.07280302790665849,-0.5749690760953239,-0.6028081762555233,0.7641575553686571,0.2937806145168473,0.9478685672221107,A,1756833000,-0.49800796812749004,-0.15600124945652974,-0.7371484639072141,1.4815490887488172,2.7557321108655146,-11.716571786928762,5.75195035000575,2.594741707858316,-10.732000852706392,5.38230461885274,30s
2025-09-02 17:10:30,0.6330745232168626,0.6715789170064741,0.3564038530146272,0.6913045340141963,0.7182205653406378,-0.06641337981251126,-0.3185724988494072,-0.33193575475377085,0.2799971965236894,0.10200385928454801,0.42909723616409023,A,1756833030,-0.4900398406374502,-0.19446700284483076,-0.7305517035961899,0.6715679315918084,0.7764702676108662,-2.1310691946305096,1.5481716975742579,0.7844836074748929,-1.9927862562002032,1.5528698455534502,30s
2025-09-02 17:11:00,1.4551484417603044,1.9005683313922221,20.641098822689976,1.6612531056967061,2.121471169334834,-0.18224885896609433,-0.012047579359055574,-0.021636256879576106,-0.12019904681805439,-0.049636336648359806,0.021682393093756275,A,1756833060,-0.4820717131474104,-0.2325069264419438,-0.7221011937029164,1.900532672809668,0.7405019442918431,2.9322542452600677,0.6330745232168626,0.8263087345420236,3.400305680014313,0.6913045340141963,30s
2025-09-02 17:11:30,0.1184937325414461,0.28644315541871834,0.08597930788440956,0.1563647087815973,0.31834525230021443,-0.05094950987150422,0.18636381258822723,0.20700034359339825,-0.37082982898794503,-0.18192073623274455,-0.07950210801043966,A,1756833090,-0.47410358565737054,-0.2700167554614111,-0.7118200964876235,0.28643112225757683,0.541534405574545,-3.3597807223835088,1.4551484417603044,0.6198753228320482,-3.8871210881142626,1.6612531056967061,30s
2025-09-02 17:12:00,-0.10079126896096333,-0.03054599424343717,0.5135212272565108,-0.0850292288984321,-0.023815203234025403,-0.48373353187915197,0.317205441628665,0.286413304392004,-0.30214465937762824,-0.15912127059522044,-0.16783778357759485,A,1756833120,-0.46613545816733065,-0.30689367806916723,-0.6997365917231478,-0.030551749643176185,-0.060084427161850286,-0.10298911721296852,0.1184937325414461,-0.05401546475810553,-0.16662415823794316,0.1563647087815973,30s
2025-09-02 17:12:30,-0.032244302900577594,0.02795838174503471,0.7252943275062433,-0.001968254224757503,0.05244894960491242,-0.38522241541883373,0.3570396237413364,0.3583623842612509,-0.20472385758340342,-0.21220127653258128,0.11430101050659172,A,1756833150,-0.4581673306772908,-0.34303661718362716,-0.6858837994561351,0.027952524482111,-0.11836871691082076,0.7359532034751394,-0.10079126896096333,-0.11511619459316536,0.7887686386770869,-0.0850292288984321,30s
2025-09-02 17:13:00,-0.07803625814732515,0.01096908487123796,0.03803068141277203,-0.08776474675694565,-0.01639141556736411,-0.49629770264504275,0.37426517877973403,0.34711889626121706,-0.3367675918138492,-0.23167582009796645,-0.08726494010573513,A,1756833180,-0.450199203187251,-0.3783465075209434,-0.6702996892272932,0.010962278414626173,-0.10957027636053812,0.40269015142914294,-0.032244302900577594,-0.1161718316156678,0.29154945126059695,-0.001968254224757503,30s
2025-09-02 17:13:30,-0.4769278138644567,-0.42471005974781617,-0.44545130217623974,-0.4757409434854098,-0.4333527612118485,-0.5355397129190701,0.4132602346753662,0.38680543777427384,-0.7389262685730306,-0.3684726139231112,-0.476744964197283,A,1756833210,-0.44223107569721115,-0.4127265671260617,-0.6530269759995213,-0.42471227407936885,-0.2815113695531499,-0.6264873953214287,-0.07803625814732515,-0.29900083032886077,-0.5982515712257274,-0.08776474675694565,30s
2025-09-02 17:14:00,-0.30315283398932363,-0.17422177984831203,0.2117017481270068,-0.2749266550585992,-0.14737724598663704,-0.35828132704324395,0.3798916185749284,0.36492155151078604,-0.7310765349032801,-0.36194151699569543,-0.4965535702335542,A,1756833240,-0.4342629482071713,-0.4460825626453332,-0.634113003079165,-0.17422897810316224,-0.368554826734981,1.042660741413519,-0.4769278138644567,-0.3712266573292346,1.135506085049849,-0.4757409434854098,30s
2025-09-02 17:14:30,-0.5404148133859115,-0.45433035930220417,1.1645379950053514,-0.5171686549858805,-0.4300331440088341,-0.2116776058182475,0.5326413528720155,0.5764671617899447,-0.9847911410148584,-0.46703280391865815,-0.7430904102255237,A,1756833270,-0.4262948207171315,-0.4783230676135865,-0.6136096123513047,-0.45433408286312077,-0.3931026766824113,-0.1553865200490888,-0.30315283398932363,-0.3872136215091032,-0.16912136981190973,-0.2749266550585992,30s
2025-09-02 17:15:00,11.785337225995763,16.498237573235034,2.1303603282197647,9.511749815173172,13.15809978713968,0.9568227951673726,0.030113585099035042,0.37121602571810147,-0.5140874684608915,-0.04761763396170402,-0.4133038881081443,A,1756833300,-0.41832669322709165,-0.5093597130477132,-0.5915730021847526,16.507193238775233,4.281026551668247,36.461964307918535,-0.5404148133859115,3.3894672643704107,30.07542835172616,-0.5171686549858805,30s
2025-09-02 17:15:30,8.947000189192297,6.580593609221069,4.033892258294684,8.48351894121497,6.12058978469159,1.2569052510765477,-1.3859654207643963,-1.4155074779816472,2.897883375385478,1.1554104200682795,2.4503781034598138,A,1756833330,-0.4103585657370518,-0.5391074296599098,-0.5680635733962288,6.580566581739436,7.949425462118941,-7.736726297635846,11.785337225995763,6.862834848119662,-2.4835511414464793,9.511749815173172,30s
2025-09-02 17:16:00,1.3166522608479525,1.3568376935315858,0.22169104530859793,1.333596629081845,1.3460181439179728,0.13181268002961083,-0.5667471550410406,-0.6091576511617429,0.5086206896551724,0.20982633219533917,0.5907782908385197,A,1756833360,-0.40239043824701193,-0.5674846810266798,-0.5431457636959227,1.356819979267526,3.901609222441044,-21.703975217736833,8.947000189192297,3.7068834979700127,-20.50953774938807,8.48351894121497,30s
2025-09-02 17:16:30,0.43747936505581175,0.5228639490654571,-0.024616482340349626,0.4735057306416622,0.5466454101344935,-0.3684534034827456,-0.1605024956207967,-0.22716608080903253,0.06637230165405102,0.00866854683093365,0.15793348055945927,A,1756833390,-0.3944223107569721,-0.5944136870745064,-0.5168878710682068,0.5228528689427742,0.6113223622966598,-2.026360889004222,1.3166522608479525,0.6158174062247538,-1.9884446863829641,1.333596629081845,30s
2025-09-02 17:17:00,0.5230387992595533,0.5660860550142353,0.817195861576882,0.5663401056037879,0.5971049021723874,-0.35996145364526766,-0.0960000575012232,-0.14262319964242184,0.21747967479674796,-0.007599821879174707,0.40393495282071873,A,1756833420,-0.38645418326693226,-0.6198206372696237,-0.48936186657161046,0.566075931963918,0.3044641973466979,0.7855393548177823,0.43747936505581175,0.31973292283554033,0.8175474793770675,0.4735057306416622,30s
2025-09-02 17:17:30,0.16991694087184261,0.3037406296759433,2.193007491972886,0.2231263407519927,0.35433416620028385,-0.39030407053688587,0.07843650954100996,0.03363088754734212,-0.23934679001962433,-0.1240908416208995,-0.11215953958375159,A,1756833450,-0.3784860557768924,-0.6436358929275632,-0.46064319707114904,0.30372976463245416,0.20100865070018892,-0.49308269945018407,0.5230387992595533,0.22311145395478807,-0.4664437194748242,0.5663401056037879,30s
2025-09-02 17:18:00,-0.047542911409779384,0.0177807354920685,0.5362112022832679,-0.031219291476958254,0.024547956875967135,-0.6461719843022095,0.3140424697368626,0.26860187004722796,-0.2347210541070928,-0.14344663796942259,-0.11430101050659172,A,1756833480,-0.3705179282868526,-0.6657941780879444,-0.4308105784437133,0.01777477335428629,-0.01961217437952634,-0.09766936438684982,0.16991694087184261,-0.007486866118123712,-0.2047618322528579,0.2231263407519927,30s
2025-09-02 17:18:30,-0.14001713859634154,-0.09160388501344488,-0.20485194434534426,-0.11594342481083024,-0.073284131797421,-0.45721071279078074,0.2624084699175525,0.22351021985674474,-0.27256798430053264,-0.14926525159566573,-0.1616810546744295,A,1756833510,-0.36254980079681276,-0.6862347584313456,-0.39994577982332175,-0.09160831975341521,-0.13945112304190233,0.2666255791448389,-0.047542911409779384,-0.13833397304720715,0.2947071296151782,-0.031219291476958254,30s
2025-09-02 17:19:00,0.04642259623767004,0.11882480140766581,-0.10453085979307884,0.0404206375818591,0.09577462018451251,-0.6871140374000156,0.28948873096787414,0.22178119520570552,-0.1717830109335576,-0.15686507347484044,-0.13223582948537776,A,1756833540,-0.3545816733067729,-0.7049016077478539,-0.36813339947760604,0.1188177358265237,-0.10311846912298166,1.0795746360240255,-0.14001713859634154,-0.11068810659140181,1.0046175573768619,-0.11594342481083024,30s
2025-09-02 17:19:30,-0.4349716397036729,-0.40239334740426275,-0.12293970745629683,-0.4236736705598132,-0.3967240531432344,-0.5605872378355009,0.37695704549320735,0.34645402872514275,-0.5938463694981777,-0.3254861214190292,-0.45693635816101186,A,1756833570,-0.3466135458167331,-0.7217435615010089,-0.33546063292984335,-0.40239482314267916,-0.21716542187045035,-0.8669575230711841,0.04642259623767004,-0.2294412850235551,-0.8223896335265881,0.0404206375818591,30s
2025-09-02 17:20:00,-0.5806200313836635,-0.5855764309404172,-0.31430610060649306,-0.5666484331128878,-0.5737343749907005,-0.017822552541482763,0.682605684901234,0.8110935916914094,-0.6950518643117466,-0.35541042006827966,-0.44167837783577596,A,1756833600,-0.3386454183266932,-0.7367144570662435,-0.30201703396208396,-0.5855750828013835,-0.4596173954952099,0.11163912180828346,-0.4349716397036729,-0.46370939051117765,0.1231818129908296,-0.4236736705598132,30s
2025-09-02 17:20:30,-0.24298968345531907,-0.2992011815128692,-0.3508383874420264,-0.21333548796302657,-0.27202076937528596,0.6903286499339846,0.07944952546962396,0.15093582515471904,0.0013316512475469583,-0.07065459403295235,0.2414508465502242,A,1756833630,-0.33067729083665337,-0.7497732602594271,-0.26789426915446274,-0.2992000933164011,-0.3853857529522971,1.5202491201323451,-0.5806200313836635,-0.3825398334914689,1.5845549748185144,-0.5666484331128878,30s
2025-09-02 17:21:00,-0.9338235021349053,-0.9925433418340206,-0.6081341419907242,-0.9334818950506809,-0.9984897936804774,0.6624841162161366,1.3361388130298075,1.8109196146399977,-1.4667087188113261,-0.5855425263470387,-1.327176604430168,A,1756833660,-0.32270916334661354,-0.7608841778087138,-0.23318586663347327,-0.9925377716349906,-0.5219552217611512,-1.477409972374048,-0.24298968345531907,-0.5241009577623588,-1.5763629027039168,-0.21333548796302657,30s
2025-09-02 17:21:30,20.883765446067212,14.99880330497651,2.3264359614698535,18.07605573488359,12.719776059443262,1.364813040940181,-1.6613402959149184,-1.681540388323086,3.4410569105691056,1.4200979664539113,2.6982533627785585,A,1756833690,-0.3147410358565737,-0.7700167554614109,-0.19798695971787467,14.998744745215967,7.646904839429177,64.12777138037855,-0.9338235021349053,6.533779667575362,56.519838747130684,-0.9334818950506809,30s
2025-09-02 17:22:00,1.408481008432041,1.412584784732786,0.10652871922939708,1.4119796872285673,1.386132747722145,0.455933681204784,-0.6017504667192666,-0.6087950485271257,0.6004345388281469,0.25364405521745587,0.7064177206718865,A,1756833720,-0.30677290836653387,-0.7771459614569703,-0.16239402616487528,1.412567512997154,8.552579073366715,-56.22834930881057,20.883765446067212,7.438893875989465,-48.52499876281439,18.07605573488359,30s
2025-09-02 17:22:30,0.5457567135443137,0.5780653526367462,0.14620049946485908,0.5785930537431978,0.5964022486178233,-0.06477870404964724,-0.3307262057379751,-0.34664784056181014,0.25532660499018783,0.030518034733560934,0.5008365120792344,A,1756833750,-0.29880478087649404,-0.7822522551373036,-0.12650462373131072,0.5780554486656311,0.6886952804843589,-1.9784182385346891,1.408481008432041,0.6866186720163584,-1.9098110722402195,1.4119796872285673,30s
2025-09-02 17:23:00,0.5045350506553102,0.6316489630495278,2.0004994648590797,0.5573507750607,0.6749704639070162,-0.14888466544637963,0.01822224957884597,0.011489064043380025,0.00455564900476591,-0.06234228885260502,0.25992103325972027,A,1756833780,-0.2908366533864542,-0.785321640506367,-0.09041712277460837,0.6316355042996777,0.3391760104078064,0.41601115850592796,0.5457567135443137,0.35681716208374814,0.48163635879144095,0.5785930537431978,30s
2025-09-02 17:23:30,0.8936924771949089,1.109717987792122,2.327006778451659,1.013574651858974,1.2288479218060215,-0.2924040214518021,0.24807173315669204,0.24465955788218607,0.01787216148023549,-0.07979812973133442,0.21896540186040286,A,1756833810,-0.28286852589641437,-0.7863457045922139,-0.0542304366264797,1.1096972347322518,0.4737086703510913,1.6704348249185008,0.5045350506553102,0.5246766690685818,1.8875874119219012,0.5573507750607,30s
2025-09-02 17:24:00,0.19518709634339515,0.4660014454103634,3.781163039600428,0.279174722961754,0.5603272025087133,-0.5042294608647996,0.28874273897142355,0.25119941660450656,-0.5495514437903,-0.22490722873682648,-0.49923040888710435,A,1756833840,-0.2749003984063745,-0.785321640506367,-0.01804375047835104,0.46598389548827723,0.3540963525343209,-1.4997702342529369,0.8936924771949089,0.41732846132235873,-1.6183339487538686,1.013574651858974,30s
2025-09-02 17:24:30,-0.2592898982442213,-0.0688638151627669,0.06771316446664288,-0.24427618582065133,-0.06228445484419892,-0.5226655113977176,0.32485647164987774,0.2871647268965916,-0.8527474067844126,-0.3299985156597892,-0.7294385330924179,A,1756833870,-0.26693227091633465,-0.7822522551373038,0.01804375047835132,-0.06887449091139239,-0.09171520822067533,-0.7885019813916776,0.19518709634339515,-0.06807649003184435,-0.9971716033544861,0.279174722961754,30s
2025-09-02 17:25:00,-0.28953840789117363,-0.1636048109644564,0.2646450231894399,-0.257859402332656,-0.1321203353549134,-0.46944299592916455,0.382903367535152,0.35731496416656455,-0.7024810765349033,-0.30078670031171145,-0.5913136585692298,A,1756833900,-0.2589641434262948,-0.7771459614569706,0.05393315291191586,-0.16361193499257964,-0.279138917536494,0.44799455049710496,-0.2592898982442213,-0.27531809265696816,0.5041893008188265,-0.24427618582065133,30s
2025-09-02 17:25:30,-0.34606609859515447,-0.27602772791075386,-0.41205850874063504,-0.3241149117881137,-0.2572045577917205,-0.5980096728243414,0.44126957508663384,0.4114482157887754,-0.5974908887019905,-0.33546088763544607,-0.3391554574048049,A,1756833930,-0.250996015936255,-0.770016755461411,0.08952608646491522,-0.27603166269617907,-0.31269175766564494,0.37139875980559117,-0.28953840789117363,-0.3061278768805951,0.34909000239823673,-0.257859402332656,30s
2025-09-02 17:26:00,-0.37264947118898084,-0.2752193579332147,-0.3394220478059222,-0.3455556318653572,-0.24866077093835928,-0.3619045751517208,0.3815018496582213,0.368023321584509,-0.7310765349032801,-0.3771411607540448,-0.4751388610051529,A,1756833960,-0.24302788844621515,-0.7608841778087139,0.12472499338051389,-0.27522452040379997,-0.34482743782354064,0.4586773061723189,-0.34606609859515447,-0.3399698736858713,0.48105202651003265,-0.3241149117881137,30s
2025-09-02 17:26:30,-0.572844598930878,-0.5660608797925167,-0.2326792722083482,-0.5653905602979853,-0.5638143727952486,-0.5606233005126002,0.4868174709061338,0.46684573578306165,-0.7314970563498738,-0.37298500816387115,-0.5848892458007093,A,1756833990,-0.2350597609561753,-0.7497732602594274,0.15943339590150338,-0.5660601828970107,-0.4325134938587344,-0.047347962653605156,-0.37264947118898084,-0.43307820650213286,-0.10314130943725185,-0.3455556318653572,30s
2025-09-02 17:27:00,-0.7922260514083698,-0.923674093059896,-0.5577595433464145,-0.7941075187149789,-0.9288876181354649,0.05230283718506611,1.1487194431302377,1.4434043970711343,-0.4714746285393888,-0.3322547127801692,-0.25269356889513483,A,1756834020,-0.22709163346613545,-0.7367144570662438,0.19355616070912396,-0.9236650282320399,-0.5947467543737601,-0.10327024236231626,-0.572844598930878,-0.6061744912871594,-0.12929541327709532,-0.5653905602979853,30s
2025-09-02 17:27:30,20.636665467212232,16.411428892177,2.2371031038173386,17.84029119820304,13.919921226389485,1.3869259732147798,-1.5637531489701717,-1.54800958700527,2.676268573030558,1.1498293008757607,2.1698454125677573,A,1756834050,-0.21912350597609562,-0.7217435615010093,0.22699975967688346,16.413909728185654,7.6061112872201715,62.99483702850717,-0.7922260514083698,6.496582680705658,55.41520139478403,-0.7941075187149789,30s
2025-09-02 17:28:00,1.5780121454035545,1.379655523276073,0.4752764894755619,1.5590157112903942,1.3313063960095053,0.37100224551882854,-0.6021854524497587,-0.6216513535581336,1.032730585926549,0.3565978922369007,1.0961654286287894,A,1756834080,-0.21115537848605578,-0.7049016077478538,0.2596725262246472,1.3796437067213512,8.52258634563499,-55.013996788685795,20.636665467212232,7.404653520884345,-47.39780085499043,17.84029119820304,30s
2025-09-02 17:28:30,0.8997985658481936,0.8668319636750007,0.06386014983945773,0.9122208710898521,0.8574415222034523,0.04597063148481136,-0.36311996902026794,-0.38366187166747134,0.5471684889262686,0.12052842511503636,0.7778893127216757,A,1756834110,-0.20318725099601595,-0.6862347584313457,0.29148490657036236,0.8668211455665522,0.89113973799753,-1.440625827832471,1.5780121454035545,0.8721069680586861,-1.3603712318181298,1.5590157112903942,30s
2025-09-02 17:29:00,0.31652242299688016,0.365167554106204,-0.2525151623260792,0.3127772503423841,0.34279628051113814,-0.09428579234905023,-0.2546329462618488,-0.26361658523455284,0.08978132884777124,0.007599821879174707,0.1769390349996654,A,1756834140,-0.1952191235059761,-0.6657941780879442,0.32234970519075434,0.36515912448506543,0.4033727833566897,-1.1639121808283461,0.8997985658481936,0.3911832357756684,-1.2209404133341961,0.9122208710898521,30s
2025-09-02 17:29:30,0.13039429900544205,0.16896652712036653,0.4530146271851588,0.17595869574878095,0.20958166997447117,-0.17999338024799155,0.07599646835807443,0.057341685300106957,-0.006097560975609756,-0.061867299985156596,0.2125409890918825,A,1756834170,-0.18725099601593626,-0.6436358929275633,0.35218232381818954,0.16896021150676271,0.10587533295370276,-0.006346940871812338,0.31652242299688016,0.1070594790473699,0.1413094372518491,0.3127772503423841,30s
2025-09-02 17:30:00,0.15650283602963272,0.2686237255557257,0.16617909382804139,0.21499153634523632,0.32594632100745285,-0.3894827882216781,0.26193702702806076,0.2415052902671074,-0.19266890944771517,-0.13917173816238682,0.002944522518905173,A,1756834200,-0.17928286852589642,-0.6198206372696237,0.380900993318651,0.2686139530276688,0.044002243358497006,0.6122581377621357,0.13039429900544205,0.06932394767587428,0.6591230067036427,0.17595869574878095,30s
2025-09-02 17:30:30,0.012256693141222776,0.10791698727265729,0.5487691758829826,0.059365003696536564,0.15350118683894276,-0.2944673960781824,0.2903338231745831,0.2775471630223016,-0.2696243341743762,-0.1959329078224729,-0.0005353677307100315,A,1756834230,-0.17131474103585656,-0.5944136870745065,0.40842699781524733,0.10790915212646113,-0.0016767813829932196,0.11572624897956978,0.15650283602963272,0.02433041289139342,0.08592729916670791,0.21499153634523632,30s
2025-09-02 17:31:00,-0.05442802716949775,-0.02757581409537406,0.06443096682126294,-0.028445636672874693,-0.00813156937262482,-0.4661887254702353,0.3153514454240841,0.281121128125818,-0.11963835155592935,-0.15508386522190887,0.08271431439469985,A,1756834260,-0.16334661354581673,-0.56748468102668,0.43468489044296327,-0.027579995707822238,-0.08323519835219294,0.34179411907812574,0.012256693141222776,-0.06961205277062625,0.2856185737724264,0.059365003696536564,30s
2025-09-02 17:31:30,-0.3085689272054814,-0.2978708969814481,-0.4301819479129504,-0.28679888013121696,-0.2796732245585232,-0.3353324921021104,0.38051625199653955,0.3746695189711156,-0.3322820297168489,-0.2677749740240463,-0.00026768386535501573,A,1756834290,-0.1553784860557769,-0.5391074296599102,0.4596027001432692,-0.29787224218173153,-0.2072854644999993,-0.2045834211849425,-0.05442802716949775,-0.20319678170395455,-0.21656267962983405,-0.028445636672874693,30s
2025-09-02 17:32:00,-0.3805584511457263,-0.38441433649504236,-0.2616482340349625,-0.36458726048261014,-0.37266927943403605,-0.3173637022720529,0.36819739335309754,0.35416620319823205,-0.37026913372582004,-0.2853495621196378,-0.11269490731446162,A,1756834320,-0.14741035856573706,-0.5093597130477137,0.483112128931793,-0.38441443949418924,-0.3333868832377802,0.3263322358640003,-0.3085689272054814,-0.33291391800167314,0.31513020902726757,-0.28679888013121696,30s
2025-09-02 17:32:30,-0.47630459217930976,-0.4944957813202835,-0.3431323581876561,-0.46267419171087026,-0.4843843318604126,-0.5033128363449944,0.46243223506144954,0.4369164984858621,-0.4519904681805439,-0.33593587650289447,-0.23154654353208862,A,1756834350,-0.1394422310756972,-0.4783230676135872,0.505148739098345,-0.49449448091067844,-0.39824346750931267,0.2570889490785042,-0.3805584511457263,-0.4007842445176625,0.2553589170628833,-0.36458726048261014,30s
2025-09-02 17:33:00,-0.7163191340186299,-0.8357053678961566,-0.5353549768105601,-0.7138479935684303,-0.8358820711802829,0.2938548515353919,0.9289259778550398,1.1923195548049152,-0.369708438463695,-0.3100489832269556,-0.03694037341899217,A,1756834380,-0.13147410358565736,-0.4460825626453334,0.5256521298262057,-0.8356974471298926,-0.5280685171027398,-0.16340939931124338,-0.47630459217930976,-0.5355640483505204,-0.1954220325627253,-0.46267419171087026,30s
2025-09-02 17:33:30,20.139876171786607,17.953670449617537,5.176953264359614,17.559149513794342,15.383394364989025,1.8558466891512881,-1.5670777443732262,-1.4900559381707525,1.8924165965797588,0.9509277126317351,1.4417452988021147,A,1756834410,-0.12350597609561753,-0.4127265671260616,0.544566102746562,17.96051655230736,7.443373127606075,61.32560239172627,-0.7163191340186299,6.4190622054445,54.351016205228156,-0.7138479935684303,30s
2025-09-02 17:34:00,2.1820549251206565,2.2294874741483435,1.2591509097395648,2.2314986930824268,2.242381230468716,0.6009192049223255,-0.7176560144502184,-0.71886041504323,0.6722035323801514,0.26361882143387266,0.868098775346316,A,1756834440,-0.11553784860557768,-0.3783465075209436,0.5618388159743338,2.229460851025468,8.564056921635931,-51.80540733412265,20.139876171786607,7.5556722249539545,-44.589749251026866,17.559149513794342,30s
2025-09-02 17:34:30,0.7548327502995544,0.857728847904363,0.9019621833749554,0.7711005983137329,0.8529765201226269,0.18149977745669574,-0.3352073043396584,-0.35042722465784115,0.18622091393327728,0.021849487902627283,0.46095161614133706,A,1756834470,-0.10756972111553785,-0.3430366171836271,0.5774229262031759,0.8577141016616964,1.0686461962594436,-3.6237572376210325,2.1820549251206565,1.077159969730257,-3.7561145519675057,2.2314986930824268,30s
2025-09-02 17:35:00,0.39550835228347686,0.4637057924631984,-0.3495540492329647,0.40402991164671614,0.45486551230449984,-0.12146935908486854,-0.2720095062132421,-0.2779069093073962,0.08543594056630222,0.012587204987383109,0.2968614066787124,A,1756834500,-0.099601593625498,-0.30689367806916745,0.5912757184701886,0.46369581874642835,0.37786103512921543,-0.5111612090543923,0.7548327502995544,0.37193931209607994,-0.5366930218924753,0.7711005983137329,30s
2025-09-02 17:35:30,0.18624683288384705,0.30978368232053,-0.19871566179093827,0.2322242646316189,0.35062203514443774,-0.1299296180201586,0.13137084108389463,0.12379727352343585,-0.19953742640874686,-0.12836574142793528,-0.012581141671685739,A,1756834530,-0.09163346613545817,-0.2700167554614113,0.6033592232346642,0.30977314730475447,0.15801190242251162,-0.0737737266922923,0.39550835228347686,0.1639868007955941,0.03828613628836703,0.40402991164671614,30s
2025-09-02 17:36:00,0.1523480247953199,0.2692527921443265,1.7056724937566892,0.17501755349878195,0.2808076089428578,-0.41288068157142666,0.23036523478308296,0.1874871772441442,-0.20878889823380992,-0.12124090841620899,-0.0663855986080439,A,1756834560,-0.08366533864541832,-0.23250692644194432,0.6136403204499571,0.2692428389105121,0.06399165768988581,0.4373550448448676,0.18624683288384705,0.07561087478247909,0.37573517375796084,0.2322242646316189,30s
2025-09-02 17:36:30,-0.0850845986341058,0.02697976211144533,0.6349625401355691,-0.05799853754509573,0.048180326448759726,-0.20539115266024685,0.23581626532209185,0.23017678410256986,-0.41288197364732265,-0.22823215080896542,-0.14508465502241852,A,1756834590,-0.07569721115537849,-0.19446700284483137,0.6220908303432306,0.026971924042046135,-0.04092121135621349,-0.1558838953133194,0.1523480247953199,-0.03638617681733046,-0.1419546771326225,0.17501755349878195,30s
2025-09-02 17:37:00,-0.13627038917968445,-0.03927571355705429,-0.02632893328576525,-0.0953106908685447,0.0014404445433914932,-0.24977914558600728,0.35987327816151143,0.3719529846682596,-0.42255396691897956,-0.2642125575181832,-0.08646188850967008,A,1756834620,-0.06772908366533864,-0.15600124945653068,0.6286875906542548,-0.03928244968652812,-0.152518255975237,0.386968768077158,-0.0850845986341058,-0.1407059136065114,0.4343168641722467,-0.05799853754509573,30s
2025-09-02 17:37:30,-0.2936857998197109,-0.22603326655366532,-0.10381733856582233,-0.2725718602668778,-0.20923072020431135,-0.4375600847250998,0.44232213929642067,0.45417458782700704,-0.5171712924025792,-0.31349265251595665,-0.23422338218563876,A,1756834650,-0.05976095617529881,-0.11721509823335596,0.633412520121553,-0.22603744139326087,-0.23317588705177655,0.07734185358785972,-0.13627038917968445,-0.22350981225463126,0.022221756955838185,-0.0953106908685447,30s
2025-09-02 17:38:00,-0.3558595822188918,-0.2530090358792855,-0.1608990367463432,-0.3293034755523595,-0.2275474681505594,-0.40096217814685464,0.3850133272455869,0.36761862527501565,-0.7237874964956547,-0.4067092177527089,-0.43953690691293584,A,1756834680,-0.05179282868525897,-0.07821485931981953,0.6362526680418807,-0.253014576861458,-0.31808212929720053,0.35494212606300446,-0.2936857998197109,-0.31380768610762844,0.3771341451808765,-0.2725718602668778,30s
2025-09-02 17:38:30,-0.4774694231860725,-0.48803036156070223,-0.3765251516232608,-0.45982814134909444,-0.47254838119244363,-0.2679427127397334,0.4395269929959681,0.4624826609412798,-0.4866134006167648,-0.33284844886447973,-0.1346449842735729,A,1756834710,-0.043824701195219126,-0.0391074296599099,0.6372002497672042,-0.4880294209688866,-0.3891438087465163,0.1817041590303345,-0.3558595822188918,-0.38606993158751207,0.15984247772114216,-0.3293034755523595,30s
2025-09-02 17:39:00,-0.6977486116624068,-0.7775824036981264,-0.5292186942561541,-0.6964879266671784,-0.7808074322657862,-0.12143751715872028,0.7882371588953055,0.9376329127552488,-0.5667928231006448,-0.37690366632032063,-0.2920430971023222,A,1756834740,-0.035856573705179286,0.0,0.6362526680418806,-0.7775765277879764,-0.5213384416117183,-0.10588686875239903,-0.4774694231860725,-0.5277665026691815,-0.15268393143327003,-0.45982814134909444,30s
2025-09-02 17:39:30,19.15965233133136,18.012699316151153,4.146771316446665,16.445785342323525,15.196215648374503,1.848443159622985,-1.24438845958354,-1.0793720067297186,1.5488505747126438,0.7639008460739202,1.242588502977983,A,1756834770,-0.027888446215139442,0.0390002389135362,0.633412520121553,18.020723769827416,7.071540759844456,58.41442172016154,-0.6977486116624068,5.996113948682995,51.02147563886361,-0.6964879266671784,30s
2025-09-02 17:40:00,2.5352954924007762,2.3436616207898906,3.1522654298965396,2.496239551729292,2.2623878766170527,0.6029409164886252,-0.7632779946493975,-0.7748847682214655,1.0816512475469582,0.37797239127207954,1.1994914006558255,A,1756834800,-0.0199203187250996,0.07778639013671006,0.6286875906542551,2.3436397553022665,8.32162789797022,-47.91876564434425,19.15965233133136,7.228188277303024,-40.53176902315631,16.445785342323525,30s
2025-09-02 17:40:30,0.7829815964120237,0.8227258496069287,2.341705315733143,0.7762212912426423,0.791735807273957,0.15810575441654506,-0.435982088894327,-0.42382451912495356,0.33929072049341186,0.09547276235713226,0.5749849427825737,A,1756834830,-0.01195219123505976,0.11625214352501116,0.6220908303432306,0.8227133745536955,1.2161140268715334,-4.571300366003319,2.5352954924007762,1.1812996096550128,-4.520594382035304,2.496239551729292,30s
2025-09-02 17:41:00,0.715376882185134,0.877459029282848,2.543346414555833,0.7345725147356471,0.876126920782972,-0.00014799095477595822,-0.14790039096181914,-0.1496544249530888,0.04015979814970563,-0.049873831082084014,0.3793080372080573,A,1756834860,-0.00398406374501992,0.15429206712212395,0.6136403204499572,0.877442180561285,0.5124252512661923,0.33911261765357814,0.7829815964120237,0.5014718615798449,0.4215472052928704,0.7762212912426423,30s
2025-09-02 17:41:30,0.14288840993148272,0.2993343483495969,0.9112379593292901,0.1856054038112706,0.3370818275348072,-0.1347507117959438,0.11757206702457086,0.10725070581167524,-0.32022708158116064,-0.13169066350007422,-0.135983403600348,A,1756834890,0.00398406374501992,0.19180189614159132,0.6033592232346643,0.2993226620673248,0.2649271553956071,-1.1324694141243763,0.715376882185134,0.2735530436089466,-1.0723068372587012,0.7345725147356471,30s
2025-09-02 17:42:00,0.13772457311169395,0.2551354748112357,1.5347128077060292,0.20362608017646416,0.3225153696907907,-0.23662320979080928,0.27855475119856143,0.2838579001749,-0.22196523689374825,-0.14712780169214784,0.08057284347185974,A,1756834920,0.01195219123505976,0.22867881874934728,0.5912757184701887,0.2551256201645558,0.041572416444219405,0.5211087143390045,0.14288840993148272,0.06866068235384357,0.5972504025611646,0.1856054038112706,30s
2025-09-02 17:42:30,-0.06928147733216602,-0.3599307434342846,0.2452372458080628,-0.04918437839606672,-0.3452967094909512,-0.22528106867238495,0.777423564839325,0.9512172013247778,1.1710821418559014,-0.2427193112661422,2.877869236431774,A,1756834950,0.0199203187250996,0.2648217578638073,0.5774229262031759,-0.3599225641469636,-0.04046508092012123,-0.06719972319985296,0.13772457311169395,-0.021944753041862854,-0.20024134636248397,0.20362608017646416,30s
2025-09-02 17:43:00,-0.11889437505332626,-0.19023430845924671,-0.24152693542632894,-0.09006330571367395,-0.16612592074745505,0.48260520891687114,0.5072431381159743,0.6995567699085552,0.17094196804037007,-0.21920736232744545,0.8705079301345111,A,1756834980,0.027888446215139442,0.30013164820112365,0.5618388159743339,-0.1902337237895857,-0.13968922886703225,0.39155327051267497,-0.06928147733216602,-0.13527956015955533,0.4238141100067379,-0.04918437839606672,30s
2025-09-02 17:43:30,-0.2550237974232751,-0.5826704264707411,-0.1481983589011773,-0.2453246286293727,-0.5754058504130898,-0.38568663864537445,0.9786367636753623,1.172704517949503,1.385407905803196,-0.2103013210627876,3.1918624104932074,A,1756835010,0.035856573705179286,0.334511707806242,0.544566102746562,-0.5826591488395217,-0.21150825696495398,0.13938401154775615,-0.11889437505332626,-0.21097013154616712,0.08700269896799687,-0.09006330571367395,30s
2025-09-02 17:44:00,-0.3311013588458528,-0.6926985505760955,0.06386014983945773,-0.32922396971667967,-0.6911528355996769,0.012558131571478238,1.1666495522865212,1.497633802454452,1.6440285954583684,-0.46192667359358763,4.320149902964599,A,1756835040,0.043824701195219126,0.3678677033255136,0.5256521298262057,-0.6926854553779491,-0.29356009805370004,0.31441685453395396,-0.2550237974232751,-0.30326229131478505,0.29713582013985906,-0.2453246286293727,30s
2025-09-02 17:44:30,-0.308071833718519,-0.7101852597737529,-0.29960756332500893,-0.3055047287388548,-0.7073410256564897,0.23587881189097623,1.150660154465995,1.5131397560001496,1.949887860947575,-0.4586017515214487,4.727832429900288,A,1756835070,0.05179282868525897,0.40010820829376675,0.5051487390983455,-0.7101712310505548,-0.314071623953446,0.6032837579944964,-0.3311013588458528,-0.3264858069265578,0.6140304461862326,-0.32922396971667967,30s
2025-09-02 17:45:00,-0.6296319653370034,-0.7509341123336557,-0.4826971102390296,-0.6218086769631033,-0.7448808558623818,0.30715587504021635,0.7227169762160717,0.9381279186174174,-0.18734230445752734,-0.33866706249072287,0.4205313524727297,A,1756835100,0.05976095617529881,0.4311448537278936,0.48311212893179334,-0.7509268044385886,-0.4295013117335969,-0.4010899005790097,-0.308071833718519,-0.4393943182806736,-0.38720483606338957,-0.3055047287388548,30s
2025-09-02 17:45:30,17.343435954697718,17.712103049917776,2.175026757046022,14.66773687123529,14.730313727964322,1.8875619725915513,-0.749165125154597,-0.44971498768701285,1.0449257078777685,0.49838206917025385,1.10580204778157,A,1756835130,0.06772908366533864,0.4608925703400899,0.4596027001432696,17.728471540986707,6.395621434688002,52.92216617740078,-0.6296319653370034,5.338783342162528,45.56591724941281,-0.6218086769631033,30s
2025-09-02 17:46:00,3.927454028126588,2.9222553844690715,1.305101676774884,3.8113720816550787,2.7759425777768505,1.3166592992415718,-0.831470381148528,-0.7329878174319092,2.269063638912251,0.696927415763693,2.5973365455397177,A,1756835160,0.07569721115537849,0.48926982170686006,0.4346848904429635,2.9222433415776172,8.157661915547019,-38.56733217639522,17.343435954697718,7.049548900383298,-31.423560962796877,14.66773687123529,30s
2025-09-02 17:46:30,1.2459907926415326,1.1113402204587175,0.49711023902961116,1.276523074064049,1.1178692348285082,0.6450803595249931,-0.3254013466747495,-0.19440412848502106,0.8562517521726941,0.1438028796200089,1.3242320819112627,A,1756835190,0.08366533864541832,0.5161988277546863,0.40842699781524766,1.11132960581169,1.9334322094069014,-7.279487054727498,3.927454028126588,1.8818761628267724,-6.9199521875344985,3.8113720816550787,30s
2025-09-02 17:47:00,0.36376114286986166,0.40062287642065936,0.5436318230467356,0.3991341620577791,0.4248073829995916,0.49199574633817067,-0.06564732638712686,0.08118073727583622,0.14921502663302494,-0.108772450645688,0.696513417653751,A,1756835220,0.09163346613545817,0.541605777949804,0.380900993318651,0.4006145004333845,0.5554965869107777,-2.0352703937373966,1.2459907926415326,0.5650927003086529,-2.0393805697144574,1.276523074064049,30s
2025-09-02 17:47:30,0.23238007619627032,0.2339510055910826,-0.008633606849803781,0.23455643581156146,0.22068288241521516,0.2873345111802859,0.23458578352151985,0.3844719910361438,0.1708017942248388,-0.13798426599376576,0.7543331325704343,A,1756835250,0.099601593625498,0.5654210336077433,0.35218232381818976,0.23394530925626456,0.16357439874693225,0.15322401890026005,0.36376114286986166,0.1629975152494588,0.05956953554148759,0.3991341620577791,30s
2025-09-02 17:48:00,0.22016047958392534,0.19197631021523223,0.5068141277202997,0.2725589324887185,0.23839515968925523,0.25811606288221367,0.39591436198488317,0.5360797160212802,0.25252312867956267,-0.15152144871604573,0.8306230341966138,A,1756835280,0.10756972111553785,0.5875793187681244,0.3223497051907541,0.19197194008440568,0.10804984157356394,0.5005433284136432,0.23238007619627032,0.1141521026527183,0.6560890469102717,0.23455643581156146,30s
2025-09-02 17:48:30,0.06947437928233055,0.009392844044160324,0.2068498037816625,0.08761284536357355,0.018014451436078237,0.28033506927229573,0.41970521054196225,0.5633099731914171,0.2640173815531259,-0.1310969274157637,0.8215217827745432,A,1756835310,0.11553784860557768,0.608019899111526,0.2914849065703624,0.009391192004700882,0.04506081021961676,0.09695573900773635,0.22016047958392534,0.05744653452287894,-0.0004073195707536935,0.2725589324887185,30s
2025-09-02 17:49:00,-0.2898871152626249,-0.35705372043042216,-0.47085265786657154,-0.27450973421296093,-0.3466742140122335,0.17068207506412425,0.5012095581116155,0.6526671790929014,-0.0013316512475469583,-0.21516995695413388,0.5329585759218363,A,1756835340,0.12350597609561753,0.6266867484280342,0.2596725262246468,-0.35705174299976894,-0.15215392537533942,-0.5112693341118337,0.06947437928233055,-0.1536674001290237,-0.52212278210687,0.08761284536357355,30s
2025-09-02 17:49:30,-0.034121387261793916,-0.09997146306740425,-0.06200499464859079,-0.030569670624452084,-0.10708535176305903,0.2693038579346737,0.5832581878743364,0.7618264560209037,0.21439585085506027,-0.21932610954430756,0.8391889178879743,A,1756835370,0.13147410358565736,0.6435287021811893,0.22699975967688385,-0.09997189931369364,-0.19221021014990627,1.2816387433705825,-0.2898871152626249,-0.1992740624657992,1.2624946230009935,-0.27450973421296093,30s
2025-09-02 17:50:00,-0.29246903367251925,-0.3812202552033552,-0.018480199785943632,-0.265962533682922,-0.3571008155002453,0.366720947221726,0.6417430913352886,0.8489521388625747,0.0885197645079899,-0.3545791895502449,0.7042762497490463,A,1756835400,0.1394422310756972,0.6584995977464239,0.19355616070912443,-0.3812173395547299,-0.19320853336852328,-0.21684480269880144,-0.034121387261793916,-0.19597569565376002,-0.14895334097216142,-0.030569670624452084,30s
2025-09-02 17:50:30,-0.40946406644730254,-0.38675740854973895,0.03360684980378166,-0.3845115521817646,-0.3625777285299519,-0.2552232677716504,0.498780241656537,0.5390427676105373,-0.5163302495093917,-0.3833160160308743,-0.17104998996185505,A,1756835430,0.14741035856573706,0.6715584009396074,0.15943339590150352,-0.3867585714018295,-0.33833833690253007,0.19515491617604921,-0.29246903367251925,-0.3325619558469588,0.19510607439101918,-0.265962533682922,30s
2025-09-02 17:51:00,-0.6603107947189382,-0.7346055193533262,-0.5536211202283268,-0.663582206529336,-0.7444165406504184,-0.32147265477976605,0.5760238029275941,0.6172184712782026,-0.5154892066162041,-0.3295235267923408,-0.29177541323696715,A,1756835460,0.1553784860557769,0.682669318488894,0.1247249933805142,-0.7346001749166601,-0.4805678393617616,-0.19498191608414292,-0.40946406644730254,-0.4860034865705298,-0.2775673504813604,-0.3845115521817646,30s
2025-09-02 17:51:30,14.83335126332229,18.115687775451264,2.621120228326793,12.440750619119376,14.975169027996627,1.1516416137569945,-0.24163952050411316,0.07050079165996954,0.10015419119708438,0.14178417693335313,0.23208191126279865,A,1756835490,0.16334661354581673,0.6918018961415913,0.08952608646491524,18.12485753050706,5.4132111439263655,45.69545496321045,-0.6603107947189382,4.463268377690813,39.13132059095598,-0.663582206529336,30s
2025-09-02 17:52:00,6.285057147202736,5.206008950880911,1.4117017481270069,5.945387570749286,4.827180843635681,1.2187921078285497,-1.3193626623445118,-1.3567574556556605,2.0053966918979533,0.8613923111177082,1.7945526333400255,A,1756835520,0.17131474103585656,0.6989311021371507,0.053933152911916186,5.205975338575626,8.098703470750994,-24.3795081391137,14.83335126332229,7.0136714597917225,-18.582116767481434,12.440750619119376,30s
2025-09-02 17:52:30,1.3277960581228414,1.3472434741395192,0.6057081698180521,1.388768507932404,1.3854791934474016,0.3526725462715859,-0.4938498325140196,-0.4891723877050816,0.5516540510232688,0.1310969274157637,0.8531084788864352,A,1756835550,0.17928286852589642,0.704037395817484,0.018043750478351023,1.347226432768808,2.876652576348059,-13.91274307864476,6.285057147202736,2.7487088121183736,-12.873274126071117,5.945387570749286,30s
2025-09-02 17:53:00,0.6249281254752993,0.7004885447693638,0.9383517659650374,0.6570879371709981,0.7166908533314492,-0.16646736353298458,-0.302032943650019,-0.32875087918013746,0.18818334735071487,0.04381772302211667,0.32095295456066386,A,1756835580,0.18725099601593626,0.7071067811865474,-0.018043750478351026,0.7004761365101883,0.6881100565286179,-1.5124857410080499,1.3277960581228414,0.7079526672015111,-1.6103265027998461,1.388768507932404,30s
2025-09-02 17:53:30,0.2485022276465591,0.34836491418483834,0.049304316803424904,0.2861272820558399,0.3773268143039353,-0.17689320116371793,-0.132077169478081,-0.15666905313735585,-0.09118306700308382,-0.08146059076740389,0.08084052733721475,A,1756835610,0.1952191235059761,0.7081308452723941,-0.05423043662647954,0.3483548989732212,0.2707908699325415,-0.5610068605348947,0.6249281254752993,0.2824431436755787,-0.5481474572980628,0.6570879371709981,30s
2025-09-02 17:54:00,-0.0021219214518097542,0.02322195219955741,0.5958615768819122,0.02509992768524092,0.04337979958094601,-0.2741582207622529,0.15884456730397872,0.13036641540528096,-0.06945612559573872,-0.10924743951313641,0.08780030783644516,A,1756835640,0.20318725099601595,0.7071067811865474,-0.0904171227746079,0.02321738200503271,0.028336027562900816,-0.1943331657394943,0.2485022276465591,0.0385588135058929,-0.22443689021024543,0.2861272820558399,30s
2025-09-02 17:54:30,0.07566208029914641,0.2297273667860194,1.0851944345344273,0.13084074997273046,0.2853599796570683,-0.3346475804207547,0.24128212467043006,0.2144562224477979,-0.3730726100364452,-0.18417693335312454,-0.255370407548685,A,1756835670,0.21115537848605578,0.704037395817484,-0.12650462373131008,0.22971631702104292,-0.03849425318681697,0.762876342778057,-0.0021219214518097542,-0.02136629787759462,0.8555519180183713,0.02509992768524092,30s
2025-09-02 17:55:00,-0.05485092759870459,0.010226162768493198,0.22483053870852657,-0.018758852498091134,0.04262280640567447,-0.5559090926814321,0.30984485286641633,0.24874095511142447,-0.2408887019904682,-0.17147098114887932,-0.09181556581677039,A,1756835700,0.21912350597609562,0.6989311021371507,-0.1623940261648751,0.010220271964290645,-0.05888242305667636,0.15575414524438966,0.07566208029914641,-0.0382914120673006,0.10367425093169594,0.13084074997273046,30s
2025-09-02 17:55:30,-0.29002066276658495,-0.24962934439709014,0.5413485551195149,-0.2772310315154992,-0.24389264076230918,-0.5935779101589659,0.36732873303143715,0.3128564108229476,-0.41736753574432295,-0.22383850378506753,-0.29177541323696715,A,1756835730,0.22709163346613545,0.6918018961415913,-0.1979869597178743,-0.24963223066083856,-0.20027712075551266,-0.14928826680939175,-0.05485092759870459,-0.1957664141173991,-0.21691289832618305,-0.018758852498091134,30s
2025-09-02 17:56:00,-0.319534661141757,-0.21612090923700883,0.07784516589368534,-0.28345058558795133,-0.17788316270863058,-0.21098723568364752,0.34493166556206795,0.34922496213415694,-0.672483880011214,-0.3499480480926228,-0.43873385531687076,A,1756835760,0.2350597609561753,0.682669318488894,-0.23318586663347327,-0.21612669798772768,-0.3026195943881613,0.4501354266344454,-0.29002066276658495,-0.29791101980161283,0.5258724061927802,-0.2772310315154992,30s
2025-09-02 17:56:30,-0.3972518891407331,-0.33994527063543256,-0.2455226542989654,-0.36943000618109395,-0.3119656551685758,-0.30155158068850463,0.3903913621352527,0.3782210468199279,-0.6279086066722737,-0.34472317055069024,-0.34370608311584017,A,1756835790,0.24302788844621515,0.6715584009396075,-0.26789426915446257,-0.3399482326338834,-0.34408156415445895,0.30963772699504244,-0.319534661141757,-0.33349062707445803,0.2910107996787124,-0.28345058558795133,30s
2025-09-02 17:57:00,-0.6238671647493944,-0.576280193683565,-0.4735640385301463,-0.6117728427780179,-0.5673413426871862,-0.20892731021333769,0.46521110000445814,0.4856517393830051,-1.0125455564900476,-0.4627579041116224,-0.8073345379107274,A,1756835820,0.250996015936255,0.6584995977464239,-0.3020170339620836,-0.5762814509930017,-0.46175461043161703,-0.12435462856339642,-0.3972518891407331,-0.46019026784731554,-0.16941829435881428,-0.36943000618109395,30s
2025-09-02 17:57:30,-0.9098962410087288,-0.9439005081661623,-0.3655369247235105,-0.9062404809133475,-0.9449706045920694,0.41311481725796856,1.4035569189804762,1.8539148464779376,-1.506798430053266,-0.625560338429568,-1.2468714448236633,A,1756835850,0.2589641434262948,0.6435287021811894,-0.33546063292984296,-0.943896491324237,-0.6599734067349523,-0.29752772056160154,-0.6238671647493944,-0.667345563664834,-0.32290544475871075,-0.6117728427780179,30s
2025-09-02 17:58:00,21.074063219904513,15.228070334340043,5.4479486264716375,18.54667857099572,13.143286992801748,1.3990707312776482,-1.7388589874430427,-1.7751195442534808,3.3966218110456965,1.4339913908267774,2.6131298935956635,A,1756835880,0.26693227091633465,0.6266867484280343,-0.36813339947760587,15.228009249151006,7.729736979125578,64.6126906379919,-0.9098962410087288,6.725905605670806,57.82542359331996,-0.9062404809133475,30s
2025-09-02 17:58:30,1.8022606624698128,1.78096782363567,0.9670353193007492,1.8587824456932318,1.8071022617553592,0.23692819903179485,-0.6831006649034267,-0.7258893552845819,0.7230866274179983,0.27620602642125575,0.629592451314997,A,1756835910,0.2749003984063745,0.6080198991115261,-0.3999457798233213,1.780947526539556,8.778418145385121,-55.6352617437328,21.074063219904513,7.792928641294503,-48.59513957357067,18.54667857099572,30s
2025-09-02 17:59:00,0.6382828758713047,0.8328373428404682,1.146414555833036,0.6562547418686295,0.8307293269960015,0.0560024304118395,-0.3350189196478138,-0.36496250112706535,-0.0691757779646762,-0.06471723318984711,0.09823997858529077,A,1756835940,0.28286852589641437,0.5875793187681246,-0.43081057844371307,0.8328197857041378,0.8767300324598484,-2.856480205005109,1.8022606624698128,0.8890096325007492,-2.996787124133494,1.8587824456932318,30s
2025-09-02 17:59:30,0.2766807509821306,0.421237395560742,0.6894755618979664,0.30417187481062824,0.436875651268138,-0.34328599559286105,-0.13013050350923125,-0.1776661105097437,-0.18495934959349594,-0.1062787590915838,-0.07066854045372416,A,1756835970,0.2908366533864542,0.5654210336077434,-0.46064319707114876,0.42122515774257696,0.28685010377684605,-0.5178000875812965,0.6382828758713047,0.28908502623658355,-0.4925597560650645,0.6562547418686295,30s
2025-09-02 18:00:00,0.26304406696665394,0.3700724587650911,0.6107028184088477,0.3318980806289364,0.43799371250410446,-0.3642947359684193,0.17561179851507397,0.13494156129234314,-0.09959349593495935,-0.055098708624016626,0.03185437997724687,A,1756836000,0.29880478087649404,0.541605777949804,-0.48936186657161007,0.3700620029182113,0.14176046267117443,0.49641295121938034,0.2766807509821306,0.1639157099280579,0.6258293902007286,0.30417187481062824,30s
2025-09-02 18:00:30,0.05653511000975639,0.29205035274181257,2.5831608990367463,0.10494059281942722,0.34017715323791264,-0.34602619226108927,0.1655787398190203,0.12144914412259286,-0.597771236333053,-0.21445747365296125,-0.46014856454527203,A,1756836030,0.30677290836653387,0.5161988277546866,-0.5168878710682066,0.29203548993033507,0.056639064559669175,-0.06575084743013769,0.26304406696665394,0.08703230861668085,-0.12411446060610674,0.3318980806289364,30s
2025-09-02 18:01:00,-0.21237020851958882,-0.10531341541058596,0.1021048876204067,-0.18602943493489651,-0.08286144149799692,-0.22454371001864692,0.21081008412542962,0.1953968818877079,-0.5422624053826746,-0.2376131809410717,-0.3536103861339758,A,1756836060,0.3147410358565737,0.4892698217068602,-0.5431457636959225,-0.10532009008668428,-0.1271843699303899,-0.24761719404663435,0.05653511000975639,-0.11283604855755694,-0.3126063503785788,0.10494059281942722,30s
2025-09-02 18:01:30,-0.13311718422507207,-0.07198148531494125,-0.09996432393863718,-0.09959366377272966,-0.041455216929624845,-0.6351329066389519,0.3704343786380177,0.3188969837387813,-0.30663022147462854,-0.1777645836425709,-0.23449106605099376,A,1756836090,0.32270916334661354,0.46089257034008974,-0.5680635733962288,-0.07198656154338687,-0.20051522658064258,0.767158095052738,-0.21237020851958882,-0.19176586908741464,0.7987060941859889,-0.18602943493489651,30s
2025-09-02 18:02:00,-0.17621593147529185,-0.027185560237009684,0.15947199429183018,-0.14730750740317297,-0.0018426439984287832,-0.39488817054869657,0.31972921247677344,0.29791512115778734,-0.6245444350995234,-0.31812379397357876,-0.39643980459077827,A,1756836120,0.33067729083665337,0.4311448537278936,-0.5915730021847524,-0.02719456555412668,-0.1865358327751234,0.41054003059939126,-0.13311718422507207,-0.17682306761458647,0.4036879551415531,-0.09959366377272966,30s
2025-09-02 18:02:30,-0.3957828665971725,-0.3345750612111916,-0.3564038530146272,-0.38117036791648656,-0.3251724570490249,-0.5149041056963507,0.35763331155302763,0.3119741233191457,-0.6398233809924306,-0.3611102864776607,-0.4237435588569899,A,1756836150,0.3386454183266932,0.4001082082937668,-0.6136096123513046,-0.33457822939435927,-0.28809800780011735,-0.10381086764952344,-0.17621593147529185,-0.28548358783136374,-0.14444808198162876,-0.14730750740317297,30s
2025-09-02 18:03:00,-0.6070846950850809,-0.596067699096754,-0.27820192650731357,-0.5968451373374433,-0.5895126179677743,-0.45664424355940453,0.4906008362885162,0.493755718985872,-0.8200869077656294,-0.428321211221612,-0.5674897945526334,A,1756836180,0.3466135458167331,0.3678677033255138,-0.6341130030791647,-0.5960670352336147,-0.45469749802415194,-0.07972060485157133,-0.3957828665971725,-0.45896027111811905,-0.09089126851495853,-0.38117036791648656,30s
2025-09-02 18:03:30,-0.7855709341276936,-0.8601210388913176,-0.10510167677488405,-0.7815145700099786,-0.8591288300983249,0.3682478843674525,1.1691390273757343,1.533687502449492,-0.8240117746005047,-0.4038592845480184,-0.528675634076156,A,1756836210,0.3545816733067729,0.334511707806242,-0.6530269759995212,-0.8601149024127607,-0.605412747841628,0.015926820961123637,-0.6070846950850809,-0.6134531983563043,0.0004073195707536935,-0.5968451373374433,30s
2025-09-02 18:04:00,19.431636661757558,16.02275305857928,3.586942561541206,17.47822614723931,14.163249594838978,1.7566847494989613,-1.6933699355714464,-1.7088073055549298,2.408816932996916,1.102449161347781,1.7902696914943452,A,1756836240,0.36254980079681276,0.3001316482011237,-0.6702996892272931,16.02493262357687,7.142748745282708,59.46314827729752,-0.7855709341276936,6.361721309456364,54.31198014412261,-0.7815145700099786,30s
2025-09-02 18:04:30,1.903370961579125,1.8254018777561796,0.16617909382804139,1.9569831413692942,1.8469734634148947,0.5246817363840716,-0.7017174010366514,-0.7474892003434315,0.8373282870759742,0.3442481816832418,0.7107006625175668,A,1756836270,0.3705179282868526,0.26482175786380746,-0.685883799456135,1.8253825792251972,8.182453608809341,-50.553384043985275,19.431636661757558,7.418508257921409,-45.159802507109056,17.47822614723931,30s
2025-09-02 18:05:00,1.0470866241045826,1.0574688239623486,2.5233678201926506,0.9996262256139684,0.978277870500083,0.00884359067517332,-0.4811843976071663,-0.5221560268054135,0.4941827866554528,0.16695858690811935,0.5658836913605032,A,1756836300,0.3784860557768924,0.22867881874934753,-0.6997365917231478,1.0574549062090783,1.073893130646945,-1.9596477285628557,1.903370961579125,1.0594124464518953,-2.274855058947136,1.9569831413692942,30s
2025-09-02 18:05:30,0.48218068235355216,0.5275253054226364,-0.21056011416339637,0.5187089997535642,0.5511914488119922,-0.3199003764284561,-0.24002265439824907,-0.3096856546091331,0.1911269974768713,0.05545495027460294,0.11376564277588168,A,1756836330,0.38645418326693226,0.19180189614159174,-0.7118200964876233,0.5275154735304433,0.5243764424407855,-1.1103686523833465,1.0470866241045826,0.5043820971993005,-0.8719265454351658,0.9996262256139684,30s
2025-09-02 18:06:00,0.2152192219374033,0.3779184764919522,0.8759900107028185,0.2755859717447249,0.4372352431922413,-0.17857085499464453,0.012047579359055574,-0.036849249040938135,-0.27677319876647044,-0.09012913759833754,-0.2690222846817908,A,1756836360,0.3944223107569721,0.15429206712212382,-0.7221011937029164,0.3779059226165532,0.20272702888395783,-0.24195144103670305,0.48218068235355216,0.22497478300915794,-0.17171565287236432,0.5187089997535642,30s
2025-09-02 18:06:30,0.24669191703732282,0.4720354029797381,-0.09282911166607206,0.3007485991540385,0.5232977377285115,-0.33068573081409924,0.20335005439045384,0.16147792957683327,-0.4018082422203532,-0.1732521894018109,-0.45399183564210666,A,1756836390,0.40239043824701193,0.11625214352501115,-0.7305517035961899,0.4720196788963141,0.11167306635837222,0.6278930210681675,0.2152192219374033,0.14086381016493393,0.6182806546044242,0.2755859717447249,30s
2025-09-02 18:07:00,0.057648005876090175,0.2071834629507137,0.11280770602925437,0.09566103365666245,0.24037031751917756,-0.24747169484537673,0.21085815669458471,0.17315874097603715,-0.37755817213344545,-0.1730146949680867,-0.34236766378906514,A,1756836420,0.4103585657370518,0.07778639013671014,-0.7371484639072141,0.20717276509594348,0.05074666257392397,-0.014845570386709268,0.24669191703732282,0.07143073177135056,-0.05971609445245971,0.3007485991540385,30s
2025-09-02 18:07:30,-0.08274751731480486,-0.038123202887940764,-0.10924009989297181,-0.06301580824873045,-0.026274975863695517,-0.7819661264522195,0.2850267463629458,0.1680069268963103,-0.20318194561255956,-0.08514175449012913,-0.3383524058087399,A,1756836450,0.41832669322709165,0.039000238913536406,-0.7418733933745121,-0.03812793660192725,-0.07663421638082014,0.1269496299419909,0.057648005876090175,-0.06894604359055027,0.07694533162284492,0.09566103365666245,30s
2025-09-02 18:08:00,-0.16858888513801765,-0.015974070489974762,-0.14234748483767393,-0.15856824856885457,-0.01723019491197769,-0.4602604637022377,0.29297484071179003,0.2282821849008889,-0.6256658256237735,-0.26516253525308,-0.6210265676236365,A,1756836480,0.4262948207171315,-1.5555021332081754e-17,-0.7447135412948398,-0.01598330544291664,-0.16411085403969483,0.2859583394153678,-0.08274751731480486,-0.16705318688198884,0.26282200134758066,-0.06301580824873045,30s
2025-09-02 18:08:30,-0.2739207692336228,-0.21270543303545947,-0.14034962540135568,-0.24374550052721095,-0.18392106008597472,-0.4263028997952756,0.34819905988892547,0.3036014127088581,-0.4695121951219512,-0.27786848745732523,-0.35896406344107606,A,1756836510,0.4342629482071713,-0.0391074296599098,-0.7456611230201634,-0.21270943664898528,-0.2380298033905696,0.22914943423563694,-0.16858888513801765,-0.23679682011796718,0.2933728725165878,-0.15856824856885457,30s
2025-09-02 18:09:00,-0.4667559456461659,-0.3946326643625547,0.06485907955761684,-0.4468389562435109,-0.37663938517738715,-0.5183172525362523,0.35102099807841475,0.2847906785363498,-0.7956966638631904,-0.36016030874276383,-0.8118851636217627,A,1756836540,0.44223107569721115,-0.0782148593198196,-0.7447135412948398,-0.3946359768963023,-0.35331892267154735,-0.025895951257224107,-0.2739207692336228,-0.3480405579635335,-0.05384422120117399,-0.24374550052721095,30s
2025-09-02 18:09:30,-0.648395389643391,-0.6824857530037843,-0.43046735640385303,-0.6336841339802609,-0.6683058558027849,-0.03827179033212173,0.7031806722476159,0.8262689089264367,-0.6989767311466218,-0.36360397803176486,-0.577126413705414,A,1756836570,0.450199203187251,-0.11721509823335567,-0.7418733933745121,-0.6824825011064352,-0.49811308305446744,0.006736191078601511,-0.4667559456461659,-0.49851797367330564,-0.00599939853745627,-0.4468389562435109,30s
2025-09-02 18:10:00,17.612556433094554,10.751172116092725,4.257795219407777,15.995037025964635,9.560680181016842,1.942862472191072,-2.1131273344038206,-2.052930104086282,4.695892907204934,2.9701053881549653,4.404202636686073,BOTH,1756836600,0.4581673306772908,-0.15600124945652974,-0.7371484639072141,10.751159579243156,6.492424361955279,53.76125987316931,-0.648395389643391,5.846406060434097,49.50926556855341,-0.6336841339802609,30s
2025-09-02 18:10:30,4.05744768462015,1.985574140502052,-0.12707813057438458,3.9111603084891065,1.8568028847125382,2.084614785712355,-2.1444691530531848,-2.2272969929485207,4.453252032520325,3.1336203057740835,2.8687679850097036,B,1756836630,0.46613545816733065,-0.19446700284483076,-0.7305517035961899,1.9855843096673096,8.311983177680018,-38.972844391823585,17.612556433094554,7.600262662047423,-35.03810341349027,15.995037025964635,30s
2025-09-02 18:11:00,0.7871586655636632,0.43008403199079387,-0.3505529789511238,0.739588492661466,0.3687121672868052,0.925508477693479,-1.5874781419192638,-1.7426478968530028,1.424936921783011,1.5926376725545495,0.800642441276852,B,1756836660,0.47410358565737054,-0.2325069264419438,-0.7221011937029164,0.430085514304307,1.806283698787525,-8.995734466483935,4.05744768462015,1.7131812757879783,-8.79485178516367,3.9111603084891065,30s
2025-09-02 18:11:30,0.33406908115607625,0.11172505995791314,-0.6097038886906886,0.3117210508667671,0.07618844585409644,0.8866990668800552,-1.3135590649794275,-1.4379375308972975,0.9411970843846369,1.3590618969867894,0.47406812554373284,B,1756836690,0.4820717131474104,-0.2700167554614111,-0.7118200964876235,0.11172680099730099,0.36660408021584434,-0.7844581042433679,0.7871586655636632,0.32415677032941576,-0.715715683326164,0.739588492661466,30s
2025-09-02 18:12:00,-0.015728928244184193,-0.15394198405107531,-0.16903317873706744,-0.025821944095439323,-0.1750830346557759,0.7972331108612523,-1.0088602721621578,-1.0931833025337696,0.5000700869077657,1.1188362772747513,0.08432041758682995,B,1756836720,0.4900398406374502,-0.30689367806916723,-0.6997365917231478,-0.1539397510898648,0.056159984164528255,-0.48339469430343135,0.33406908115607625,0.02878469226540715,-0.4497455204364029,0.3117210508667671,30s
2025-09-02 18:12:30,-0.24084550408618266,-0.4484158836440147,-0.4650017838030681,-0.2577915314973195,-0.47224169861614085,0.7238397695393919,-0.5947097309804444,-0.6113499121840964,0.6918278665545277,1.2096778981742615,0.1782774543264405,B,1756836750,0.49800796812749004,-0.34303661718362716,-0.6858837994561351,-0.4484088200896558,-0.16613618792573967,-0.11998637624276239,-0.015728928244184193,-0.19099035502716888,-0.1388731332772476,-0.025821944095439323,30s
2025-09-02 18:13:00,-0.14233196199831583,-0.33008386751770674,-0.41277202996789153,-0.13449737202509604,-0.32862611965901734,1.6645893642234997,0.04249690110139597,0.37599454696540385,0.6452901597981497,1.2074217010538815,-0.006959780499230409,B,1756836780,0.5059760956175299,-0.3783465075209434,-0.6702996892272932,-0.3300785196253963,-0.215088450576546,0.8232966248763319,-0.24084550408618266,-0.23292822971579555,0.9072396295295269,-0.2577915314973195,30s
2025-09-02 18:13:30,0.5266520011722503,-0.00957341763940269,-0.15676061362825544,0.5348305855071527,-0.010847831044145427,2.028299488155147,-1.2107376979520534,-1.226939503218921,2.1988365573310906,1.9871159269704617,1.0225523656561601,B,1756836810,0.5139442231075697,-0.4127265671260617,-0.6530269759995213,-0.009564103725733132,0.08167173239200251,2.4860437582107466,-0.14233196199831583,0.07294484252905138,2.5150955678301288,-0.13449737202509604,30s
2025-09-02 18:14:00,-0.23516973516788034,-0.3730938239195745,-0.5217980734926864,-0.24262078382734953,-0.388961170086596,1.0821836441613155,-0.79269233083157,-0.8511098530108439,0.35793383795906925,1.0754935431200832,-0.1630194740012046,B,1756836840,0.5219123505976095,-0.4460825626453332,-0.634113003079165,-0.37308945364413304,0.045775127695006516,-1.6843180822939812,0.5266520011722503,0.03121999100139282,-1.745103600019795,0.5348305855071527,30s
2025-09-02 18:14:30,-0.4417157886536557,-0.5381715135623626,-0.48583660363895825,-0.44923124159189426,-0.5537824141249749,0.7166190531413089,-0.5885877253536004,-0.6656999888219027,-0.042402579198205774,0.8287368264806294,-0.5431305628053269,B,1756836870,0.5298804780876494,-0.4783230676135865,-0.6136096123513047,-0.5381669238086924,-0.32865345418399267,-0.06585897248757913,-0.23516973516788034,-0.34852971302051067,-0.06420041645571066,-0.24262078382734953,30s
2025-09-02 18:15:00,-0.5154785266742591,-0.6512531847291543,-0.598572957545487,-0.5191065289319635,-0.6600990813951931,0.6385091359570871,-0.35813152734483594,-0.3811533049317848,0.06903560414914493,0.7967938251447232,-0.29231078096767715,B,1756836900,0.5378486055776892,-0.5093597130477132,-0.5915730021847526,-0.6512462527721011,-0.4370375045362028,0.3211638581182996,-0.4417157886536557,-0.455225630876884,0.338431172509355,-0.44923124159189426,30s
2025-09-02 18:15:30,-0.6187923595989123,-0.7394975491952315,-0.6071352122725651,-0.638426043009102,-0.7685372916664875,0.49492922279071017,-0.39738662370188,-0.47154556394124636,-0.17206335856462013,0.7044084904260056,-0.6761694438867697,B,1756836930,0.545816733067729,-0.5391074296599098,-0.5680635733962288,-0.7394903593815926,-0.5055058386130192,0.2350314373604511,-0.5154785266742591,-0.5282359518365608,0.1928372663146715,-0.5191065289319635,30s
2025-09-02 18:16:00,-0.7661471916072813,-0.904129548940392,-0.4752764894755619,-0.773942123953153,-0.9169514895119557,0.8019900342795233,0.1487856559658281,0.28510536411225346,-0.3593355761143818,0.6361288407302954,-0.8051930669878873,B,1756836960,0.5537848605577689,-0.5674846810266798,-0.5431457636959227,-0.9041203692794251,-0.6024292531653014,0.10666536916597737,-0.6187923595989123,-0.6265770713867677,0.14514471264936638,-0.638426043009102,30s
2025-09-02 18:16:30,-0.9788661074983214,-1.137939686859409,-0.7033178737067428,-0.987441148309895,-1.1524313230798662,1.9676248482199923,1.6936054392095496,2.5829726194916125,-0.9126016260162602,0.3662164168027312,-1.2524928059961187,B,1756836990,0.5617529880478087,-0.5944136870745064,-0.5168878710682068,-1.1379280626994106,-0.7416551797340387,-0.08385098204583422,-0.7661471916072813,-0.761262087396244,-0.08448455040674856,-0.773942123953153,30s
2025-09-02 18:17:00,20.018385039711834,9.56862873214269,4.2716375312165535,18.3048631877477,8.55229506855892,2.1635760847270364,-2.690869442958632,-2.7670838876640578,7.129871040089712,4.157458809559151,5.251154386669343,B,1756837020,0.5697211155378487,-0.6198206372696237,-0.48936186657161046,9.56865083799261,7.2948811550714385,61.73673711014159,-0.9788661074983214,6.6012536313246315,57.35247608425043,-0.987441148309895,30s
2025-09-02 18:17:30,2.3700898106964132,1.2200972154088923,-0.36824830538708525,2.2671056724666605,1.1186208987272308,1.5508755945477333,-1.9517265182765964,-2.0686997067489528,3.2037426408746845,2.5181534807777943,2.0625041825603962,B,1756837050,0.5776892430278885,-0.6436358929275632,-0.46064319707114904,1.2201036472629045,8.589786694474368,-50.90323347984279,20.018385039711834,7.857184059556686,-46.68073568766583,18.3048631877477,30s
2025-09-02 18:18:00,0.6458208905392723,0.3342599180750055,-0.45843738851230825,0.6265835518262507,0.30078267110961393,0.9897498139823875,-1.4453863808965792,-1.5898786415360784,1.2795766750770956,1.5236455395576667,0.6229003546811216,B,1756837080,0.5856573705179283,-0.6657941780879444,-0.4308105784437133,0.33426141797178077,1.0992011979878624,-4.489557822577593,2.3700898106964132,1.0351315477261367,-4.28650934741314,2.2671056724666605,30s
2025-09-02 18:18:30,0.24326419776901476,0.004503078225141925,-0.2830538708526579,0.22406489744635982,-0.02609521569601628,0.6110933755249911,-1.1279648039592252,-1.2494642225785884,0.985071488645921,1.3496808668546831,0.477280331927993,B,1756837110,0.5936254980079682,-0.6862347584313456,-0.39994577982332175,0.0045063112950836865,0.27684392163162735,-0.6371701509966428,0.6458208905392723,0.24672160410930158,-0.6410734203043096,0.6265835518262507,30s
2025-09-02 18:19:00,0.013035720247656427,-0.1700346722668156,1.9589725294327507,-0.025219509633214694,-0.22064233397767952,0.6195352197667854,-0.8102381254702351,-0.8942310943345807,0.6954723857583404,1.1907970906931868,0.31800843204175866,B,1756837140,0.601593625498008,-0.7049016077478539,-0.36813339947760604,-0.17003105759682277,0.03217153946890926,-0.13488600915819238,0.24326419776901476,-0.004809359549234012,-0.1898585040332251,0.22406489744635982,30s
2025-09-02 18:19:30,-0.29216484213572136,-0.45137386916287153,0.02361755262219051,-0.3093559138525183,-0.4770563141792877,0.9687485268870933,-0.3478928257432708,-0.2621488004435358,0.4154051023268853,1.105892830636782,-0.21147025363046243,B,1756837170,0.6095617529880478,-0.7217435615010089,-0.33546063292984335,-0.45136811327507076,-0.17485717236423307,-0.3534067502473361,0.013035720247656427,-0.2106565834040864,-0.2924840022383543,-0.025219509633214694,30s
2025-09-02 18:20:00,0.3448048166133095,-0.0848421732920537,-0.5700321084552266,0.3501404683895624,-0.08797035660559238,2.0674811216132323,-0.55969994065124,-0.3485165395630362,1.787426408746846,1.765652367522636,0.9101251422070534,B,1756837200,0.6175298804780877,-0.7367144570662435,-0.30201703396208396,-0.0848339807334746,-0.046575507516828776,2.392731833638787,-0.29216484213572136,-0.06580507445365265,2.486145424506934,-0.3093559138525183,30s
2025-09-02 18:20:30,-0.006425118801633731,-0.30620653662844766,-0.6087049589725294,-0.013535383732815145,-0.31941963368363013,1.1310093723233916,-0.9342075745788905,-1.0218581605611576,1.2215447154471544,1.6200682796496957,0.3474536572308104,B,1756837230,0.6254980079681275,-0.7497732602594271,-0.26789426915446274,-0.3061987059956587,0.0639084640883344,-0.4875683215206708,0.3448048166133095,0.04835214175269545,-0.5266965621466884,0.3501404683895624,30s
2025-09-02 18:21:00,-0.40438926129682046,-0.5016865692623927,-0.6077060292543703,-0.41475479640769364,-0.5210391151453648,0.6855879197007243,-0.7594919622220829,-0.9076273266585702,0.007078777684328567,0.8784919103458513,-0.5399183564210667,B,1756837260,0.6334661354581673,-0.7608841778087138,-0.23318586663347327,-0.5016822758615587,-0.2257745252585815,-0.6237842688853928,-0.006425118801633731,-0.24682113132385228,-0.6372476617191931,-0.013535383732815145,30s
2025-09-02 18:21:30,-0.4689372215441801,-0.6001334164756806,-0.5262219051016768,-0.4778190838245216,-0.6158716193194069,0.6476135034118318,-0.5841365704422682,-0.6749110210541162,0.10183627698345948,0.9002226510316165,-0.4641638225255973,B,1756837290,0.6414342629482072,-0.7700167554614109,-0.19798695971787467,-0.6001271031597336,-0.4046092124004366,0.3480221223867525,-0.40438926129682046,-0.4259883267548297,0.358486902962774,-0.41475479640769364,30s
2025-09-02 18:22:00,-0.5536879514183858,-0.658163705976104,-0.5113806635747413,-0.5710251324087279,-0.6852447482695933,0.4882734891765869,-0.3827587371895926,-0.4342386844179121,-0.15762545556490049,0.7612884073029539,-0.5032456668674296,B,1756837320,0.649402390438247,-0.7771459614569703,-0.16239402616487528,-0.6581577921878641,-0.46233696564247695,0.28913721610414606,-0.4689372215441801,-0.48629308831512463,0.26973120715055215,-0.4778190838245216,30s
2025-09-02 18:22:30,-0.7136036681047755,-0.81953242443519,-0.7183018194791295,-0.725665275583871,-0.8397475764179814,0.3756637133059163,-0.2856909437083674,-0.343911995882742,-0.4482057751611999,0.6421849487902628,-0.9500100381449508,B,1756837350,0.6573705179282868,-0.7822522551373036,-0.12650462373131072,-0.8195251635541543,-0.5569395655859627,0.07005422471630689,-0.5536879514183858,-0.581936995406844,0.08883183031142818,-0.5710251324087279,30s
2025-09-02 18:23:00,-0.8309103117221321,-0.992119300585511,-0.6488048519443453,-0.8443034957520129,-1.0111137802388523,1.2464737395659973,0.44773019658738145,0.7572668047373343,-0.3499439304737875,0.5843550541784177,-0.7923442414508466,B,1756837380,0.6653386454183267,-0.785321640506367,-0.09041712277460837,-0.9921085291384426,-0.6641302180676422,0.19424666569354115,-0.7136036681047755,-0.6873951838431661,0.19484341036875744,-0.725665275583871,30s
2025-09-02 18:23:30,10.67488973056791,12.652327327237758,4.276204067070996,9.308532252786542,10.865707031729231,1.4456035880248739,-0.5914026143235155,-0.1199547711580064,0.2392066162040931,1.0127950126168919,0.20531352472729705,B,1756837410,0.6733067729083665,-0.7863457045922139,-0.0542304366264797,12.659902437024176,3.739338668242564,34.07205453827898,-0.8309103117221321,3.184804139982907,30.440316262709704,-0.8443034957520129,30s
2025-09-02 18:24:00,10.22341013551362,4.2987680098628624,0.7575454869782376,9.83209692601675,4.040477290413975,2.200560187687259,-2.3044415053630067,-2.388035731284612,7.420731707317073,4.2534065607837315,4.955363715452052,B,1756837440,0.6812749003984063,-0.785321640506367,-0.01804375047835104,4.298791247319885,8.013596416363894,-0.7797654767504095,10.67488973056791,7.304829720223138,2.085879715104704,9.308532252786542,30s
2025-09-02 18:24:30,1.4890695077661584,0.8058044847167599,-0.13863717445594007,1.4167758929256773,0.7250773172535308,0.7940576876841755,-1.5448078955553117,-1.6861496767477633,2.280417717970283,1.9859284548018405,1.2490129157465033,B,1756837470,0.6892430278884463,-0.7822522551373038,0.01804375047835132,0.8058081324121911,4.461811985329239,-24.921776927193992,10.22341013551362,4.259398976603309,-24.235641985130933,9.83209692601675,30s
2025-09-02 18:25:00,0.519210437479365,0.2178184821021487,-0.18458794149125937,0.495169454892154,0.18093871096293257,0.3707588033189305,-1.213022416853861,-1.3886480723955676,1.2434118306700308,1.383523823660383,0.4869169510807736,B,1756837500,0.6972111553784861,-0.7771459614569706,0.05393315291191586,0.2178209575139801,0.7095912181981701,-2.2906834044255584,1.4890695077661584,0.656276341426987,-2.169583886894588,1.4167758929256773,30s
2025-09-02 18:25:30,0.1494099797081987,-0.01093377038424522,-0.3887977167320728,0.12846527073595418,-0.045088759147278286,0.25705043436240843,-1.091541136909997,-1.288332531920264,0.6612699747687132,1.0962743060709514,-0.0733453791072743,B,1756837530,0.7051792828685259,-0.770016755461411,0.08952608646491522,-0.010932357659494692,0.1915991674902355,-0.5416957252758541,0.519210437479365,0.15911695164854422,-0.535613815366226,0.495169454892154,30s
2025-09-02 18:26:00,-0.032682041941335546,-0.22542915240281453,-0.44088476632179807,-0.0548267071737049,-0.2576834878192888,-0.022658183667311555,-0.7928012516840147,-0.985308282551753,0.7176198486122792,1.0917619118301916,0.13062972629324768,B,1756837560,0.7131474103585658,-0.7608841778087139,0.12472499338051389,-0.22542472558139248,-0.021795289234030773,0.005417065377815982,0.1494099797081987,-0.0531267041930828,0.0044633850159692115,0.12846527073595418,30s
2025-09-02 18:26:30,-0.10384060363471789,-0.2848962341935257,-0.3736710667142347,-0.11841780155052539,-0.30861636196149944,0.006195054117119334,-0.7721628723355217,-0.9687075977596717,0.634076254555649,1.0669437435060116,-0.17774208659573043,B,1756837590,0.7211155378486056,-0.7497732602594274,0.15943339590150338,-0.28489151891214254,-0.11971702700492994,0.32875423715068847,-0.032682041941335546,-0.1483989432404901,0.3569356625414457,-0.0548267071737049,30s
2025-09-02 18:27:00,-0.2435758086115882,-0.35416283928483144,-0.335997145915091,-0.26013727684432936,-0.38158455316307505,-0.10337068126652664,-0.708219898783884,-0.9296687461903752,0.2289739276703112,0.8955915095739944,-0.4847754801579335,B,1756837620,0.7290836653386454,-0.7367144570662438,0.19355616070912396,-0.35415947970049505,-0.20126110024972424,0.1288742559644485,-0.10384060363471789,-0.22762834318056177,0.12687814292729535,-0.11841780155052539,30s
2025-09-02 18:27:30,-0.28311328908953987,-0.41887062373730827,-0.4884052800570817,-0.2871162570850284,-0.43033566200411344,0.10525956597475566,-0.7151985954974004,-0.9386224539430896,0.30985421923184747,0.896422740092029,-0.475941912601218,B,1756837650,0.7370517928286853,-0.7217435615010093,0.22699975967688346,-0.41886587659113,-0.2705785828113413,0.42092003611376916,-0.2435758086115882,-0.2927291191623251,0.4647440167800436,-0.26013727684432936,30s
2025-09-02 18:28:00,-0.40016025700475205,-0.5034521669664331,-0.5700321084552266,-0.415593809210234,-0.5287841160762008,0.03136646648185001,-0.5636901011877704,-0.752789772739257,0.04072049341183067,0.7477512245806739,-0.5064578732516898,B,1756837680,0.7450199203187251,-0.7049016077478538,0.2596725262246472,-0.503447656427206,-0.33112344352660544,0.1950035410956312,-0.28311328908953987,-0.3527198336972583,0.1658704266958008,-0.2871162570850284,30s
2025-09-02 18:28:30,-0.46993140851810494,-0.604142033003861,-0.36696396717802354,-0.4816780256050806,-0.6231998738516967,-0.012186902401757066,-0.3949950658008622,-0.5351335686632691,0.11683487524530417,0.8061748552768294,-0.6063039550291106,B,1756837710,0.7529880478087649,-0.6862347584313457,0.29148490657036236,-0.6041355848000495,-0.4033584396322843,0.33279811429899825,-0.40016025700475205,-0.4278012685978231,0.34959439345547844,-0.415593809210234,30s
2025-09-02 18:29:00,-0.5804345487392745,-0.7112108945503475,-0.6488048519443453,-0.5958303067519362,-0.734368014895637,-0.21681905698846718,-0.2750922452917956,-0.4197780419939044,-0.0508130081300813,0.7166394537628025,-0.6989225724419461,B,1756837740,0.7609561752988048,-0.6657941780879442,0.32234970519075434,-0.7112035928205814,-0.4730632027528476,0.21407680122830064,-0.46993140851810494,-0.4973545778621168,0.2080527459810501,-0.4816780256050806,30s
2025-09-02 18:29:30,-0.7270919660047409,-0.8584795803078887,-0.5422047805922227,-0.7485829943158175,-0.8896065755660357,-0.016189389084917773,-0.06571203577073223,-0.13418384014450724,-0.3149004765909728,0.5780614516847261,-0.9130696647259586,B,1756837770,0.7689243027888446,-0.6436358929275633,0.35218232381818954,-0.8584710147981452,-0.5724967690760777,0.10869812024587638,-0.5804345487392745,-0.6003532717233269,0.09438964875348792,-0.5958303067519362,30s
2025-09-02 18:30:00,-0.8826896467297555,-1.0703126938738077,-0.686906885479843,-0.9009051868669934,-1.093934291491983,1.1057455489691623,0.9559214040213047,1.4150573523092254,-0.26654051023268854,0.5886299539854535,-0.868901826942381,B,1756837800,0.7768924302788844,-0.6198206372696237,0.380900993318651,-1.070300287275077,-0.6893665667865324,0.08263998140249013,-0.7270919660047409,-0.7180817438963969,0.09565728816527277,-0.7485829943158175,30s
2025-09-02 18:30:30,16.346192226793338,12.01494820228487,4.5594719942918305,14.807618662863746,10.676897689171165,1.7183580501807458,-1.873353691829424,-1.7223413710581261,3.1778104850014017,2.3872940477957547,2.874389346182159,B,1756837830,0.7848605577689243,-0.5944136870745065,0.40842699781524733,12.019011640717418,5.912180547327836,50.753091025079605,-0.8826896467297555,5.285060347727883,46.7996444518887,-0.9009051868669934,30s
2025-09-02 18:31:00,5.46100227401722,2.5856125118419144,-0.140492329646807,5.297563679407261,2.446350700571941,2.2651332996510023,-2.0915355873899633,-2.1373159961674517,5.236823661340062,3.531898471129583,3.505052532958576,B,1756837860,0.7928286852589641,-0.56748468102668,0.43468489044296327,2.5856254047080856,8.36502913927613,-31.19084613263701,16.346192226793338,7.677051026093778,-27.459205231962784,14.807618662863746,30s
2025-09-02 18:31:30,1.0896437620331865,0.6044820489795669,-0.27306457367106673,1.0479974467638136,0.5492871896906119,1.021767877655449,-1.492152660462332,-1.6131092481581688,1.7899495374264087,1.8069763989906487,0.9604497088937964,B,1756837890,0.8007968127490039,-0.5391074296599102,0.4596027001432692,0.6044842681995105,2.4659401092131175,-12.205015921414708,5.46100227401722,2.367209773871799,-11.969123653846886,5.297563679407261,30s
2025-09-02 18:32:00,0.46448563807884496,0.2446126359046111,-0.2706386014983946,0.4577913699000925,0.22366489187849753,0.8933284917211365,-1.303236715180166,-1.4347482124334987,0.9568965517241379,1.3682054326851714,0.323362109348859,B,1756837920,0.8087649402390438,-0.5093597130477137,0.483112128931793,0.24461295836438396,0.5339896065372959,-1.2859853706797282,1.0896437620331865,0.49954043495762457,-1.1937394601302662,1.0479974467638136,30s
2025-09-02 18:32:30,0.125890780399678,-0.04435334950454917,-0.5569033178737067,0.11869316322531906,-0.06296012118421249,0.5639802206993222,-1.066384808114182,-1.2072603506592336,0.6893047378749649,1.2500519519073772,0.13410961654286288,B,1756837950,0.8167330677290837,-0.4783230676135872,0.505148739098345,-0.044351338396932886,0.16134538397433046,-0.45074092695611745,0.46448563807884496,0.1409216806255248,-0.45432501056366176,0.4577913699000925,30s
2025-09-02 18:33:00,-0.07574369266267755,-0.22803441608863378,-0.5790224759186586,-0.07654343531465001,-0.2376985096369247,0.5850377154898284,-0.8064309409849963,-0.9022169389776348,0.5244603308102046,1.1741724803324922,-0.010171986883490598,B,1756837980,0.8247011952191236,-0.4460825626453334,0.5256521298262057,-0.2280310554567101,-0.04753940579687278,-0.051543214882332905,0.125890780399678,-0.06527825370896334,-0.030708850254860236,0.11869316322531906,30s
2025-09-02 18:33:30,-0.10780993222464175,-0.22345535396936556,-0.3509810916874777,-0.09886389069563566,-0.2224345405293846,0.16242714102857714,-0.670143712874236,-0.8065911556191092,0.3535884496776002,1.0484191776755232,-0.2588502977983002,B,1756838010,0.8326693227091634,-0.4127265671260616,0.544566102746562,-0.22345309293080112,-0.1379020008061173,0.44269642268247456,-0.07574369266267755,-0.14923357496952913,0.47846155017453834,-0.07654343531465001,30s
2025-09-02 18:34:00,-0.3272878356772157,-0.41307220908828823,-0.6179807349268641,-0.3306253408691507,-0.42483223346133625,0.5866246222560992,-0.796145410496382,-0.9339086143890736,0.03987945051864312,0.9021226065014101,-0.5056548216556247,B,1756838040,0.8406374501992032,-0.3783465075209436,0.5618388159743338,-0.41306910113635187,-0.2351639272543673,-0.103551367511664,-0.10780993222464175,-0.24728384556693875,-0.1382602505586369,-0.09886389069563566,30s
2025-09-02 18:34:30,-0.3914054761895929,-0.5044566274368684,-0.6889047449161613,-0.396081913634362,-0.5164025273672584,0.4493936976303303,-0.7144257393456616,-0.8616903226970728,0.09777123633305299,0.9405967047647321,-0.475941912601218,B,1756838070,0.848605577689243,-0.3430366171836271,0.5774229262031759,-0.504451785794015,-0.34481883158889737,0.3492763730530732,-0.3272878356772157,-0.36198035460000005,0.3514425584237113,-0.3306253408691507,30s
2025-09-02 18:35:00,-0.45225120285494885,-0.5303593347157903,-0.5671780235462005,-0.45163774749625296,-0.5363011911587315,0.3636466656166709,-0.46698308556233814,-0.5843666258386471,-0.14472946453602467,0.7876502894463411,-0.459345512949207,B,1756838100,0.8565737051792829,-0.30689367806916745,0.5912757184701886,-0.5303554577174319,-0.3931371016209843,0.3588130031194079,-0.3914054761895929,-0.4086790724387878,0.38059636153228293,-0.396081913634362,30s
2025-09-02 18:35:30,-0.518186573282338,-0.631457160894786,-0.6306814127720299,-0.5245458915925003,-0.6444711404293052,0.3971901772327026,-0.46489062418642313,-0.5599168728425749,-0.0579618727221755,0.8619860472020187,-0.5950612326842,B,1756838130,0.8645418326693227,-0.2700167554614113,0.6033592232346642,-0.6314511674364557,-0.44215821414893663,0.3439782452384428,-0.45225120285494885,-0.4582533535090047,0.32950059575245627,-0.45163774749625296,30s
2025-09-02 18:36:00,-0.5763390919511662,-0.6690851810351331,-0.35840171245094543,-0.5890942879420189,-0.6908711789658083,0.3650119722338301,-0.3936208568788649,-0.4883941579335947,-0.25728903840762546,0.7636633516401959,-0.731580004015258,B,1756838160,0.8725099601593626,-0.23250692644194432,0.6136403204499571,-0.6690796076112621,-0.4901379722850557,0.3666628822896562,-0.518186573282338,-0.51129786668155,0.3541167827083325,-0.5245458915925003,30s
2025-09-02 18:36:30,-0.7500695559916458,-0.885407905541559,-0.5894398858366037,-0.7555995459117921,-0.8953816917243631,0.8853666455499443,-0.09161222310041775,-0.03716502567842939,-0.33985141575553685,0.6678343476324774,-0.7963594994311718,B,1756838190,0.8804780876494024,-0.19446700284483137,0.6220908303432306,-0.8853989749783845,-0.5797977247984348,0.02978845332511583,-0.5763390919511662,-0.6004615293952942,0.053893708625658086,-0.5890942879420189,30s
2025-09-02 18:37:00,-0.9200087547808151,-1.1216907332874755,-0.6683553335711737,-0.9317883561118091,-1.136119196926693,1.7708724419020743,1.486811775231106,2.26481450122959,-0.24229044014578077,0.7325515808223245,-0.6405674897945526,B,1756838220,0.8884462151394422,-0.15600124945653068,0.6286875906542548,-1.1216773800859028,-0.7126808564350968,0.04083883419563067,-0.7500695559916458,-0.7327072556025372,0.025379435310419387,-0.7555995459117921,30s
2025-09-02 18:37:30,19.807788045272606,11.533754792891381,42.16889047449162,17.459974063645067,9.934191942771491,2.196595251352905,-2.5614668854954186,-2.5930284379913675,5.183697785253715,3.283716787887784,4.0487184634946125,B,1756838250,0.896414342629482,-0.11721509823335596,0.633412520121553,11.53570412824547,7.236209584763523,60.95135994290997,-0.9200087547808151,6.296687134392608,54.70073241388236,-0.9317883561118091,30s
2025-09-02 18:38:00,3.3678157934762045,1.8005550837506292,-0.08483767392079915,3.2927173785697836,1.7160830849698978,2.0903335183389404,-2.012435310510351,-2.080785715035262,3.6670171012054946,2.8096778981742614,2.4418122197684533,B,1756838280,0.9043824701195219,-0.07821485931981953,0.6362526680418807,1.8005614309928033,8.894137576398261,-47.38134085883733,19.807788045272606,7.926924948934619,-41.17284244346062,17.459974063645067,30s
2025-09-02 18:38:30,0.772705857912875,0.47615824346220853,-0.5076703531930075,0.745750518121109,0.43289764485377524,1.1418977725829493,-1.5342012702382357,-1.6726269452255758,1.2324782730585926,1.4869526495472762,0.7551361841664994,B,1756838310,0.9123505976095617,-0.0391074296599099,0.6372002497672042,0.47615795445794884,1.5340426783175958,-7.027793546015321,3.3678157934762045,1.4769019223531825,-6.95563452395001,3.2927173785697836,30s
2025-09-02 18:39:00,0.2569231397018181,0.14742284818262083,-0.1857295754548698,0.2502436482189966,0.12623135475765834,0.777429866665733,-1.216444155864606,-1.3523730271826,0.5285253714606112,1.172866260947009,0.09636619152780566,B,1756838340,0.9203187250996016,0.0,0.6362526680418806,0.1474212946383991,0.33118655591398927,-0.967189451319396,0.772705857912875,0.3028105525038796,-0.9148873399747994,0.745750518121109,30s
2025-09-02 18:39:30,0.007538014667967518,-0.09804780649293722,-0.3518373171601855,0.001968254224757503,-0.11527685125449168,0.7639135864895,-1.062276745433922,-1.197012824966261,0.3879310344827586,1.06967492949384,-0.008030515960650473,B,1756838370,0.9282868525896414,0.0390002389135362,0.633412520121553,-0.09804705908726044,0.03532715883810095,-0.1907217888209503,0.2569231397018181,0.015784791730261292,-0.18688735520169933,0.2502436482189966,30s
2025-09-02 18:40:00,-0.17827107917512158,-0.3240962442784723,-0.42689975026757043,-0.178184859147817,-0.3317329413265297,0.6437597446832879,-0.8332357370739241,-0.9640334845460317,0.43404821979254277,1.082380881698085,0.07655758549153449,B,1756838400,0.9362549800796812,0.07778639013671006,0.6286875906542551,-0.3240921204481311,-0.13294480965160527,-0.005417065377815982,0.007538014667967518,-0.14954587590340745,0.01370611321961377,0.001968254224757503,30s
2025-09-02 18:40:30,-0.24517837865910888,-0.3318499361078989,-0.11394933999286479,-0.23938431456516207,-0.33338885057667367,0.6765281479821185,-0.8308266649108718,-0.9961071987447477,0.12468460891505467,0.9607837316312899,-0.4098239978585291,B,1756838430,0.9442231075697212,0.11625214352501116,0.6220908303432306,-0.33184754298208086,-0.23065999779106644,0.3411453687334771,-0.17827107917512158,-0.24268389227488593,0.36397810371802825,-0.178184859147817,30s
2025-09-02 18:41:00,-0.37175173519013827,-0.4288212347183325,-0.5941491259364966,-0.36998848619757685,-0.4346299647255637,0.8934677405610375,-0.8013208242552088,-0.9602154958397491,-0.13701990468180544,0.7487012023155707,-0.6204911998929264,B,1756838460,0.952191235059761,0.15429206712212395,0.6136403204499572,-0.42881897935226687,-0.30547112679995814,0.16723702634467025,-0.24517837865910888,-0.3167009596955315,0.15960836413608281,-0.23938431456516207,30s
2025-09-02 18:41:30,-0.407186339574206,-0.47118572569341993,-0.5246521584017124,-0.4030357655062639,-0.4734456313700951,0.7260993411184687,-0.695377886404039,-0.8414137973544973,-0.1507569386038688,0.7509573994359507,-0.5530348658234625,B,1756838490,0.9601593625498008,0.19180189614159132,0.6033592232346643,-0.4711828600093215,-0.3681130400232942,0.4328786674667921,-0.37175173519013827,-0.37985409534844344,0.44687524981632554,-0.36998848619757685,30s
2025-09-02 18:42:00,-0.5123549989427489,-0.5630492323741763,-0.6196931858722797,-0.5157207438320358,-0.5745466071896164,0.5004030829936577,-0.4484449673587063,-0.5500649767113186,-0.3631202691337258,0.6292415021522934,-0.7187311784782172,B,1756838520,0.9681274900398407,0.22867881874934728,0.5912757184701887,-0.5630461158281431,-0.42247862426470484,0.22962518448837926,-0.407186339574206,-0.43609220984402725,0.2123733788110075,-0.4030357655062639,30s
2025-09-02 18:42:30,-0.5671614107068002,-0.655762533657266,-0.49910809846592935,-0.5675443281393291,-0.661721053748738,0.3816407541225879,-0.29594976272850043,-0.36502997225050876,-0.2640173815531259,0.7066646875463857,-0.6689419795221843,B,1756838550,0.9760956175298805,0.2648217578638073,0.5774229262031759,-0.6557572245021348,-0.48433450139062406,0.3764157624708738,-0.5123549989427489,-0.4995761051122129,0.39158637649271205,-0.5157207438320358,30s
2025-09-02 18:43:00,-0.6842603137624412,-0.7652509697292241,-0.5420620763467713,-0.6864818263718595,-0.7732856663139834,0.5950789394038892,-0.20678982348160455,-0.2449649477068446,-0.5299271096159237,0.5747365296125873,-0.9374288964732651,B,1756838580,0.9840637450199203,0.30013164820112365,0.5618388159743339,-0.7652451295889712,-0.5508033202853254,0.19485216601521319,-0.5671614107068002,-0.5654728493687412,0.19396215354044455,-0.5675443281393291,30s
2025-09-02 18:43:30,-0.8656623399748485,-1.0221886760412526,-0.6325365679628969,-0.8749617216568564,-1.0362706190618622,1.502754998079537,0.5835542171849926,0.9581857996011044,-0.4906784412671713,0.5349562119637821,-0.8284815632737736,B,1756838610,0.9920318725099602,0.334511707806242,0.544566102746562,-1.022177867068036,-0.6662215330859519,0.0074281914462267055,-0.6842603137624412,-0.6841052980469031,-0.010813002249774451,-0.6864818263718595,30s
2025-09-02 18:44:00,-1.0881821587954015,-1.1498295788096293,-0.6125579735997146,-1.0863483470623645,-1.1578389451826798,2.253329892918237,2.034995527931152,3.0942062796017646,-2.417227361928792,-0.3805848300430459,-2.622766512748444,B,1756838640,1.0,0.3678677033255136,0.5256521298262057,-1.1498255534636743,-0.8224017419018917,-0.1124176222218618,-0.8656623399748485,-0.8384138879127753,-0.07826436182159403,-0.8749617216568564,30s
