datetime,packet_count_sum,packet_count_mean,packet_count_max,total_bytes_sum,total_bytes_mean,mean_packet_size_mean,packet_rate_mean,byte_rate_mean,flow_id_nunique,src_ip_nunique,dst_ip_nunique,direction_<lambda>,timestamp_numeric,time_since_start,hour_sin,hour_cos,packets_per_flow,packet_count_sum_ma2,packet_count_sum_diff,packet_count_sum_lag1,total_bytes_sum_ma2,total_bytes_sum_diff,total_bytes_sum_lag1,time_window
2025-09-02 16:38:40,2359227,89.40868609542578,20997,96723840,3665.586842005533,42.24583948624227,339.6426542951996,13399.852347254258,26387,14729,14616,A,1756831120,0,0.0,1.0,89.40529786266485,2359227.0,0.0,0.0,96723840.0,0.0,0.0,10s
2025-09-02 16:38:50,403389,21.77891156462585,24720,18050016,974.51765468092,41.40914174233964,481.0762827362419,18289.22394926778,18522,10075,11732,A,1756831130,10,0.01745240643728351,0.9998476951563915,21.777735787939317,1381308.0,-1955838.0,2359227.0,57386928.0,-78673824.0,96723840.0,10s
2025-09-02 16:39:00,169963,11.490974241092557,8184,7649416,517.166925833277,41.051977941545445,534.4839903343657,20120.998790007558,14791,8072,9279,A,1756831140,20,0.03489949670250097,0.9993908270190959,11.490197404002163,286676.0,-233426.0,403389.0,12849716.0,-10400600.0,18050016.0,10s
2025-09-02 16:39:10,165360,11.499304589707927,10137,7773116,540.5504867872045,40.91665252835436,565.444165001973,21373.930304004105,14380,7510,9636,A,1756831150,30,0.05233595624294383,0.9986295347545739,11.498504971837841,167661.5,-4603.0,169963.0,7711266.0,123700.0,7649416.0,10s
2025-09-02 16:39:20,121342,8.755465762320513,11585,5658828,408.31430839165887,40.5104140515813,592.5247825206912,22313.42756981181,13859,7127,9342,A,1756831160,40,0.0697564737441253,0.9975640502598242,8.754834054834054,143351.0,-44018.0,165360.0,6715972.0,-2114288.0,7773116.0,10s
2025-09-02 16:39:30,97729,7.528618750481473,5806,4566908,351.8148062552962,40.32558086954535,577.8869809941609,21518.64123936605,12981,6909,8245,A,1756831170,50,0.08715574274765817,0.9961946980917454,7.528038822985672,109535.5,-23613.0,121342.0,5112868.0,-1091920.0,5658828.0,10s
2025-09-02 16:39:40,84847,6.7942825112107625,3508,3937940,315.33792440743116,40.330037109163264,604.3037214302544,22618.31753550199,12488,6503,8330,A,1756831180,60,0.10452846326765347,0.9945218953682733,6.793738489871086,91288.0,-12882.0,97729.0,4252424.0,-628968.0,4566908.0,10s
2025-09-02 16:39:50,95307,7.270903265181569,7266,4451792,339.62404638388773,40.16861063315496,606.6761220516541,22722.341153310474,13108,6900,8636,A,1756831190,70,0.12186934340514748,0.9925461516413219,7.270348615455031,90077.0,10460.0,84847.0,4194866.0,513852.0,3937940.0,10s
2025-09-02 16:40:00,79383,6.159928610227361,11642,3699808,287.0961434003259,40.152326581236764,630.448087406438,23517.298196386928,12887,6534,8661,A,1756831200,80,0.13917310096006547,0.9902680687415701,6.159450651769087,87345.0,-15924.0,95307.0,4075800.0,-751984.0,4451792.0,10s
2025-09-02 16:40:10,72717,5.855773876630697,4546,3326012,267.8379771299726,40.33627887111034,647.900000188084,24220.455873701292,12418,6407,8376,A,1756831210,90,0.15643446504023087,0.9876883405951377,5.855302359288188,76050.0,-6666.0,79383.0,3512910.0,-373796.0,3699808.0,10s
2025-09-02 16:40:20,71860,5.509468680518285,4029,3281992,251.62861304914514,40.306144372913884,653.2101564119102,24395.937677529397,13043,6672,8756,A,1756831220,100,0.17364817766693036,0.984807753012208,5.509046304814474,72288.5,-857.0,72717.0,3304002.0,-44020.0,3326012.0,10s
2025-09-02 16:40:30,73042,6.010203241997861,5157,3387464,278.73479799226527,40.4209137032552,651.8104588214389,24351.295532614502,12153,6234,8214,A,1756831230,110,0.19080899537654486,0.981627183447664,6.009708737864078,72451.0,1182.0,71860.0,3334728.0,105472.0,3281992.0,10s
2025-09-02 16:40:40,69003,5.576901317384628,3475,3218796,260.1467711953447,40.3927929631597,657.6473523506531,24641.081149840546,12373,6234,8498,A,1756831240,120,0.20791169081775934,0.9781476007338057,5.576450622272507,71022.5,-4039.0,73042.0,3303130.0,-168668.0,3387464.0,10s
2025-09-02 16:40:50,69132,5.479708306911858,6270,3117700,247.12270133164236,40.270854517990536,658.5045649069224,24707.640350962298,12616,6488,8378,A,1756831250,130,0.224951054343865,0.9743700647852354,5.479273995403028,69067.5,129.0,69003.0,3168248.0,-101096.0,3218796.0,10s
2025-09-02 16:41:00,59589,4.769409316471907,1984,2783328,222.77317112213862,40.091939396627176,687.5191343185087,25494.276609530963,12494,6283,8373,A,1756831260,140,0.24192189559966773,0.9702957262759966,4.769027611044418,64360.5,-9543.0,69132.0,2950514.0,-334372.0,3117700.0,10s
2025-09-02 16:41:10,53075,5.076518412242946,2909,2437200,233.11334289813487,40.14634027716175,692.6439460832428,25774.835798782547,10455,5360,7107,A,1756831270,150,0.2588190451025208,0.9659258262890684,5.076032899770467,56332.0,-6514.0,59589.0,2610264.0,-346128.0,2783328.0,10s
2025-09-02 16:41:20,53317,4.334363059913828,5139,2502956,203.47581497439234,40.17370702292748,703.7360728471465,26330.69965632809,12301,5983,8370,A,1756831280,160,0.2756373558169992,0.9612616959383189,4.334010729962608,53196.0,242.0,53075.0,2470078.0,65756.0,2437200.0,10s
2025-09-02 16:41:30,58344,5.049242752055387,4400,2762296,239.0563392470792,40.16485302439146,699.221494184119,26023.9723570652,11555,5944,7810,A,1756831290,170,0.29237170472273677,0.9563047559630355,5.048805815160955,55830.5,5027.0,53317.0,2632626.0,259340.0,2502956.0,10s
2025-09-02 16:41:40,77495,6.397671922727648,8987,3580076,295.5565095352101,39.89733982679599,694.9631710000585,25635.433029481916,12113,6048,7935,A,1756831300,180,0.30901699437494745,0.9510565162951536,6.397143800561334,67919.5,19151.0,58344.0,3171186.0,817780.0,2762296.0,10s
2025-09-02 16:41:50,66801,5.512088456143246,4376,2914760,240.51159336578925,39.630009983402445,711.8848851632158,26181.692046757882,12119,5925,7970,A,1756831310,190,0.3255681544571567,0.9455185755993168,5.511633663366337,72148.0,-10694.0,77495.0,3247418.0,-665316.0,3580076.0,10s
2025-09-02 16:42:00,62290,5.328941740097528,2906,2854116,244.17110103516126,39.85776401572077,712.3056295570174,26350.793298375236,11689,5852,7756,A,1756831320,200,0.34202014332566877,0.9396926207859083,5.328485885372113,64545.5,-4511.0,66801.0,2884438.0,-60644.0,2914760.0,10s
2025-09-02 16:42:10,57594,5.095461381934,6834,2639464,233.51888879058657,39.89813347032519,708.268162678686,26182.631381349125,11303,5860,7527,A,1756831330,210,0.3583679495453003,0.9335804264972016,5.095010615711253,59942.0,-4696.0,62290.0,2746790.0,-214652.0,2854116.0,10s
2025-09-02 16:42:20,45204,3.7498133554541684,1771,2038936,169.13612608875985,39.494946035803636,735.3609077728116,27087.984261115762,12055,5820,8187,A,1756831340,220,0.37460659341591207,0.9271838545667872,3.7495023224950232,51399.0,-12390.0,57594.0,2339200.0,-600528.0,2639464.0,10s
2025-09-02 16:42:30,45143,4.147266881028939,2010,2048532,188.19770326136884,39.827297358691844,703.6983532093975,25889.369697790313,10885,5533,7361,A,1756831350,230,0.39073112848927377,0.9205048534524403,4.146885908506339,45173.5,-61.0,45204.0,2043734.0,9596.0,2038936.0,10s
2025-09-02 16:42:40,60870,5.5376637554585155,4296,2911924,264.9130276564774,40.07803718619435,714.6234772220206,26574.17781244613,10992,5312,7567,A,1756831360,240,0.4067366430758002,0.9135454576426008,5.537160010916037,53006.5,15727.0,45143.0,2480228.0,863392.0,2048532.0,10s
2025-09-02 16:42:50,44255,4.45086995876496,3345,2046052,205.77813537161822,40.051783736406534,715.2684958485048,26539.277764044582,9943,4952,6837,A,1756831370,250,0.4226182617406994,0.9063077870366498,4.450422365245374,52562.5,-16615.0,60870.0,2478988.0,-865872.0,2911924.0,10s
2025-09-02 16:43:00,41685,4.022483836726817,1466,1908960,184.20920582842805,39.77596976377214,722.4940763516177,26632.28080855958,10363,5085,7061,A,1756831380,260,0.43837114678907735,0.8987940462991668,4.022095715939791,42970.0,-2570.0,44255.0,1977506.0,-137092.0,2046052.0,10s
2025-09-02 16:43:10,45969,4.0579978813559325,2855,2079040,183.5310734463277,39.82735336796076,732.1405397025915,27204.941186465596,11328,5332,7677,A,1756831390,270,0.45399049973954675,0.8910065241883677,4.0576396857622035,43827.0,4284.0,41685.0,1994000.0,170080.0,1908960.0,10s
2025-09-02 16:43:20,47407,4.736437206514137,3161,2208104,220.61184933559795,40.09178727966371,705.3851428311746,26028.61477077479,10009,5142,6700,A,1756831400,280,0.4694715627858907,0.8829475928589268,4.735964035964036,46688.0,1438.0,45969.0,2143572.0,129064.0,2079040.0,10s
2025-09-02 16:43:30,44670,4.359324680394262,4248,2103928,205.32136234995608,40.426482723562586,711.0094775196237,26618.03836061006,10247,5006,7183,A,1756831410,290,0.4848096202463369,0.8746197071393956,4.358899297423887,46038.5,-2737.0,47407.0,2156016.0,-104176.0,2208104.0,10s
2025-09-02 16:43:40,34679,3.36460657805375,1073,1584640,153.7440574366935,40.14981630075481,723.0370154404121,26971.198359362403,10307,5106,7169,A,1756831420,300,0.4999999999999999,0.8660254037844386,3.364280170741172,39674.5,-9991.0,44670.0,1844284.0,-519288.0,2103928.0,10s
2025-09-02 16:43:50,32029,3.3573375262054506,1114,1474256,154.53417190775681,39.893070709307665,719.3366887730523,26494.028074894573,9540,4893,6364,A,1756831430,310,0.5150380749100542,0.8571673007021122,3.356985640918143,33354.0,-2650.0,34679.0,1529448.0,-110384.0,1584640.0,10s
2025-09-02 16:44:00,39090,3.7143671607753705,7041,1842212,175.0486507031547,40.308473059621484,726.4346628395366,27343.76117344418,10524,5123,7328,A,1756831440,320,0.5299192642332049,0.848048096156426,3.7140142517814727,35559.5,7061.0,32029.0,1658234.0,367956.0,1474256.0,10s
2025-09-02 16:44:10,34020,3.3255131964809386,3133,1574500,153.91006842619745,39.98759873869134,743.0220650674438,27770.545196222363,10230,5119,6950,A,1756831450,330,0.544639035015027,0.8386705679454242,3.3251881536506693,36555.0,-5070.0,39090.0,1708356.0,-267712.0,1842212.0,10s
2025-09-02 16:44:20,24907,2.475844930417495,1810,1125972,111.92564612326044,40.300588540423206,750.8062600832787,28310.001867503608,10060,5024,6863,A,1756831460,340,0.5591929034707468,0.8290375725550417,2.475598847033098,29463.5,-9113.0,34020.0,1350236.0,-448528.0,1574500.0,10s
2025-09-02 16:44:30,22599,2.1658999424956873,1452,1021968,97.94594594594595,40.51854640252059,798.7635825496093,30754.21611115906,10434,5047,7189,A,1756831470,350,0.5735764363510459,0.8191520442889919,2.1656923814087206,23753.0,-2308.0,24907.0,1073970.0,-104004.0,1125972.0,10s
2025-09-02 16:44:40,13656,1.369846524225098,261,586296,58.81191694252182,41.195429380864226,929.5555502990076,37739.9347637914,9969,4943,6810,A,1756831480,360,0.587785252292473,0.8090169943749476,1.3697091273821465,18127.5,-8943.0,22599.0,804132.0,-435672.0,1021968.0,10s
2025-09-02 16:44:50,1453550,162.11800133838946,25279,57567196,6420.610751728753,41.08556280065206,486.2395218023184,19731.238901369423,8963,5830,5942,A,1756831490,370,0.6018150231520482,0.798635510047293,162.1541722445337,733603.0,1439894.0,13656.0,29076746.0,56980900.0,586296.0,10s
2025-09-02 16:45:00,1092796,41.29056147510013,12212,47274496,1786.2350185143202,42.255264884976626,398.58866650236257,15339.524462970587,26466,14085,15218,A,1756831500,380,0.6156614753256582,0.7880107536067221,41.28900139796728,1273173.0,-360754.0,1453550.0,52420846.0,-10292700.0,57567196.0,10s
2025-09-02 16:45:10,257277,14.33537638602552,10181,11464008,638.770156572129,40.97477136228079,517.5088183281589,19437.275741343634,17947,9552,11276,A,1756831510,390,0.6293203910498374,0.7771459614569711,14.334577668821039,675036.5,-835519.0,1092796.0,29369252.0,-35810488.0,47274496.0,10s
2025-09-02 16:45:20,171069,11.415254237288135,6119,7594004,506.7398905645269,40.454424484396654,557.9434203810365,20525.00636524752,14986,7972,9464,A,1756831520,400,0.6427876096865393,0.7660444431189782,11.414492560218857,214173.0,-86208.0,257277.0,9529006.0,-3870004.0,11464008.0,10s
2025-09-02 16:45:30,148184,9.836962294211364,10166,6819592,452.70791290493895,40.08720383582475,607.7484620389048,22395.885372047254,15064,7418,9691,A,1756831530,410,0.6560590289905073,0.7547095802227721,9.836309326252904,159626.5,-22885.0,171069.0,7206798.0,-774412.0,7594004.0,10s
2025-09-02 16:45:40,125334,9.127812977933145,7250,5894992,429.31993299832493,39.97201308115259,606.3600816868059,22260.049490959096,13731,6987,8738,A,1756831540,420,0.6691306063588582,0.7431448254773944,9.127148266822022,136759.0,-22850.0,148184.0,6357292.0,-924600.0,6819592.0,10s
2025-09-02 16:45:50,115589,8.805439171173916,7234,5512916,419.9677001599756,39.95908514745886,616.5137523822473,22559.177558508265,13127,6518,8370,A,1756831550,430,0.6819983600624985,0.7313537016191707,8.80476843388178,120461.5,-9745.0,125334.0,5703954.0,-382076.0,5894992.0,10s
2025-09-02 16:46:00,106449,7.4242572185799975,8777,5024084,350.4034035430325,39.63907694767356,640.0310384446784,23535.28337693244,14338,6886,9199,A,1756831560,440,0.6946583704589974,0.7193398003386512,7.42373945184462,111019.0,-9140.0,115589.0,5268500.0,-488832.0,5512916.0,10s
2025-09-02 16:46:10,84860,6.098893201092425,3403,3910968,281.08150064683053,39.31237819745397,630.0625028553711,22895.7046654898,13914,6897,8561,A,1756831570,450,0.7071067811865476,0.7071067811865477,6.0984549047790155,95654.5,-21589.0,106449.0,4467526.0,-1113116.0,5024084.0,10s
2025-09-02 16:46:20,91035,6.847311019180143,8850,4242516,319.1061301241068,39.51845374579343,646.0601450310405,23460.00548019174,13295,6580,8309,A,1756831580,460,0.7193398003386512,0.6946583704589974,6.846796028880866,87947.5,6175.0,84860.0,4076742.0,331548.0,3910968.0,10s
2025-09-02 16:46:30,83307,5.93523795953263,7993,3835748,273.27928184667996,39.46247358705976,661.7104227848621,24206.789369859136,14036,6777,9038,A,1756831590,470,0.7313537016191706,0.6819983600624986,5.9348151314383415,87171.0,-7728.0,91035.0,4039132.0,-406768.0,4242516.0,10s
2025-09-02 16:46:40,69952,5.3418862161130205,6685,3257872,248.78747613592975,39.251441087560096,674.7583733252482,24374.787059306593,13095,6486,8062,A,1756831600,480,0.7431448254773942,0.6691306063588582,5.341478313989004,76629.5,-13355.0,83307.0,3546810.0,-577876.0,3835748.0,10s
2025-09-02 16:46:50,80606,5.732593698883436,8833,3748636,266.598108242657,39.20816167043283,662.8995792723936,24051.587458336555,14061,7070,8623,A,1756831610,490,0.7547095802227721,0.6560590289905074,5.732186033281184,75279.0,10654.0,69952.0,3503254.0,490764.0,3257872.0,10s
2025-09-02 16:47:00,66256,4.819319173697992,2985,3058836,222.4931626418388,39.29992570229773,679.4665245106451,24884.597658018167,13748,6694,8500,A,1756831620,500,0.7660444431189781,0.6427876096865394,4.818968652265619,73431.0,-14350.0,80606.0,3403736.0,-689800.0,3748636.0,10s
2025-09-02 16:47:10,57224,4.423282059210018,1800,2621184,202.61142459611966,39.56187851734002,693.67947418772,25235.61088407839,12937,6413,8222,A,1756831630,510,0.777145961456971,0.6293203910498374,4.422940176225073,61740.0,-9032.0,66256.0,2840010.0,-437652.0,3058836.0,10s
2025-09-02 16:47:20,67166,5.256789543711356,2903,3023464,236.63332550676998,39.50095505743554,694.5187668783054,25251.78157191713,12777,6394,8084,A,1756831640,520,0.788010753606722,0.6156614753256583,5.256378149945219,62195.0,9942.0,57224.0,2822324.0,402280.0,2621184.0,10s
2025-09-02 16:47:30,68122,5.052436401394348,7067,3189904,236.58710969368835,39.4901344412276,711.0707024859438,25997.67180645034,13483,6491,8672,A,1756831650,530,0.7986355100472929,0.6018150231520483,5.0520617027588255,67644.0,956.0,67166.0,3106684.0,166440.0,3023464.0,10s
2025-09-02 16:47:40,56886,4.441789646287186,3595,2649492,206.87842586085733,39.511566331706476,709.8630438485856,25841.200221517833,12807,6383,8176,A,1756831660,540,0.8090169943749475,0.5877852522924731,4.441442848219863,62504.0,-11236.0,68122.0,2919698.0,-540412.0,3189904.0,10s
2025-09-02 16:47:50,56522,4.2177449444071335,6418,2631092,196.33549735094397,39.526296599800254,714.0660989133235,26163.48536763416,13401,6705,8429,A,1756831670,550,0.8191520442889918,0.573576436351046,4.217430234293389,56704.0,-364.0,56886.0,2640292.0,-18400.0,2649492.0,10s
2025-09-02 16:48:00,66364,5.668261018107277,9802,3025436,258.4075845575675,39.54108146925343,704.4469235292703,25670.703680607297,11708,5943,7498,A,1756831680,560,0.8290375725550417,0.5591929034707469,5.6677769237338795,61443.0,9842.0,56522.0,2828264.0,394344.0,2631092.0,10s
2025-09-02 16:48:10,64725,5.245137763371151,9412,3050952,247.24084278768234,39.35407917508161,715.5872247482722,26054.10421432158,12340,6107,7738,A,1756831690,570,0.838670567945424,0.544639035015027,5.244712746130784,65544.5,-1639.0,66364.0,3038194.0,25516.0,3025436.0,10s
2025-09-02 16:48:20,54516,4.52527600232423,5801,2535860,210.49721922470326,39.74647737394302,711.3036068683085,26193.216180997504,12047,5988,7794,A,1756831700,580,0.8480480961564258,0.529919264233205,4.524900398406374,59620.5,-10209.0,64725.0,2793406.0,-515092.0,3050952.0,10s
2025-09-02 16:48:30,52269,4.625165914520839,5633,2380404,210.63658083355455,39.84043818958238,699.9256484222122,25729.49507314145,11301,5670,7389,A,1756831710,590,0.8571673007021123,0.5150380749100542,4.624756680233587,53392.5,-2247.0,54516.0,2458132.0,-155456.0,2535860.0,10s
2025-09-02 16:48:40,47944,4.119608180099673,2705,2175448,186.92627599243858,39.57930609152368,729.7511382732843,26765.577204952922,11638,5813,7696,A,1756831720,600,0.8660254037844385,0.5000000000000001,4.119254231463184,50106.5,-4325.0,52269.0,2277926.0,-204956.0,2380404.0,10s
2025-09-02 16:48:50,36120,3.5377081292850145,1769,1669640,163.52987267384916,39.92262716124187,713.6044952227413,26341.93420717214,10210,5235,6767,A,1756831730,610,0.8746197071393956,0.4848096202463371,3.537361668788561,42032.0,-11824.0,47944.0,1922544.0,-505808.0,2175448.0,10s
2025-09-02 16:49:00,40265,3.6631186317321687,1474,1808756,164.55203784570597,39.74334692617322,716.0091875999859,26379.444472602354,10992,5415,7315,A,1756831740,620,0.8829475928589268,0.4694715627858908,3.6627854088965703,38192.5,4145.0,36120.0,1739198.0,139116.0,1669640.0,10s
2025-09-02 16:49:10,62454,5.366847125547822,4447,2858552,245.64337887771762,39.53699054520061,737.6585155172107,27145.16064368388,11637,5594,7700,A,1756831750,630,0.8910065241883677,0.4539904997395468,5.366385976971988,51359.5,22189.0,40265.0,2333654.0,1049796.0,1808756.0,10s
2025-09-02 16:49:20,47154,4.1777265881102155,3162,2194948,194.4669088331709,39.83247063390574,710.1957208324944,26205.705788737367,11287,5615,7601,A,1756831760,640,0.8987940462991668,0.4383711467890774,4.17735648476258,54804.0,-15300.0,62454.0,2526750.0,-663604.0,2858552.0,10s
2025-09-02 16:49:30,36713,3.2334859961247138,1451,1683052,148.23427866831074,39.81918632034909,717.373351676722,26474.35258568992,11354,5516,7643,A,1756831770,650,0.9063077870366498,0.42261826174069944,3.233201232937032,41933.5,-10441.0,47154.0,1939000.0,-511896.0,2194948.0,10s
2025-09-02 16:49:40,35380,3.044750430292599,1448,1604356,138.06850258175558,39.65401437330596,734.902976105759,27105.734110151243,11620,5579,7783,A,1756831780,660,0.9135454576426008,0.4067366430758004,3.044488426125118,36046.5,-1333.0,36713.0,1643704.0,-78696.0,1683052.0,10s
2025-09-02 16:49:50,37252,3.4381172127365023,2574,1721092,158.8455929856945,39.750810817115095,728.1292450323723,26747.247094428752,10835,5329,7089,A,1756831790,670,0.9205048534524402,0.39073112848927394,3.437799926172019,36316.0,1872.0,35380.0,1662724.0,116736.0,1604356.0,10s
2025-09-02 16:50:00,36634,3.382016248153619,5421,1703788,157.2920974889217,39.617389860604675,735.7228596211587,27078.170695151523,10832,5161,7336,A,1756831800,680,0.9271838545667873,0.374606593415912,3.3817040524323825,36943.0,-618.0,37252.0,1712440.0,-17304.0,1721092.0,10s
2025-09-02 16:50:10,42422,3.442785262132771,2638,1960680,159.120272683006,39.788373216458766,732.576901189167,27202.692664344384,12322,5819,8353,A,1756831810,690,0.9335804264972017,0.3583679495453002,3.442505883307636,39528.0,5788.0,36634.0,1832234.0,256892.0,1703788.0,10s
2025-09-02 16:50:20,27237,2.510091235830799,588,1220996,112.52382268915308,40.126799368296844,732.0091311172408,27378.42746074619,10851,5343,7237,A,1756831820,700,0.9396926207859083,0.3420201433256689,2.5098599336527827,34829.5,-15185.0,42422.0,1590838.0,-739684.0,1960680.0,10s
2025-09-02 16:50:30,28337,2.712713000191461,1452,1303612,124.79532835535133,40.212840600366206,747.7382328206529,28027.315282333886,10446,5134,7069,A,1756831830,710,0.9455185755993168,0.32556815445715676,2.7124533358859004,27787.0,1100.0,27237.0,1262304.0,82616.0,1220996.0,10s
2025-09-02 16:50:40,19416,1.7888336097291322,192,853720,78.65487377925189,40.257002341518714,804.7085933849797,30791.223562572854,10854,5217,7246,A,1756831840,720,0.9510565162951536,0.3090169943749475,1.7886688162137263,23876.5,-8921.0,28337.0,1078666.0,-449892.0,1303612.0,10s
2025-09-02 16:50:50,15136,1.4133906060323094,797,658428,61.483611915211505,41.48457905900244,959.1201722719466,39419.01684355583,10709,5192,7253,A,1756831850,730,0.9563047559630357,0.29237170472273677,1.4132586367880486,17276.0,-4280.0,19416.0,756074.0,-195292.0,853720.0,10s
2025-09-02 16:51:00,1847841,136.04071265552528,40513,74485160,5483.704630788486,41.8501291875575,328.0897714944744,12886.090390271936,13583,8363,8504,A,1756831860,740,0.9612616959383189,0.27563735581699944,136.03069787985865,931488.5,1832705.0,15136.0,37571794.0,73826732.0,658428.0,10s
2025-09-02 16:51:10,744189,30.38870513291682,14547,32748736,1337.2835150475723,42.21757971500069,410.87891519721603,15807.477414963692,24489,13084,14517,A,1756831870,750,0.9659258262890684,0.2588190451025208,30.387464271131073,1296015.0,-1103652.0,1847841.0,53616948.0,-41736424.0,74485160.0,10s
2025-09-02 16:51:20,248643,13.913211347993956,11423,11255176,629.8011303228694,40.917882836566314,533.7112637121417,20108.770364588425,17871,9354,11440,A,1756831880,760,0.9702957262759967,0.2419218955996677,13.912432855863921,496416.0,-495546.0,744189.0,22001956.0,-21493560.0,32748736.0,10s
2025-09-02 16:51:30,184538,11.789305564428544,11617,8459192,540.4198556187313,40.554870978507964,569.6687700895371,21352.40569514169,15653,8402,10013,A,1756831890,770,0.9743700647852354,0.22495105434386495,11.788552446659,216590.5,-64105.0,248643.0,9857184.0,-2795984.0,11255176.0,10s
2025-09-02 16:51:40,124384,8.632382538691095,7228,5754240,399.35040599625233,40.49340524295398,591.914873653477,22113.88967750028,14409,7437,9583,A,1756831900,780,0.9781476007338058,0.20791169081775948,8.63178348369188,154461.0,-60154.0,184538.0,7106716.0,-2704952.0,8459192.0,10s
2025-09-02 16:51:50,123462,8.610824382759102,8607,5795788,404.225693960106,40.298972519860904,595.2353496742246,21980.685200905285,14338,7370,9340,A,1756831910,790,0.981627183447664,0.19080899537654494,8.610223864983611,123923.0,-922.0,124384.0,5775014.0,41548.0,5754240.0,10s
2025-09-02 16:52:00,101959,7.2615198347696035,7317,4736252,337.3158606936828,40.16935326146428,629.5207760952238,23302.541773813195,14041,7036,9194,A,1756831920,800,0.984807753012208,0.17364817766693044,7.261002706167212,112710.5,-21503.0,123462.0,5266020.0,-1059536.0,5795788.0,10s
2025-09-02 16:52:10,97337,6.758105950149274,7869,4571560,317.4033187530376,40.02822993296099,636.5962395056883,23698.175563779016,14403,7165,9474,A,1756831930,810,0.9876883405951375,0.15643446504023115,6.757636767564565,99648.0,-4622.0,101959.0,4653906.0,-164692.0,4736252.0,10s
2025-09-02 16:52:20,81813,6.07687736760009,2907,3718120,276.1732154794622,39.856110509132805,595.1925309210376,21885.922154748496,13463,7365,8385,A,1756831940,820,0.9902680687415703,0.1391731009600655,6.0764260249554365,89575.0,-15524.0,97337.0,4144840.0,-853440.0,4571560.0,10s
2025-09-02 16:52:30,70202,4.863992240005543,2283,3220332,223.12284348368323,39.754540555067784,634.3152512965725,23400.43958341339,14433,7316,9271,A,1756831950,830,0.9925461516413219,0.12186934340514749,4.863655258417625,76007.5,-11611.0,81813.0,3469226.0,-497788.0,3718120.0,10s
2025-09-02 16:52:40,89451,6.844517560639682,5703,4089252,312.897084704262,39.981419883022554,647.6058473503113,24054.850217935942,13069,6639,8563,A,1756831960,840,0.9945218953682733,0.10452846326765346,6.843993879112471,79826.5,19249.0,70202.0,3654792.0,868920.0,3220332.0,10s
2025-09-02 16:52:50,78682,6.154724655819774,4356,3606508,282.1110763454318,39.87001831210405,654.2024333420035,24189.8316329053,12784,6606,8349,A,1756831970,850,0.9961946980917454,0.08715574274765835,6.154243253813062,84066.5,-10769.0,89451.0,3847880.0,-482744.0,4089252.0,10s
2025-09-02 16:53:00,59117,4.441214033506123,2934,2697164,202.6266997220344,39.905386465845176,674.8377528331157,24861.565509867614,13311,6622,8739,A,1756831980,860,0.9975640502598242,0.06975647374412546,4.440880408653846,68899.5,-19565.0,78682.0,3151836.0,-909344.0,3606508.0,10s
2025-09-02 16:53:10,69366,5.375959079283888,2906,3203960,248.3112454467953,40.07719245305632,669.5589887812412,24853.99015111818,12903,6525,8560,A,1756831990,870,0.9986295347545739,0.052335956242943966,5.375542467451953,64241.5,10249.0,59117.0,2950562.0,506796.0,2697164.0,10s
2025-09-02 16:53:20,53885,4.093049753133308,3004,2475776,188.05742499050513,39.779452829846484,667.8211323380209,24676.14818461538,13165,6569,8655,A,1756832000,880,0.999390827019096,0.03489949670250086,4.092738872854322,61625.5,-15481.0,69366.0,2839868.0,-728184.0,3203960.0,10s
2025-09-02 16:53:30,59358,4.768093822797012,2211,2682104,215.4473451682866,39.8315411150393,688.558913402503,25369.78320747882,12449,6592,7722,A,1756832010,890,0.9998476951563914,0.0174524064372836,4.767710843373494,56621.5,5473.0,53885.0,2578940.0,206328.0,2475776.0,10s
2025-09-02 16:53:40,63124,4.564940700028926,4202,2882920,208.48423488573908,39.39117958314197,716.5084080143155,26183.57791127427,13828,6434,9256,A,1756832020,900,1.0,6.123233995736766e-17,4.564610600911129,61241.0,3766.0,59358.0,2782512.0,200816.0,2682104.0,10s
2025-09-02 16:53:50,73172,5.441511117721425,7354,3461616,257.4266379118019,39.82484279899181,714.1939341005816,26438.77702940371,13447,6504,8928,A,1756832030,910,0.9998476951563913,-0.017452406437283473,5.441106484235574,68148.0,10048.0,63124.0,3172268.0,578696.0,2882920.0,10s
2025-09-02 16:54:00,55001,4.542909060873875,3003,2525612,208.6075823903527,40.2544597317271,699.0976552385289,26069.295486611194,12107,6142,8027,A,1756832040,920,0.999390827019096,-0.034899496702500955,4.542533861909481,64086.5,-18171.0,73172.0,2993614.0,-936004.0,3461616.0,10s
2025-09-02 16:54:10,46689,3.982004264392324,1457,2123520,181.11044776119402,39.826340583995574,715.4561014382392,26480.59363742435,11725,5818,7747,A,1756832050,930,0.998629534754574,-0.05233595624294362,3.981664676786628,50845.0,-8312.0,55001.0,2324566.0,-402092.0,2525612.0,10s
2025-09-02 16:54:20,59982,4.700415327952355,1694,2705200,211.98965598307342,39.860079601818946,701.5084472315854,25813.256514948214,12761,6587,8108,A,1756832060,940,0.9975640502598242,-0.06975647374412534,4.700047014574518,53335.5,13293.0,46689.0,2414360.0,581680.0,2123520.0,10s
2025-09-02 16:54:30,73806,5.7769254852849095,6762,3470144,271.61427676894175,39.6402445599177,712.6171793262089,26196.535520560334,12776,6317,8328,A,1756832070,950,0.9961946980917455,-0.08715574274765824,5.776473350551773,66894.0,13824.0,59982.0,3087672.0,764944.0,2705200.0,10s
2025-09-02 16:54:40,53698,4.3982308133344254,1937,2394400,196.11761815054467,39.68181208123161,721.3787288421644,26614.903832840002,12209,5948,8168,A,1756832080,960,0.9945218953682733,-0.10452846326765335,4.397870597870598,63752.0,-20108.0,73806.0,2932272.0,-1075744.0,3470144.0,10s
2025-09-02 16:54:50,44392,3.6687603305785124,1408,2028384,167.63504132231404,39.858918620821996,715.6847622355318,26442.373143478875,12100,5826,8073,A,1756832090,970,0.9925461516413219,-0.12186934340514738,3.6684571523014626,49045.0,-9306.0,53698.0,2211392.0,-366016.0,2394400.0,10s
2025-09-02 16:55:00,55734,4.812537777394008,4999,2611580,225.5055694672308,39.786445472227655,730.1095383936591,26968.312743419076,11581,5615,7530,A,1756832100,980,0.9902680687415704,-0.13917310096006538,4.812122258677258,50063.0,11342.0,44392.0,2319982.0,583196.0,2028384.0,10s
2025-09-02 16:55:10,46156,4.033557633487722,2724,2153296,188.17582801712837,39.94988338981543,720.5156722840461,26710.681294176455,11443,5583,7646,A,1756832110,990,0.9876883405951377,-0.1564344650402308,4.033205173016428,50945.0,-9578.0,55734.0,2382438.0,-458284.0,2611580.0,10s
2025-09-02 16:55:20,52835,4.158271682669605,4618,2479660,195.15661892019517,40.01986035372335,730.8009178241983,27313.559301961446,12706,5770,8719,A,1756832120,1000,0.9848077530122081,-0.1736481776669301,4.157944440072401,49495.5,6679.0,46156.0,2316478.0,326364.0,2153296.0,10s
2025-09-02 16:55:30,43195,3.6386993513604584,1453,1989380,167.58318591525565,39.732677305083705,728.2538180821257,26905.636987499078,11871,5669,7913,A,1756832130,1010,0.9816271834476641,-0.19080899537654483,3.638392857142857,48015.0,-9640.0,52835.0,2234520.0,-490280.0,2479660.0,10s
2025-09-02 16:55:40,51027,4.3706209850107065,4364,2387608,204.5060385438972,39.84599238085538,724.2856460283315,26718.51600019756,11675,5752,7631,A,1756832140,1020,0.9781476007338058,-0.20791169081775937,4.370246659815005,47111.0,7832.0,43195.0,2188494.0,398228.0,1989380.0,10s
2025-09-02 16:55:50,37537,3.1900229455256226,1453,1715856,145.81932523157985,40.003190643067384,729.0738264415909,27119.68410330235,11767,5755,7884,A,1756832150,1030,0.9743700647852354,-0.22495105434386506,3.1897518694765465,44282.0,-13490.0,51027.0,2051732.0,-671752.0,2387608.0,10s
2025-09-02 16:56:00,42444,3.950851717397375,3198,1972624,183.6194731453039,39.93438789199142,735.8410246979772,27259.809862025188,10743,5331,7391,A,1756832160,1040,0.9702957262759967,-0.2419218955996676,3.95048399106478,39990.5,4907.0,37537.0,1844240.0,256768.0,1715856.0,10s
2025-09-02 16:56:10,43334,3.671439464542913,7293,2002680,169.67550622723036,39.80181930959693,733.0906887925714,27109.040253564213,11803,5528,7840,A,1756832170,1050,0.9659258262890685,-0.2588190451025207,3.671128431040325,42889.0,890.0,42444.0,1987652.0,30056.0,1972624.0,10s
2025-09-02 16:56:20,31535,2.697604790419162,476,1421500,121.59965782720273,39.92952139282948,747.3675846226425,27927.411665276326,11690,5487,7959,A,1756832180,1060,0.9612616959383191,-0.2756373558169991,2.6973740484133093,37434.5,-11799.0,43334.0,1712090.0,-581180.0,2002680.0,10s
2025-09-02 16:56:30,34437,3.22232619069898,1453,1595872,149.32834284644895,39.75393606699306,729.612124573808,26895.719781168966,10687,5420,6850,A,1756832190,1070,0.9563047559630357,-0.2923717047227369,3.2220247005988023,32986.0,2902.0,31535.0,1508686.0,174372.0,1421500.0,10s
2025-09-02 16:56:40,28534,2.4672719412019024,1802,1300192,112.42472978815391,39.97171873195465,781.6773203272464,29403.071476390032,11565,5304,7900,A,1756832200,1080,0.9510565162951538,-0.3090169943749474,2.4670586200933773,31485.5,-5903.0,34437.0,1448032.0,-295680.0,1595872.0,10s
2025-09-02 16:56:50,21329,1.8830228657190784,1235,954088,84.23130572967247,40.632757082633105,858.3244030102304,33712.05496020936,11327,5422,7678,A,1756832210,1090,0.945518575599317,-0.32556815445715664,1.8828566384180792,24931.5,-7205.0,28534.0,1127140.0,-346104.0,1300192.0,10s
2025-09-02 16:57:00,8301,1.1841654778887303,264,349976,49.92524964336662,41.060099178044965,995.4304841595799,40837.324798042646,7010,3754,4601,A,1756832220,1100,0.9396926207859084,-0.34202014332566877,1.1839965768078733,14815.0,-13028.0,21329.0,652032.0,-604112.0,954088.0,10s
2025-09-02 16:57:10,2150652,92.74449092242011,21761,88344664,3809.7660097460002,42.29052734873249,348.53658832731367,13634.267337624024,23189,12999,13485,A,1756832230,1110,0.9335804264972017,-0.3583679495453003,92.74049159120311,1079476.5,2142351.0,8301.0,44347320.0,87994688.0,349976.0,10s
2025-09-02 16:57:20,467391,22.73191965371334,15979,20932480,1018.0672146296387,41.608626393937655,449.2092539552823,17051.37980448892,20561,11343,12758,A,1756832240,1120,0.9271838545667874,-0.3746065934159119,22.730814123139773,1309021.5,-1683261.0,2150652.0,54638572.0,-67412184.0,88344664.0,10s
2025-09-02 16:57:30,224570,13.338679021145165,8481,10215592,606.7707293894036,40.92656487353097,546.8627700963565,20545.628208345646,16836,8855,10861,A,1756832250,1130,0.9205048534524404,-0.3907311284892736,13.33788679693532,345980.5,-242821.0,467391.0,15574036.0,-10716888.0,20932480.0,10s
2025-09-02 16:57:40,181449,11.795423519469544,12737,8411256,546.7890528505493,40.75809711695126,563.3903886081921,21204.911442239736,15383,8188,9961,A,1756832260,1140,0.9135454576426009,-0.4067366430758003,11.794656786271451,203009.5,-43121.0,224570.0,9313424.0,-1804336.0,10215592.0,10s
2025-09-02 16:57:50,133522,9.198897692042715,6774,6131924,422.45428866689633,40.46855742744084,588.6194066864109,22028.742258190134,14515,7493,9518,A,1756832270,1150,0.9063077870366499,-0.42261826174069933,9.198263984568753,157485.5,-47927.0,181449.0,7271590.0,-2279332.0,8411256.0,10s
2025-09-02 16:58:00,107457,7.870001464772228,6672,5030912,368.4570089351106,40.4856006001009,598.4954338256946,22246.025484073634,13654,7174,9038,A,1756832280,1160,0.898794046299167,-0.4383711467890771,7.869425119004028,120489.5,-26065.0,133522.0,5581418.0,-1101012.0,6131924.0,10s
2025-09-02 16:58:10,146101,11.221274961597542,38230,7057700,542.0660522273425,40.20075610789305,613.2747008944644,22792.42301110969,13020,6586,8644,A,1756832290,1170,0.8910065241883678,-0.4539904997395467,11.220413178711313,126779.0,38644.0,107457.0,6044306.0,2026788.0,5030912.0,10s
2025-09-02 16:58:20,104567,8.035579804810574,5875,4879868,374.99946207638516,40.335696251184636,611.7635860177292,22862.754690930462,13013,6835,8531,A,1756832300,1180,0.8829475928589268,-0.4694715627858909,8.034962348240356,125334.0,-41534.0,146101.0,5968784.0,-2177832.0,7057700.0,10s
2025-09-02 16:58:30,77888,6.544110233574189,2994,3588536,301.50697361787934,40.2203857881165,614.5360457784379,22889.92425926679,11902,6304,7920,A,1756832310,1190,0.8746197071393957,-0.4848096202463369,6.543560446946148,91227.5,-26679.0,104567.0,4234202.0,-1291332.0,4879868.0,10s
2025-09-02 16:58:40,74526,5.702938475665748,7268,3510500,268.63330272421183,40.066832104995605,644.4785349973602,23995.79717621495,13068,6371,8856,A,1756832320,1200,0.8660254037844387,-0.4999999999999997,5.702502104216084,76207.0,-3362.0,77888.0,3549518.0,-78036.0,3588536.0,10s
2025-09-02 16:58:50,70875,5.83381348259116,2906,3336384,274.6221088155404,40.177469128713106,639.2127494772142,23740.848224180434,12149,6411,7919,A,1756832330,1210,0.8571673007021123,-0.5150380749100542,5.833333333333333,72700.5,-3651.0,74526.0,3423442.0,-174116.0,3510500.0,10s
2025-09-02 16:59:00,71520,5.983935742971887,2938,3341728,279.59571619812584,39.75045004980349,658.5509890236881,24175.871820414686,11952,6110,7816,A,1756832340,1220,0.8480480961564261,-0.5299192642332047,5.983435120890153,71197.5,645.0,70875.0,3339056.0,5344.0,3336384.0,10s
2025-09-02 16:59:10,73718,6.190628149143433,5244,3427104,287.7984548202889,40.12383094442676,661.9847209337257,24735.080601040016,11908,6239,7926,A,1756832350,1230,0.8386705679454243,-0.5446390350150266,6.1901083214375685,72619.0,2198.0,71520.0,3384416.0,85376.0,3341728.0,10s
2025-09-02 16:59:20,66164,5.477605762066396,8596,3087236,255.58705190827055,39.83354261240304,673.175744358532,24937.735699582663,12079,6213,7971,A,1756832360,1240,0.8290375725550418,-0.5591929034707466,5.477152317880795,69941.0,-7554.0,73718.0,3257170.0,-339868.0,3427104.0,10s
2025-09-02 16:59:30,58803,4.642586451918522,4448,2723180,214.99921048476236,39.897674288346614,695.2710150929265,25693.485087607478,12666,6534,8195,A,1756832370,1250,0.8191520442889918,-0.573576436351046,4.642219941580485,62483.5,-7361.0,66164.0,2905208.0,-364056.0,3087236.0,10s
2025-09-02 16:59:40,59616,5.163793850151581,10750,2807936,243.21663057600693,39.808269275736535,695.0079099010715,25519.54729791641,11545,6061,7488,A,1756832380,1260,0.8090169943749476,-0.5877852522924729,5.163346613545817,59209.5,813.0,58803.0,2765558.0,84756.0,2723180.0,10s
2025-09-02 16:59:50,57135,4.334977238239757,2667,2646800,200.81942336874053,39.97959462384064,702.5016035601902,26112.552149292827,13180,6502,8828,A,1756832390,1270,0.7986355100472932,-0.6018150231520479,4.334648357484258,58375.5,-2481.0,59616.0,2727368.0,-161136.0,2807936.0,10s
2025-09-02 17:00:00,63601,5.086859153803087,4812,3000752,240.00255938574742,39.6664549215079,706.5918993580146,25989.089279438653,12503,6238,8338,A,1756832400,1280,0.7880107536067221,-0.6156614753256582,5.086452335252719,60368.0,6466.0,57135.0,2823776.0,353952.0,2646800.0,10s
2025-09-02 17:00:10,73438,6.006215752024208,10302,3386196,276.944140017993,40.33935412937945,697.8769878687373,26077.94498743462,12227,6273,8098,A,1756832410,1290,0.7771459614569711,-0.6293203910498372,6.0057245665685315,68519.5,9837.0,63601.0,3193474.0,385444.0,3000752.0,10s
2025-09-02 17:00:20,52393,4.601528192517126,6879,2427512,213.20147549622342,39.866427487299546,714.591143712608,26579.82144712077,11386,5476,7811,A,1756832420,1300,0.7660444431189781,-0.6427876096865393,4.601124088873276,62915.5,-21045.0,73438.0,2906854.0,-958684.0,3386196.0,10s
2025-09-02 17:00:30,72835,6.230538922155689,5893,3393260,290.27031650983747,39.898623243845485,704.0432514425452,26110.87890576573,11690,5850,7631,A,1756832430,1310,0.7547095802227722,-0.656059028990507,6.2300059875117615,62614.0,20442.0,52393.0,2910386.0,965748.0,2427512.0,10s
2025-09-02 17:00:40,60656,5.03954802259887,4364,2790876,231.87736789631106,40.01543890630162,705.2878272748997,26256.04061423001,12036,6004,8098,A,1756832440,1320,0.7431448254773946,-0.6691306063588579,5.039129351167234,66745.5,-12179.0,72835.0,3092068.0,-602384.0,3393260.0,10s
2025-09-02 17:00:50,51135,4.4573744769874475,3580,2313100,201.6300557880056,39.76106267646864,714.9154708599835,26342.984069607253,11472,5867,7446,A,1756832450,1330,0.7313537016191707,-0.6819983600624984,4.456985967053082,55895.5,-9521.0,60656.0,2551988.0,-477776.0,2790876.0,10s
2025-09-02 17:01:00,55905,5.18166651218834,4476,2667680,247.25924552785244,39.86372633837171,715.8083681903081,26338.086550635064,10789,5626,7050,A,1756832460,1340,0.7193398003386514,-0.694658370458997,5.181186283595922,53520.0,4770.0,51135.0,2490390.0,354580.0,2313100.0,10s
2025-09-02 17:01:10,37802,3.635157226656409,1688,1693284,162.83142609866334,39.9937983327474,716.3845631350459,26653.15247760083,10399,5162,7126,A,1756832470,1350,0.7071067811865477,-0.7071067811865475,3.6348076923076924,46853.5,-18103.0,55905.0,2180482.0,-974396.0,2667680.0,10s
2025-09-02 17:01:20,46045,4.311733308362206,4581,2148928,201.2293285888192,40.13457328211639,710.533267792522,26425.739018247423,10679,5377,7189,A,1756832480,1360,0.6946583704589973,-0.7193398003386513,4.311329588014981,41923.5,8243.0,37802.0,1921106.0,455644.0,1693284.0,10s
2025-09-02 17:01:30,35451,3.223404255319149,691,1611368,146.51463902527732,39.9199930076117,715.7829555465778,26450.58447508078,10998,5488,7481,A,1756832490,1370,0.6819983600624986,-0.7313537016191705,3.223111191926539,40748.0,-10594.0,46045.0,1880148.0,-537560.0,2148928.0,10s
2025-09-02 17:01:40,51577,4.690950432014552,7593,2424268,220.48822191905413,39.961994101111,714.8772837459856,26445.591330149735,10995,5499,7412,A,1756832500,1380,0.669130606358858,-0.7431448254773945,4.690523826846126,43514.0,16126.0,35451.0,2017818.0,812900.0,1611368.0,10s
2025-09-02 17:01:50,39313,3.520777359842379,1457,1793800,160.64839691921907,40.028092037283535,718.1715605961347,26704.012149984923,11166,5423,7610,A,1756832510,1390,0.6560590289905073,-0.7547095802227721,3.5204620757589327,45445.0,-12264.0,51577.0,2109034.0,-630468.0,2424268.0,10s
2025-09-02 17:02:00,45376,3.9584750937799877,1454,2075608,181.07022594434267,39.66455497147712,720.3274155214837,26406.617067658204,11463,5812,7387,A,1756832520,1400,0.6427876096865395,-0.766044443118978,3.9581297976273553,42344.5,6063.0,39313.0,1934704.0,281808.0,1793800.0,10s
2025-09-02 17:02:10,34141,3.2546234509056244,1453,1568524,149.5256434699714,39.61284427808273,725.5356057889541,26599.409666343105,10490,5203,6926,A,1756832530,1410,0.6293203910498374,-0.777145961456971,3.254313220855972,39758.5,-11235.0,45376.0,1822066.0,-507084.0,2075608.0,10s
2025-09-02 17:02:20,35974,3.4627009336798538,1449,1661796,159.95726248917123,39.95402712869216,714.0454491746295,26358.629259546673,10389,5122,6939,A,1756832540,1420,0.6156614753256583,-0.788010753606722,3.4623676612127046,35057.5,1833.0,34141.0,1615160.0,93272.0,1568524.0,10s
2025-09-02 17:02:30,32726,3.009287356321839,840,1487576,136.78859770114943,40.214581454630846,729.0555836197135,27329.652419371127,10875,5392,7290,A,1756832550,1430,0.6018150231520482,-0.7986355100472929,3.009010665685914,34350.0,-3248.0,35974.0,1574686.0,-174220.0,1661796.0,10s
2025-09-02 17:02:40,29219,2.4094170033808857,466,1310840,108.09268574255793,40.15907615890976,746.141160596751,27980.015235361214,12127,5779,8130,A,1756832560,1440,0.5877852522924731,-0.8090169943749475,2.409218337730871,30972.5,-3507.0,32726.0,1399208.0,-176736.0,1487576.0,10s
2025-09-02 17:02:50,26861,2.353956708439225,1456,1215688,106.53649986854789,40.31897463375791,760.9481319098232,28790.402091855845,11411,5507,7595,A,1756832570,1450,0.5735764363510463,-0.8191520442889917,2.3537504381352963,28040.0,-2358.0,29219.0,1263264.0,-95152.0,1310840.0,10s
2025-09-02 17:03:00,24617,2.195594006421691,2281,1133828,101.1262932572244,40.58857911947144,906.0636275640363,35897.77331577092,11212,5331,7408,A,1756832580,1460,0.5591929034707468,-0.8290375725550417,2.1953981985195754,25739.0,-2244.0,26861.0,1174758.0,-81860.0,1215688.0,10s
2025-09-02 17:03:10,400973,81.63131107491857,20932,17059432,3473.011400651466,41.568424131877364,888.6600878813352,37007.406185105225,4912,2966,3418,A,1756832590,1470,0.5446390350150272,-0.8386705679454239,81.61469570527173,212795.0,376356.0,24617.0,9096630.0,15925604.0,1133828.0,10s
2025-09-02 17:03:20,1940381,70.51571755641967,12807,79522596,2889.94425264382,42.425330394686725,362.48618099284937,14088.539350718534,27517,14939,15153,A,1756832600,1480,0.5299192642332052,-0.8480480961564257,70.5131550258013,1170677.0,1539408.0,400973.0,48291014.0,62463164.0,17059432.0,10s
2025-09-02 17:03:30,378634,19.031615983915557,24741,16851588,847.0262880120633,41.378092524015784,485.4460574751891,18470.173383795118,19895,10731,12290,A,1756832610,1490,0.5150380749100539,-0.8571673007021124,19.030659429030962,1159507.5,-1561747.0,1940381.0,48187092.0,-62671008.0,79522596.0,10s
2025-09-02 17:03:40,190855,11.894241555527858,8838,8697296,542.0226847812539,40.658398058487045,545.5791376454176,20457.81910492573,16046,8603,10025,A,1756832620,1500,0.4999999999999999,-0.8660254037844386,11.893500342743192,284744.5,-187779.0,378634.0,12774442.0,-8154292.0,16851588.0,10s
2025-09-02 17:03:50,142136,9.098450902573294,10448,6307772,403.7749327870951,40.39274416491381,571.0042743722006,21339.12800019534,15622,8110,9908,A,1756832630,1510,0.4848096202463371,-0.8746197071393956,9.097868527171478,166495.5,-48719.0,190855.0,7502534.0,-2389524.0,8697296.0,10s
2025-09-02 17:04:00,105309,7.239224582388121,6373,4827248,331.8380422080154,40.597133601744126,589.6808381685954,22182.55161299849,14547,7463,9577,A,1756832640,1520,0.46947156278589064,-0.8829475928589269,7.238726972779763,123722.5,-36827.0,142136.0,5567510.0,-1480524.0,6307772.0,10s
2025-09-02 17:04:10,110111,7.665761626287942,8790,5229652,364.08047897521584,40.54248285289587,610.5947718138965,22904.867524787664,14364,7268,9586,A,1756832650,1530,0.45399049973954686,-0.8910065241883677,7.665227984684998,107710.0,4802.0,105309.0,5028450.0,402404.0,4827248.0,10s
2025-09-02 17:04:20,89201,6.465714699913018,5804,4120368,298.6639605682807,40.425398747809325,612.5588773267696,22830.34542236829,13796,7169,9097,A,1756832660,1540,0.4383711467890773,-0.8987940462991669,6.465246067985794,99656.0,-20910.0,110111.0,4675010.0,-1109284.0,5229652.0,10s
2025-09-02 17:04:30,78950,5.815837937384899,4967,3610136,265.94003683241255,40.10979016862097,635.7266104956568,23699.527108591676,13575,6815,8980,A,1756832670,1550,0.4226182617406995,-0.9063077870366498,5.815409546258103,84075.5,-10251.0,89201.0,3865252.0,-510232.0,4120368.0,10s
2025-09-02 17:04:40,75688,5.436575204711967,3634,3475896,249.6693003878753,39.786859492194175,621.4164284942068,23074.825461680462,13922,7108,9097,A,1756832680,1560,0.40673664307580043,-0.9135454576426006,5.436184730302378,77319.0,-3262.0,78950.0,3543016.0,-134240.0,3610136.0,10s
2025-09-02 17:04:50,95988,7.543261296660118,15274,4600260,361.51355599214145,40.360693573149504,641.1891703186084,23838.6589772184,12725,6739,8396,A,1756832690,1570,0.39073112848927377,-0.9205048534524403,7.542668552569543,85838.0,20300.0,75688.0,4038078.0,1124364.0,3475896.0,10s
2025-09-02 17:05:00,77145,5.51705642565973,3772,3585972,256.4522634627762,40.1998948506847,667.2792991556614,25139.97018198334,13983,6749,9395,A,1756832700,1580,0.37460659341591224,-0.9271838545667872,5.516661899313501,86566.5,-18843.0,95988.0,4093116.0,-1014288.0,4600260.0,10s
2025-09-02 17:05:10,61991,4.972407154888907,2211,2885748,231.4709232373466,40.01221189216149,669.4457715797042,24904.075073608245,12467,6462,8133,A,1756832710,1590,0.35836794954530066,-0.9335804264972016,4.972008341353866,69568.0,-15154.0,77145.0,3235860.0,-700224.0,3585972.0,10s
2025-09-02 17:05:20,79339,6.115230460921843,7366,3814536,294.01387390164945,39.98862724049375,675.7736060156876,25010.15631321924,12974,6510,8484,A,1756832720,1600,0.34202014332566893,-0.9396926207859083,6.114759152215799,70665.0,17348.0,61991.0,3350142.0,928788.0,2885748.0,10s
2025-09-02 17:05:30,230270,16.969049373618276,107308,9890492,728.849815770081,40.04784428684489,722.3245724558983,27116.011643874535,13570,6505,9104,A,1756832730,1610,0.32556815445715703,-0.9455185755993167,16.967798983125782,154804.5,150931.0,79339.0,6852514.0,6075956.0,3814536.0,10s
2025-09-02 17:05:40,52851,4.3983854860186415,3044,2461508,204.85252996005326,39.88934878582502,706.9559924223851,26242.272986782013,12016,5943,8006,A,1756832740,1620,0.309016994374948,-0.9510565162951535,4.39801947241408,141560.5,-177419.0,230270.0,6176000.0,-7428984.0,9890492.0,10s
2025-09-02 17:05:50,73657,5.71516139044072,8537,3519048,273.048417132216,39.98995217579442,714.3802922732508,26669.21827651884,12888,6224,8718,A,1756832750,1630,0.29237170472273666,-0.9563047559630357,5.714717976569167,63254.0,20806.0,52851.0,2990278.0,1057540.0,2461508.0,10s
2025-09-02 17:06:00,64593,5.186526417215353,7642,3037720,243.91520796531236,39.60253500283233,708.8956518056293,26071.000569774573,12454,6405,8119,A,1756832760,1640,0.2756373558169993,-0.9612616959383189,5.186109995985548,69125.0,-9064.0,73657.0,3278384.0,-481328.0,3519048.0,10s
2025-09-02 17:06:10,57011,4.660426714624377,2929,2694992,220.30507643260034,39.764524076739825,713.0663724417991,26289.17113785119,12233,5998,8154,A,1756832770,1650,0.25881904510252063,-0.9659258262890685,4.660045774072258,60802.0,-7582.0,64593.0,2866356.0,-342728.0,3037720.0,10s
2025-09-02 17:06:20,53369,4.846440247003269,4058,2432396,220.88594260806394,39.88876269211047,707.9443939197746,26189.33873510152,11012,5786,7350,A,1756832780,1660,0.24192189559966776,-0.9702957262759966,4.84600018160356,55190.0,-3642.0,57011.0,2563694.0,-262596.0,2694992.0,10s
2025-09-02 17:06:30,47342,4.30460083651573,2269,2209604,200.90961993089653,40.075496931603986,708.4351857556786,26305.949789246883,10998,5682,7343,A,1756832790,1670,0.22495105434386523,-0.9743700647852354,4.304209473588508,50355.5,-6027.0,53369.0,2321000.0,-222792.0,2432396.0,10s
2025-09-02 17:06:40,50192,4.931905276604107,2405,2269424,222.9953817431463,39.924799990747594,703.3817289888119,25994.45505659894,10177,5445,6707,A,1756832800,1680,0.20791169081775931,-0.9781476007338057,4.9314207113381805,48767.0,2850.0,47342.0,2239514.0,59820.0,2209604.0,10s
2025-09-02 17:06:50,44961,3.9018484769591253,3111,2068820,179.53831467499782,39.97445355918402,722.6390893609894,26956.196464428584,11523,5638,7748,A,1756832810,1690,0.190808995376545,-0.981627183447664,3.901509892398473,47576.5,-5231.0,50192.0,2169122.0,-200604.0,2269424.0,10s
2025-09-02 17:07:00,44774,4.092687385740402,2708,2057180,188.0420475319927,39.83565059431413,708.8580349909216,26120.439170014906,10940,5552,7285,A,1756832820,1700,0.17364817766693072,-0.984807753012208,4.092313316881455,44867.5,-187.0,44961.0,2063000.0,-11640.0,2068820.0,10s
2025-09-02 17:07:10,55435,5.319547068419538,9467,2579780,247.55589674695327,40.05674583642361,719.9113070447025,26836.04673589576,10421,5301,7064,A,1756832830,1710,0.15643446504023098,-0.9876883405951377,5.319036653233544,50104.5,10661.0,44774.0,2318480.0,522600.0,2057180.0,10s
2025-09-02 17:07:20,43189,4.150792888034599,2907,1987652,191.02854396924556,39.74450100955962,722.1277662818974,26653.98856949109,10405,5072,6994,A,1756832840,1720,0.13917310096006574,-0.9902680687415701,4.150394003459542,49312.0,-12246.0,55435.0,2283716.0,-592128.0,2579780.0,10s
2025-09-02 17:07:30,46121,3.992814474937235,1620,2115976,183.18552506276512,39.52164250487345,736.3186040389885,27031.718619552394,11551,5681,7469,A,1756832850,1730,0.12186934340514756,-0.9925461516413219,3.992468836565097,44655.0,2932.0,43189.0,2051814.0,128324.0,1987652.0,10s
2025-09-02 17:07:40,44078,3.9882374230908435,3594,2007132,181.60803474484257,39.86350534981231,718.2041129971694,26535.43947210623,11052,5371,7552,A,1756832860,1740,0.10452846326765375,-0.9945218953682732,3.987876594589704,45099.5,-2043.0,46121.0,2061554.0,-108844.0,2115976.0,10s
2025-09-02 17:07:50,44337,3.929540015953204,7138,2073272,183.75183904989808,39.93073968708295,739.8519453323021,27546.22289539546,11283,5447,7783,A,1756832870,1750,0.08715574274765864,-0.9961946980917454,3.9291917759659696,44207.5,259.0,44078.0,2040202.0,66140.0,2007132.0,10s
2025-09-02 17:08:00,34715,3.1711884534575683,1442,1567220,143.16433726135014,39.5797365750812,730.0244567592798,26669.818953589092,10947,5473,7117,A,1756832880,1760,0.06975647374412508,-0.9975640502598242,3.170898794300329,39526.0,-9622.0,44337.0,1820246.0,-506052.0,2073272.0,10s
2025-09-02 17:08:10,38718,3.5294439380127622,2735,1778704,162.14257064721969,39.722517876059364,729.9937246532867,26885.926813171904,10970,5360,7199,A,1756832890,1770,0.05233595624294381,-0.9986295347545739,3.5291222313371615,36716.5,4003.0,34715.0,1672962.0,211484.0,1567220.0,10s
2025-09-02 17:08:20,28350,2.8044316945296273,766,1273996,126.02591749925809,39.69434513821333,732.2184159128584,26927.49327968114,10109,5016,6755,A,1756832900,1780,0.03489949670250114,-0.9993908270190959,2.8041543026706233,33534.0,-10368.0,38718.0,1526350.0,-504708.0,1778704.0,10s
2025-09-02 17:08:30,37138,3.4566269545793,2149,1723536,160.41846612062545,39.90433635704096,738.9897161675002,27470.55900922201,10744,5263,7195,A,1756832910,1790,0.017452406437283435,-0.9998476951563914,3.456305258259656,32744.0,8788.0,28350.0,1498766.0,449540.0,1273996.0,10s
2025-09-02 17:08:40,30787,2.7101232394366197,3170,1409984,124.11830985915493,40.02355515306377,748.500875796611,28007.68872405305,11360,5413,7772,A,1756832920,1800,1.2246467991473532e-16,-1.0,2.7098846932488336,33962.5,-6351.0,37138.0,1566760.0,-313552.0,1723536.0,10s
2025-09-02 17:08:50,24964,2.4901745635910224,1452,1129756,112.69386533665835,39.95970823585043,750.9753333258835,28047.874975863833,10025,5019,6642,A,1756832930,1810,-0.017452406437283192,-0.9998476951563915,2.4899261919010574,27875.5,-5823.0,30787.0,1269870.0,-280228.0,1409984.0,10s
2025-09-02 17:09:00,18257,1.8070870038602396,794,804304,79.6104127486885,40.3206364475204,817.6735002297448,31385.205272995103,10103,4946,6791,A,1756832940,1820,-0.03489949670250089,-0.999390827019096,1.8069081551860648,21610.5,-6707.0,24964.0,967030.0,-325452.0,1129756.0,10s
2025-09-02 17:09:10,13171,1.3128987240829346,292,563348,56.15510366826156,41.03368364092048,973.2857942713002,39657.60105040905,10032,4964,6722,A,1756832950,1830,-0.05233595624294356,-0.998629534754574,1.3127678660420612,15714.0,-5086.0,18257.0,683826.0,-240956.0,804304.0,10s
2025-09-02 17:09:20,1996744,119.20859701492537,27841,77017900,4598.083582089553,41.780794495526436,325.88001681638843,12744.240900025892,16750,9940,9857,A,1756832960,1840,-0.06975647374412527,-0.9975640502598242,119.20148050862635,1004957.5,1983573.0,13171.0,38790624.0,76454552.0,563348.0,10s
2025-09-02 17:09:30,592882,26.042431696389354,12628,25104264,1102.708600544672,42.13316326387327,422.4838026602166,16339.243609282586,22766,12530,13374,A,1756832970,1850,-0.08715574274765794,-0.9961946980917453,26.041287828875127,1294813.0,-1403862.0,1996744.0,51061082.0,-51913636.0,77017900.0,10s
2025-09-02 17:09:40,222444,13.060356975105684,13465,10019788,588.2919210897135,40.984104613988194,539.8124155285434,20427.11404694758,17032,9031,10894,A,1756832980,1860,-0.10452846326765305,-0.9945218953682732,13.05959020724476,407663.0,-370438.0,592882.0,17562026.0,-15084476.0,25104264.0,10s
2025-09-02 17:09:50,131552,9.379153001568517,10432,5980796,426.4078140596036,40.57712392000569,582.8987799079737,21886.78458981612,14026,7343,9307,A,1756832990,1870,-0.12186934340514731,-0.9925461516413219,9.378484351607614,176998.0,-90892.0,222444.0,8000292.0,-4038992.0,10019788.0,10s
2025-09-02 17:10:00,142973,10.300648414985591,7259,6563596,472.8815561959654,40.54914019660349,570.0095929626984,21346.737191846438,13880,7625,9099,A,1756833000,1880,-0.13917310096006552,-0.9902680687415701,10.299906346804985,137262.5,11421.0,131552.0,6272196.0,582800.0,5980796.0,10s
2025-09-02 17:10:10,120265,8.434913732641323,9674,5514904,386.7936596998176,40.196099697527885,609.1843085733061,22786.2937469748,14258,7267,9498,A,1756833010,1890,-0.15643446504023076,-0.9876883405951377,8.43432218248124,131619.0,-22708.0,142973.0,6039250.0,-1048692.0,6563596.0,10s
2025-09-02 17:10:20,117040,8.28132738979693,9566,5328944,377.05681737776837,40.24762196864078,602.9741027289156,22608.381018324075,14133,7298,9325,A,1756833020,1900,-0.1736481776669305,-0.984807753012208,8.280741474458752,118652.5,-3225.0,120265.0,5421924.0,-185960.0,5514904.0,10s
2025-09-02 17:10:30,81583,6.091010900403165,4349,3764096,281.02852023294014,40.327410950565934,630.5759534043297,23648.95178792967,13394,6930,8905,A,1756833030,1910,-0.19080899537654478,-0.981627183447664,6.090556177678238,99311.5,-35457.0,117040.0,4546520.0,-1564848.0,5328944.0,10s
2025-09-02 17:10:40,98227,7.309100379492522,4355,4680532,348.2797827219287,40.07298635806117,636.9192320770142,23772.581092212808,13439,6834,8959,A,1756833040,1920,-0.2079116908177591,-0.9781476007338058,7.308556547619047,89905.0,16644.0,81583.0,4222314.0,916436.0,3764096.0,10s
2025-09-02 17:10:50,77128,6.435914552736983,7858,3631256,303.0086782376502,40.21502528649262,622.1460512711291,23318.832377644,11984,6548,7823,A,1756833050,1930,-0.224951054343865,-0.9743700647852354,6.43537755527743,87677.5,-21099.0,98227.0,4155894.0,-1049276.0,4680532.0,10s
2025-09-02 17:11:00,238070,19.196097403644572,150003,11999212,967.5223351072408,40.25857764706502,646.9649819311667,24393.09005626946,12402,6165,8456,A,1756833060,1940,-0.24192189559966754,-0.9702957262759967,19.19454970571636,157599.0,160942.0,77128.0,7815234.0,8367956.0,3631256.0,10s
2025-09-02 17:11:10,72810,6.044831880448319,8010,3458684,287.14686591946867,40.13849021823496,677.9935669513704,25292.247405843438,12045,6250,8009,A,1756833070,1950,-0.25881904510252085,-0.9659258262890684,6.044330068072389,155440.0,-165260.0,238070.0,7728948.0,-8540528.0,11999212.0,10s
2025-09-02 17:11:20,56860,4.937907077724707,1980,2620248,227.5508467216674,39.891873390632874,696.1858552459526,25722.64259165927,11515,6318,7339,A,1756833080,1960,-0.27563735581699905,-0.961261695938319,4.9374782910732895,64835.0,-15950.0,72810.0,3039466.0,-838436.0,3458684.0,10s
2025-09-02 17:11:30,61288,4.946170607699137,3295,2844524,229.56371560003228,40.11676560895623,706.7444734615298,26456.500526301414,12391,6129,8407,A,1756833090,1970,-0.29237170472273644,-0.9563047559630358,4.945771465461588,59074.0,4428.0,56860.0,2732386.0,224276.0,2620248.0,10s
2025-09-02 17:11:40,60567,5.607536339227849,2953,2850176,263.8807517822424,40.19710241935737,695.9928587502886,26011.781866228037,10801,5717,7273,A,1756833100,1980,-0.30901699437494734,-0.9510565162951538,5.607017219033512,60927.5,-721.0,61288.0,2847350.0,5652.0,2844524.0,10s
2025-09-02 17:11:50,65726,5.9848843562192675,5963,3070856,279.62629757785464,40.35424236349815,699.1891213546323,26243.256982783605,10982,5551,7527,A,1756833110,1990,-0.3255681544571564,-0.9455185755993171,5.984339433670217,63146.5,5159.0,60567.0,2960516.0,220680.0,2850176.0,10s
2025-09-02 17:12:00,50634,4.613155976676385,4382,2377740,216.6308309037901,40.09572025932756,712.0080238729222,26547.017879937674,10976,5670,7393,A,1756833120,2000,-0.34202014332566827,-0.9396926207859086,4.6127357201421155,58180.0,-15092.0,65726.0,2724298.0,-693116.0,3070856.0,10s
2025-09-02 17:12:10,47554,4.161547212741752,2488,2153152,188.42670867244246,39.870725866848936,713.2680929930871,26402.90360191625,11427,5939,7450,A,1756833130,2010,-0.3583679495453005,-0.9335804264972016,4.1611830591529575,49094.0,-3080.0,50634.0,2265446.0,-224588.0,2377740.0,10s
2025-09-02 17:12:20,59837,4.880270777261234,8959,2740864,223.54326727020634,39.557172677625175,731.3113241571898,26941.419329403732,12261,5913,8093,A,1756833140,2020,-0.374606593415912,-0.9271838545667873,4.879872777687163,53695.5,12283.0,47554.0,2447008.0,587712.0,2153152.0,10s
2025-09-02 17:12:30,50918,4.2637749120750295,1972,2314840,193.84022776754313,39.84852180970511,716.5938456916018,26537.34706495549,11942,5799,7854,A,1756833150,2030,-0.390731128489274,-0.9205048534524402,4.26341790169974,55377.5,-8919.0,59837.0,2527852.0,-426024.0,2740864.0,10s
2025-09-02 17:12:40,63567,5.67663868547955,10443,3034184,270.95767101268086,39.87464359967319,725.2942539147884,27020.442322060575,11198,5557,7612,A,1756833160,2040,-0.40673664307580026,-0.9135454576426008,5.676131797481918,57242.5,12649.0,50918.0,2674512.0,719344.0,2314840.0,10s
2025-09-02 17:12:50,52779,4.3194205745150995,2424,2436732,199.42155659219247,40.0292371125466,732.4612683372739,27415.508548164227,12219,5814,8391,A,1756833170,2050,-0.4226182617406993,-0.9063077870366499,4.319067103109656,58173.0,-10788.0,63567.0,2735458.0,-597452.0,3034184.0,10s
2025-09-02 17:13:00,47693,4.203878360511238,1675,2110068,185.99100925517848,39.94770750204947,728.0643882242236,27046.451983817777,11345,5709,7539,A,1756833180,2060,-0.43837114678907746,-0.8987940462991668,4.203507844174158,50236.0,-5086.0,52779.0,2273400.0,-326664.0,2436732.0,10s
2025-09-02 17:13:10,52788,4.440444145356662,2898,2415232,203.16554508748317,39.729580994949224,737.0874622736733,27305.212279924108,11888,5608,8031,A,1756833190,2070,-0.45399049973954664,-0.8910065241883678,4.440070653545294,50240.5,5095.0,47693.0,2262650.0,305164.0,2110068.0,10s
2025-09-02 17:13:20,60611,5.419438483547926,5627,2729528,244.05650929899858,39.78599307119735,715.9550817619632,26438.77741505442,11184,5505,7539,A,1756833200,2080,-0.4694715627858905,-0.882947592858927,5.418953956191328,56699.5,7823.0,52788.0,2572380.0,314296.0,2415232.0,10s
2025-09-02 17:13:30,36450,3.7110568112400735,1324,1640900,167.06373447363063,39.90588975480777,729.8247985842609,27121.845416902324,9822,5013,6619,A,1756833210,2090,-0.4848096202463369,-0.8746197071393957,3.7106790186297465,48530.5,-24161.0,60611.0,2185214.0,-1088628.0,2729528.0,10s
2025-09-02 17:13:40,37015,3.350986782545718,1452,1671920,151.3597682418975,39.89029483524253,737.2660581587174,27486.976290205817,11046,5205,7714,A,1756833220,2100,-0.4999999999999997,-0.8660254037844387,3.350683443468815,36732.5,565.0,36450.0,1656410.0,31020.0,1640900.0,10s
2025-09-02 17:13:50,33863,3.170692883895131,2239,1541124,144.3,39.56399271887613,730.6507359108144,26780.294328091943,10680,5279,7120,A,1756833230,2110,-0.5150380749100537,-0.8571673007021126,3.1703960303342384,35439.0,-3152.0,37015.0,1606522.0,-130796.0,1671920.0,10s
2025-09-02 17:14:00,40466,3.816467037630859,5944,1852388,174.7041403376403,39.73989133694563,735.297062222626,27213.109223761807,10603,5106,7163,A,1756833240,2120,-0.5299192642332047,-0.8480480961564261,3.816107129385138,37164.5,6603.0,33863.0,1696756.0,311264.0,1541124.0,10s
2025-09-02 17:14:10,42955,4.169983496747888,5067,2037952,197.84020968837976,40.085347231995286,718.7735763898147,26660.039566110714,10301,5272,6918,A,1756833250,2130,-0.5446390350150266,-0.8386705679454243,4.16957872257814,41710.5,2489.0,40466.0,1945170.0,185564.0,1852388.0,10s
2025-09-02 17:14:20,47329,4.423271028037383,6844,2206288,206.1951401869159,40.00829364434621,729.7531019147409,27193.34685247214,10700,5149,7285,A,1756833260,2140,-0.559192903470747,-0.8290375725550416,4.42285767685263,45142.0,4374.0,42955.0,2122120.0,168336.0,2037952.0,10s
2025-09-02 17:14:30,43955,4.1718868640850415,13521,2088592,198.2338648443432,39.84746465733529,750.77452947334,27974.38098950686,10536,4937,7113,A,1756833270,2150,-0.573576436351046,-0.8191520442889918,4.17149093669925,45642.0,-3374.0,47329.0,2147440.0,-117696.0,2206288.0,10s
2025-09-02 17:14:40,28920,3.174881984850148,3841,1330548,146.06960149302887,39.98333987969152,745.8273494388866,27807.770917723414,9109,4529,6242,A,1756833280,2160,-0.5877852522924729,-0.8090169943749477,3.1745334796926454,36437.5,-15035.0,43955.0,1709570.0,-758044.0,2088592.0,10s
2025-09-02 17:14:50,25896,2.5515814365947382,1526,1178440,116.11390284757118,40.392287780859846,751.2877924645189,28402.615598165045,10149,5016,7009,A,1756833290,2170,-0.6018150231520483,-0.7986355100472929,2.5513300492610838,27408.0,-3024.0,28920.0,1254494.0,-152108.0,1330548.0,10s
2025-09-02 17:15:00,25114,2.550162469536962,2326,1168540,118.65759545085297,40.62184274259192,805.3934783400449,31202.982572758523,9848,4989,6782,A,1756833300,2180,-0.6156614753256582,-0.7880107536067221,2.549903543506955,25505.0,-782.0,25896.0,1173490.0,-9900.0,1178440.0,10s
2025-09-02 17:15:10,14220,1.3690189660152112,352,617288,59.42890151150477,41.17298367048055,953.3208893347297,38831.282315613535,10387,4986,7116,A,1756833310,2190,-0.6293203910498372,-0.7771459614569712,1.3688871775125144,19667.0,-10894.0,25114.0,892914.0,-551252.0,1168540.0,10s
2025-09-02 17:15:20,1720745,133.04043605999692,20289,64872956,5015.691665378074,41.45825332262927,362.52795882871237,14445.06224674054,12934,8034,7930,A,1756833320,2200,-0.6427876096865393,-0.7660444431189782,133.03015075376885,867482.5,1706525.0,14220.0,32745122.0,64255668.0,617288.0,10s
2025-09-02 17:15:30,919436,37.12942696765335,33628,39582904,1598.4696523038403,42.18149745865338,410.6040734201258,15850.424121758175,24763,13460,14496,A,1756833330,2210,-0.656059028990507,-0.7547095802227723,37.12792763689226,1320090.5,-801309.0,1720745.0,52227930.0,-25290052.0,64872956.0,10s
2025-09-02 17:15:40,249550,14.300859598853869,10258,11232392,643.6900859598854,40.894367261969656,510.9435888241567,19250.452039913278,17450,9451,10880,A,1756833340,2220,-0.6691306063588582,-0.7431448254773944,14.30004011231448,584493.0,-669886.0,919436.0,25407648.0,-28350512.0,39582904.0,10s
2025-09-02 17:15:50,208532,13.64738219895288,13070,9480564,620.4557591623037,40.6703268252497,559.4301791694523,20983.352559216535,15280,8060,9795,A,1756833350,2230,-0.6819983600624984,-0.7313537016191707,13.646489104116222,229041.0,-41018.0,249550.0,10356478.0,-1751828.0,11232392.0,10s
2025-09-02 17:16:00,129554,9.208472528253607,4392,5924252,421.08550714336485,40.63031010507875,573.2756897724996,21430.958754681193,14069,7613,9236,A,1756833360,2240,-0.694658370458997,-0.7193398003386515,9.207818052594172,169043.0,-78978.0,208532.0,7702408.0,-3556312.0,9480564.0,10s
2025-09-02 17:16:10,121321,8.662073397115522,6914,5576684,398.16392974439526,40.15306407291208,602.9901604521513,22484.7343465302,14006,7107,9199,A,1756833370,2250,-0.7071067811865475,-0.7071067811865477,8.661454986792318,125437.5,-8233.0,129554.0,5750468.0,-347568.0,5924252.0,10s
2025-09-02 17:16:20,98198,7.936474581750586,6621,4549596,367.7035480481694,40.359040654264085,611.9541438974495,22826.7105166511,12373,6623,8051,A,1756833380,2260,-0.719339800338651,-0.6946583704589976,7.935833198642315,109759.5,-23123.0,121321.0,5063140.0,-1027088.0,5576684.0,10s
2025-09-02 17:16:30,88604,7.218248472505092,4373,4139692,337.245784114053,40.236452974922784,641.0992151824221,23759.61189700069,12275,6413,8206,A,1756833390,2270,-0.7313537016191702,-0.6819983600624989,7.217660475724992,93401.0,-9594.0,98198.0,4344644.0,-409904.0,4549596.0,10s
2025-09-02 17:16:40,68713,5.354398815553651,3633,3166664,246.75944829735838,39.89035822985287,670.4267925966354,24918.696273704423,12833,6408,8560,A,1756833400,2280,-0.7431448254773945,-0.6691306063588581,5.3539816113448655,78658.5,-19891.0,88604.0,3653178.0,-973028.0,4139692.0,10s
2025-09-02 17:16:50,73258,6.012146081247435,5188,3421740,280.81575707837504,39.67605642896758,644.5460039869191,23600.475765520434,12185,6558,7759,A,1756833410,2290,-0.7547095802227721,-0.6560590289905074,6.011652716231741,70985.5,4545.0,68713.0,3294202.0,255076.0,3166664.0,10s
2025-09-02 17:17:00,102384,7.804848300045738,11087,4834300,368.5241652690959,39.89244976720631,652.4693474599112,24183.65834804137,13118,6559,8756,A,1756833420,2300,-0.766044443118978,-0.6427876096865395,7.804253372970501,87821.0,29126.0,73258.0,4128020.0,1412560.0,3421740.0,10s
2025-09-02 17:17:10,81896,6.272191161828904,5507,3821016,292.64118863444895,39.965008672093106,656.7339375737736,24371.17394622632,13057,6589,8541,A,1756833430,2310,-0.7771459614569708,-0.6293203910498377,6.271710828610813,92140.0,-20488.0,102384.0,4327658.0,-1013284.0,4834300.0,10s
2025-09-02 17:17:20,57827,4.741472613971794,2681,2647260,217.05969170219745,39.970212374115064,675.8600862306621,25051.69312032478,12196,6073,8073,A,1756833440,2320,-0.7880107536067217,-0.6156614753256587,4.741083873083545,69861.5,-24069.0,81896.0,3234138.0,-1173756.0,3821016.0,10s
2025-09-02 17:17:30,53093,4.57343440434146,2161,2447300,210.81057799982773,40.041355104641454,678.3097545682833,25211.399622176566,11609,5828,7685,A,1756833450,2330,-0.798635510047293,-0.6018150231520482,4.573040482342808,55460.0,-4734.0,57827.0,2547280.0,-199960.0,2647260.0,10s
2025-09-02 17:17:40,73991,6.204696016771488,20728,3537720,296.66415094339624,39.786148679842604,684.1698726898287,25277.30433101451,11925,5984,7864,A,1756833460,2340,-0.8090169943749475,-0.5877852522924732,6.204175750461177,63542.0,20898.0,53093.0,2992510.0,1090420.0,2447300.0,10s
2025-09-02 17:17:50,67428,5.823803765762653,3963,3193672,275.8396959751252,39.920095579328866,694.977772456818,25692.744574969056,11578,6114,7584,A,1756833470,2350,-0.8191520442889917,-0.5735764363510464,5.823300803178167,70709.5,-6563.0,73991.0,3365696.0,-344048.0,3537720.0,10s
2025-09-02 17:18:00,53560,4.6793639699458325,3745,2474484,216.18766381268566,39.63285265981232,711.5467038895025,26125.784283688037,11446,5917,7470,A,1756833480,2360,-0.829037572555042,-0.5591929034707465,4.678955184764567,60494.0,-13868.0,67428.0,2834078.0,-719188.0,3193672.0,10s
2025-09-02 17:18:10,60375,5.092787853226486,9118,2718072,229.2764234500211,39.56082737353293,721.9613020017601,26606.877891153938,11855,5922,7724,A,1756833490,2370,-0.8386705679454242,-0.544639035015027,5.0923582995951415,56967.5,6815.0,53560.0,2596278.0,243588.0,2474484.0,10s
2025-09-02 17:18:20,51267,4.328520770010131,3469,2412188,203.66328942924687,39.86162090034506,722.6690502679434,26906.540858069722,11844,5941,7863,A,1756833500,2380,-0.8480480961564258,-0.529919264233205,4.328155339805825,55821.0,-9108.0,60375.0,2565130.0,-305884.0,2718072.0,10s
2025-09-02 17:18:30,54141,4.431248976919299,2873,2512464,205.63627434932067,39.75675785015677,711.9110967508017,26260.65363196584,12218,6171,8011,A,1756833510,2390,-0.857167300702112,-0.5150380749100544,4.43088632457648,52704.0,2874.0,51267.0,2462326.0,100276.0,2412188.0,10s
2025-09-02 17:18:40,43568,4.0188174522645514,2891,2025832,186.86763213725672,39.945072626102366,702.898120894315,26054.293993439835,10841,5666,7166,A,1756833520,2400,-0.8660254037844383,-0.5000000000000003,4.018446781036709,48854.5,-10573.0,54141.0,2269148.0,-486632.0,2512464.0,10s
2025-09-02 17:18:50,55029,4.657159783344618,3925,2542156,215.14522681110358,39.87336362261518,719.1834400822801,26651.205703094885,11816,5929,7760,A,1756833530,2410,-0.8746197071393954,-0.4848096202463376,4.656765676567657,49298.5,11461.0,43568.0,2283994.0,516324.0,2025832.0,10s
2025-09-02 17:19:00,60980,5.1682345961522165,4628,2773008,235.02059496567506,39.807647476423355,707.350594519722,26143.10468950546,11799,5934,7647,A,1756833540,2420,-0.8829475928589268,-0.4694715627858907,5.167796610169492,58004.5,5951.0,55029.0,2657582.0,230852.0,2542156.0,10s
2025-09-02 17:19:10,58469,4.754736927705944,1861,2662080,216.48206879726763,39.59504884339399,718.3675552326813,26447.635330788376,12297,5927,7986,A,1756833550,2430,-0.8910065241883676,-0.4539904997395469,4.754350300861929,59724.5,-2511.0,60980.0,2717544.0,-110928.0,2773008.0,10s
2025-09-02 17:19:20,58418,5.080709688641503,3714,2612980,227.25517481301097,39.54391042176801,720.3862524506401,26365.959309558024,11498,5777,7337,A,1756833560,2440,-0.8987940462991667,-0.43837114678907774,5.080267849378207,58443.5,-51.0,58469.0,2637530.0,-49100.0,2662080.0,10s
2025-09-02 17:19:30,46130,4.351476275823035,4499,2164948,204.22111121592303,39.864629086292986,719.2158430733482,26685.084145481975,10601,5313,7136,A,1756833570,2450,-0.9063077870366495,-0.42261826174069994,4.351065836634597,52274.0,-12288.0,58418.0,2388964.0,-448032.0,2612980.0,10s
2025-09-02 17:19:40,33697,3.060581289736603,1452,1527052,138.69682107175296,39.67068471447061,734.6828835761214,27181.868373196645,11010,5231,7329,A,1756833580,2460,-0.9135454576426004,-0.4067366430758009,3.060303333030606,39913.5,-12433.0,46130.0,1846000.0,-637896.0,2164948.0,10s
2025-09-02 17:19:50,33156,3.02187386073642,1884,1484148,135.26686110098433,39.75525952851151,728.6622486765598,26928.993469292443,10972,5449,7144,A,1756833590,2470,-0.9205048534524402,-0.3907311284892738,3.0215984689692883,33426.5,-541.0,33697.0,1505600.0,-42904.0,1527052.0,10s
2025-09-02 17:20:00,38530,3.5264506681310634,2930,1793920,164.18817499542376,39.94623538822863,738.825640648738,27586.005433980725,10926,5245,7406,A,1756833600,2480,-0.9271838545667872,-0.3746065934159123,3.5261279399652237,35843.0,5374.0,33156.0,1639034.0,309772.0,1484148.0,10s
2025-09-02 17:20:10,31606,2.8737952354973633,3158,1460736,132.81833060556465,40.245565935472335,755.2190437929765,28455.33162977813,10998,5434,7516,A,1756833610,2490,-0.9335804264972015,-0.3583679495453007,2.873533957632512,35068.0,-6924.0,38530.0,1627328.0,-333184.0,1793920.0,10s
2025-09-02 17:20:20,23216,2.336318808493509,1073,1036732,104.33048203683204,40.58289334666426,822.0758935544774,31883.124575233633,9937,5069,6639,A,1756833620,2500,-0.9396926207859084,-0.34202014332566855,2.3360837190581605,27411.0,-8390.0,31606.0,1248734.0,-424004.0,1460736.0,10s
2025-09-02 17:20:30,65189,4.818107908351811,2689,3072796,227.109830007391,41.57180660845551,634.6256585901168,24256.768131378532,13530,7053,8766,A,1756833630,2510,-0.9455185755993168,-0.32556815445715664,4.817751829133102,44202.5,41973.0,23216.0,2054764.0,2036064.0,1036732.0,10s
2025-09-02 17:20:40,43596,3.4707427752567472,2051,2023384,161.0846270201417,40.7255599097301,696.892377793499,26425.129248888916,12561,6302,8696,A,1756833640,2520,-0.9510565162951535,-0.3090169943749476,3.4704664862283074,54392.5,-21593.0,65189.0,2548090.0,-1049412.0,3072796.0,10s
2025-09-02 17:20:50,30074,2.8007077668094618,2902,1381588,128.6634382566586,40.195945662402735,737.7784993727944,27599.56329973564,10738,5332,7208,A,1756833650,2530,-0.9563047559630354,-0.2923717047227371,2.800446968991526,36835.0,-13522.0,43596.0,1702486.0,-641796.0,2023384.0,10s
2025-09-02 17:21:00,22653,2.1100037257824145,750,1011620,94.2269001490313,40.293367622763526,767.6065364094221,29122.05664701274,10736,5263,7044,A,1756833660,2540,-0.9612616959383188,-0.2756373558169998,2.109807208717519,26363.5,-7421.0,30074.0,1196604.0,-369968.0,1381588.0,10s
2025-09-02 17:21:10,17135,1.5864271826682714,1099,759772,70.34274604203314,41.09400215798746,890.3665356555664,35712.8157003779,10801,5040,7550,A,1756833670,2550,-0.9659258262890684,-0.2588190451025207,1.5862803184595444,19894.0,-5518.0,22653.0,885696.0,-251848.0,1011620.0,10s
2025-09-02 17:21:20,5958,1.2363560904752022,327,249948,51.8671923635609,41.582070969080725,1008.8161608431695,41884.78957056435,4819,2849,3264,A,1756833680,2560,-0.9702957262759966,-0.24192189559966784,1.2360995850622407,11546.5,-11177.0,17135.0,504860.0,-509824.0,759772.0,10s
2025-09-02 17:21:30,2406656,88.45398412231697,20139,93991408,3454.5504263451926,41.86459308013481,355.2595014765879,13864.116397388249,27208,14811,15096,A,1756833690,2570,-0.9743700647852352,-0.2249510543438653,88.45073321327502,1206307.0,2400698.0,5958.0,47120678.0,93741460.0,249948.0,10s
2025-09-02 17:21:40,339916,17.999258670902833,7173,14508264,768.2427323272439,41.441125937468335,480.1071314737924,18314.500368064615,18885,10501,11754,A,1756833700,2580,-0.9781476007338057,-0.20791169081775984,17.99830562321296,1373286.0,-2066740.0,2406656.0,54249836.0,-79483144.0,93991408.0,10s
2025-09-02 17:21:50,239825,15.700490998363339,21663,11156964,730.4068085106383,40.86633091887012,549.5040494484814,20698.241851852075,15275,8269,9758,A,1756833710,2590,-0.9816271834476639,-0.1908089953765455,15.699463210264467,289870.5,-100091.0,339916.0,12832614.0,-3351300.0,14508264.0,10s
2025-09-02 17:22:00,157531,10.75664049163537,5689,7149592,488.1933765790372,40.81800732099753,581.8175772859255,22017.195248163534,14645,7582,9658,A,1756833720,2600,-0.984807753012208,-0.17364817766693036,10.755906049433293,198678.0,-82294.0,239825.0,9153278.0,-4007372.0,11156964.0,10s
2025-09-02 17:22:10,111776,8.514969147558467,6107,5129640,390.77016835529827,40.776019525257645,584.0948622160276,21853.659235139727,13127,7164,8546,A,1756833730,2610,-0.9876883405951375,-0.15643446504023106,8.51432053625838,134653.5,-45755.0,157531.0,6139616.0,-2019952.0,7149592.0,10s
2025-09-02 17:22:20,92143,6.911934588552997,3750,4256352,319.28227439801964,40.40982623382632,606.3213003601932,22817.707834718058,13331,7015,8857,A,1756833740,2620,-0.9902680687415701,-0.13917310096006583,6.911416141614161,101959.5,-19633.0,111776.0,4692996.0,-873288.0,5129640.0,10s
2025-09-02 17:22:30,76524,5.647944497748911,2291,3502176,258.48224961251753,40.35933647626552,621.2097097256169,23455.881451249297,13549,6746,9137,A,1756833750,2630,-0.9925461516413219,-0.12186934340514806,5.647527675276753,84333.5,-15619.0,92143.0,3879264.0,-754176.0,4256352.0,10s
2025-09-02 17:22:40,82382,6.38570653437718,4453,3842732,297.8631113867142,40.17847729352634,632.771667959973,23558.776470612032,12901,6695,8558,A,1756833760,2640,-0.9945218953682731,-0.10452846326765423,6.385211595101534,79453.0,5858.0,76524.0,3672454.0,340556.0,3502176.0,10s
2025-09-02 17:22:50,86263,7.075957673693709,6385,4033492,330.85817406283326,40.06499975054158,631.9760928880389,23541.63126908098,12191,6232,8160,A,1756833770,2650,-0.9961946980917454,-0.08715574274765825,7.075377296587926,84322.5,3881.0,82382.0,3938112.0,190760.0,3842732.0,10s
2025-09-02 17:23:00,88337,7.041048939901164,7878,4196292,334.4725011956002,40.14703502107812,663.7220477220446,24824.235366003933,12546,6426,8376,A,1756833780,2660,-0.9975640502598242,-0.06975647374412558,7.04048776599984,87300.0,2074.0,86263.0,4114892.0,162800.0,4033492.0,10s
2025-09-02 17:23:10,83229,6.578847521935025,19379,3944208,311.77045292862226,40.24086736282529,671.8067771384469,25171.20589805515,12651,6282,8595,A,1756833790,2670,-0.9986295347545738,-0.052335956242944306,6.578327537148277,85783.0,-5108.0,88337.0,4070250.0,-252084.0,4196292.0,10s
2025-09-02 17:23:20,68047,5.8384384384384385,4169,3106448,266.53350493350496,39.993862449594516,698.0661727291471,25899.19190214255,11655,5907,7828,A,1756833800,2680,-0.9993908270190959,-0.03489949670250164,5.837937542896363,75638.0,-15182.0,83229.0,3525328.0,-837760.0,3944208.0,10s
2025-09-02 17:23:30,55919,4.5610929853181075,1953,2634616,214.8952691680261,39.971918350295915,707.3498302724186,26325.73199105964,12260,6074,8085,A,1756833810,2690,-0.9998476951563914,-0.017452406437284386,4.5607209852377455,61983.0,-12128.0,68047.0,2870532.0,-471832.0,3106448.0,10s
2025-09-02 17:23:40,100591,8.26277312304912,21667,4674516,383.9753573188763,40.12132562642543,708.8861945932973,26485.71956104022,12174,6218,8048,A,1756833820,2700,-1.0,-1.8369701987210297e-16,8.262094455852155,78255.0,44672.0,55919.0,3654566.0,2039900.0,2634616.0,10s
2025-09-02 17:23:50,135555,10.833133541117238,9063,6761032,540.3206265483897,39.916358769636524,712.3944534295931,26487.161728929055,12513,6142,8432,A,1756833830,2710,-0.9998476951563914,0.017452406437284018,10.832267859996804,118073.0,34964.0,100591.0,5717774.0,2086516.0,4674516.0,10s
2025-09-02 17:24:00,63948,6.109486959014044,4498,3068096,293.12085602369353,40.16874687145342,697.9678524032371,25953.66763350333,10467,5578,6896,A,1756833840,2720,-0.999390827019096,0.03489949670250128,6.1089033244172715,99751.5,-71607.0,135555.0,4914564.0,-3692936.0,6761032.0,10s
2025-09-02 17:24:10,82874,7.1148695054945055,31857,4032232,346.1737637362637,39.70904190923707,728.2557889674592,27024.942925246258,11648,5842,7682,A,1756833850,2730,-0.9986295347545739,0.052335956242943946,7.114258734655335,73411.0,18926.0,63948.0,3550164.0,964136.0,3068096.0,10s
2025-09-02 17:24:20,51096,4.73813056379822,6517,2425204,224.8890949554896,39.57912524040397,718.0164210485884,26357.62224171697,10784,5550,6915,A,1756833860,2740,-0.9975640502598242,0.06975647374412522,4.73769123783032,66985.0,-31778.0,82874.0,3228718.0,-1607028.0,4032232.0,10s
2025-09-02 17:24:30,43288,4.041830065359477,1030,1996252,186.39140989729225,39.90450176371465,719.9554633439255,26723.05724734984,10710,5346,7194,A,1756833870,2750,-0.9961946980917454,0.08715574274765789,4.041452712165064,47192.0,-7808.0,51096.0,2210728.0,-428952.0,2425204.0,10s
2025-09-02 17:24:40,41056,4.161362254206365,1458,1851012,187.6152442732617,39.60662766132005,715.635321471168,26239.43393353427,9866,5202,6498,A,1756833880,2760,-0.9945218953682732,0.10452846326765389,4.160940508766596,42172.0,-2232.0,43288.0,1923632.0,-145240.0,1996252.0,10s
2025-09-02 17:24:50,52318,5.149409448818898,5835,2439036,240.06259842519685,39.86615508555599,725.2630513667705,26949.64886944893,10160,5149,6834,A,1756833890,2770,-0.9925461516413219,0.1218693434051477,5.148902667060328,46687.0,11262.0,41056.0,2145024.0,588024.0,1851012.0,10s
2025-09-02 17:25:00,45112,4.4375368876647645,7215,2138780,210.38559905567578,39.74864042889026,727.5256385885402,26791.854611646253,10166,5341,6565,A,1756833900,2780,-0.9902680687415703,0.13917310096006547,4.437100422936953,48715.0,-7206.0,52318.0,2288908.0,-300256.0,2439036.0,10s
2025-09-02 17:25:10,44761,4.323481116584565,4754,2062708,199.2377088766541,39.79815656771558,730.649401587831,27080.009709728514,10353,5142,6938,A,1756833910,2790,-0.9876883405951377,0.15643446504023067,4.323063550318717,44936.5,-351.0,45112.0,2100744.0,-76072.0,2138780.0,10s
2025-09-02 17:25:20,42712,3.7835060678536627,1452,2000756,177.23057843918858,39.97150297377144,727.283401166839,27082.060453735907,11289,5640,7574,A,1756833920,2800,-0.9848077530122081,0.17364817766692997,3.783170947741364,43736.5,-2049.0,44761.0,2031732.0,-61952.0,2062708.0,10s
2025-09-02 17:25:30,41270,3.7260743950884794,1451,1890056,170.64427591188155,39.79294621870415,740.5581689412561,27527.93929060517,11076,5379,7600,A,1756833930,2810,-0.981627183447664,0.1908089953765451,3.7257380157082243,41991.0,-1442.0,42712.0,1945406.0,-110700.0,2000756.0,10s
2025-09-02 17:25:40,38023,3.559539412095113,1851,1754808,164.2771016663546,39.437404593109456,741.8168398786772,27237.267163349166,10682,5211,7179,A,1756833940,2820,-0.9781476007338058,0.20791169081775945,3.5592062154825426,39646.5,-3247.0,41270.0,1822432.0,-135248.0,1890056.0,10s
2025-09-02 17:25:50,45673,4.229373090100935,2473,2147376,198.84952310399112,39.95114413446002,727.483537746481,26994.35327868767,10799,5282,7323,A,1756833950,2830,-0.9743700647852354,0.22495105434386492,4.2289814814814815,41848.0,7650.0,38023.0,1951092.0,392568.0,1754808.0,10s
2025-09-02 17:26:00,42467,4.029127134724858,1455,1996200,189.39278937381405,39.94490911618947,719.5094556853518,26713.430042885313,10540,5233,7133,A,1756833960,2840,-0.9702957262759967,0.24192189559966745,4.028744900863296,44070.0,-3206.0,45673.0,2071788.0,-151176.0,2147376.0,10s
2025-09-02 17:26:10,38218,3.7355097253445413,2982,1792476,175.20046916234972,40.13551134691141,725.6049511396948,27074.81304226444,10231,5068,6976,A,1756833970,2850,-0.9659258262890685,0.25881904510252035,3.7351446442533227,40342.5,-4249.0,42467.0,1894338.0,-203724.0,1996200.0,10s
2025-09-02 17:26:20,40698,3.756854057047909,1899,1870884,172.70229853226252,39.75091934289765,739.281456698621,27329.078238173413,10833,5197,7357,A,1756833980,2860,-0.9612616959383189,0.27563735581699944,3.7565072918589624,39458.0,2480.0,38218.0,1831680.0,78408.0,1792476.0,10s
2025-09-02 17:26:30,34683,3.2245258460394197,1463,1580132,146.90702863518035,39.769387095105195,728.7491788970053,26850.276365652862,10756,5285,7089,A,1756833990,2870,-0.9563047559630357,0.29237170472273677,3.2242260853397786,37690.5,-6015.0,40698.0,1725508.0,-290752.0,1870884.0,10s
2025-09-02 17:26:40,26946,2.5889700230591854,783,1200996,115.39162182936202,39.74156480204316,753.6254820762026,28044.172908187582,10408,5016,7019,A,1756834000,2880,-0.9510565162951538,0.3090169943749473,2.588721298875973,30814.5,-7737.0,34683.0,1390564.0,-379136.0,1580132.0,10s
2025-09-02 17:26:50,32771,3.1398869406917695,3730,1518044,145.4483089010252,39.775470040676346,747.1396783212947,27713.986522808384,10437,5246,6879,A,1756834010,2890,-0.9455185755993171,0.32556815445715637,3.1395861276106536,29858.5,5825.0,26946.0,1359520.0,317048.0,1200996.0,10s
2025-09-02 17:27:00,25374,2.2716204118173677,1452,1134368,101.55487914055506,39.75568894365725,761.2836421841737,28330.286165391513,11170,5448,7333,A,1756834020,2900,-0.9396926207859086,0.3420201433256682,2.2714170620356278,29072.5,-7397.0,32771.0,1326206.0,-383676.0,1518044.0,10s
2025-09-02 17:27:10,24850,2.1148936170212767,1452,1121888,95.47982978723404,40.25196520422136,812.8391151646711,31166.822436561204,11750,5300,8140,A,1756834030,2910,-0.933580426497202,0.3583679495452996,2.114713641392222,25112.0,-524.0,25374.0,1128128.0,-12480.0,1134368.0,10s
2025-09-02 17:27:20,14607,1.3863895216400912,287,627564,59.56378132118451,40.96524103712031,940.2743928256912,37913.07871597558,10536,5232,6873,A,1756834040,2920,-0.9271838545667873,0.374606593415912,1.3862579481825947,19728.5,-10243.0,24850.0,874726.0,-494324.0,1121888.0,10s
2025-09-02 17:27:30,1707156,144.40500761292506,21037,65722212,5559.3141600406025,41.19859958558896,403.587290778367,16285.399836869878,11822,7422,7326,A,1756834050,2930,-0.9205048534524404,0.3907311284892735,144.3927937071809,860881.5,1692549.0,14607.0,33174888.0,65094648.0,627564.0,10s
2025-09-02 17:27:40,980214,37.87681131419298,11656,40713428,1573.2226129294022,42.15017065284757,427.3834048098343,16492.567706063182,25879,13467,15233,A,1756834060,2940,-0.913545457642601,0.40673664307579976,37.87534775888717,1343685.0,-726942.0,1707156.0,53217820.0,-25008784.0,65722212.0,10s
2025-09-02 17:27:50,265722,14.584883912399144,5843,11762032,645.5915253306987,40.78922373202276,529.7424647165072,20005.134010740305,18219,9660,11447,A,1756834070,2950,-0.9063077870366502,0.42261826174069883,14.584083424807904,622968.0,-714492.0,980214.0,26237730.0,-28951396.0,40713428.0,10s
2025-09-02 17:28:00,158943,10.637331013251238,8691,7223388,483.4284566992371,40.88376982194265,573.2606680928935,21598.123944808434,14942,7840,9703,A,1756834080,2960,-0.8987940462991673,0.4383711467890766,10.636619152780566,212332.5,-106779.0,265722.0,9492710.0,-4538644.0,11762032.0,10s
2025-09-02 17:28:10,111545,7.437820897512836,3227,5008620,333.9747949589918,40.507840800705566,593.0148166363487,22263.838695584214,14997,7747,9701,A,1756834090,2970,-0.8910065241883675,0.4539904997395474,7.437324976663555,135244.0,-47398.0,158943.0,6116004.0,-2214768.0,7223388.0,10s
2025-09-02 17:28:20,113812,7.987928130263897,3622,5213468,365.90875912408757,40.387579705442974,605.718814650185,22643.674629522364,14248,7336,9222,A,1756834100,2980,-0.8829475928589267,0.4694715627858912,7.987367534563829,112678.5,2267.0,111545.0,5111044.0,204848.0,5008620.0,10s
2025-09-02 17:28:30,98160,6.886971163965481,5610,4466736,313.38918122500525,40.252501388967275,624.9051043567514,23361.909155525347,14253,6906,9613,A,1756834110,2990,-0.8746197071393955,0.4848096202463372,6.886488003367476,105986.0,-15652.0,113812.0,4840102.0,-746732.0,5213468.0,10s
2025-09-02 17:28:40,84073,5.979587482219062,2893,3821068,271.7687055476529,40.37302502463962,623.0252172194052,23392.266280241143,14060,7093,9289,A,1756834120,3000,-0.8660254037844385,0.5,5.979162221748098,91116.5,-14087.0,98160.0,4143902.0,-645668.0,4466736.0,10s
2025-09-02 17:28:50,110655,8.916599516518936,5808,5155160,415.4037066881547,40.28898061536728,623.8278609796832,23238.447303327022,12410,6560,8090,A,1756834130,3010,-0.8571673007021123,0.515038074910054,8.91588107324148,97364.0,26582.0,84073.0,4488114.0,1334092.0,3821068.0,10s
2025-09-02 17:29:00,72616,5.988454560448623,3591,3301312,272.2507009731156,40.28399541536248,632.6130415207285,23672.75136652102,12126,6273,7995,A,1756834140,3020,-0.8480480961564261,0.5299192642332046,5.987960748742475,91635.5,-38039.0,110655.0,4228236.0,-1853848.0,5155160.0,10s
2025-09-02 17:29:10,69660,5.5290102389078495,2753,3136120,248.91816810858003,39.983627613635555,619.7216292990305,23154.019111116002,12599,6700,7978,A,1756834150,3030,-0.8386705679454238,0.5446390350150273,5.5285714285714285,71138.0,-2956.0,72616.0,3218716.0,-165192.0,3301312.0,10s
2025-09-02 17:29:20,71996,5.653396152336081,2649,3296040,258.8174322732627,40.27430705180036,664.5316229750837,24933.01848719728,12735,6385,8499,A,1756834160,3040,-0.8290375725550416,0.5591929034707469,5.652952261306533,70828.0,2336.0,69660.0,3216080.0,159920.0,3136120.0,10s
2025-09-02 17:29:30,55013,4.630723905723905,1714,2561492,215.6138047138047,40.0743041528713,662.3366949435425,24643.884019869194,11880,6206,7876,A,1756834170,3050,-0.8191520442889918,0.5735764363510459,4.630334146957327,63504.5,-16983.0,71996.0,2928766.0,-734548.0,3296040.0,10s
2025-09-02 17:29:40,80662,6.387045688494735,8535,3838456,303.9398210467971,40.11312970570257,692.7788529228205,25726.697611555883,12629,6263,8477,A,1756834180,3060,-0.8090169943749477,0.5877852522924728,6.3865399841646875,67837.5,25649.0,55013.0,3199974.0,1276964.0,2561492.0,10s
2025-09-02 17:29:50,53510,4.362109725279204,2729,2486860,202.7276432705633,40.12023173070629,700.3019463073672,26123.976751829017,12267,6221,8173,A,1756834190,3070,-0.7986355100472932,0.6018150231520478,4.361754157156831,67086.0,-27152.0,80662.0,3162658.0,-1351596.0,3838456.0,10s
2025-09-02 17:30:00,73387,6.218710278789933,6525,3532056,299.3014151343107,39.9970886857316,708.430460034605,26299.235025949492,11801,5901,7883,A,1756834200,3080,-0.7880107536067219,0.6156614753256584,6.2181833587527535,63448.5,19877.0,53510.0,3009458.0,1045196.0,2486860.0,10s
2025-09-02 17:30:10,56858,4.736587804065311,2898,2636992,219.676107964012,40.05785657339493,709.5106821588422,26472.521958574467,12004,6039,8058,A,1756834210,3090,-0.7771459614569709,0.6293203910498374,4.736193252811328,65122.5,-16529.0,73387.0,3084524.0,-895064.0,3532056.0,10s
2025-09-02 17:30:20,62459,5.365893470790378,6426,2959304,254.23573883161512,39.68576280423467,716.6856695465733,26480.858088410576,11640,5991,7635,A,1756834220,3100,-0.7660444431189782,0.6427876096865391,5.365432522979125,59658.5,5601.0,56858.0,2798148.0,322312.0,2636992.0,10s
2025-09-02 17:30:30,53811,4.514345637583893,2284,2522316,211.6036912751678,39.98189833207621,713.8854682557813,26555.178277207335,11920,5864,8058,A,1756834230,3110,-0.7547095802227723,0.6560590289905069,4.5139669490814525,58135.0,-8648.0,62459.0,2740810.0,-436988.0,2959304.0,10s
2025-09-02 17:30:40,71275,6.061830243238646,9206,3365068,286.1939105290015,39.982492099321625,714.923746928784,26558.020997812786,11758,5926,7758,A,1756834240,3120,-0.7431448254773947,0.6691306063588578,6.061314737647759,62543.0,17464.0,53811.0,2943692.0,842752.0,2522316.0,10s
2025-09-02 17:30:50,48176,4.294526653592441,1683,2277916,203.05901230165804,40.03909147786708,717.7762360836562,26676.986955979144,11218,5543,7656,A,1756834250,3130,-0.731353701619171,0.6819983600624979,4.294143863089402,59725.5,-23099.0,71275.0,2821492.0,-1087152.0,3365068.0,10s
2025-09-02 17:31:00,60974,5.191927792915531,5812,2856624,243.24114441416893,40.0061987219543,704.9020429459648,26211.13180807903,11744,5838,7814,A,1756834260,3140,-0.7193398003386512,0.6946583704589973,5.191485738612175,54575.0,12798.0,48176.0,2567270.0,578708.0,2277916.0,10s
2025-09-02 17:31:10,57186,4.6640567653535605,3254,2649484,216.0903678329663,39.69061594280288,727.0307914260927,26806.97518952145,12261,5898,8030,A,1756834270,3150,-0.7071067811865477,0.7071067811865474,4.663676398629914,59080.0,-3788.0,60974.0,2753054.0,-207140.0,2856624.0,10s
2025-09-02 17:31:20,46114,3.855363263941142,1457,2115800,176.89156425048074,39.850293910191816,724.5841210539631,26808.489484520054,11961,5936,7947,A,1756834280,3160,-0.6946583704589976,0.7193398003386509,3.855040963049657,51650.0,-11072.0,57186.0,2382642.0,-533684.0,2649484.0,10s
2025-09-02 17:31:30,42169,3.6165523156089194,1910,1966152,168.62367066895368,40.08558351890025,721.9123703109098,26935.503754304686,11660,5637,7998,A,1756834290,3170,-0.6819983600624989,0.7313537016191701,3.616242174770603,44141.5,-3945.0,46114.0,2040976.0,-149648.0,2115800.0,10s
2025-09-02 17:31:40,48757,4.411599710459646,2346,2262928,204.75280492218602,39.9676679874667,725.8677151994526,26924.01212394791,11052,5365,7455,A,1756834300,3180,-0.6691306063588588,0.7431448254773938,4.411200579028318,45463.0,6588.0,42169.0,2114540.0,296776.0,1966152.0,10s
2025-09-02 17:31:50,39094,3.330834114339269,1452,1794080,152.8567777115106,39.839477078315014,736.4134113239896,27353.466941921797,11737,5594,7975,A,1756834310,3190,-0.6560590289905074,0.754709580222772,3.3305503492928947,43925.5,-9663.0,48757.0,2028504.0,-468848.0,2262928.0,10s
2025-09-02 17:32:00,42858,3.697523940988698,3527,1977540,170.6099560003451,40.070294786164695,723.5831070121579,27000.01758888416,11591,5550,7888,A,1756834320,3200,-0.6427876096865395,0.7660444431189779,3.6972049689440993,40976.0,3764.0,39094.0,1885810.0,183460.0,1794080.0,10s
2025-09-02 17:32:10,43179,3.8501114578689255,2895,1998624,178.2098974587606,39.84516475030526,733.1179544616067,27065.646659876387,11215,5328,7439,A,1756834330,3210,-0.6293203910498377,0.7771459614569707,3.8497681883024253,43018.5,321.0,42858.0,1988082.0,21084.0,1977540.0,10s
2025-09-02 17:32:20,34280,3.014421385860007,628,1565624,137.6735842419979,40.020905327067005,722.6335570756391,26854.43908618943,11372,5609,7633,A,1756834340,3220,-0.6156614753256587,0.7880107536067216,3.0141563351798117,38729.5,-8899.0,43179.0,1782124.0,-433000.0,1998624.0,10s
2025-09-02 17:32:30,35862,3.207118583437668,1457,1647484,147.33357181184047,39.832931771660014,734.8763298037927,27134.258005268937,11182,5401,7492,A,1756834350,3230,-0.6018150231520489,0.7986355100472924,3.206831798265224,35071.0,1582.0,34280.0,1606554.0,81860.0,1565624.0,10s
2025-09-02 17:32:40,37675,3.31179676511955,2956,1738472,152.81926863572434,39.66640924898062,740.9246023093725,27317.017284968122,11376,5204,7669,A,1756834360,3240,-0.5877852522924739,0.8090169943749469,3.3115056693328646,36768.5,1813.0,35862.0,1692978.0,90988.0,1647484.0,10s
2025-09-02 17:32:50,33875,3.0692217087976807,1736,1548848,140.33233668569358,39.94552686928119,743.0190478699702,27697.447791508133,11037,5341,7299,A,1756834370,3250,-0.5735764363510456,0.8191520442889921,3.0689436492118136,35775.0,-3800.0,37675.0,1643660.0,-189624.0,1738472.0,10s
2025-09-02 17:33:00,31699,2.6575285043594903,1609,1441064,120.81354795439303,40.33929775686031,753.3922586964796,28565.72270769441,11928,5427,8289,A,1756834380,3260,-0.5591929034707465,0.8290375725550418,2.6573057255427948,32787.0,-2176.0,33875.0,1494956.0,-107784.0,1548848.0,10s
2025-09-02 17:33:10,21864,2.0558533145275035,300,970896,91.29252468265162,40.37173856010502,764.3746006316077,28964.6865726936,10635,5297,7022,A,1756834390,3270,-0.544639035015027,0.838670567945424,2.055660022564874,26781.5,-9835.0,31699.0,1205980.0,-470168.0,1441064.0,10s
2025-09-02 17:33:20,21499,1.8503313538170238,1454,968524,83.35691539719426,40.862176050271614,895.0534292219431,35674.340893455774,11619,5454,7870,A,1756834400,3280,-0.529919264233205,0.8480480961564258,1.8501721170395868,21681.5,-365.0,21864.0,969710.0,-2372.0,970896.0,10s
2025-09-02 17:33:30,5773,1.1700445885691122,179,246032,49.86461289014998,41.32987434130523,1005.1665096590244,41582.149783907706,4934,2741,3446,A,1756834410,3290,-0.5150380749100544,0.857167300702112,1.169807497467072,13636.0,-15726.0,21499.0,607278.0,-722492.0,968524.0,10s
2025-09-02 17:33:40,2543583,92.68941768092705,41638,101856592,3711.7043947234165,42.21673776570455,345.4839890464394,13525.007762003248,27442,15037,15302,A,1756834420,3300,-0.4999999999999996,0.8660254037844387,92.68604015595963,1274678.0,2537810.0,5773.0,51051312.0,101610560.0,246032.0,10s
2025-09-02 17:33:50,336777,18.74941543257989,8232,14355280,799.2027613851465,41.64375914115,471.8518561222533,18019.791499616844,17962,9922,11358,A,1756834430,3310,-0.48480962024633684,0.8746197071393957,18.748371652841954,1440180.0,-2206806.0,2543583.0,58105936.0,-87501312.0,101856592.0,10s
2025-09-02 17:34:00,182989,12.369136136271461,7091,8358288,564.9782344193592,40.95708071836261,549.2350813965792,20728.851861321,14794,7903,9754,A,1756834440,3320,-0.46947156278589075,0.8829475928589268,12.368300101385604,259883.0,-153788.0,336777.0,11356784.0,-5996992.0,14355280.0,10s
2025-09-02 17:34:10,165231,12.213097789932737,14184,7758828,573.4960455318205,40.82328016088134,575.5420754836804,21667.750848129715,13529,7391,8841,A,1756834450,3330,-0.45399049973954697,0.8910065241883676,12.21219512195122,174110.0,-17758.0,182989.0,8058558.0,-599460.0,8358288.0,10s
2025-09-02 17:34:20,117495,8.839527535359615,12049,5489836,413.0180559735179,40.60772513072583,600.7832681419499,22756.883238101316,13292,6716,9111,A,1756834460,3340,-0.4383711467890778,0.8987940462991667,8.838862559241706,141363.0,-47736.0,165231.0,6624332.0,-2268992.0,7758828.0,10s
2025-09-02 17:34:30,97011,7.469279334770557,6644,4448664,342.52109639667384,40.55813685043511,607.7292539190622,22722.908122613335,12988,6766,8774,A,1756834470,3350,-0.42261826174069916,0.9063077870366499,7.468704288243899,107253.0,-20484.0,117495.0,4969250.0,-1041172.0,5489836.0,10s
2025-09-02 17:34:40,98901,8.049894188507244,11681,4588132,373.44391990883935,40.504077189505395,634.7181467570538,23813.68024917687,12286,6254,8344,A,1756834480,3360,-0.40673664307580015,0.9135454576426008,8.04923903312444,97956.0,1890.0,97011.0,4518398.0,139468.0,4448664.0,10s
2025-09-02 17:34:50,77437,6.01499145564704,5781,3532884,274.42007146186114,40.21981182777123,641.5611001106413,23980.62418496737,12874,6513,8628,A,1756834490,3370,-0.3907311284892739,0.9205048534524402,6.01452427184466,88169.0,-21464.0,98901.0,4060508.0,-1055248.0,4588132.0,10s
2025-09-02 17:35:00,79373,6.449943117178612,2911,3660716,297.4740776856818,40.34313013649724,620.1024211505594,23286.48271936661,12306,6613,8022,A,1756834500,3380,-0.37460659341591235,0.9271838545667872,6.449419029820428,78405.0,1936.0,77437.0,3596800.0,127832.0,3532884.0,10s
2025-09-02 17:35:10,80100,6.118240146654445,2911,3635156,277.66238924534065,40.0097082607722,645.9361870118312,24279.382376737038,13092,6503,8816,A,1756834510,3390,-0.35836794954530077,0.9335804264972015,6.117772855724433,79736.5,727.0,79373.0,3647936.0,-25560.0,3660716.0,10s
2025-09-02 17:35:20,65445,5.4396974482586655,2903,3002292,249.5463386252182,40.12174725245598,643.6065330652727,23978.626807685814,12031,6264,8075,A,1756834520,3400,-0.34202014332566943,0.9396926207859081,5.4392453457446805,72772.5,-14655.0,80100.0,3318724.0,-632864.0,3635156.0,10s
2025-09-02 17:35:30,72276,5.991544391942303,3493,3380396,280.22846721379426,40.12236267175672,684.6938108087072,25496.90043469893,12063,5983,8098,A,1756834530,3410,-0.3255681544571567,0.9455185755993168,5.99104774535809,68860.5,6831.0,65445.0,3191344.0,378104.0,3002292.0,10s
2025-09-02 17:35:40,60572,5.299851255577916,3901,2844556,248.8893166506256,40.25367825000328,689.5615770436946,25730.447171852556,11429,5974,7585,A,1756834540,3420,-0.3090169943749477,0.9510565162951535,5.299387576552931,66424.0,-11704.0,72276.0,3112476.0,-535840.0,3380396.0,10s
2025-09-02 17:35:50,63865,5.365003360215054,3968,3010040,252.8595430107527,40.071839059595774,705.3519008711439,26284.325603649726,11904,5981,7894,A,1756834550,3430,-0.29237170472273716,0.9563047559630354,5.364552708945821,62218.5,3293.0,60572.0,2927298.0,165484.0,2844556.0,10s
2025-09-02 17:36:00,74298,6.321082184788157,17313,3359436,285.81214905564065,39.94673337316837,700.03989236377,25865.653426488738,11754,6126,7750,A,1756834560,3440,-0.27563735581699983,0.9612616959383188,6.320544449170566,69081.5,10433.0,63865.0,3184738.0,349396.0,3010040.0,10s
2025-09-02 17:36:10,64007,5.237460109647328,4662,3045688,249.21757630308485,39.94274987321358,713.6187288568932,26526.34072578984,12221,5987,8297,A,1756834570,3450,-0.25881904510252157,0.9659258262890682,5.237031582392407,69152.5,-10291.0,74298.0,3202562.0,-313748.0,3359436.0,10s
2025-09-02 17:36:20,53839,4.7414354909731395,2241,2475860,218.0413914575077,39.78845689246292,707.3413067792217,26043.009448738514,11355,5893,7316,A,1756834580,3460,-0.2419218955996679,0.9702957262759966,4.741017964071856,58923.0,-10168.0,64007.0,2760774.0,-569828.0,3045688.0,10s
2025-09-02 17:36:30,54756,4.781765784647629,4945,2586584,225.88280499519692,39.93057592658578,705.7802067261589,26156.47379344256,11451,5737,7614,A,1756834590,3470,-0.22495105434386536,0.9743700647852352,4.781348236115963,54297.5,917.0,53839.0,2531222.0,110724.0,2475860.0,10s
2025-09-02 17:36:40,62600,5.397016984222778,9810,2863780,246.89887059229244,40.01338180867762,712.582328429122,26516.204923975743,11599,5607,7892,A,1756834600,3480,-0.2079116908177599,0.9781476007338057,5.396551724137931,58678.0,7844.0,54756.0,2725182.0,277196.0,2586584.0,10s
2025-09-02 17:36:50,42786,3.9528824833702885,1572,1988664,183.72727272727272,40.310161171564324,704.9603183054734,26413.25609514885,10824,5554,7401,A,1756834610,3490,-0.19080899537654555,0.9816271834476639,3.9525173210161664,52693.0,-19814.0,62600.0,2426222.0,-875116.0,2863780.0,10s
2025-09-02 17:37:00,52261,4.749272991639404,2904,2472888,224.72628135223556,40.15379406171953,713.9238667562597,26640.08965043063,11004,5385,7612,A,1756834620,3500,-0.17364817766693127,0.9848077530122078,4.74884143571104,47523.5,9475.0,42786.0,2230776.0,484224.0,1988664.0,10s
2025-09-02 17:37:10,52456,4.865596883405992,5176,2489332,230.89991651980336,39.825496311475895,721.8345368894444,26716.237406037915,10781,5509,7124,A,1756834630,3510,-0.156434465040232,0.9876883405951374,4.865145613058802,52358.5,195.0,52261.0,2481110.0,16444.0,2472888.0,10s
2025-09-02 17:37:20,48526,4.037104825291181,4348,2245912,186.84792013311147,40.12958796717593,738.6246830615071,27755.06300005574,12020,5595,8297,A,1756834640,3520,-0.13917310096006502,0.9902680687415703,4.036768987605025,50491.0,-3930.0,52456.0,2367622.0,-243420.0,2489332.0,10s
2025-09-02 17:37:30,53386,4.717744786143514,4633,2486764,219.7564510427713,39.50634058991059,735.6696862862617,27062.76679391371,11316,5780,7303,A,1756834650,3530,-0.12186934340514724,0.9925461516413219,4.717327913758063,50956.0,4860.0,48526.0,2366338.0,240852.0,2245912.0,10s
2025-09-02 17:37:40,41406,3.768292682926829,1662,1891076,172.10374954495813,40.07381984110866,735.9946311374058,27592.096077287642,10988,5254,7570,A,1756834660,3540,-0.10452846326765343,0.9945218953682733,3.767949767949768,47396.0,-11980.0,53386.0,2188920.0,-595688.0,2486764.0,10s
2025-09-02 17:37:50,37234,3.4393127655643823,1458,1733360,160.11084426380935,40.0505745931147,738.7432832978327,27760.33354034885,10826,5000,7604,A,1756834670,3550,-0.08715574274765832,0.9961946980917454,3.4389951048305165,39320.0,-4172.0,41406.0,1812218.0,-157716.0,1891076.0,10s
2025-09-02 17:38:00,47428,4.4802569431324395,4233,2229752,210.63215567730964,39.98254277910188,726.15968946923,26990.80427333391,10586,5007,7278,A,1756834680,3560,-0.06975647374412565,0.9975640502598242,4.479833758382923,42331.0,10194.0,37234.0,1981556.0,496392.0,1733360.0,10s
2025-09-02 17:38:10,37781,3.472199246392795,1459,1740252,159.93493245106148,39.86519604647836,735.5760383298702,27318.170561595038,10881,5071,7508,A,1756834690,3570,-0.05233595624294348,0.998629534754574,3.471880169086565,42604.5,-9647.0,47428.0,1985002.0,-489500.0,2229752.0,10s
2025-09-02 17:38:20,38437,3.772401609578958,3555,1790128,175.69221709686917,39.86742349555375,724.1579291170273,26792.343047598544,10189,5043,6771,A,1756834700,3580,-0.03489949670250082,0.999390827019096,3.7720314033366047,38109.0,656.0,37781.0,1765190.0,49876.0,1740252.0,10s
2025-09-02 17:38:30,39707,3.4784932106876916,2514,1844864,161.61752080595707,40.07843121405368,738.6731874947945,27680.599372891313,11415,5262,7890,A,1756834710,3590,-0.01745240643728356,0.9998476951563915,3.478188507358094,39072.0,1270.0,38437.0,1817496.0,54736.0,1790128.0,10s
2025-09-02 17:38:40,36248,3.3832368863169684,1773,1684572,157.23091282434197,40.10933341327558,718.0591136397516,26726.589635897148,10714,5298,7230,A,1756834720,3600,0.0,1.0,3.3829211385907607,37977.5,-3459.0,39707.0,1764718.0,-160292.0,1844864.0,10s
2025-09-02 17:38:50,31300,2.789909974150994,2722,1422980,126.83661645422943,39.887803361466204,751.5732419001574,28076.364314670045,11219,5261,7671,A,1756834730,3610,0.01745240643728351,0.9998476951563915,2.7896613190730837,33774.0,-4948.0,36248.0,1553776.0,-261592.0,1684572.0,10s
2025-09-02 17:39:00,30457,2.782477617394482,1652,1383432,126.3869906815275,39.996961254403665,757.6828960177955,28477.832654596143,10946,5092,7468,A,1756834740,3620,0.03489949670250097,0.9993908270190959,2.78222344021193,30878.5,-843.0,31300.0,1403206.0,-39548.0,1422980.0,10s
2025-09-02 17:39:10,25536,2.4551485434092877,1063,1140628,109.66522449764446,40.00892790428891,755.7807425275639,28300.425398231502,10401,5151,6830,A,1756834750,3630,0.05233595624294383,0.9986295347545739,2.4549125168236876,27996.5,-4921.0,30457.0,1262030.0,-242804.0,1383432.0,10s
2025-09-02 17:39:20,21572,1.8874792195292676,962,963852,84.33388747921953,40.44036389655887,838.4692854545582,32575.183844952462,11429,5151,7870,A,1756834760,3640,0.0697564737441253,0.9975640502598242,1.8873140857392825,23554.0,-3964.0,25536.0,1052240.0,-176776.0,1140628.0,10s
2025-09-02 17:39:30,12924,1.3920723825937096,913,561180,60.445928479103834,41.32590991157342,985.3085118120723,40491.534906008565,9284,4586,6260,A,1756834770,3650,0.08715574274765817,0.9961946980917454,1.3919224555735057,17248.0,-8648.0,21572.0,762516.0,-402672.0,963852.0,10s
2025-09-02 17:39:40,2173158,121.52088575742326,34419,85163416,4762.255549963653,41.877766248639006,325.7765297438379,12830.455383328554,17883,10513,10441,A,1756834780,3660,0.10452846326765347,0.9945218953682733,121.51409080742563,1093041.0,2160234.0,12924.0,42862298.0,84602236.0,561180.0,10s
2025-09-02 17:39:50,567933,27.40724833510279,6791,23843560,1150.6398996235885,42.2196751048678,433.96163919696374,16784.93350939156,20722,11177,12718,A,1756834790,3670,0.12186934340514748,0.9925461516413219,27.405925782946486,1370545.5,-1605225.0,2173158.0,54503488.0,-61319856.0,85163416.0,10s
2025-09-02 17:40:00,241803,15.13065515299418,27450,10857028,679.371003066141,41.17169627065246,543.6729094280319,20550.69320222581,15981,8395,10521,A,1756834800,3680,0.13917310096006547,0.9902680687415701,15.12970842197472,404868.0,-326130.0,567933.0,17350294.0,-12986532.0,23843560.0,10s
2025-09-02 17:40:10,145386,9.995599862495704,5758,6672172,458.72616019250603,40.896004886056915,574.1784238338981,21746.0220147167,14545,7609,9586,A,1756834810,3690,0.15643446504023087,0.9876883405951377,9.994912690774097,193594.5,-96417.0,241803.0,8764600.0,-4184856.0,10857028.0,10s
2025-09-02 17:40:20,126137,9.003354746609565,5348,5716028,407.99628836545327,40.28844069208803,588.8897221915099,22027.305383821942,14010,7274,9059,A,1756834820,3700,0.17364817766693036,0.984807753012208,9.002712154735566,135761.5,-19249.0,145386.0,6194100.0,-956144.0,6672172.0,10s
2025-09-02 17:40:30,107663,7.781367447239086,21770,4776324,345.20988725065047,40.42534078859299,606.8531446191209,22919.54000629807,13836,7143,9102,A,1756834830,3710,0.19080899537654486,0.981627183447664,7.780805087808051,116900.0,-18474.0,126137.0,5246176.0,-939704.0,5716028.0,10s
2025-09-02 17:40:40,88770,7.054195804195804,6000,4054304,322.17927527018435,40.427748591655636,614.5170825801555,23114.22771258323,12584,6496,8549,A,1756834840,3720,0.20791169081775934,0.9781476007338057,7.053635280095351,98216.5,-18893.0,107663.0,4415314.0,-722020.0,4776324.0,10s
2025-09-02 17:40:50,80710,6.295631825273011,5005,3770740,294.1294851794072,40.36258050368639,620.3447984169677,23393.183282095837,12820,6586,8613,A,1756834850,3730,0.224951054343865,0.9743700647852354,6.295140784650183,84740.0,-8060.0,88770.0,3912522.0,-283564.0,4054304.0,10s
2025-09-02 17:41:00,103920,8.339619613193163,10159,4957832,397.8679078725624,40.383043750244795,641.3980488381815,23949.824154776914,12461,6271,8404,A,1756834860,3740,0.24192189559966773,0.9702957262759966,8.338950409244102,92315.0,23210.0,80710.0,4364286.0,1187092.0,3770740.0,10s
2025-09-02 17:41:10,66394,5.482123689208158,1851,3026932,249.93245809594583,40.331401232345236,653.5053326464686,24515.381034452184,12111,6171,8242,A,1756834870,3750,0.2588190451025208,0.9659258262890684,5.48167107001321,85157.0,-37526.0,103920.0,3992382.0,-1930900.0,4957832.0,10s
2025-09-02 17:41:20,97717,7.796154459869156,23183,4358872,347.76384234881124,40.08036494540521,667.2526608444072,24998.640312044,12534,6264,8535,A,1756834880,3760,0.2756373558169992,0.9612616959383189,7.79553250897487,82055.5,31323.0,66394.0,3692902.0,1331940.0,3026932.0,10s
2025-09-02 17:41:30,53828,4.9698088819130275,2898,2445604,225.79669467269875,40.33999969197795,672.4222599812879,25137.474778811706,10831,5501,7347,A,1756834890,3770,0.29237170472273677,0.9563047559630355,4.969350073855244,75772.5,-43889.0,97717.0,3402238.0,-1913268.0,4358872.0,10s
2025-09-02 17:41:40,69809,5.8975247106530375,11746,3318804,280.37543296443357,40.16815599690439,694.7816355837285,25966.0523468097,11837,5925,7965,A,1756834900,3780,0.30901699437494745,0.9510565162951536,5.897026524750802,61818.5,15981.0,53828.0,2882204.0,873200.0,2445604.0,10s
2025-09-02 17:41:50,67232,5.665458835425971,10185,3182096,268.1466250948007,39.93943293578555,704.9976695260135,26109.65222700127,11867,6326,7694,A,1756834910,3790,0.3255681544571567,0.9455185755993168,5.664981462756994,68520.5,-2577.0,69809.0,3250450.0,-136708.0,3318804.0,10s
2025-09-02 17:42:00,79580,6.610732679847151,16115,3815560,316.959627845157,40.17460036162464,704.3287987720612,26337.651689653103,12038,6077,8187,A,1756834920,3800,0.34202014332566877,0.9396926207859083,6.610183570063959,73406.0,12348.0,67232.0,3498828.0,633464.0,3182096.0,10s
2025-09-02 17:42:10,56894,4.866894781864842,3547,2706836,231.5514114627887,39.92282961050801,710.5039550133009,26410.26901021257,11690,5868,7915,A,1756834930,3810,0.3583679495453003,0.9335804264972016,4.866478487725601,68237.0,-22686.0,79580.0,3261198.0,-1108724.0,3815560.0,10s
2025-09-02 17:42:20,53699,4.666232186305179,4901,2535624,220.33576642335765,40.055774650207894,727.1647412952086,27148.035963665432,11508,5823,7767,A,1756834940,3820,0.37460659341591207,0.9271838545667872,4.66582674428708,55296.5,-3195.0,56894.0,2621230.0,-171212.0,2706836.0,10s
2025-09-02 17:42:30,46269,4.075127708296636,1454,2122860,186.97023075568083,40.40208263877432,704.0892610568039,26500.69674638443,11354,5566,7772,A,1756834950,3830,0.39073112848927377,0.9205048534524403,4.074768824306473,49984.0,-7430.0,53699.0,2329242.0,-412764.0,2535624.0,10s
2025-09-02 17:42:40,59124,3.41737471822438,7079,2747228,158.79012773828103,39.842313348800516,806.8148523163404,30805.950853264425,17301,5880,13368,A,1756834960,3840,0.4067366430758002,0.9135454576426008,3.417177204947405,52696.5,12855.0,46269.0,2435044.0,624368.0,2122860.0,10s
2025-09-02 17:42:50,56879,3.4432471699255403,2909,2623484,158.8161510987348,40.05947777668824,814.3037223133684,31334.82845230729,16519,5397,13138,A,1756834970,3850,0.4226182617406994,0.9063077870366498,3.443038740920097,58001.5,-2245.0,59124.0,2685356.0,-123744.0,2747228.0,10s
2025-09-02 17:43:00,54788,4.300808540701782,1873,2590896,203.3829970955334,40.4226225255537,737.4153032649555,28055.71270337088,12739,5688,9046,A,1756834980,3860,0.43837114678907735,0.8987940462991668,4.300470957613815,55833.5,-2091.0,56879.0,2607190.0,-32588.0,2623484.0,10s
2025-09-02 17:43:10,52215,4.1738609112709835,3668,2427980,194.08313349320542,40.884240863539866,745.5462364105294,28797.533743307,12510,5757,8814,A,1756834990,3870,0.45399049973954675,0.8910065241883677,4.173527295979538,53501.5,-2573.0,54788.0,2509438.0,-162916.0,2590896.0,10s
2025-09-02 17:43:20,48582,3.798436278342455,2512,2221728,173.7082095387021,40.784426161025806,754.6320355555794,29175.805800163256,12790,5656,9114,A,1756835000,3880,0.4694715627858907,0.8829475928589268,3.7981393167070596,50398.5,-3633.0,52215.0,2324854.0,-206252.0,2427980.0,10s
2025-09-02 17:43:30,44291,3.2822736030828517,1772,2034348,150.7594486438417,40.123156693890266,770.3928025056541,29240.76016267889,13494,5963,9475,A,1756835010,3890,0.4848096202463369,0.8746197071393956,3.2820303816228233,46436.5,-4291.0,48582.0,2128038.0,-187380.0,2221728.0,10s
2025-09-02 17:43:40,41919,2.5377769705775517,1830,1884652,114.09686402712192,39.97994909755032,825.3116305944121,31703.61461300242,16518,5391,13067,A,1756835020,3900,0.4999999999999999,0.8660254037844386,2.537623342817362,43105.0,-2372.0,44291.0,1959500.0,-149696.0,2034348.0,10s
2025-09-02 17:43:50,51027,3.057156551434905,4322,2360812,141.44221436702415,39.69315064852069,832.2604944572379,31752.417512895463,16691,5610,12893,A,1756835030,3910,0.5150380749100542,0.8571673007021122,3.0569734004313442,46473.0,9108.0,41919.0,2122732.0,476160.0,1884652.0,10s
2025-09-02 17:44:00,43543,2.6865128331688055,5808,1968944,121.47976307996052,39.93141526563845,830.1602890201973,31910.009986820307,16208,5057,13091,A,1756835040,3920,0.5299192642332049,0.848048096156426,2.686347091122216,47285.0,-7484.0,51027.0,2164878.0,-391868.0,2360812.0,10s
2025-09-02 17:44:10,43013,2.7698499581428297,4395,1985884,127.8822847575504,40.41704051761227,842.8352597375494,32928.016466244015,15529,4698,12539,A,1756835050,3930,0.544639035015027,0.8386705679454242,2.769671603348358,43278.0,-530.0,43543.0,1977414.0,16940.0,1968944.0,10s
2025-09-02 17:44:20,40427,2.4047944798048895,1453,1805796,107.4175242400809,40.47597782706822,841.873274130302,32996.131935339625,16811,4792,13733,A,1756835060,3940,0.5591929034707468,0.8290375725550417,2.4046514394480134,41720.0,-2586.0,43013.0,1895840.0,-180088.0,1985884.0,10s
2025-09-02 17:44:30,46737,2.8066898871006485,3261,2152592,129.2692769637281,40.4054399364933,835.7856241539536,32619.282541451685,16652,4911,13467,A,1756835070,3950,0.5735764363510459,0.8191520442889919,2.806521347504954,43582.0,6310.0,40427.0,1979194.0,346796.0,1805796.0,10s
2025-09-02 17:44:40,45831,2.664902895685545,3149,2059904,119.7757878823119,40.53196609705318,836.6308297761226,32773.93780907144,17198,4777,14009,A,1756835080,3960,0.587785252292473,0.8090169943749476,2.6647479504622362,46284.0,-906.0,46737.0,2106248.0,-92688.0,2152592.0,10s
2025-09-02 17:44:50,37519,2.2226895734597156,1454,1694908,100.40924170616114,40.4862660680577,835.6595209491409,32668.83008107296,16880,4987,13424,A,1756835090,3970,0.6018150231520482,0.798635510047293,2.2225579053373616,41675.0,-8312.0,45831.0,1877406.0,-364996.0,2059904.0,10s
2025-09-02 17:45:00,34416,2.7022613065326633,1978,1582224,124.23241206030151,40.57027299055508,776.5985450276796,29959.781602641484,12736,5456,9017,A,1756835100,3980,0.6156614753256582,0.7880107536067221,2.702049148151056,35967.5,-3103.0,37519.0,1638566.0,-112684.0,1694908.0,10s
2025-09-02 17:45:10,25412,2.1423031529253076,202,1138820,96.00573259146856,40.68828060198442,770.6650943883858,29722.124316702237,11862,5238,8326,A,1756835110,3990,0.6293203910498374,0.7771459614569711,2.1421225659613925,29914.0,-9004.0,34416.0,1360522.0,-443404.0,1582224.0,10s
2025-09-02 17:45:20,26918,2.472944418925126,1761,1229000,112.90767110702802,40.3398341547945,781.3389593742729,29869.7810487231,10885,5160,7493,A,1756835120,4000,0.6427876096865393,0.7660444431189782,2.472717251515708,26165.0,1506.0,25412.0,1183910.0,90180.0,1138820.0,10s
2025-09-02 17:45:30,14703,1.4399177357751445,162,633560,62.046812261286846,41.05809035978657,911.6819799250744,36610.345995380354,10211,4908,7180,A,1756835130,4010,0.6560590289905073,0.7547095802227721,1.4397767332549942,20810.5,-12215.0,26918.0,931280.0,-595440.0,1229000.0,10s
2025-09-02 17:45:40,5754,1.2266041355787678,314,246000,52.440844169686635,41.8089350427871,1009.0861413389771,42204.09176807141,4691,2609,3416,A,1756835140,4020,0.6691306063588582,0.7431448254773944,1.2263427109974425,10228.5,-8949.0,14703.0,439780.0,-387560.0,633560.0,10s
2025-09-02 17:45:50,2488762,84.62298537912275,20602,97685632,3321.510778646719,42.28780963457234,381.0888076528309,15225.069258908883,29410,15235,16957,A,1756835150,4030,0.6819983600624985,0.7313537016191707,84.62010812281119,1247258.0,2483008.0,5754.0,48965816.0,97439632.0,246000.0,10s
2025-09-02 17:46:00,344958,17.118654161083818,14506,15191400,753.8782194432038,41.80242834975826,502.29788963560094,19609.244898385612,20151,10353,13025,A,1756835160,4040,0.6946583704589974,0.7193398003386512,17.11780468439857,1416860.0,-2143804.0,2488762.0,56438516.0,-82494232.0,97685632.0,10s
2025-09-02 17:46:10,199079,12.074175157690442,5703,8991968,545.3643862202814,41.20630984986753,580.9739952409648,22391.539793484742,16488,8280,11001,A,1756835170,4050,0.7071067811865476,0.7071067811865477,12.073442901328159,272018.5,-145879.0,344958.0,12091684.0,-6199432.0,15191400.0,10s
2025-09-02 17:46:20,156929,9.587548875855328,7092,7200196,439.8946725317693,41.23794448957376,604.4217944335778,23292.97648270219,16368,7831,10978,A,1756835180,4060,0.7193398003386512,0.6946583704589974,9.586963162074653,178004.0,-42150.0,199079.0,8096082.0,-1791772.0,8991968.0,10s
2025-09-02 17:46:30,118426,8.213760577056457,3250,5490892,380.83589956998196,41.09151772032878,619.2918344907964,23882.309846488843,14418,7164,9619,A,1756835190,4070,0.7313537016191706,0.6819983600624986,8.213190928635827,137677.5,-38503.0,156929.0,6345544.0,-1709304.0,7200196.0,10s
2025-09-02 17:46:40,117257,8.051153529250206,8844,5423824,372.41307333150235,40.85464843207121,636.5839901806675,24582.432528403435,14564,6762,10163,A,1756835200,4080,0.7431448254773942,0.6691306063588582,8.050600755235152,117841.5,-1169.0,118426.0,5457358.0,-67068.0,5490892.0,10s
2025-09-02 17:46:50,103866,7.44772694679478,8438,4782632,342.93933744442853,40.56937523179091,631.7713875393815,24338.459098391082,13946,6924,9311,A,1756835210,4090,0.7547095802227721,0.6560590289905074,7.447192944719294,110561.5,-13391.0,117257.0,5103228.0,-641192.0,5423824.0,10s
2025-09-02 17:47:00,67617,5.499552663684424,3530,3112884,253.18291988613257,40.65605885985338,645.2379708552531,24897.542247844543,12295,5986,8481,A,1756835220,4100,0.7660444431189781,0.6427876096865394,5.499105400130124,85741.5,-36249.0,103866.0,3947758.0,-1669748.0,4782632.0,10s
2025-09-02 17:47:10,71671,5.3501791579576,3408,3320628,247.88205434458047,40.845538674818975,686.7848599399279,26533.941517179843,13396,6158,9494,A,1756835230,4110,0.777145961456971,0.6293203910498374,5.3497798014480855,69644.0,4054.0,67617.0,3216756.0,207744.0,3112884.0,10s
2025-09-02 17:47:20,81351,6.671942918067744,9170,3834356,314.4719101123595,40.598370568938186,662.8821391868864,25366.073372733146,12193,6007,8313,A,1756835240,4120,0.788010753606722,0.6156614753256583,6.671395768410694,76511.0,9680.0,71671.0,3577492.0,513728.0,3320628.0,10s
2025-09-02 17:47:30,59082,4.689419795221843,1475,2643568,209.82363679657115,40.63876248363592,697.3813872543014,26912.308717090582,12599,5762,8925,A,1756835250,4130,0.7986355100472929,0.6018150231520483,4.689047619047619,70216.5,-22269.0,81351.0,3238962.0,-1190788.0,3834356.0,10s
2025-09-02 17:47:40,84948,6.873927820035605,5300,3918852,317.11053568538597,40.60161925654353,695.0421455128198,26613.256181759814,12358,5915,8513,A,1756835260,4140,0.8090169943749475,0.5877852522924731,6.8733716320090625,72015.0,25866.0,59082.0,3281210.0,1275284.0,2643568.0,10s
2025-09-02 17:47:50,58901,4.5027903065514865,2569,2687004,205.41273602935556,40.33225334501244,729.523854615857,27806.210437502144,13081,6157,9019,A,1756835270,4150,0.8191520442889918,0.573576436351046,4.502446109157622,71924.5,-26047.0,84948.0,3302928.0,-1231848.0,3918852.0,10s
2025-09-02 17:48:00,55346,4.202429764616553,2917,2592420,196.84282460136674,40.51609604559426,728.1797761601205,27841.832484859933,13170,5818,9281,A,1756835280,4160,0.8290375725550417,0.5591929034707469,4.202110697745046,57123.5,-3555.0,58901.0,2639712.0,-94584.0,2687004.0,10s
2025-09-02 17:48:10,81434,6.717314196156067,8912,3937828,324.8228986224532,40.56055778400504,714.9043767762192,27257.704497715058,12123,5963,8302,A,1756835290,4170,0.838670567945424,0.544639035015027,6.716760145166612,68390.0,26088.0,55346.0,3265124.0,1345408.0,2592420.0,10s
2025-09-02 17:48:20,64504,4.8397358943577435,2902,2954344,221.66446578631454,40.41491091288913,746.3391675051778,28455.23239401748,13328,5956,9172,A,1756835300,4180,0.8480480961564258,0.529919264233205,4.839372796158751,72969.0,-16930.0,81434.0,3446086.0,-983484.0,3937828.0,10s
2025-09-02 17:48:30,62586,4.881522502144919,5130,2808868,219.0833788316044,40.47676584064369,725.8850240855458,27634.692263871526,12821,5985,8846,A,1756835310,4190,0.8571673007021123,0.5150380749100542,4.881141787552644,63545.0,-1918.0,64504.0,2881606.0,-145476.0,2954344.0,10s
2025-09-02 17:48:40,66309,4.911413969335605,6810,3104160,229.92074661136212,40.72460294286357,731.4098657272987,28147.972975272085,13501,6145,9467,A,1756835320,4200,0.8660254037844385,0.5000000000000001,4.911050214782995,64447.5,3723.0,62586.0,2956514.0,295292.0,2808868.0,10s
2025-09-02 17:48:50,52079,4.2063645909054195,1578,2427076,196.03230756804783,40.32610172608662,744.017641787907,28230.798530463584,12381,5769,8399,A,1756835330,4210,0.8746197071393956,0.4848096202463371,4.206024874818285,59194.0,-14230.0,66309.0,2765618.0,-677084.0,3104160.0,10s
2025-09-02 17:49:00,48194,3.9380617747998037,2061,2242404,183.23288118973687,40.46327103396122,745.6464606485627,28562.8922347751,12238,5608,8608,A,1756835340,4220,0.8829475928589268,0.4694715627858908,3.937740011438843,50136.5,-3885.0,52079.0,2334740.0,-184672.0,2427076.0,10s
2025-09-02 17:49:10,44692,3.583961507618284,1807,2057544,164.99951884522855,40.31810721557334,742.7821351252434,28227.5929044888,12470,5848,8557,A,1756835350,4230,0.8910065241883677,0.4539904997395468,3.583674123967605,46443.0,-3502.0,48194.0,2149974.0,-184860.0,2242404.0,10s
2025-09-02 17:49:20,39652,3.276483225913072,1450,1799260,148.67459923979507,40.471702844161406,746.7313604202193,28550.016204779615,12102,5639,8250,A,1756835360,4240,0.8987940462991668,0.4383711467890774,3.276212509295216,42172.0,-5040.0,44692.0,1928402.0,-258284.0,2057544.0,10s
2025-09-02 17:49:30,67083,4.972057515564779,4926,3021716,223.9635339460421,40.4813285491174,755.7615044053267,28964.788053734377,13492,5788,9384,A,1756835370,4250,0.9063077870366498,0.42261826174069944,4.971689023938338,53367.5,27431.0,39652.0,2410488.0,1222456.0,1799260.0,10s
2025-09-02 17:49:40,52795,4.310851637135625,3639,2434148,198.75463378786642,40.45444661198721,758.0891515199052,29005.96313784867,12247,5537,8388,A,1756835380,4260,0.9135454576426008,0.4067366430758004,4.310499673416068,59939.0,-14288.0,67083.0,2727932.0,-587568.0,3021716.0,10s
2025-09-02 17:49:50,47133,3.737747819191118,1453,2152900,170.72957969865186,40.579877082204995,755.8349397210877,28981.25609685944,12610,5675,8820,A,1756835390,4270,0.9205048534524402,0.39073112848927394,3.7374514312901437,49964.0,-5662.0,52795.0,2293524.0,-281248.0,2434148.0,10s
2025-09-02 17:50:00,43366,3.6813242784380305,5231,2039476,173.13039049235994,40.63223598419957,748.4845111544287,28701.547992787164,11780,5231,8367,A,1756835400,4280,0.9271838545667873,0.374606593415912,3.6810117986588575,45249.5,-3767.0,47133.0,2096188.0,-113424.0,2152900.0,10s
2025-09-02 17:50:10,49620,4.276111685625646,3500,2361552,203.511892450879,40.54141286663947,748.3623957755144,28610.08357577592,11604,5296,8078,A,1756835410,4290,0.9335804264972017,0.3583679495453002,4.27574321413184,46493.0,6254.0,43366.0,2200514.0,322076.0,2039476.0,10s
2025-09-02 17:50:20,39204,2.7869481765834934,1229,1751072,124.48084168621597,40.60097315072127,791.8190071375398,30671.073694410075,14067,5157,9540,A,1756835420,4300,0.9396926207859083,0.3420201433256689,2.7867500710833095,44412.0,-10416.0,49620.0,2056312.0,-610480.0,2361552.0,10s
2025-09-02 17:50:30,41069,3.615865469272759,4009,1921244,169.153372072548,40.25872477224845,749.8532524603304,28381.213915618762,11358,5085,7773,A,1756835430,4310,0.9455185755993168,0.32556815445715676,3.6155471432344397,40136.5,1865.0,39204.0,1836158.0,170172.0,1751072.0,10s
2025-09-02 17:50:40,43199,3.8114522675136757,5596,2026072,178.76054349744132,40.0137149799069,740.0899238433819,27693.16485467511,11334,5299,7836,A,1756835440,4320,0.9510565162951536,0.3090169943749475,3.8111160123511247,42134.0,2130.0,41069.0,1973658.0,104828.0,1921244.0,10s
2025-09-02 17:50:50,32153,3.078609728073535,2127,1471176,140.8632707774799,39.816742829353856,744.0746519937384,27552.815041327158,10444,5021,6997,A,1756835450,4330,0.9563047559630357,0.29237170472273677,3.078314983245572,37676.0,-11046.0,43199.0,1748624.0,-554896.0,2026072.0,10s
2025-09-02 17:51:00,30213,2.8065954482117976,1481,1372836,127.52772875058058,39.93324403854323,739.583474592863,27465.088263845304,10765,5332,7099,A,1756835460,4340,0.9612616959383189,0.27563735581699944,2.806334757570128,31183.0,-1940.0,32153.0,1422006.0,-98340.0,1471176.0,10s
2025-09-02 17:51:10,26011,2.2214535827141515,426,1146352,97.90349303954223,39.909834357610215,767.7523778570642,28786.739827461828,11709,5252,8061,A,1756835470,4350,0.9659258262890684,0.2588190451025208,2.221263877028181,28112.0,-4202.0,30213.0,1259594.0,-226484.0,1372836.0,10s
2025-09-02 17:51:20,26387,2.473472065991751,1446,1172352,109.89426321709786,40.09273084927112,758.16097973207,28515.897446381947,10668,5391,7068,A,1756835480,4360,0.9702957262759967,0.2419218955996677,2.473240228699972,26199.0,376.0,26011.0,1159352.0,26000.0,1146352.0,10s
2025-09-02 17:51:30,20849,1.9290340488527018,1810,934572,86.47039230199852,40.44486676937174,827.9353170410898,32057.90755136747,10808,5019,7515,A,1756835490,4370,0.9743700647852354,0.22495105434386495,1.9288555833102046,23618.0,-5538.0,26387.0,1053462.0,-237780.0,1172352.0,10s
2025-09-02 17:51:40,13275,1.3661623958011733,467,578092,59.49284758670372,41.562100660443335,974.3183327286058,40240.23317832293,9717,4810,6714,A,1756835500,4380,0.9781476007338058,0.20791169081775948,1.3660218151883103,17062.0,-7574.0,20849.0,756332.0,-356480.0,934572.0,10s
2025-09-02 17:51:50,2136777,125.49345157690726,23728,83271436,4890.552416749868,41.682154525116715,332.0102389156416,13089.238806804431,17027,10002,10129,A,1756835510,4390,0.981627183447664,0.19080899537654494,125.48608174770966,1075026.0,2123502.0,13275.0,41924764.0,82693344.0,578092.0,10s
2025-09-02 17:52:00,645859,29.914729041222788,15253,27867896,1290.7779527559055,42.07292629932201,417.92080991848565,16086.614653231425,21590,11934,12972,A,1756835520,4400,0.984807753012208,0.17364817766693044,29.913343522764116,1391318.0,-1490918.0,2136777.0,55569666.0,-55403540.0,83271436.0,10s
2025-09-02 17:52:10,217763,14.346333750576454,8724,9858556,649.4865274392253,41.034700618651485,517.8620961936845,19492.566172919316,15179,8432,9694,A,1756835530,4410,0.9876883405951375,0.15643446504023115,14.345388669301713,431811.0,-428096.0,645859.0,18863226.0,-18009340.0,27867896.0,10s
2025-09-02 17:52:20,155110,10.803789092428781,6571,6862880,478.0162986696385,40.614345503840994,568.7370314901419,21209.025512539887,14357,7508,9519,A,1756835540,4420,0.9902680687415703,0.1391731009600655,10.803036634628779,186436.5,-62653.0,217763.0,8360718.0,-2995676.0,9858556.0,10s
2025-09-02 17:52:30,123385,9.17087854913037,5581,5693512,423.1835885238591,40.76566811916442,580.1453509786219,21786.79209728558,13454,7198,8823,A,1756835550,4430,0.9925461516413219,0.12186934340514749,9.170196952805648,139247.5,-31725.0,155110.0,6278196.0,-1169368.0,6862880.0,10s
2025-09-02 17:52:40,147180,10.622113163972287,9605,7009144,505.8562355658199,40.6146599016951,598.7626820997692,22510.072831641945,13856,7069,9255,A,1756835560,4440,0.9945218953682733,0.10452846326765346,10.62134661182074,135282.5,23795.0,123385.0,6351328.0,1315632.0,5693512.0,10s
2025-09-02 17:52:50,80010,5.950911119375233,2903,3689292,274.39880996653034,40.357811337281255,638.1502549022204,24156.559328914707,13445,6401,9339,A,1756835570,4450,0.9961946980917454,0.08715574274765835,5.950468540829987,113595.0,-67170.0,147180.0,5349218.0,-3319852.0,7009144.0,10s
2025-09-02 17:53:00,90745,6.846095812900792,4419,4142032,312.48826857789516,40.07665899538693,632.2486251214196,23560.86726594912,13255,6802,8808,A,1756835580,4460,0.9975640502598242,0.06975647374412546,6.84557936028968,85377.5,10735.0,80010.0,3915662.0,452740.0,3689292.0,10s
2025-09-02 17:53:10,75158,6.14387313005804,6447,3491784,285.43971225373986,40.076301711106815,627.6952127713625,23352.095763327045,12233,6594,7855,A,1756835590,4470,0.9986295347545739,0.052335956242943966,6.143370933464117,82951.5,-15587.0,90745.0,3816908.0,-650248.0,4142032.0,10s
2025-09-02 17:53:20,89937,7.096181158276787,11936,4230328,333.7800220924728,40.19264458908452,637.3611985860874,23896.889562238048,12674,6413,8488,A,1756835600,4480,0.999390827019096,0.03489949670250086,7.0956213017751475,82547.5,14779.0,75158.0,3861056.0,738544.0,3491784.0,10s
2025-09-02 17:53:30,83602,6.766653176851477,5706,3962288,320.7031970861999,40.1212513863099,652.1771441584787,24301.244656472587,12355,6208,8292,A,1756835610,4490,0.9998476951563914,0.0174524064372836,6.766105535772095,86769.5,-6335.0,89937.0,4096308.0,-268040.0,4230328.0,10s
2025-09-02 17:53:40,66987,5.481302675722118,4101,3085196,252.45037230995825,40.15121952873889,642.7684331196293,23986.739029081047,12221,6343,7990,A,1756835620,4500,1.0,6.123233995736766e-17,5.480854197349043,75294.5,-16615.0,83602.0,3523742.0,-877092.0,3962288.0,10s
2025-09-02 17:53:50,54515,4.7024066246873115,1333,2521072,217.46502199603208,40.04124006280544,674.9590596324174,25109.69370649241,11593,5892,7733,A,1756835630,4510,0.9998476951563913,-0.017452406437283473,4.702001035018113,60751.0,-12472.0,66987.0,2803134.0,-564124.0,3085196.0,10s
2025-09-02 17:54:00,66461,5.549515698062792,9536,3139776,262.17234468937875,40.15630339714835,684.141901835666,25382.52676056071,11976,6072,7874,A,1756835640,4520,0.999390827019096,-0.034899496702500955,5.549052350338148,60488.0,11946.0,54515.0,2830424.0,618704.0,2521072.0,10s
2025-09-02 17:54:10,55599,4.373397309840321,1946,2518512,198.1052465979706,39.940364750513844,704.3049861126325,26170.27674731467,12713,6184,8415,A,1756835650,4530,0.998629534754574,-0.05233595624294362,4.373053327041057,61030.0,-10862.0,66461.0,2829144.0,-621264.0,3139776.0,10s
2025-09-02 17:54:20,49264,4.234121186076493,2788,2294972,197.2472711645896,39.962544974217735,702.4483650600112,26042.17020580203,11635,5927,7719,A,1756835660,4540,0.9975640502598242,-0.06975647374412534,4.233757304915779,52431.5,-6335.0,55599.0,2406742.0,-223540.0,2518512.0,10s
2025-09-02 17:54:30,60180,5.404580152671755,9137,2826616,253.84966322406825,40.02829808145625,698.1286934855274,25792.33335729385,11135,5816,7260,A,1756835670,4550,0.9961946980917455,-0.08715574274765824,5.404094827586207,54722.0,10916.0,49264.0,2560794.0,531644.0,2294972.0,10s
2025-09-02 17:54:40,70996,6.036048291106955,12965,3429452,291.57048121067845,40.09764683263122,723.0714325155122,27107.141140587144,11762,5630,8027,A,1756835680,4560,0.9945218953682733,-0.10452846326765335,6.035535152597126,65588.0,10816.0,60180.0,3128034.0,602836.0,2826616.0,10s
2025-09-02 17:54:50,50632,4.496225912441169,3622,2351540,208.82159666104255,39.762395719364655,703.8789878099549,25910.955955369933,11261,5886,7235,A,1756835690,4570,0.9925461516413219,-0.12186934340514738,4.495826673770201,60814.0,-20364.0,70996.0,2890496.0,-1077912.0,3429452.0,10s
2025-09-02 17:55:00,57391,4.756423006795956,3699,2678744,222.0076247306481,39.758940708888225,717.0569641374673,26501.969572161288,12066,5957,8026,A,1756835700,4580,0.9902680687415704,-0.13917310096006538,4.756028838982348,54011.5,6759.0,50632.0,2515142.0,327204.0,2351540.0,10s
2025-09-02 17:55:10,54383,4.771694305518996,6936,2565244,225.08063525489163,39.85061434478779,723.9475917025939,26789.237404025174,11397,5584,7699,A,1756835710,4590,0.9876883405951377,-0.1564344650402308,4.771275662396912,55887.0,-3008.0,57391.0,2621994.0,-113500.0,2678744.0,10s
2025-09-02 17:55:20,52443,4.506186630005155,2883,2437864,209.47448015122873,39.691821945295715,713.8163705059227,26073.696479067752,11638,5978,7448,A,1756835720,4600,0.9848077530122081,-0.1736481776669301,4.505799467308188,53413.0,-1940.0,54383.0,2501554.0,-127380.0,2565244.0,10s
2025-09-02 17:55:30,42520,3.6887308059338944,1496,1963912,170.37494577947427,39.339057759568654,730.9802054112022,26641.750844184913,11527,5779,7364,A,1756835730,4610,0.9816271834476641,-0.19080899537654483,3.688410825815406,47481.5,-9923.0,52443.0,2200888.0,-473952.0,2437864.0,10s
2025-09-02 17:55:40,48499,4.328721885041057,9154,2297936,205.0996072831132,40.135470944708146,721.157736193118,26908.101490128625,11204,5547,7529,A,1756835740,4620,0.9781476007338058,-0.20791169081775937,4.328335564480143,45509.5,5979.0,42520.0,2130924.0,334024.0,1963912.0,10s
2025-09-02 17:55:50,41501,3.735127351273513,3776,1820520,163.84843848438484,39.735038991407635,726.5511989225589,26761.99472757528,11111,5640,7424,A,1756835750,4630,0.9743700647852354,-0.22495105434386506,3.734791216702664,45000.0,-6998.0,48499.0,2059228.0,-477416.0,2297936.0,10s
2025-09-02 17:56:00,50267,4.598993595608417,5906,2380252,217.77236962488564,40.10139421124945,725.564855273777,27148.18797075193,10930,5235,7448,A,1756835760,4640,0.9702957262759967,-0.2419218955996676,4.5985728661604615,45884.0,8766.0,41501.0,2100386.0,559732.0,1820520.0,10s
2025-09-02 17:56:10,37773,3.494264569842738,1453,1746552,161.568177613321,40.16236863663052,721.7073980412787,26932.038096405235,10810,5273,7345,A,1756835770,4650,0.9659258262890685,-0.2588190451025207,3.4939413560262698,44020.0,-12494.0,50267.0,2063402.0,-633700.0,2380252.0,10s
2025-09-02 17:56:20,40502,3.9391169033262012,2002,1917076,186.44971795370552,39.95574798003747,722.0560919434816,26754.308621108295,10282,5263,6887,A,1756835780,4660,0.9612616959383191,-0.2756373558169991,3.938733832539142,39137.5,2729.0,37773.0,1831814.0,170524.0,1746552.0,10s
2025-09-02 17:56:30,35607,3.366137266023823,1695,1651096,156.08772924938552,39.772318978982355,734.2019856964242,27230.02863244259,10578,5139,7196,A,1756835790,4670,0.9563047559630357,-0.2923717047227369,3.3658190755269874,38054.5,-4895.0,40502.0,1784086.0,-265980.0,1917076.0,10s
2025-09-02 17:56:40,42750,3.780175081793262,2002,2006056,177.3857989212132,40.24277852572585,725.1196752504555,27065.678495843196,11309,5403,7819,A,1756835800,4680,0.9510565162951538,-0.3090169943749474,3.779840848806366,39178.5,7143.0,35607.0,1828576.0,354960.0,1651096.0,10s
2025-09-02 17:56:50,39710,3.798909403998852,3640,1854668,177.4292547593992,39.94962261724454,729.4980730966336,26979.97150264932,10453,5270,7029,A,1756835810,4690,0.945518575599317,-0.32556815445715664,3.798546011096231,41230.0,-3040.0,42750.0,1930362.0,-151388.0,2006056.0,10s
2025-09-02 17:57:00,33693,3.527693435242383,2042,1574996,164.903779708931,40.012593030031326,734.5049043529517,27402.87034195808,9551,4693,6520,A,1756835820,4700,0.9396926207859084,-0.34202014332566877,3.5273241206030153,36701.5,-6017.0,39710.0,1714832.0,-279672.0,1854668.0,10s
2025-09-02 17:57:10,28850,2.8253843893839976,1202,1307144,128.01331896973852,40.06593563613209,742.9835560934762,27789.807845240754,10211,4892,6993,A,1756835830,4710,0.9335804264972017,-0.3583679495453003,2.8251077164120644,31271.5,-4843.0,33693.0,1441070.0,-267852.0,1574996.0,10s
2025-09-02 17:57:20,24980,2.540166768354688,1453,1130008,114.9082774049217,40.1512109684112,742.2056228043534,27659.05040189906,9834,4914,6537,A,1756835840,4720,0.9271838545667874,-0.3746065934159119,2.539908490086426,26915.0,-3870.0,28850.0,1218576.0,-177136.0,1307144.0,10s
2025-09-02 17:57:30,22476,1.9968017057569296,860,996144,88.49893390191897,40.13563432537011,792.7133056629449,30144.1154112807,11256,5059,8036,A,1756835850,4730,0.9205048534524404,-0.3907311284892736,1.9966243226436884,23728.0,-2504.0,24980.0,1063076.0,-133864.0,1130008.0,10s
2025-09-02 17:57:40,20808,2.0785136350014985,2799,952600,95.15532913794826,40.99087065750946,897.1529901801327,35864.503698474546,10011,5000,6653,A,1756835860,4740,0.9135454576426009,-0.4067366430758003,2.078306032760687,21642.0,-1668.0,22476.0,974372.0,-43544.0,996144.0,10s
2025-09-02 17:57:50,5687,1.1840516343951697,135,241172,50.212783676868625,41.05746408494691,1002.4785938961115,41150.96677711187,4803,2552,3395,A,1756835870,4750,0.9063077870366499,-0.42261826174069933,1.1838051623646961,13247.5,-15121.0,20808.0,596886.0,-711428.0,952600.0,10s
2025-09-02 17:58:00,2506860,90.86118158753172,43537,100395296,3638.8291409931135,41.97819459092497,340.51140812023914,13296.234247178805,27590,15372,15139,A,1756835880,4760,0.898794046299167,-0.4383711467890771,90.85788844188322,1256273.5,2501173.0,5687.0,50318234.0,100154124.0,241172.0,10s
2025-09-02 17:58:10,312792,16.519250066015317,10179,13424784,708.99308159493,41.37235821325051,482.89699005559214,18343.354531747867,18935,10206,11924,A,1756835890,4770,0.8910065241883678,-0.4539904997395467,16.518377693282638,1409826.0,-2194068.0,2506860.0,56910040.0,-86970512.0,100395296.0,10s
2025-09-02 17:58:20,192394,13.244802423241085,8725,8748876,602.2907889301941,40.82733845563978,535.9222210906195,20069.862280907368,14526,8040,9230,A,1756835900,4780,0.8829475928589268,-0.4694715627858909,13.243890686308253,252593.0,-120398.0,312792.0,11086830.0,-4675908.0,13424784.0,10s
2025-09-02 17:58:30,171513,11.558258642765685,10410,8020012,540.468495181616,40.67167107540083,556.6397994171691,20942.604311458497,14839,7942,9347,A,1756835910,4790,0.8746197071393957,-0.4848096202463369,11.557479784366576,181953.5,-20881.0,192394.0,8384444.0,-728864.0,8748876.0,10s
2025-09-02 17:58:40,128584,8.842858125300873,12137,5927228,407.6217591637439,40.536042330974674,593.5202435220053,22334.724470026413,14541,7339,9480,A,1756835920,4800,0.8660254037844387,-0.4999999999999997,8.842250034383166,150048.5,-42929.0,171513.0,6973620.0,-2092784.0,8020012.0,10s
2025-09-02 17:58:50,114428,9.083029052230513,6328,5353260,424.929353865693,40.17677645505244,588.8908097844063,21683.530121506727,12598,6807,7955,A,1756835930,4810,0.8571673007021123,-0.5150380749100542,9.082308119692039,121506.0,-14156.0,128584.0,5640244.0,-573968.0,5927228.0,10s
2025-09-02 17:59:00,95793,7.442545256778805,5811,4503436,349.89014062621396,40.207925320016884,625.7713916962839,23430.384924664577,12871,6367,8657,A,1756835940,4820,0.8480480961564261,-0.5299192642332047,7.441967060285892,105110.5,-18635.0,114428.0,4928348.0,-849824.0,5353260.0,10s
2025-09-02 17:59:10,99278,8.602946273830156,13394,4423244,383.29670710571924,40.45126115227505,617.1083002194831,22889.37346168535,11540,6213,7544,A,1756835950,4830,0.8386705679454243,-0.5446390350150266,8.602200849146522,97535.5,3485.0,95793.0,4463340.0,-80192.0,4503436.0,10s
2025-09-02 17:59:20,62569,5.251279899286613,2544,2932308,246.10222408728492,40.29628498772392,640.5451607027597,23943.975693816188,11915,6087,7965,A,1756835960,4840,0.8290375725550418,-0.5591929034707466,5.250839207787848,80923.5,-36709.0,99278.0,3677776.0,-1490936.0,4423244.0,10s
2025-09-02 17:59:30,79965,6.707910410200487,10192,3747092,314.32698599110813,39.812258811515505,658.2850796973497,24326.92980008919,11921,6017,7820,A,1756835970,4850,0.8191520442889918,-0.573576436351046,6.707347760442879,71267.0,17396.0,62569.0,3339700.0,814784.0,2932308.0,10s
2025-09-02 17:59:40,72590,6.200563765268643,3789,3379700,288.6905270351072,40.085459298569205,640.5439797493717,23786.567362423408,11707,6078,7712,A,1756835980,4860,0.8090169943749476,-0.5877852522924729,6.200034164673728,76277.5,-7375.0,79965.0,3563396.0,-367392.0,3747092.0,10s
2025-09-02 17:59:50,56347,4.746209568733153,2633,2553428,215.07985175202157,39.97501844053467,670.659973994164,24930.45483653846,11872,6015,7915,A,1756835990,4870,0.7986355100472932,-0.6018150231520479,4.745809820601364,64468.5,-16243.0,72590.0,2966564.0,-826272.0,3379700.0,10s
2025-09-02 18:00:00,75082,5.996964856230032,9640,3582108,286.1108626198083,39.85336118988202,693.0413012852822,25555.83667102478,12520,6501,8104,A,1756836000,4880,0.7880107536067221,-0.6156614753256582,5.9964859036818146,65714.5,18735.0,56347.0,3067768.0,1028680.0,2553428.0,10s
2025-09-02 18:00:10,58999,4.946260898725687,2975,2767688,232.03286384976525,40.03271370535612,703.1148384373769,26112.32185609537,11928,6113,7926,A,1756836010,4890,0.7771459614569711,-0.6293203910498372,4.945846257020706,67040.5,-16083.0,75082.0,3174898.0,-814420.0,3582108.0,10s
2025-09-02 18:00:20,72983,6.258725666752422,7383,3502000,300.31729697281537,39.93192243394414,702.4639474471307,26027.816546905262,11661,6033,7771,A,1756836020,4900,0.7660444431189781,-0.6427876096865393,6.258188989881667,65991.0,13984.0,58999.0,3134844.0,734312.0,2767688.0,10s
2025-09-02 18:00:30,62908,6.022209458165805,4362,2954532,282.8385985066054,40.160753455876716,684.8206830202097,25409.541890433466,10446,5632,7024,A,1756836030,4910,0.7547095802227722,-0.656059028990507,6.021633004690342,67945.5,-10075.0,72983.0,3228266.0,-547468.0,3502000.0,10s
2025-09-02 18:00:40,45565,4.158908360715589,1914,2121632,193.65023731288792,39.919471664067174,706.8000933763313,26174.760690598392,10956,5538,7423,A,1756836040,4920,0.7431448254773946,-0.6691306063588579,4.158528794378023,54236.5,-17343.0,62908.0,2538082.0,-832900.0,2954532.0,10s
2025-09-02 18:00:50,70757,6.344212319555276,23462,3371168,302.26557876804446,39.79523743040164,701.716981229831,25872.143215147866,11153,5835,7277,A,1756836050,4930,0.7313537016191707,-0.6819983600624984,6.343643535951228,58161.0,25192.0,45565.0,2746400.0,1249536.0,2121632.0,10s
2025-09-02 18:01:00,52929,4.990947666195191,6076,2486844,234.49731258840168,40.091338568123696,701.2827039315521,26063.36026497856,10605,5493,7088,A,1756836060,4940,0.7193398003386514,-0.694658370458997,4.990477088440505,61843.0,-17828.0,70757.0,2929006.0,-884324.0,3371168.0,10s
2025-09-02 18:01:10,44717,3.899625010900846,4325,2051520,178.90642713874595,39.937494083145005,712.067416918008,26507.253239388036,11467,5688,7816,A,1756836070,4950,0.7071067811865477,-0.7071067811865475,3.899284966864318,48823.0,-8212.0,52929.0,2269182.0,-435324.0,2486844.0,10s
2025-09-02 18:01:20,45340,4.167662468976928,1855,2108380,193.802739222355,40.16789777239812,699.186275551292,25979.64848600966,10879,5646,7244,A,1756836080,4960,0.6946583704589973,-0.7193398003386513,4.167279411764706,45028.5,623.0,44717.0,2079950.0,56860.0,2051520.0,10s
2025-09-02 18:01:30,58596,4.956102512052778,4660,2777768,234.94612196566015,39.82873909466161,721.908131894554,26699.721023475242,11823,5770,7838,A,1756836090,4970,0.6819983600624986,-0.7313537016191705,4.9556833558863325,51968.0,13256.0,45340.0,2443074.0,669388.0,2108380.0,10s
2025-09-02 18:01:40,52540,4.5742643217830405,3740,2450056,213.3080271635034,39.619795677527065,727.3467616428638,26737.486776524234,11486,5965,7379,A,1756836100,4980,0.669130606358858,-0.7431448254773945,4.573866109515104,55568.0,-6056.0,58596.0,2613912.0,-327712.0,2777768.0,10s
2025-09-02 18:01:50,42532,3.7562483440784242,1455,1953804,172.55179722688334,39.633277943656616,731.0758888366748,26965.662606003483,11323,5778,7419,A,1756836110,4990,0.6560590289905073,-0.7547095802227721,3.7559166372306607,47536.0,-10008.0,52540.0,2201930.0,-496252.0,2450056.0,10s
2025-09-02 18:02:00,56204,5.211795252225519,6478,2660456,246.7040059347181,39.98710713257003,725.2635841285036,26955.648513945842,10784,5426,7407,A,1756836120,5000,0.6427876096865395,-0.766044443118978,5.2113120074177095,49368.0,13672.0,42532.0,2307130.0,706652.0,1953804.0,10s
2025-09-02 18:02:10,49077,4.360849475741959,5161,2244220,199.41531899768972,39.888620335574835,717.6373013011032,26615.890463239197,11254,5523,7534,A,1756836130,5010,0.6293203910498374,-0.777145961456971,4.360462016881386,52640.5,-7127.0,56204.0,2452338.0,-416236.0,2660456.0,10s
2025-09-02 18:02:20,42578,4.123377881076893,2457,1981688,191.91245399961264,39.854628736891144,715.839316589892,26511.302652062,10326,5039,6962,A,1756836140,5020,0.6156614753256583,-0.788010753606722,4.122978599786967,45827.5,-6499.0,49077.0,2112954.0,-262532.0,2244220.0,10s
2025-09-02 18:02:30,37999,3.4607468123861564,1470,1703584,155.15336976320583,39.503300448709645,733.692060047234,26976.805947557954,10980,5189,7250,A,1756836150,5030,0.6018150231520482,-0.7986355100472929,3.460431654676259,40288.5,-4579.0,42578.0,1842636.0,-278104.0,1981688.0,10s
2025-09-02 18:02:40,41992,3.96076212035465,2863,1957720,184.6557253348425,39.75467662286839,711.882438048677,26021.508355784397,10602,5199,7112,A,1756836160,5040,0.5877852522924731,-0.8090169943749475,3.960388569272847,39995.5,3993.0,37999.0,1830652.0,254136.0,1703584.0,10s
2025-09-02 18:02:50,38274,3.5860582778974983,1606,1777864,166.57584559167995,40.159801319111544,728.8334622526903,27285.824880579425,10673,5174,7397,A,1756836170,5050,0.5735764363510463,-0.8191520442889917,3.5857223159078133,40133.0,-3718.0,41992.0,1867792.0,-179856.0,1957720.0,10s
2025-09-02 18:03:00,34199,3.140980896399706,3411,1573572,144.52351212343865,39.870043654554735,740.0663755885158,27546.523146513995,10888,5206,7465,A,1756836180,5060,0.5591929034707468,-0.8290375725550417,3.140692441913858,36236.5,-4075.0,38274.0,1675718.0,-204292.0,1777864.0,10s
2025-09-02 18:03:10,29064,3.082405345211581,2260,1334548,141.53653621805068,39.78782278863275,744.8544657563834,27630.917511075873,9429,4667,6380,A,1756836190,5070,0.5446390350150272,-0.8386705679454239,3.0820784729586426,31631.5,-5135.0,34199.0,1454060.0,-239024.0,1573572.0,10s
2025-09-02 18:03:20,26522,2.489861058956065,1532,1196404,112.31731130304168,39.89998968007879,745.9455562894511,27805.958485110026,10652,5037,7193,A,1756836200,5080,0.5299192642332052,-0.8480480961564257,2.4896273350229983,27793.0,-2542.0,29064.0,1265476.0,-138144.0,1334548.0,10s
2025-09-02 18:03:30,24785,2.462983205803438,882,1109336,110.23909370962933,40.17766886602793,755.5181687979268,28484.84119055003,10063,4971,6870,A,1756836210,5090,0.5150380749100539,-0.8571673007021124,2.4627384737678857,25653.5,-1737.0,26522.0,1152870.0,-87068.0,1196404.0,10s
2025-09-02 18:03:40,26223,2.5219272937103288,4624,1214516,116.80284670128871,40.41898635478674,801.816035258635,30835.89299608896,10398,5173,7167,A,1756836220,5100,0.4999999999999999,-0.8660254037844386,2.5216847773824407,25504.0,1438.0,24785.0,1161926.0,105180.0,1109336.0,10s
2025-09-02 18:03:50,14720,1.4045801526717556,463,637896,60.86793893129771,41.166580224271065,954.9292917634357,38861.26535725137,10480,5020,7180,A,1756836230,5110,0.4848096202463371,-0.8746197071393956,1.4044461406354356,20471.5,-11503.0,26223.0,926206.0,-576620.0,1214516.0,10s
2025-09-02 18:04:00,1648194,135.5088382800296,30496,65199448,5360.474225108937,41.501346885804935,384.14391979087105,15187.137509016115,12162,7600,7568,A,1756836240,5120,0.46947156278589064,-0.8829475928589269,135.5088382800296,831457.0,1633474.0,14720.0,32918672.0,64561552.0,637896.0,10s
2025-09-02 18:04:10,871906,35.767567789309595,12386,38437828,1576.8071542847767,42.41688972901928,404.68088566970033,15549.081398140937,24377,13153,13995,A,1756836250,5130,0.45399049973954686,-0.8910065241883677,35.76610058249241,1260050.0,-776288.0,1648194.0,51818638.0,-26761620.0,65199448.0,10s
2025-09-02 18:04:20,270574,15.48703565909221,12300,12319856,705.1603228206743,41.26029571961668,520.562956809251,19669.042128936097,17471,9255,11097,A,1756836260,5140,0.4383711467890773,-0.8987940462991669,15.486149267399268,571240.0,-601332.0,871906.0,25378842.0,-26117972.0,38437828.0,10s
2025-09-02 18:04:30,163337,11.52939930825157,6525,7559632,533.6085268581916,40.80182090227645,535.4732611489766,19951.035956539898,14167,7771,8783,A,1756836270,5150,0.4226182617406995,-0.9063077870366498,11.528585544889893,216955.5,-107237.0,270574.0,9939744.0,-4760224.0,12319856.0,10s
2025-09-02 18:04:40,136167,9.251104015218425,3235,6362968,432.29621577552825,40.70261552720092,590.7019353000102,22100.32774978043,14719,7747,9433,A,1756836280,5160,0.40673664307580043,-0.9135454576426006,9.250475543478261,149752.0,-27170.0,163337.0,6961300.0,-1196664.0,7559632.0,10s
2025-09-02 18:04:50,128649,9.250665132667002,5807,5985588,430.4010929747609,40.697365296364474,603.2176527794758,22567.704981415533,13907,7363,9014,A,1756836290,5170,0.39073112848927377,-0.9205048534524403,9.25,132408.0,-7518.0,136167.0,6174278.0,-377380.0,6362968.0,10s
2025-09-02 18:05:00,116922,8.52201166180758,23043,5304224,386.6052478134111,40.49449532078046,602.2907289100086,22751.70113544756,13720,7010,9143,A,1756836300,5180,0.37460659341591224,-0.9271838545667872,8.521390569200495,122785.5,-11727.0,128649.0,5644906.0,-681364.0,5985588.0,10s
2025-09-02 18:05:10,111092,8.563323826408695,9979,5094876,392.72920681415246,40.03193413179922,598.6518800943878,22084.025276464086,12973,6899,8321,A,1756836310,5190,0.35836794954530066,-0.9335804264972016,8.562663789116694,114007.0,-5830.0,116922.0,5199550.0,-209348.0,5304224.0,10s
2025-09-02 18:05:20,84726,6.206123644887196,12624,3584748,262.58042777615003,40.276508993404484,620.8041381191462,23091.023840048572,13652,7054,8899,A,1756836320,5200,0.34202014332566893,-0.9396926207859083,6.205669083717864,97909.0,-26366.0,111092.0,4339812.0,-1510128.0,5094876.0,10s
2025-09-02 18:05:30,77499,5.786530277010378,3885,3557336,265.6115881430598,39.947090393159705,633.9301818733372,23409.57508803148,13393,6889,8487,A,1756836330,5210,0.32556815445715703,-0.9455185755993167,5.786098252949082,81112.5,-7227.0,84726.0,3571042.0,-27412.0,3584748.0,10s
2025-09-02 18:05:40,84271,6.668592229168315,2903,4001048,316.6137532642241,39.867751006444585,637.2256101200988,23503.1704235872,12637,6596,7913,A,1756836340,5220,0.309016994374948,-0.9510565162951535,6.668064567178351,80885.0,6772.0,77499.0,3779192.0,443712.0,3557336.0,10s
2025-09-02 18:05:50,74830,6.157327408870238,2903,3449440,283.83444417016375,40.125816215365134,653.2672194327351,24223.327419936755,12153,6293,8028,A,1756836350,5230,0.29237170472273666,-0.9563047559630357,6.156820799736712,79550.5,-9441.0,84271.0,3725244.0,-551608.0,4001048.0,10s
2025-09-02 18:06:00,71730,6.098452644108145,11499,3385392,287.82451963951706,40.23089660522982,661.5648704709764,24619.025673069136,11762,6012,7770,A,1756836360,5240,0.2756373558169993,-0.9612616959383189,6.097934200459067,73280.0,-3100.0,74830.0,3417416.0,-64048.0,3449440.0,10s
2025-09-02 18:06:10,74383,6.388096873926486,5853,3566496,306.29474407420133,40.26366786326427,673.2035942873646,24996.80050982371,11644,6270,7402,A,1756836370,5250,0.25881904510252063,-0.9659258262890685,6.38754830399313,73056.5,2653.0,71730.0,3475944.0,181104.0,3385392.0,10s
2025-09-02 18:06:20,54505,4.76483958387971,4371,2551436,223.0471195034531,39.81169145068818,695.194533594724,25531.9281511894,11439,5945,7452,A,1756836380,5260,0.24192189559966776,-0.9702957262759966,4.764423076923077,64444.0,-19878.0,74383.0,3058966.0,-1015060.0,3566496.0,10s
2025-09-02 18:06:30,75187,6.925209542230819,4323,3597288,331.33351754628353,39.883932308974515,701.968026160757,25873.13226399769,10857,5753,6915,A,1756836390,5270,0.22495105434386523,-0.9743700647852354,6.9245717443359736,64846.0,20682.0,54505.0,3074362.0,1045852.0,2551436.0,10s
2025-09-02 18:06:40,62287,5.426642272172852,4695,2921132,254.4983446593483,40.182696884208816,701.7427214915551,26159.47268954085,11478,5870,7399,A,1756836400,5280,0.20791169081775931,-0.9781476007338057,5.426169526962279,68737.0,-12900.0,75187.0,3259210.0,-676156.0,3597288.0,10s
2025-09-02 18:06:50,67386,5.800137717335169,4710,3140616,270.32329144431054,39.834635843190654,706.0785437739613,26028.04152646141,11618,5785,7471,A,1756836410,5290,0.190808995376545,-0.981627183447664,5.799638523108701,64836.5,5099.0,62287.0,3030874.0,219484.0,2921132.0,10s
2025-09-02 18:07:00,63287,5.712854305831377,6151,2920728,263.6512005777216,39.883498232924076,697.1616041267399,25643.7558886734,11078,5817,7068,A,1756836420,5300,0.17364817766693072,-0.984807753012208,5.712338658723712,65336.5,-4099.0,67386.0,3030672.0,-219888.0,3140616.0,10s
2025-09-02 18:07:10,57705,5.016081363004172,3946,2730596,237.3605702364395,40.16300259990193,702.5968164969025,26118.237029156808,11504,5827,7537,A,1756836430,5310,0.15643446504023098,-0.9876883405951377,5.015645371577575,60496.0,-5582.0,63287.0,2825662.0,-190132.0,2920728.0,10s
2025-09-02 18:07:20,58388,5.057865557865558,4432,2738584,237.23007623007624,40.07515440200519,712.9964708955359,26462.11960020102,11544,5797,7625,A,1756836440,5320,0.13917310096006574,-0.9902680687415701,5.057427457773928,58046.5,683.0,57705.0,2734590.0,7988.0,2730596.0,10s
2025-09-02 18:07:30,49895,4.410802687411598,4595,2297988,203.1460396039604,39.4888483891875,707.019047382924,25606.53314057357,11312,6094,6920,A,1756836450,5330,0.12186934340514756,-0.9925461516413219,4.410412799434279,54141.5,-8493.0,58388.0,2518286.0,-440596.0,2738584.0,10s
2025-09-02 18:07:40,47470,3.8744694743715313,4360,2178928,177.8426379366634,39.532499835757044,725.0404757937548,26454.258064573598,12252,6206,7816,A,1756836460,5340,0.10452846326765375,-0.9945218953682732,3.8741532685872846,48682.5,-2425.0,49895.0,2238458.0,-119060.0,2297988.0,10s
2025-09-02 18:07:50,63092,5.3440623411824495,4356,2931064,248.269015754701,39.66898446808499,711.4556987050705,26070.760397194543,11806,6130,7514,A,1756836470,5350,0.08715574274765864,-0.9961946980917454,5.343609723045651,55281.0,15622.0,47470.0,2554996.0,752136.0,2178928.0,10s
2025-09-02 18:08:00,56150,4.948880662788648,4363,2551220,224.85633703507844,39.816946936688105,719.5391373217903,26483.919904626142,11346,5787,7172,A,1756836480,5360,0.06975647374412508,-0.9975640502598242,4.948444522781352,59621.0,-6942.0,63092.0,2741142.0,-379844.0,2931064.0,10s
2025-09-02 18:08:10,44020,4.216879011399559,1625,2014944,193.02078743174633,39.70810327434873,722.9832954925313,26588.798803960104,10439,5133,6984,A,1756836490,5370,0.05233595624294381,-0.9986295347545739,4.216475095785441,50085.0,-12130.0,56150.0,2283082.0,-536276.0,2551220.0,10s
2025-09-02 18:08:20,48717,4.608551698041812,4164,2250516,212.89527953835966,40.03194708849637,704.8649019784756,25977.669754794282,10571,5546,6861,A,1756836500,5380,0.03489949670250114,-0.9993908270190959,4.608115777525539,46368.5,4697.0,44020.0,2132730.0,235572.0,2014944.0,10s
2025-09-02 18:08:30,52171,4.667292896761496,4377,2482080,222.0504562533548,39.87918650808959,727.0963198134231,26843.857544579852,11178,5369,7543,A,1756836510,5390,0.017452406437283435,-0.9998476951563914,4.666875391358798,50444.0,3454.0,48717.0,2366298.0,231564.0,2250516.0,10s
2025-09-02 18:08:40,41087,3.7494980835918965,1855,1891144,172.5811279430553,39.8426612988708,714.210625507193,26222.09191042942,10958,5602,7035,A,1756836520,5400,1.2246467991473532e-16,-1.0,3.7491559448854823,46629.0,-11084.0,52171.0,2186612.0,-590936.0,2482080.0,10s
2025-09-02 18:08:50,41432,3.655549673548615,3785,1916360,169.08064231515795,39.924198291169596,729.211461521744,27090.375121023622,11334,5460,7520,A,1756836530,5410,-0.017452406437283192,-0.9998476951563915,3.655227172474636,41259.5,345.0,41087.0,1903752.0,25216.0,1891144.0,10s
2025-09-02 18:09:00,36232,3.4043032979423096,1900,1662292,156.18641360518652,39.64049717173321,722.0547362033657,26343.673948868676,10643,5395,6695,A,1756836540,5420,-0.03489949670250089,-0.999390827019096,3.4039834648628333,38832.0,-5200.0,41432.0,1789326.0,-254068.0,1916360.0,10s
2025-09-02 18:09:10,37114,3.759141091866707,5815,1732208,175.44900232958574,39.9252888909912,723.1232431953154,26683.36739784833,9873,4848,6592,A,1756836550,5430,-0.05233595624294356,-0.998629534754574,3.7587603807980554,36673.0,882.0,36232.0,1697250.0,69916.0,1662292.0,10s
2025-09-02 18:09:20,35353,3.32671497129952,2994,1638296,154.16354568551802,39.84364614873138,726.7311556272747,26870.144376665176,10627,5332,6942,A,1756836560,5440,-0.06975647374412527,-0.9975640502598242,3.3264019570944674,36233.5,-1761.0,37114.0,1685252.0,-93912.0,1732208.0,10s
2025-09-02 18:09:30,32777,3.078808942325756,2344,1524156,143.1670110839752,40.065104193367404,751.6899016797279,28193.676739899664,10646,5243,7109,A,1756836570,5450,-0.08715574274765794,-0.9961946980917453,3.078519770827463,34065.0,-2576.0,35353.0,1581226.0,-114140.0,1638296.0,10s
2025-09-02 18:09:40,31982,2.9681670533642692,1895,1489212,138.20993039443155,40.083170277335746,755.5117159974642,28346.548465885524,10775,5157,7116,A,1756836580,5460,-0.10452846326765305,-0.9945218953682732,2.967891610987379,32379.5,-795.0,32777.0,1506684.0,-34944.0,1524156.0,10s
2025-09-02 18:09:50,19458,1.868805224740684,712,863188,82.90318862850557,40.54999944021672,813.9016502808417,31421.329949208026,10412,5147,6825,A,1756836590,5470,-0.12186934340514731,-0.9925461516413219,1.8686257562662056,25720.0,-12524.0,31982.0,1176200.0,-626024.0,1489212.0,10s
2025-09-02 18:10:00,12327,1.242015113350126,211,526892,53.087355163727956,41.29033225380832,976.2372644178567,40057.91183968642,9925,4682,6744,A,1756836600,5480,-0.13917310096006552,-0.9902680687415701,1.2418899858956276,15892.5,-7131.0,19458.0,695040.0,-336296.0,863188.0,10s
2025-09-02 18:10:10,1765066,68.6155341315503,35197,72238808,2808.2260923651065,41.166509770780785,224.41247980007532,8814.707366592398,25724,17088,16018,B,1756836610,5490,-0.15643446504023076,-0.9876883405951377,68.61286686103013,888696.5,1752739.0,12327.0,36382850.0,71711916.0,526892.0,10s
2025-09-02 18:10:20,768099,22.153932681491735,8445,34013124,981.0251795448646,42.82814295764427,322.17434114148193,12625.605550601145,34671,22454,19234,B,1756836620,5500,-0.1736481776669305,-0.984807753012208,22.153293724042456,1266582.5,-996967.0,1765066.0,53125966.0,-38225684.0,72238808.0,10s
2025-09-02 18:10:30,363229,13.03437757921556,4470,16066504,576.5422901639932,42.687669939457436,342.3093922121826,13270.393609264473,27867,19601,15109,B,1756836630,5510,-0.19080899537654478,-0.981627183447664,13.033909860772212,565664.0,-404870.0,768099.0,25039814.0,-17946620.0,34013124.0,10s
2025-09-02 18:10:40,211164,9.486253369272237,2151,9452616,424.6458221024259,41.99000007087021,377.58479777519506,14227.988679427144,22260,15737,12685,B,1756836640,5520,-0.2079116908177591,-0.9781476007338058,9.485827231481066,287196.5,-152065.0,363229.0,12759560.0,-6613888.0,16066504.0,10s
2025-09-02 18:10:50,144094,7.804896544253061,1190,6481956,351.09717257068576,41.4575546805489,418.7571507023357,15731.056318015126,18462,12953,11097,B,1756836650,5530,-0.224951054343865,-0.9743700647852354,7.804473812489845,177629.0,-67070.0,211164.0,7967286.0,-2970660.0,9452616.0,10s
2025-09-02 18:11:00,107902,6.4200630689593625,2904,4810368,286.21217349913724,41.13521476532063,436.0627359870457,16080.099493872813,16807,11734,10359,B,1756836660,5540,-0.24192189559966754,-0.9702957262759967,6.419681104236078,125998.0,-36192.0,144094.0,5646162.0,-1671588.0,6481956.0,10s
2025-09-02 18:11:10,88999,5.928523847588596,1115,3947956,262.9866773248068,41.10908814607309,451.2952527126077,16568.99875769384,15012,10674,9240,B,1756836670,5550,-0.25881904510252085,-0.9659258262890684,5.928128954905748,98450.5,-18903.0,107902.0,4379162.0,-862412.0,4810368.0,10s
2025-09-02 18:11:20,80805,5.328036397204273,684,3616352,238.45127258341026,41.02891515201923,471.52894425737065,17310.280797764426,15166,10653,9412,B,1756836680,5560,-0.27563735581699905,-0.961261695938319,5.32768510582185,84902.0,-8194.0,88999.0,3782154.0,-331604.0,3947956.0,10s
2025-09-02 18:11:30,76371,5.178045969218252,902,3478504,235.84676927249305,41.10157290281556,487.25333613920264,18080.711121787117,14749,10448,9233,B,1756836690,5570,-0.29237170472273644,-0.9563047559630358,5.1776949152542375,78588.0,-4434.0,80805.0,3547428.0,-137848.0,3616352.0,10s
2025-09-02 18:11:40,71014,4.98378833602358,1071,3115844,218.6710646361148,41.01154036491927,486.1497124217521,17920.628436434494,14249,10003,9009,B,1756836700,5580,-0.30901699437494734,-0.9510565162951538,4.9834385964912284,73692.5,-5357.0,76371.0,3297174.0,-362660.0,3478504.0,10s
2025-09-02 18:11:50,69252,4.764171711612549,1088,3132588,215.50550357732527,41.05877627181641,498.829978834443,18403.110901171614,14536,10182,8992,B,1756836710,5590,-0.3255681544571564,-0.9455185755993171,4.7638439843158835,70133.0,-1762.0,71014.0,3124216.0,16744.0,3115844.0,10s
2025-09-02 18:12:00,59537,4.286321094312455,563,2656832,191.27660187185026,41.03811927524191,511.71644528115803,18963.186013034483,13890,9769,8718,B,1756836720,5600,-0.34202014332566827,-0.9396926207859086,4.286012526096034,64394.5,-9715.0,69252.0,2894710.0,-475756.0,3132588.0,10s
2025-09-02 18:12:10,58053,4.459098241032337,4176,2639968,202.77809355557264,40.921960164103005,537.1398908174149,20054.02275239074,13019,9011,8335,B,1756836730,5610,-0.3583679495453005,-0.9335804264972016,4.458755760368663,58795.0,-1484.0,59537.0,2648400.0,-16864.0,2656832.0,10s
2025-09-02 18:12:20,51900,3.8507196913488646,1120,2341344,173.71598159964387,40.96936119760184,552.2844228848137,20524.90392653177,13478,9416,8499,B,1756836740,5620,-0.374606593415912,-0.9271838545667873,3.8504340084576008,54976.5,-6153.0,58053.0,2490656.0,-298624.0,2639968.0,10s
2025-09-02 18:12:30,48578,3.334568918176826,992,2145396,147.26771004942339,40.853272745791415,588.7344662143523,22018.429661580638,14568,10025,9313,B,1756836750,5630,-0.390731128489274,-0.9205048534524402,3.334340037065001,50239.0,-3322.0,51900.0,2243370.0,-195948.0,2341344.0,10s
2025-09-02 18:12:40,49598,3.5200851667849538,2102,2216176,157.28715400993613,40.88303462179059,577.3731880423323,21623.587783525403,14090,9855,8505,B,1756836760,5640,-0.40673664307580026,-0.9135454576426008,3.5198353559009297,49088.0,1020.0,48578.0,2180786.0,70780.0,2145396.0,10s
2025-09-02 18:12:50,40972,3.128350003817668,1237,1841092,140.57356646560282,41.008580401224805,609.7061608787426,23060.336522867812,13097,9146,8099,B,1756836770,5650,-0.4226182617406993,-0.9063077870366499,3.1281111620094673,45285.0,-8626.0,49598.0,2028634.0,-375084.0,2216176.0,10s
2025-09-02 18:13:00,38776,3.002865329512894,1517,1727688,133.7944706884535,41.25299387932035,683.4305945188154,26644.494559766703,12913,9093,7989,B,1756836780,5660,-0.43837114678907746,-0.8987940462991668,3.002632801610655,39874.0,-2196.0,40972.0,1784390.0,-113404.0,1841092.0,10s
2025-09-02 18:13:10,41191,3.2805829882128066,2328,1883372,149.9977699904428,41.540424994849865,753.3832017673411,30242.055712191835,12556,8776,7805,B,1756836790,5670,-0.45399049973954664,-0.8910065241883678,3.2803217328979852,39983.5,2415.0,38776.0,1805530.0,155684.0,1727688.0,10s
2025-09-02 18:13:20,72459,4.541745016923656,2468,3354576,210.2655133508838,42.327983422473686,621.444489342294,24945.87257350686,15954,11201,9473,B,1756836800,5680,-0.4694715627858905,-0.882947592858927,4.541460357254779,56825.0,31268.0,41191.0,2618974.0,1471204.0,1883372.0,10s
2025-09-02 18:13:30,96856,5.22529132498921,4262,4479928,241.68795856711264,42.42243167151704,493.3624591951807,18975.509536504997,18536,12916,10510,B,1756836810,5690,-0.4848096202463369,-0.8746197071393957,5.225009440578303,84657.5,24397.0,72459.0,3917252.0,1125352.0,3354576.0,10s
2025-09-02 18:13:40,85998,4.669997284822156,1629,3943644,214.15389628020634,42.272736414208104,499.09888064866954,19100.245851057138,18415,12882,10727,B,1756836820,5700,-0.4999999999999997,-0.8660254037844387,4.669743701129453,91427.0,-10858.0,96856.0,4211786.0,-536284.0,4479928.0,10s
2025-09-02 18:13:50,59740,3.8405657344905175,842,2684016,172.55004821600772,41.44285031668134,526.4085339912641,19506.044347516367,15555,10966,9379,B,1756836830,5710,-0.5150380749100537,-0.8571673007021126,3.840318848032913,72869.0,-26258.0,85998.0,3313830.0,-1259628.0,3943644.0,10s
2025-09-02 18:14:00,51354,3.813321452439296,1704,2318516,172.1627682483107,41.26017537027488,545.8353523221721,20227.710563907207,13467,9615,8361,B,1756836840,5720,-0.5299192642332047,-0.8480480961564261,3.813038313038313,55547.0,-8386.0,59740.0,2501266.0,-365500.0,2684016.0,10s
2025-09-02 18:14:10,45244,3.4221314575296877,710,2020756,152.84441418954694,41.17522011239232,561.0447044910202,20819.27054508317,13221,9376,8170,B,1756836850,5730,-0.5446390350150266,-0.8386705679454243,3.4218726365148995,48299.0,-6110.0,51354.0,2169636.0,-297760.0,2318516.0,10s
2025-09-02 18:14:20,43315,3.4146629877808437,1434,1957272,154.29814741821048,41.26376346479664,585.552931201169,22100.46800316746,12685,8805,7965,B,1756836860,5740,-0.559192903470747,-0.8290375725550416,3.41439381995901,44279.5,-1929.0,45244.0,1989014.0,-63484.0,2020756.0,10s
2025-09-02 18:14:30,36079,3.171222642172805,736,1615520,141.99876944713017,40.8065409673408,595.35989282051,22010.571468050097,11377,7995,7262,B,1756836870,5750,-0.573576436351046,-0.8191520442889918,3.1709439268764283,39697.0,-7236.0,43315.0,1786396.0,-341752.0,1957272.0,10s
2025-09-02 18:14:40,37225,3.0387755102040814,515,1653624,134.98971428571429,40.917947833996905,586.727547260799,21710.59341408593,12250,8570,7586,B,1756836880,5760,-0.5877852522924729,-0.8090169943749477,3.0385274671455393,36652.0,1146.0,36079.0,1634572.0,38104.0,1615520.0,10s
2025-09-02 18:14:50,38770,3.007757951900698,1956,1748848,135.67478665632274,40.98120153109494,594.9984232923439,22107.035160449737,12890,8889,7904,B,1756836890,5770,-0.6018150231520483,-0.7986355100472929,3.007524629586533,37997.5,1545.0,37225.0,1701236.0,95224.0,1653624.0,10s
2025-09-02 18:15:00,36659,2.921035856573705,779,1674068,133.39187250996017,41.05253107066073,604.5579397810473,22595.7786349458,12550,8433,7869,B,1756836900,5780,-0.6156614753256582,-0.7880107536067221,2.920803123257111,37714.5,-2111.0,38770.0,1711458.0,-74780.0,1748848.0,10s
2025-09-02 18:15:10,32547,2.6568979591836737,636,1445164,117.97257142857143,40.822783620711704,620.4293780721812,23164.19897478668,12250,8312,7719,B,1756836910,5790,-0.6293203910498372,-0.7771459614569712,2.656681087258183,34603.0,-4112.0,36659.0,1559616.0,-228904.0,1674068.0,10s
2025-09-02 18:15:20,32926,2.6315537084398977,1166,1466356,117.19597186700767,40.630694099932285,648.8659220395876,24279.882828734128,12512,8418,8200,B,1756836920,5800,-0.6427876096865393,-0.7660444431189782,2.6313434028610247,32736.5,379.0,32547.0,1455760.0,21192.0,1445164.0,10s
2025-09-02 18:15:30,32538,2.6233975651052166,1106,1422504,114.69031685882447,40.71862342964077,613.6650943920572,22611.453402393694,12403,8387,7709,B,1756836930,5810,-0.656059028990507,-0.7547095802227723,2.623186069009997,32732.0,-388.0,32926.0,1444430.0,-43852.0,1466356.0,10s
2025-09-02 18:15:40,27086,2.3544853963838666,178,1182744,102.8115438108484,40.652956043547775,623.1416498543921,23098.158047156285,11504,7776,7322,B,1756836940,5820,-0.6691306063588582,-0.7431448254773944,2.3542807475010865,29812.0,-5452.0,32538.0,1302624.0,-239760.0,1422504.0,10s
2025-09-02 18:15:50,28583,2.4461275139067182,526,1241964,106.28703465982028,40.748231355920886,620.9706006042924,23015.445438703267,11685,8056,7244,B,1756836950,5830,-0.6819983600624984,-0.7313537016191707,2.445918192709225,27834.5,1497.0,27086.0,1212354.0,59220.0,1182744.0,10s
2025-09-02 18:16:00,26417,2.337787610619469,2030,1188048,105.13699115044248,40.9059911309929,659.0510199337964,24820.06993551968,11300,7914,6954,B,1756836960,5840,-0.694658370458997,-0.7193398003386515,2.3375807450668082,27500.0,-2166.0,28583.0,1215006.0,-53916.0,1241964.0,10s
2025-09-02 18:16:10,22051,1.9329417952314165,221,963000,84.41444600280505,41.07977856311857,688.4544489333728,26429.237313980924,11408,7839,7105,B,1756836970,5850,-0.7071067811865475,-0.7071067811865477,1.9327723726882287,24234.0,-4366.0,26417.0,1075524.0,-225048.0,1188048.0,10s
2025-09-02 18:16:20,19878,1.7213370280568063,587,857560,74.26047800484932,40.95974430834147,738.5806096715361,28606.99714991333,11548,7755,7470,B,1756836980,5860,-0.719339800338651,-0.6946583704589976,1.7211879816434323,20964.5,-2173.0,22051.0,910280.0,-105440.0,963000.0,10s
2025-09-02 18:16:30,17357,1.4996543977881458,432,751872,64.96215655780198,41.850164955040675,831.1862115738895,33891.857059074304,11574,7905,7314,B,1756836990,5870,-0.7313537016191702,-0.6819983600624989,1.4995248380129589,18617.5,-2521.0,19878.0,804716.0,-105688.0,857560.0,10s
2025-09-02 18:16:40,13965,1.22414095371669,98,586348,51.39796633941094,42.11986909770921,950.7390097226747,39929.87524099441,11408,7771,7256,B,1756837000,5880,-0.7431448254773945,-0.6691306063588581,1.2240336576387063,15661.0,-3392.0,17357.0,669110.0,-165524.0,751872.0,10s
2025-09-02 18:16:50,8353,1.1400300259314864,30,349208,47.660434011191484,42.155179473181384,979.7734875626784,41334.50229887115,7327,5237,4873,B,1756837010,5890,-0.7547095802227721,-0.6560590289905074,1.1398744541484715,11159.0,-5612.0,13965.0,467778.0,-237140.0,586348.0,10s
2025-09-02 18:17:00,1772587,69.02597352024922,35294,72553928,2825.308722741433,41.05148573224934,225.28002018054787,8788.81324773528,25680,17105,16071,B,1756837020,5900,-0.766044443118978,-0.6427876096865395,69.02328569759744,890470.0,1764234.0,8353.0,36451568.0,72204720.0,349208.0,10s
2025-09-02 18:17:10,746941,21.36620040619011,8711,32766320,937.2785262736348,42.69235730697365,319.46516230867536,12479.009571618762,34959,22931,19412,B,1756837030,5910,-0.7771459614569708,-0.6293203910498377,21.365589244851257,1259764.0,-1025646.0,1772587.0,52660124.0,-39787608.0,72553928.0,10s
2025-09-02 18:17:20,350230,12.949898317618784,1997,15752300,582.447772231466,42.656777637195006,338.57873196996843,13073.841614251087,27045,19243,14753,B,1756837040,5920,-0.7880107536067217,-0.6156614753256587,12.94941950750573,548585.5,-396711.0,746941.0,24259310.0,-17014020.0,32766320.0,10s
2025-09-02 18:17:30,227949,9.976322815002845,2780,10085188,441.384218127708,41.973528988256476,373.5291924903598,14123.2110208488,22849,16233,12960,B,1756837050,5930,-0.798635510047293,-0.6018150231520482,9.975886214442014,289089.5,-122281.0,350230.0,12918744.0,-5667112.0,15752300.0,10s
2025-09-02 18:17:40,144049,7.5170380420602205,1562,6453604,336.774200281793,41.68275047929116,407.01881448232245,15217.085854019084,19163,13546,11460,B,1756837060,5940,-0.8090169943749475,-0.5877852522924732,7.516645794197453,185999.0,-83900.0,227949.0,8269396.0,-3631584.0,10085188.0,10s
2025-09-02 18:17:50,119061,6.740700900186831,1563,5288504,299.4114250127385,41.203914053320496,431.15889038678836,15985.105238170472,17663,12232,10651,B,1756837070,5950,-0.8191520442889917,-0.5735764363510464,6.740319293478261,131555.0,-24988.0,144049.0,5871054.0,-1165100.0,6453604.0,10s
2025-09-02 18:18:00,99954,6.419653179190751,2148,4538968,291.52010276172126,41.16546879171923,447.6971956397879,16441.071784593794,15570,11139,9527,B,1756837080,5960,-0.829037572555042,-0.5591929034707465,6.419240896538437,109507.5,-19107.0,119061.0,4913736.0,-749536.0,5288504.0,10s
2025-09-02 18:18:10,79619,5.188257526391242,763,3593720,234.17959077283982,41.061288946388835,484.1591054173115,17765.21481325172,15346,10672,9564,B,1756837090,5970,-0.8386705679454242,-0.544639035015027,5.1879194630872485,89786.5,-20335.0,99954.0,4066344.0,-945248.0,4538968.0,10s
2025-09-02 18:18:20,79083,5.260976583288984,915,3542688,235.6764236295902,41.22472964952528,485.6356950904993,17979.806636302586,15032,10456,9205,B,1756837100,5980,-0.8480480961564258,-0.529919264233205,5.260626621432848,79351.0,-536.0,79619.0,3568204.0,-51032.0,3593720.0,10s
2025-09-02 18:18:30,76187,5.143599783958952,3377,3450332,232.94166891709426,40.98775295123334,500.586812909385,18463.8530197203,14812,10347,9229,B,1756837110,5990,-0.857167300702112,-0.5150380749100544,5.143252548437183,77635.0,-2896.0,79083.0,3496510.0,-92356.0,3542688.0,10s
2025-09-02 18:18:40,64891,4.372414257799339,982,2898348,195.2933090762078,40.800244465610255,516.998727913595,19072.383008745186,14841,10292,9314,B,1756837120,6000,-0.8660254037844383,-0.5000000000000003,4.372119660423124,70539.0,-11296.0,76187.0,3174340.0,-551984.0,3450332.0,10s
2025-09-02 18:18:50,63320,4.461039876003945,1687,2835820,199.7900521347048,40.63811890550516,533.3938802486041,19685.70145971753,14194,9922,8795,B,1756837130,6010,-0.8746197071393954,-0.4848096202463376,4.460725607608313,64105.5,-1571.0,64891.0,2867084.0,-62528.0,2898348.0,10s
2025-09-02 18:19:00,73473,5.48224145649903,19088,3182732,237.48186837785406,40.75008833495319,526.1040290121867,19408.04078444991,13402,9384,8446,B,1756837140,6020,-0.8829475928589268,-0.4694715627858907,5.481832425576363,68396.5,10153.0,63320.0,3009276.0,346912.0,2835820.0,10s
2025-09-02 18:19:10,51905,3.671311359456783,627,2303280,162.91413212618474,40.81381310407063,568.2611129069707,20979.704706999906,14138,9592,9036,B,1756837150,6030,-0.8910065241883676,-0.4539904997395469,3.671051700968951,62689.0,-21568.0,73473.0,2743006.0,-879452.0,3182732.0,10s
2025-09-02 18:19:20,47989,3.3697774032722423,821,2155860,151.3840320202233,40.8880064472696,587.4531943969907,21981.621784435498,14241,9900,8961,B,1756837160,6040,-0.8987940462991667,-0.43837114678907774,3.3695407948321865,49947.0,-3916.0,51905.0,2229570.0,-147420.0,2303280.0,10s
2025-09-02 18:19:30,50699,3.7527017024426352,5526,2265960,167.72464840858623,40.90381173074319,587.0076008262147,22011.585857880702,13510,9630,8165,B,1756837170,6050,-0.9063077870366495,-0.42261826174069994,3.752423950854859,49344.0,2710.0,47989.0,2210910.0,110100.0,2155860.0,10s
2025-09-02 18:19:40,42773,3.292510199368794,744,1902272,146.42998999307213,41.067424045157416,615.7233861796967,23401.935483032412,12991,9218,7900,B,1756837180,6060,-0.9135454576426004,-0.4067366430758009,3.2922567733990147,46736.0,-7926.0,50699.0,2084116.0,-363688.0,2265960.0,10s
2025-09-02 18:19:50,38759,2.91815991567535,746,1715340,129.14771871706068,41.42505607097308,675.8968657723755,26409.721962609117,13282,9148,8277,B,1756837190,6070,-0.9205048534524402,-0.3907311284892738,2.9179402243469097,40766.0,-4014.0,42773.0,1808806.0,-186932.0,1902272.0,10s
2025-09-02 18:20:00,39887,3.0080693815987933,1209,1776304,133.95957767722473,41.89811402846202,761.485836258454,31024.445506603173,13260,9150,8242,B,1756837200,6080,-0.9271838545667872,-0.3746065934159123,3.007842545811025,39323.0,1128.0,38759.0,1745822.0,60964.0,1715340.0,10s
2025-09-02 18:20:10,92637,5.235503560528993,1366,4260192,240.77043065445915,42.19706974235528,569.7310449603547,22336.124076824046,17694,12310,10520,B,1756837210,6090,-0.9335804264972015,-0.3583679495453007,5.235207685786945,66262.0,52750.0,39887.0,3018248.0,2483888.0,1776304.0,10s
2025-09-02 18:20:20,85560,4.595799538056615,1117,3928188,211.0000537143471,42.19094740789216,504.1216212614651,19268.366833153603,18617,12930,10947,B,1756837220,6100,-0.9396926207859084,-0.34202014332566855,4.595552690944247,89098.5,-7077.0,92637.0,4094190.0,-332004.0,4260192.0,10s
2025-09-02 18:20:30,71643,4.174027033325565,810,3274704,190.78909345140994,41.70471860263561,519.0747284859156,19550.23464660664,17164,12526,9887,B,1756837230,6110,-0.9455185755993168,-0.32556815445715664,4.173783862510923,78601.5,-13917.0,85560.0,3601446.0,-653484.0,3928188.0,10s
2025-09-02 18:20:40,52755,3.611871833493085,1095,2351992,161.02916609612487,41.070506639947155,555.937610948398,20568.635290859867,14606,10646,8744,B,1756837240,6120,-0.9510565162951535,-0.3090169943749476,3.611624563565414,62199.0,-18888.0,71643.0,2813348.0,-922712.0,3274704.0,10s
2025-09-02 18:20:50,46346,3.367189770415577,635,2087480,151.66230746875908,40.96113387314588,562.1172711008536,20578.454207199768,13764,9739,8398,B,1756837250,6130,-0.9563047559630354,-0.2923717047227371,3.3669451507446424,49550.5,-6409.0,52755.0,2219736.0,-264512.0,2351992.0,10s
2025-09-02 18:21:00,40420,3.2013305876762237,713,1808364,143.22540788848409,40.99408923721622,560.4362589202757,20448.02021036665,12626,8856,7936,B,1756837260,6140,-0.9612616959383188,-0.2756373558169998,3.2010770570998655,43383.0,-5926.0,46346.0,1947922.0,-279116.0,2087480.0,10s
2025-09-02 18:21:10,39712,3.1746742345511234,1102,1776008,141.97841554081063,40.8229280730635,564.0151215207895,20529.04210895146,12509,8676,7742,B,1756837270,6150,-0.9659258262890684,-0.2588190451025207,3.174420463629097,40066.0,-708.0,40420.0,1792186.0,-32356.0,1808364.0,10s
2025-09-02 18:21:20,36973,3.1506604175543247,655,1646968,140.34665530464423,40.81113642980465,581.6121497108602,21313.608803299663,11735,8314,7296,B,1756837280,6160,-0.9702957262759966,-0.24192189559966784,3.1503919563735514,38342.5,-2739.0,39712.0,1711488.0,-129040.0,1776008.0,10s
2025-09-02 18:21:30,36661,2.8828340017299676,489,1639772,128.943304238421,41.102315610554605,587.4941338242104,21781.64611107761,12717,8730,7892,B,1756837290,6170,-0.9743700647852352,-0.2249510543438653,2.8826073281962574,36817.0,-312.0,36973.0,1643370.0,-7196.0,1646968.0,10s
2025-09-02 18:21:40,38127,3.0104224240031585,1673,1702508,134.4262139755231,40.76574290217057,590.6645234974627,21808.30649023766,12665,8741,7782,B,1756837300,6180,-0.9781476007338057,-0.20791169081775984,3.0101847465656086,37394.0,1466.0,36661.0,1671140.0,62736.0,1639772.0,10s
2025-09-02 18:21:50,33617,2.7636468267017427,252,1498804,123.21637619204209,40.65478975795474,601.0648750955705,22114.79086077733,12164,8640,7560,B,1756837310,6190,-0.9816271834476639,-0.1908089953765455,2.7634196465269216,35872.0,-4510.0,38127.0,1600656.0,-203704.0,1702508.0,10s
2025-09-02 18:22:00,33644,2.8293667479606426,768,1479116,124.38953830628206,40.87349646375301,607.1590612954145,22690.02464086632,11891,8308,7437,B,1756837320,6200,-0.984807753012208,-0.17364817766693036,2.829128826101581,33630.5,27.0,33617.0,1488960.0,-19688.0,1498804.0,10s
2025-09-02 18:22:10,32146,2.732573954437266,1777,1392816,118.39646378782727,40.695567042694485,616.1753401509249,22773.405599904658,11764,8217,7479,B,1756837330,6210,-0.9876883405951375,-0.15643446504023106,2.7323416914577137,32895.0,-1498.0,33644.0,1435966.0,-86300.0,1479116.0,10s
2025-09-02 18:22:20,31192,2.5906976744186045,1081,1392372,115.64551495016612,40.53642390457562,639.9057962360116,23780.617738464385,12040,8127,7835,B,1756837340,6220,-0.9902680687415701,-0.13917310096006583,2.590482518063284,31669.0,-954.0,32146.0,1392594.0,-444.0,1392816.0,10s
2025-09-02 18:22:30,25785,2.3387755102040817,249,1137392,103.16480725623583,40.60314896174473,621.4872413478569,23037.0705252128,11025,7688,7023,B,1756837350,6230,-0.9925461516413219,-0.12186934340514806,2.3385633956103753,28488.5,-5407.0,31192.0,1264882.0,-254980.0,1392372.0,10s
2025-09-02 18:22:40,26005,2.2966528305219467,327,1136580,100.37799169831317,40.62623639387329,632.5017117678814,23410.22631336549,11323,7946,6917,B,1756837360,6240,-0.9945218953682731,-0.10452846326765423,2.296450017661604,25895.0,220.0,25785.0,1136986.0,-812.0,1137392.0,10s
2025-09-02 18:22:50,23638,2.096682632605996,295,1033384,91.66081248891254,40.571636135226754,650.0575131575272,24134.660729987605,11274,7886,7043,B,1756837370,6250,-0.9961946980917454,-0.08715574274765825,2.09649667405765,24821.5,-2367.0,26005.0,1084982.0,-103196.0,1136580.0,10s
2025-09-02 18:23:00,22529,2.0056084750289327,814,981836,87.40639188106472,40.93777795215911,680.6603144377375,25809.7319886356,11233,7648,7053,B,1756837380,6260,-0.9975640502598242,-0.06975647374412558,2.005429944810397,23083.5,-1109.0,23638.0,1007610.0,-51548.0,1033384.0,10s
2025-09-02 18:23:10,19937,1.7366724738675958,445,862888,75.16445993031358,41.426353392058964,720.4403377835814,28171.53167944422,11480,7680,7292,B,1756837390,6270,-0.9986295347545738,-0.052335956242944306,1.736521208953924,21233.0,-2592.0,22529.0,922362.0,-118948.0,981836.0,10s
2025-09-02 18:23:20,17151,1.4772609819121447,261,728472,62.745219638242894,41.76164338350902,809.4796241702905,32790.17902360773,11610,7765,7371,B,1756837400,6280,-0.9993908270190959,-0.03489949670250164,1.4771337524761003,18544.0,-2786.0,19937.0,795680.0,-134416.0,862888.0,10s
2025-09-02 18:23:30,14126,1.25776867598611,145,592356,52.742943638144425,42.19161843706408,937.8908489710423,39426.788252891296,11231,7710,7170,B,1756837410,6290,-0.9998476951563914,-0.017452406437284386,1.2576566951566952,15638.5,-3025.0,17151.0,660414.0,-136116.0,728472.0,10s
2025-09-02 18:23:40,10040,1.1838226624218842,95,421964,49.75403843886334,42.436387218488385,972.3101795935675,41322.137135329314,8481,5929,5552,B,1756837420,6300,-1.0,-1.8369701987210297e-16,1.1836830936099976,12083.0,-4086.0,14126.0,507160.0,-170392.0,592356.0,10s
2025-09-02 18:23:50,1586243,84.21783912928059,35326,64386908,3418.4713565171223,40.78491562979541,214.38687339096145,8301.340781680516,18835,12946,12345,B,1756837430,6310,-0.9998476951563914,0.017452406437284018,84.21336801868762,798141.5,1576203.0,10040.0,32404436.0,63964944.0,421964.0,10s
2025-09-02 18:24:00,894723,24.198052738336713,10124,39047380,1056.0481406355646,42.26552685372968,315.6290654095224,12178.623991449418,36975,23610,20183,B,1756837440,6320,-0.999390827019096,0.03489949670250128,24.197398312418866,1240483.0,-691520.0,1586243.0,51717144.0,-25339528.0,64386908.0,10s
2025-09-02 18:24:10,421974,14.337739118616424,10669,19127744,649.91824946485,42.50543906573198,364.0887393564678,13960.853814557971,29431,19929,15949,B,1756837450,6330,-0.9986295347545739,0.052335956242943946,14.337251970644196,658348.5,-472749.0,894723.0,29087562.0,-19919636.0,39047380.0,10s
2025-09-02 18:24:20,232860,9.971309895944847,2008,10466040,448.1668308140282,41.84172107563563,394.0463250157376,14822.542140308666,23353,16551,13006,B,1756837460,6340,-0.9975640502598242,0.06975647374412522,9.970882932259999,327417.0,-189114.0,421974.0,14796892.0,-8661704.0,19127744.0,10s
2025-09-02 18:24:30,154294,7.8785743464052285,4389,6864180,350.49938725490193,41.28582453820169,429.8527107445219,15914.448096600012,19584,13786,11195,B,1756837470,6350,-0.9961946980917454,0.08715574274765789,7.878172070462088,193577.0,-78566.0,232860.0,8665110.0,-3601860.0,10466040.0,10s
2025-09-02 18:24:40,120450,6.895071269105272,2667,5387540,308.4057473238308,40.74998071266053,461.4347512245297,16966.70184298843,17469,12135,10307,B,1756837480,6360,-0.9945218953682732,0.10452846326765389,6.894676588437322,137372.0,-33844.0,154294.0,6125860.0,-1476640.0,6864180.0,10s
2025-09-02 18:24:50,97568,6.084689741191144,2886,4313544,269.00804490177734,40.840146801477225,489.81464250088976,18070.71251224244,16035,10869,9644,B,1756837490,6370,-0.9925461516413219,0.1218693434051477,6.084310301820903,109009.0,-22882.0,120450.0,4850542.0,-1073996.0,5387540.0,10s
2025-09-02 18:25:00,87226,5.557566103854731,1014,3957228,252.13303599872572,40.58635529602816,494.98287392542335,18006.96233559942,15695,10686,9273,B,1756837500,6380,-0.9902680687415703,0.13917310096006547,5.5572120285423035,92397.0,-10342.0,97568.0,4135386.0,-356316.0,4313544.0,10s
2025-09-02 18:25:10,81944,5.335243179894524,1203,3645936,237.38107949736312,40.50921554944457,511.9490852613732,18671.646028913234,15359,10495,9239,B,1756837510,6390,-0.9876883405951377,0.15643446504023067,5.334895833333333,84585.0,-5282.0,87226.0,3801582.0,-311292.0,3957228.0,10s
2025-09-02 18:25:20,72421,4.948141568734627,4067,3258992,222.66958185296528,40.697310308329946,507.9631502532346,18470.911687914417,14636,9742,8993,B,1756837520,6400,-0.9848077530122081,0.17364817766692997,4.947803511648562,77182.5,-9523.0,81944.0,3452464.0,-386944.0,3645936.0,10s
2025-09-02 18:25:30,71401,4.986799832378824,2636,3209268,224.14219863109372,40.60990307323158,509.3831187853714,18414.365642714296,14318,9591,8537,B,1756837530,6410,-0.981627183447664,0.1908089953765451,4.986451567846917,71911.0,-1020.0,72421.0,3234130.0,-49724.0,3258992.0,10s
2025-09-02 18:25:40,61774,4.331673795666503,692,2771776,194.36056377533131,40.55613518438846,521.3820755350433,18964.889897933,14261,9561,8672,B,1756837540,6420,-0.9781476007338058,0.20791169081775945,4.3313700743233765,66587.5,-9627.0,71401.0,2990522.0,-437492.0,3209268.0,10s
2025-09-02 18:25:50,58573,4.5202191696249425,2203,2611864,201.56382157740393,40.29812556493763,536.1898874068886,19280.85306326266,12958,8881,7810,B,1756837550,6430,-0.9743700647852354,0.22495105434386492,4.519870360367312,60173.5,-3201.0,61774.0,2691820.0,-159912.0,2771776.0,10s
2025-09-02 18:26:00,57083,4.242196789536266,2271,2526444,187.75594530321047,40.209507063059505,546.8510244439747,19586.4479304621,13456,8953,8234,B,1756837560,6440,-0.9702957262759967,0.24192189559966745,4.241881548636397,57828.0,-1490.0,58573.0,2569154.0,-85420.0,2611864.0,10s
2025-09-02 18:26:10,55805,3.8606018678657903,729,2503784,173.21231407817365,40.27730784264599,572.857950918278,20738.10017983569,14455,9431,9010,B,1756837570,6450,-0.9659258262890685,0.25881904510252035,3.860334809075816,56444.0,-1278.0,57083.0,2515114.0,-22660.0,2526444.0,10s
2025-09-02 18:26:20,54317,3.872041631023667,1408,2428428,173.11291702309666,40.242156148334466,570.4946905449441,20736.172973939643,14028,9548,8320,B,1756837580,6460,-0.9612616959383189,0.27563735581699944,3.871765628341293,55061.0,-1488.0,55805.0,2466106.0,-75356.0,2503784.0,10s
2025-09-02 18:26:30,56888,4.112187364464363,1454,2581688,186.61905450339742,40.29837084056154,556.933474652056,20019.40493377399,13834,9272,8034,B,1756837590,6470,-0.9563047559630357,0.29237170472273677,4.111890133718829,55602.5,2571.0,54317.0,2505058.0,153260.0,2428428.0,10s
2025-09-02 18:26:40,49533,3.5911694337707534,653,2218000,160.80620604654536,40.288067312989995,562.0119043978804,20266.264800316774,13793,9336,8091,B,1756837600,6480,-0.9510565162951538,0.3090169943749473,3.590909090909091,53210.5,-7355.0,56888.0,2399844.0,-363688.0,2581688.0,10s
2025-09-02 18:26:50,51193,3.732356372120152,2742,2265452,165.16856226305046,40.22208490153191,581.0086493337145,21068.49977116335,13716,9126,8230,B,1756837610,6490,-0.9455185755993171,0.32556815445715637,3.7320842749872423,50363.0,1660.0,49533.0,2241726.0,47452.0,2218000.0,10s
2025-09-02 18:27:00,49530,3.6585906337716056,848,2193168,162.00088639385433,40.2003549122729,573.9678519418516,20648.5690307634,13538,9120,8129,B,1756837620,6500,-0.9396926207859086,0.3420201433256682,3.658320407711057,50361.5,-1663.0,51193.0,2229310.0,-72284.0,2265452.0,10s
2025-09-02 18:27:10,49153,3.819785514454461,3006,2204696,171.33167547404415,40.05831459652768,567.4545785788636,20244.00493183899,12868,8686,7703,B,1756837630,6510,-0.933580426497202,0.3583679495452996,3.819488693760199,49341.5,-377.0,49530.0,2198932.0,11528.0,2193168.0,10s
2025-09-02 18:27:20,40097,3.3283805096704575,476,1790284,148.6082842201378,40.26011961977585,586.0526430018924,21060.75423464487,12047,8234,7232,B,1756837640,6520,-0.9271838545667873,0.374606593415912,3.328104249667995,44625.0,-9056.0,49153.0,1997490.0,-414412.0,2204696.0,10s
2025-09-02 18:27:30,42980,3.2814170102305695,1176,1936892,147.87692777523287,40.39408459123587,582.5861075725562,20960.388827547493,13098,8660,7798,B,1756837650,6530,-0.9205048534524404,0.3907311284892735,3.281166501259638,41538.5,2883.0,40097.0,1863588.0,146608.0,1790284.0,10s
2025-09-02 18:27:40,44494,3.44167698019802,1558,1991896,154.07611386138615,40.35517297140093,564.7555706908597,20191.34371222996,12928,8674,7653,B,1756837660,6540,-0.913545457642601,0.40673664307579976,3.441410781963029,43737.0,1514.0,42980.0,1964394.0,55004.0,1936892.0,10s
2025-09-02 18:27:50,45977,3.5356044294063365,1938,2092408,160.90495232236236,40.325374546600536,576.3325009326929,20637.771749868713,13004,8677,7833,B,1756837670,6550,-0.9063077870366502,0.42261826174069883,3.5353325643983085,45235.5,1483.0,44494.0,2042152.0,100512.0,1991896.0,10s
2025-09-02 18:28:00,41560,3.3352058422277504,653,1849984,148.46192119412567,40.34550911280346,582.3211772065149,21003.492918882443,12461,8213,7578,B,1756837680,6560,-0.8987940462991673,0.4383711467890766,3.3349382121649818,43768.5,-4417.0,45977.0,1971196.0,-242424.0,2092408.0,10s
2025-09-02 18:28:10,40890,3.2449805570986427,1366,1823700,144.72660899928576,40.32572131922092,587.4414948872003,21091.95221445728,12601,8379,7674,B,1756837690,6570,-0.8910065241883675,0.4539904997395474,3.244723059831773,41225.0,-670.0,41560.0,1836842.0,-26284.0,1849984.0,10s
2025-09-02 18:28:20,35225,2.923721779548473,825,1552464,128.85657370517927,40.2018711557489,618.5600546304038,22485.08217250394,12048,8020,7579,B,1756837700,6580,-0.8829475928589267,0.4694715627858912,2.923479126898498,38057.5,-5665.0,40890.0,1688082.0,-271236.0,1823700.0,10s
2025-09-02 18:28:30,38056,3.02584082054544,1553,1688144,134.22469587341973,40.258355377446755,623.9211359007131,22819.313463527757,12577,8448,7535,B,1756837710,6590,-0.8746197071393955,0.4848096202463372,3.025600254412466,36640.5,2831.0,35225.0,1620304.0,135680.0,1552464.0,10s
2025-09-02 18:28:40,36468,2.910919540229885,2789,1625776,129.7713920817369,40.23433424086409,613.2960454616662,22350.367337256434,12528,8433,7497,B,1756837720,6600,-0.8660254037844385,0.5,2.910687205682816,37262.0,-1588.0,38056.0,1656960.0,-62368.0,1688144.0,10s
2025-09-02 18:28:50,33747,2.6894325788970352,1328,1503284,119.80267771756455,40.266778008689194,621.1475264200176,22592.910903162425,12548,8328,7463,B,1756837730,6610,-0.8571673007021123,0.515038074910054,2.689218264403538,35107.5,-2721.0,36468.0,1564530.0,-122492.0,1625776.0,10s
2025-09-02 18:29:00,32914,2.7056309083436085,559,1449264,119.13390875462392,39.94063326653398,627.5077614884232,22639.829592719947,12165,8122,7279,B,1756837740,6620,-0.8480480961564261,0.5299192642332046,2.705408515535098,33330.5,-833.0,33747.0,1476274.0,-54020.0,1503284.0,10s
2025-09-02 18:29:10,30579,2.526981241219734,517,1346252,111.25130154532684,40.16527204461191,644.9189405356601,23671.066332839648,12101,8048,7382,B,1756837750,6630,-0.8386705679454238,0.5446390350150273,2.526772434308379,31746.5,-2335.0,32914.0,1397758.0,-103012.0,1449264.0,10s
2025-09-02 18:29:20,29884,2.451316544992207,814,1315288,107.89008284800262,40.104497545250986,636.4037238102493,23161.814211719076,12191,8166,7402,B,1756837760,6640,-0.8290375725550416,0.5591929034707469,2.4511154855643045,30231.5,-695.0,30579.0,1330770.0,-30964.0,1346252.0,10s
2025-09-02 18:29:30,24543,2.269348127600555,373,1056532,97.69135460009247,40.16539633779146,641.4758424155582,23491.421362150457,10815,7235,6659,B,1756837770,6650,-0.8191520442889918,0.5735764363510459,2.2691383136094676,27213.5,-5341.0,29884.0,1185910.0,-258756.0,1315288.0,10s
2025-09-02 18:29:40,24271,2.040780290927436,184,1038112,87.28764819641806,40.038754645948224,674.7938280320507,24810.508169581008,11893,7928,7273,B,1756837780,6660,-0.8090169943749477,0.5877852522924728,2.0406087102740877,24407.0,-272.0,24543.0,1047322.0,-18420.0,1056532.0,10s
2025-09-02 18:29:50,24796,2.0898440792246102,1561,1070892,90.25638432364096,40.53765711274889,678.3705888530496,25297.432793017222,11865,7779,7211,B,1756837790,6670,-0.7986355100472932,0.6018150231520478,2.089667958874094,24533.5,525.0,24271.0,1054502.0,32780.0,1038112.0,10s
2025-09-02 18:30:00,20467,1.7027454242928453,231,877868,73.03394342762063,40.711803924675806,718.759740261157,27310.06627950224,12020,7763,7276,B,1756837800,6680,-0.7880107536067219,0.6156614753256584,1.7026037767240663,22631.5,-4329.0,24796.0,974380.0,-193024.0,1070892.0,10s
2025-09-02 18:30:10,18121,1.5445789294237982,547,758200,64.62666212069553,41.11018784602146,798.4323417026729,31529.59330759976,11732,7754,7201,B,1756837810,6690,-0.7771459614569709,0.6293203910498374,1.5444472854342453,19294.0,-2346.0,20467.0,818034.0,-119668.0,877868.0,10s
2025-09-02 18:30:20,14050,1.2582840766612933,86,586864,52.55812287300734,41.98844110096125,916.4463390300986,38182.50944084968,11166,7579,7087,B,1756837820,6700,-0.7660444431189782,0.6427876096865391,1.2581713978687203,16085.5,-4071.0,18121.0,672532.0,-171336.0,758200.0,10s
2025-09-02 18:30:30,15463,1.3077638700947225,1067,658448,55.68741542625169,42.31079724853405,973.6892961879873,41236.37406687219,11824,7773,7705,B,1756837830,6710,-0.7547095802227723,0.6560590289905069,1.3076532769556026,14756.5,1413.0,14050.0,622656.0,71584.0,586864.0,10s
2025-09-02 18:30:40,983271,127.94677944046845,37311,41550996,5406.765907612232,40.73211127075288,224.6449796954129,8795.135101884498,7685,5905,5848,B,1756837840,6720,-0.7431448254773947,0.6691306063588578,127.93013270882123,499367.0,967808.0,15463.0,21104722.0,40892548.0,658448.0,10s
2025-09-02 18:30:50,1376073,34.402685067126676,5418,57221368,1430.5699642491063,41.85757125196925,282.436404058667,11015.500438046194,39999,25723,22669,B,1756837850,6730,-0.731353701619171,0.6819983600624979,34.401825,1179672.0,392802.0,983271.0,49386182.0,15670372.0,41550996.0,10s
2025-09-02 18:31:00,478975,15.84173970563916,3700,21460380,709.786009591533,42.822823332089186,352.5518119658889,13770.893015827322,30235,20589,16786,B,1756837860,6740,-0.7193398003386512,0.6946583704589973,15.841215769281652,927524.0,-897098.0,1376073.0,39340874.0,-35760988.0,57221368.0,10s
2025-09-02 18:31:10,260231,10.810526753074111,4376,11653332,484.10319042871384,42.18855393232294,386.0426220280663,14789.19392200281,24072,17217,13540,B,1756837870,6750,-0.7071067811865477,0.7071067811865474,10.810077680388817,369603.0,-218744.0,478975.0,16556856.0,-9807048.0,21460380.0,10s
2025-09-02 18:31:20,168457,8.47710346215781,1898,7466740,375.74174718196457,41.608665022700585,420.9816059493055,15957.862228888094,19872,14390,11634,B,1756837880,6760,-0.6946583704589976,0.7193398003386509,8.476676898304232,214344.0,-91774.0,260231.0,9560036.0,-4186592.0,11653332.0,10s
2025-09-02 18:31:30,128880,7.2916548797736915,2284,5761528,325.9704667609618,41.32078965088802,432.42318727847373,16170.363796204987,17675,12722,10599,B,1756837890,6770,-0.6819983600624989,0.7313537016191701,7.291242362525458,148668.5,-39577.0,168457.0,6614134.0,-1705212.0,7466740.0,10s
2025-09-02 18:31:40,95564,5.971257185703574,1307,4267764,266.66858285428646,41.12610108386588,479.5258279165415,17709.619797209616,16004,11189,9612,B,1756837900,6780,-0.6691306063588588,0.7431448254773938,5.97088409871915,112222.0,-33316.0,128880.0,5014646.0,-1493764.0,5761528.0,10s
2025-09-02 18:31:50,94032,5.91024512884978,3447,4253888,267.37196731615336,41.07382789765205,488.86692952183375,18056.15479154151,15910,10992,9595,B,1756837910,6790,-0.6560590289905074,0.754709580222772,5.909873672302181,94798.0,-1532.0,95564.0,4260826.0,-13876.0,4267764.0,10s
2025-09-02 18:32:00,87015,5.844247430989321,3464,3965472,266.3356840620592,41.20570135402899,488.3539843228176,18123.639332000555,14889,10437,8995,B,1756837920,6800,-0.6427876096865395,0.7660444431189779,5.843854936198791,90523.5,-7017.0,94032.0,4109680.0,-288416.0,4253888.0,10s
2025-09-02 18:32:10,70565,4.98023854894488,1458,3169968,223.72559813677748,41.0316339233979,488.46717966506753,17972.079818576156,14169,9980,8879,B,1756837930,6810,-0.6293203910498377,0.7771459614569707,4.979887085391672,78790.0,-16450.0,87015.0,3567720.0,-795504.0,3965472.0,10s
2025-09-02 18:32:20,76635,5.25329037565122,3016,3495412,239.60871949547573,40.950060877263084,499.76253306958097,18354.774362331736,14588,10223,9050,B,1756837940,6820,-0.6156614753256587,0.7880107536067216,5.252930289944478,73600.0,6070.0,70565.0,3332690.0,325444.0,3169968.0,10s
2025-09-02 18:32:30,64655,4.566031073446328,673,2896432,204.5502824858757,40.82445859429675,516.9697187116315,18956.017389505738,14160,10146,8592,B,1756837950,6830,-0.6018150231520489,0.7986355100472924,4.565708636395735,70645.0,-11980.0,76635.0,3195922.0,-598980.0,3495412.0,10s
2025-09-02 18:32:40,61961,4.542928367182345,1458,2826672,207.24921181904833,40.78719259592163,521.7574067944046,19131.52579384465,13639,9610,8466,B,1756837960,6840,-0.5877852522924739,0.8090169943749469,4.542595307917889,63308.0,-2694.0,64655.0,2861552.0,-69760.0,2896432.0,10s
2025-09-02 18:32:50,61962,4.445544554455446,1130,2809332,201.55919070167886,40.69464750492032,537.4997511783137,19734.878870180026,13938,9719,8745,B,1756837970,6850,-0.5735764363510456,0.8191520442889921,4.445225625941602,61961.5,1.0,61961.0,2818002.0,-17340.0,2826672.0,10s
2025-09-02 18:33:00,55649,4.111488732914665,851,2524208,186.4948651643886,40.767464791609335,552.419142825401,20361.120429581715,13535,9447,8401,B,1756837980,6860,-0.5591929034707465,0.8290375725550418,4.111184988179669,58805.5,-6313.0,61962.0,2666770.0,-285124.0,2809332.0,10s
2025-09-02 18:33:10,57073,4.069956500035656,1303,2627804,187.39242672751908,40.79619296419261,575.0722881833229,21311.464461860938,14023,9660,8752,B,1756837990,6870,-0.544639035015027,0.838670567945424,4.069666286366229,56361.0,1424.0,55649.0,2576006.0,103596.0,2524208.0,10s
2025-09-02 18:33:20,48679,3.7436745366453894,1013,2172256,167.0580635238022,40.79985421878256,557.2934081271916,20635.651683009124,13003,9408,7727,B,1756838000,6880,-0.529919264233205,0.8480480961564258,3.743386650261458,52876.0,-8394.0,57073.0,2400030.0,-455548.0,2627804.0,10s
2025-09-02 18:33:30,53435,3.9607886739307685,2901,2444380,181.18597583574234,40.50430935786721,571.8423147864096,20913.518074592306,13491,9331,8087,B,1756838010,6890,-0.5150380749100544,0.857167300702112,3.960495108212274,51057.0,4756.0,48679.0,2308318.0,272124.0,2172256.0,10s
2025-09-02 18:33:40,53979,4.103618671126654,2621,2470504,187.8138969134864,40.39599392318484,585.6504551266563,21436.49273408692,13154,9245,8023,B,1756838020,6900,-0.4999999999999996,0.8660254037844387,4.103306727480046,53707.0,544.0,53435.0,2457442.0,26124.0,2444380.0,10s
2025-09-02 18:33:50,49665,3.911553910372529,1155,2271260,178.88162558084588,40.32268280272945,585.6315464377394,21411.945743501947,12697,8818,7872,B,1756838030,6910,-0.48480962024633684,0.8746197071393957,3.9112458654906286,51822.0,-4314.0,53979.0,2370882.0,-199244.0,2470504.0,10s
2025-09-02 18:34:00,44931,3.4727933219972176,556,2017276,155.91868913278714,40.691844883651896,566.9228891204616,20822.48333923123,12938,9081,7976,B,1756838040,6920,-0.46947156278589075,0.8829475928589268,3.4725249246464176,47298.0,-4734.0,49665.0,2144268.0,-253984.0,2271260.0,10s
2025-09-02 18:34:10,41752,3.5365068609181773,374,1894712,160.4872098932746,40.9520271992372,558.4333928200451,20447.54179482413,11806,8221,7417,B,1756838050,6930,-0.45399049973954697,0.8910065241883676,3.5362073346319978,43341.5,-3179.0,44931.0,1955994.0,-122564.0,2017276.0,10s
2025-09-02 18:34:20,40814,3.30210355987055,1030,1839964,148.86440129449838,40.73558116648421,564.0200773894912,20577.01314269311,12360,8690,7717,B,1756838060,6940,-0.4383711467890778,0.8987940462991667,3.301836421001537,41283.0,-938.0,41752.0,1867338.0,-54748.0,1894712.0,10s
2025-09-02 18:34:30,41035,3.1437217497893206,533,1840396,140.9941009729564,40.706148593392136,564.3751850352326,20555.51072862441,13053,8978,8016,B,1756838070,6950,-0.42261826174069916,0.9063077870366499,3.1434809253868545,40924.5,221.0,40814.0,1840180.0,432.0,1839964.0,10s
2025-09-02 18:34:40,40385,3.283333333333333,398,1834432,149.1408130081301,40.6394660506465,578.0092692107908,21093.458209841483,12300,8718,7528,B,1756838080,6960,-0.40673664307580015,0.9135454576426008,3.283066417364442,40710.0,-650.0,41035.0,1837414.0,-5964.0,1840396.0,10s
2025-09-02 18:34:50,37435,3.0775238408418284,188,1672064,137.46004603748767,40.650850155033105,582.4478436224318,21313.17233812384,12164,8645,7628,B,1756838090,6970,-0.3907311284892739,0.9205048534524402,3.077270859021784,38910.0,-2950.0,40385.0,1753248.0,-162368.0,1834432.0,10s
2025-09-02 18:35:00,38715,3.2120633867087034,1341,1750028,145.1943914378163,40.597880142626394,598.9902308554271,21855.649027699532,12053,8349,7588,B,1756838100,6980,-0.37460659341591235,0.9271838545667872,3.211796913887506,38075.0,1280.0,37435.0,1711046.0,77964.0,1672064.0,10s
2025-09-02 18:35:10,37422,3.095797485109199,1386,1705584,141.09728656518863,40.53637076479505,609.0240146274253,22229.43265850136,12088,8420,7838,B,1756838110,6990,-0.35836794954530077,0.9335804264972015,3.0955414012738856,38068.5,-1293.0,38715.0,1727806.0,-44444.0,1750028.0,10s
2025-09-02 18:35:20,34517,2.9638502490125367,436,1547488,132.87721105959127,40.63628079488035,620.4871650354224,22971.587292894674,11646,8117,7514,B,1756838120,7000,-0.34202014332566943,0.9396926207859081,2.9635957757362412,35969.5,-2905.0,37422.0,1626536.0,-158096.0,1705584.0,10s
2025-09-02 18:35:30,35093,2.80833866837388,431,1570100,125.64820742637644,40.629257948414384,611.0059059322116,22532.791786350834,12496,8727,7754,B,1756838130,7010,-0.3255681544571567,0.9455185755993168,2.8081139473473633,34805.0,576.0,34517.0,1558794.0,22612.0,1547488.0,10s
2025-09-02 18:35:40,33741,2.81175,941,1524416,127.03466666666667,40.800209970117876,602.6577223718506,22280.640360746238,12000,8435,7401,B,1756838140,7020,-0.3090169943749477,0.9510565162951535,2.8115157070244146,34417.0,-1352.0,35093.0,1547258.0,-45684.0,1570100.0,10s
2025-09-02 18:35:50,32933,2.7651553316540722,914,1457412,122.36876574307304,40.42757468024152,615.3282461796391,22581.534785274165,11910,8398,7417,B,1756838150,7030,-0.29237170472273716,0.9563047559630354,2.764923180253547,33337.0,-808.0,33741.0,1490914.0,-67004.0,1524416.0,10s
2025-09-02 18:36:00,34941,3.0891167889664928,2849,1519700,134.35593669878878,40.49329030127239,621.2246118860721,22808.371345744305,11311,7992,7167,B,1756838160,7040,-0.27563735581699983,0.9612616959383188,3.0888437057991514,33937.0,2008.0,32933.0,1488556.0,62288.0,1457412.0,10s
2025-09-02 18:36:10,29608,2.587659500087397,1694,1326740,115.95350463205733,40.543116114328974,626.0310423712035,23049.582645394083,11442,8104,7149,B,1756838170,7050,-0.25881904510252157,0.9659258262890682,2.5874333653762127,32274.5,-5333.0,34941.0,1423220.0,-192960.0,1519700.0,10s
2025-09-02 18:36:20,29380,2.4020930422696427,1012,1306048,106.78178399149702,40.72564723401832,612.2363152959073,22611.16051487282,12231,8503,7594,B,1756838180,7060,-0.2419218955996679,0.9702957262759966,2.4018966644865927,29494.0,-228.0,29608.0,1316394.0,-20692.0,1326740.0,10s
2025-09-02 18:36:30,23052,2.1651169343477035,489,1020852,95.88165680473372,40.77553178429142,636.2344991690586,23627.730651361286,10647,7469,6795,B,1756838190,7070,-0.22495105434386536,0.9743700647852352,2.1649135987978965,26216.0,-6328.0,29380.0,1163450.0,-285196.0,1306048.0,10s
2025-09-02 18:36:40,24921,2.0917408091321135,1230,1109056,93.08846734933691,41.09891244528073,653.6186524808235,24722.05493404107,11914,8172,7531,B,1756838200,7080,-0.2079116908177599,0.9781476007338057,2.0915652538816616,23986.5,1869.0,23052.0,1064954.0,88204.0,1020852.0,10s
2025-09-02 18:36:50,22540,1.9046814263985128,1212,992208,83.84383978367416,41.26694154417494,693.531707194815,26640.58245829416,11834,8166,7472,B,1756838210,7090,-0.19080899537654555,0.9816271834476639,1.904520490071821,23730.5,-2381.0,24921.0,1050632.0,-116848.0,1109056.0,10s
2025-09-02 18:37:00,18620,1.5924057128196356,677,801936,68.58257076883605,41.13423578616429,784.02469063588,30948.98715194726,11693,8260,7420,B,1756838220,7100,-0.17364817766693127,0.9848077530122078,1.5922695399350093,20580.0,-3920.0,22540.0,897072.0,-190272.0,992208.0,10s
2025-09-02 18:37:10,15334,1.3090319276079905,111,654072,55.836776506744066,42.06335179260293,897.022370714967,37260.9513935428,11714,8195,7392,B,1756838230,7110,-0.156434465040232,0.9876883405951374,1.3089201877934273,16977.0,-3286.0,18620.0,728004.0,-147864.0,801936.0,10s
2025-09-02 18:37:20,13654,1.1686066415611092,105,575812,49.282095172885995,42.3502824375214,968.3832685531039,40976.51457570215,11684,7946,7510,B,1756838240,7120,-0.13917310096006502,0.9902680687415703,1.1685066324347455,14494.0,-1680.0,15334.0,614942.0,-78260.0,654072.0,10s
2025-09-02 18:37:30,2886,1.1006864988558351,32,122104,46.569031273836764,42.11289092295957,989.3791832762598,41710.3462311099,2622,2044,2018,B,1756838250,7130,-0.12186934340514724,0.9925461516413219,1.1002668699961875,8270.0,-10768.0,13654.0,348958.0,-453708.0,575812.0,10s
2025-09-02 18:37:40,2316091,57.69601175796527,300859,92259656,2298.2750666367733,41.61783572508555,247.706186776772,9664.02700861112,40143,25430,22741,B,1756838260,7140,-0.10452846326765343,0.9945218953682733,57.69457453168593,1159488.5,2313205.0,2886.0,46190880.0,92137552.0,122104.0,10s
2025-09-02 18:37:50,522396,16.826515493139212,7319,23462424,755.7309798363718,43.03232970594751,347.21508489605776,13557.40474396781,31046,20793,17435,B,1756838270,7150,-0.08715574274765832,0.9961946980917454,16.82597352401198,1419243.5,-1793695.0,2316091.0,57861040.0,-68797232.0,92259656.0,10s
2025-09-02 18:38:00,304749,11.969247083775185,4766,13589088,533.7216919995287,42.632802346149376,365.9906379105134,14155.4116660404,25461,18055,14401,B,1756838280,7160,-0.06975647374412565,0.9975640502598242,11.96877700102113,413572.5,-217647.0,522396.0,18525756.0,-9873336.0,23462424.0,10s
2025-09-02 18:38:10,186961,9.271559633027524,3173,8523864,422.7058765187206,41.898687372864984,399.96063188388456,15064.15155506178,20165,14347,11934,B,1756838290,7170,-0.05233595624294348,0.998629534754574,9.271099871070119,245855.0,-117788.0,304749.0,11056476.0,-5065224.0,13589088.0,10s
2025-09-02 18:38:20,133826,7.7115362452460525,3033,6061060,349.2601129422612,41.68017292334813,423.93966989181826,16041.124021226582,17354,12448,10532,B,1756838300,7180,-0.03489949670250082,0.999390827019096,7.711091904350331,160393.5,-53135.0,186961.0,7292462.0,-2462804.0,8523864.0,10s
2025-09-02 18:38:30,104248,6.427523275171096,1099,4687312,289.0012947777298,41.24476436268511,452.87800823285056,16772.13650117835,16219,11484,10130,B,1756838310,7190,-0.01745240643728356,0.9998476951563915,6.427127003699137,119037.0,-29578.0,133826.0,5374186.0,-1373748.0,6061060.0,10s
2025-09-02 18:38:40,88609,6.06578587075575,1775,3971436,271.8671960569551,41.266074057821115,461.3391272694165,17055.856713803307,14608,10173,9284,B,1756838320,7200,0.0,1.0,6.065370661920734,96428.5,-15639.0,104248.0,4329374.0,-715876.0,4687312.0,10s
2025-09-02 18:38:50,82901,5.607101792357119,1803,3754060,253.91004396347648,41.35171824924037,466.00345337729664,17128.98198680053,14785,10213,9416,B,1756838330,7210,0.01745240643728351,0.9998476951563915,5.6067225754091705,85755.0,-5708.0,88609.0,3862748.0,-217376.0,3971436.0,10s
2025-09-02 18:39:00,70885,5.304969315970663,1561,3191872,238.87681484807663,41.18954685515708,494.1139787415019,18368.594188585994,13362,9535,8512,B,1756838340,7220,0.03489949670250097,0.9993908270190959,5.304572326573374,76893.0,-12016.0,82901.0,3472966.0,-562188.0,3754060.0,10s
2025-09-02 18:39:10,72812,5.2838896952104495,4059,3336080,242.09579100145137,40.93493624148214,508.46078476742485,18665.4715563976,13780,9822,8654,B,1756838350,7230,0.05233595624294383,0.9986295347545739,5.283506276757855,71848.5,1927.0,70885.0,3263976.0,144208.0,3191872.0,10s
2025-09-02 18:39:20,62542,4.6506543723973826,1378,2818548,209.58863771564546,40.75760845875079,510.35281527873417,18635.757124403262,13448,9409,8481,B,1756838360,7240,0.0697564737441253,0.9975640502598242,4.650308573128114,67677.0,-10270.0,72812.0,3077314.0,-517532.0,3336080.0,10s
2025-09-02 18:39:30,61086,4.625975009466111,905,2801580,212.1605452480121,40.94345522927533,519.8349960429716,19094.845836572807,13205,9336,8401,B,1756838370,7250,0.08715574274765817,0.9961946980917454,4.625624716038164,61814.0,-1456.0,62542.0,2810064.0,-16968.0,2818548.0,10s
2025-09-02 18:39:40,55877,4.3450233281493,2895,2468416,191.9452566096423,41.05568500813694,534.4315922090082,19744.305692018286,12860,9040,8205,B,1756838380,7260,0.10452846326765347,0.9945218953682733,4.344685483243916,58481.5,-5209.0,61086.0,2634998.0,-333164.0,2801580.0,10s
2025-09-02 18:39:50,55663,4.116476852536607,1302,2540120,187.85090962875313,40.849739437461494,523.901631266352,19148.06053219908,13522,9413,8590,B,1756838390,7270,0.12186934340514748,0.9925461516413219,4.1161724469422465,55770.0,-214.0,55877.0,2504268.0,71704.0,2468416.0,10s
2025-09-02 18:40:00,52060,3.9460319866595923,2369,2385508,180.81619040400213,40.90757196001714,541.8201488924337,19742.650329838016,13193,9156,8567,B,1756838400,7280,0.13917310096006547,0.9902680687415701,3.945732908897984,53861.5,-3603.0,55663.0,2462814.0,-154612.0,2540120.0,10s
2025-09-02 18:40:10,50140,3.623094154201893,816,2269740,164.01040537611098,40.81313361950883,574.8832727667586,21229.493568668753,13839,9603,8839,B,1756838410,7290,0.15643446504023087,0.9876883405951377,3.6228323699421967,51100.0,-1920.0,52060.0,2327624.0,-115768.0,2385508.0,10s
2025-09-02 18:40:20,45382,3.5223533064265755,1142,2040040,158.33902514746973,40.80073635156739,556.6121834910284,20407.867734528285,12884,9031,7843,B,1756838420,7300,0.17364817766693036,0.984807753012208,3.5220799379123013,47761.0,-4758.0,50140.0,2154890.0,-229700.0,2269740.0,10s
2025-09-02 18:40:30,50682,3.916692426584235,4562,2328368,179.9357032457496,40.94222684353256,550.0875560878728,20116.221357994877,12940,9154,7953,B,1756838430,7310,0.19080899537654486,0.981627183447664,3.9163897689513947,48032.0,5300.0,45382.0,2184204.0,288328.0,2040040.0,10s
2025-09-02 18:40:40,44918,3.548305553361245,519,2035436,160.78963583221423,40.86529760067719,563.1613625148703,20536.245759205405,12659,8876,7885,B,1756838440,7320,0.20791169081775934,0.9781476007338057,3.5480252764612956,47800.0,-5764.0,50682.0,2181902.0,-292932.0,2328368.0,10s
2025-09-02 18:40:50,42964,3.547811725846408,996,1952768,161.2525185796862,40.79673771012261,562.2903835003978,20295.19346919448,12110,8531,7564,B,1756838450,7330,0.224951054343865,0.9743700647852354,3.5475187845760052,43941.0,-1954.0,44918.0,1994102.0,-82668.0,2035436.0,10s
2025-09-02 18:41:00,45384,3.6739253622601797,1197,2056272,166.459321622278,40.99435598631266,559.0426511947171,20300.90153519756,12353,8702,7807,B,1756838460,7340,0.24192189559966773,0.9702957262759966,3.673627974745022,44174.0,2420.0,42964.0,2004520.0,103504.0,1952768.0,10s
2025-09-02 18:41:10,36600,3.128205128205128,282,1656892,141.61470085470086,41.047850530769786,566.4729878058106,20655.469306957937,11700,7976,7440,B,1756838470,7350,0.2588190451025208,0.9659258262890684,3.127937783095462,40992.0,-8784.0,45384.0,1856582.0,-399380.0,2056272.0,10s
2025-09-02 18:41:20,39520,3.3522775468657224,669,1795200,152.2775468657223,41.1526198153701,562.2694957785101,20529.05706918853,11789,7999,7450,B,1756838480,7360,0.2756373558169992,0.9612616959383189,3.3519932145886346,38060.0,2920.0,36600.0,1726046.0,138308.0,1656892.0,10s
2025-09-02 18:41:30,38009,3.2096774193548385,263,1723512,145.54230704272928,40.97589449082134,571.29617581068,20846.59449952325,11842,8398,7437,B,1756838490,7370,0.29237170472273677,0.9563047559630355,3.2094064004053027,38764.5,-1511.0,39520.0,1759356.0,-71688.0,1795200.0,10s
2025-09-02 18:41:40,39809,3.2228788860103625,845,1816676,147.07545336787564,40.90591243987338,574.3390159738318,20869.53028650652,12352,8352,7902,B,1756838500,7380,0.30901699437494745,0.9510565162951536,3.222617987533393,38909.0,1800.0,38009.0,1770094.0,93164.0,1723512.0,10s
2025-09-02 18:41:50,38910,3.3688311688311687,1684,1763672,152.69887445887446,40.85935288156812,586.8501194911191,21536.70999518355,11550,7963,7367,B,1756838510,7390,0.3255681544571567,0.9455185755993168,3.368539520387845,39359.5,-899.0,39809.0,1790174.0,-53004.0,1816676.0,10s
2025-09-02 18:42:00,34879,2.9674153479666496,1018,1567764,133.3813169984686,40.66734012390812,610.3935162123067,22421.381811935335,11754,8146,7449,B,1756838520,7400,0.34202014332566877,0.9396926207859083,2.967162909400255,36894.5,-4031.0,38910.0,1665718.0,-195908.0,1763672.0,10s
2025-09-02 18:42:10,33284,3.118231216038973,792,1480676,138.7180063706202,40.63792406794873,609.419063448201,22334.628501103336,10674,7408,6755,B,1756838530,7410,0.3583679495453003,0.9335804264972016,3.1179391100702576,34081.5,-1595.0,34879.0,1524220.0,-87088.0,1567764.0,10s
2025-09-02 18:42:20,34390,2.914159816964664,882,1558100,132.03118379798323,40.82353841064417,615.8548120239828,22769.087967499203,11801,7935,7751,B,1756838540,7420,0.37460659341591207,0.9271838545667872,2.9139128961193017,33837.0,1106.0,33284.0,1519388.0,77424.0,1480676.0,10s
2025-09-02 18:42:30,34042,2.8888323150033943,1419,1539292,130.62559402579768,40.63414049094835,643.1580661711025,23904.036379783985,11784,8067,7622,B,1756838550,7430,0.39073112848927377,0.9205048534524403,2.8885871871022486,34216.0,-348.0,34390.0,1548696.0,-18808.0,1558100.0,10s
2025-09-02 18:42:40,31011,2.6683014971605576,1410,1386568,119.30545517122698,40.574506239080556,624.5815580713173,23029.160813173985,11622,8166,7234,B,1756838560,7440,0.4067366430758002,0.9135454576426008,2.668071926352921,32526.5,-3031.0,34042.0,1462930.0,-152724.0,1539292.0,10s
2025-09-02 18:42:50,30113,2.6117085862966176,1863,1359984,117.95177797051171,40.60809937702177,632.1318195951324,23339.387061875506,11530,7982,7291,B,1756838570,7450,0.4226182617406994,0.9063077870366498,2.611482091752667,30562.0,-898.0,31011.0,1373276.0,-26584.0,1386568.0,10s
2025-09-02 18:43:00,27151,2.399770196217076,628,1214116,107.31094219551,40.61212879098663,628.5899502419903,23081.207672928907,11314,7802,7160,B,1756838580,7460,0.43837114678907735,0.8987940462991668,2.3995581087052584,28632.0,-2962.0,30113.0,1287050.0,-145868.0,1359984.0,10s
2025-09-02 18:43:10,28123,2.5760740130072364,1562,1271128,116.4356508198223,40.800720943660245,642.3177769220804,23911.10894265371,10917,7671,6925,B,1756838590,7470,0.45399049973954675,0.8910065241883677,2.5758380655797763,27637.0,972.0,27151.0,1242622.0,57012.0,1214116.0,10s
2025-09-02 18:43:20,24109,2.2306624722427832,1074,1064588,98.5,40.986060889034285,667.4305778445893,25108.768353558855,10808,7479,6936,B,1756838600,7480,0.4694715627858907,0.8829475928589268,2.230456101396984,26116.0,-4014.0,28123.0,1167858.0,-206540.0,1271128.0,10s
2025-09-02 18:43:30,19741,1.8967140661029978,339,864064,83.01921598770177,41.135217454368586,700.7281799490416,26829.090169344534,10408,7081,6880,B,1756838610,7490,0.4848096202463369,0.8746197071393956,1.8965318474397157,21925.0,-4368.0,24109.0,964326.0,-200524.0,1064588.0,10s
2025-09-02 18:43:40,18520,1.588336192109777,243,808536,69.34271012006862,41.647980248263266,730.7984440095419,28724.55022362109,11660,7795,7473,B,1756838620,7500,0.4999999999999999,0.8660254037844386,1.5881999828488123,19130.5,-1221.0,19741.0,836300.0,-55528.0,864064.0,10s
2025-09-02 18:43:50,16672,1.4818238378810773,928,710876,63.18336147897965,42.007721911010506,834.9376076167692,34111.90123329079,11251,7727,7207,B,1756838630,7510,0.5150380749100542,0.8571673007021122,1.481692143618912,17596.0,-1848.0,18520.0,759706.0,-97660.0,808536.0,10s
2025-09-02 18:44:00,15003,1.3673897192854538,1068,652924,59.508202697776156,42.04181553044112,947.0421446971376,39643.167681976745,10972,7397,7109,B,1756838640,7520,0.5299192642332049,0.848048096156426,1.3672651052583615,15837.5,-1669.0,16672.0,681900.0,-57952.0,710876.0,10s
2025-09-02 18:44:10,9938,1.1551784261304197,217,422444,49.10426595373707,42.586424447728646,976.3857380190307,41557.94394501339,8603,6039,5651,B,1756838650,7530,0.544639035015027,0.8386705679454242,1.1550441655044166,12470.5,-5065.0,15003.0,537684.0,-230480.0,652924.0,10s
