datetime,packet_count_sum,packet_count_mean,packet_count_max,total_bytes_sum,total_bytes_mean,mean_packet_size_mean,packet_rate_mean,byte_rate_mean,flow_id_nunique,src_ip_nunique,dst_ip_nunique,direction_<lambda>,timestamp_numeric,time_since_start,hour_sin,hour_cos,packets_per_flow,packet_count_sum_ma2,packet_count_sum_diff,packet_count_sum_lag1,total_bytes_sum_ma2,total_bytes_sum_diff,total_bytes_sum_lag1,time_window
2025-09-02 16:38:40,54.98083838763351,30.055855487369396,4.147638697845025,47.74435264835464,25.43084095880407,2.238658162326739,-2.499013032988847,-2.441685829144761,6.317097525796072,3.1907602007005584,4.719267347657626,A,1756831120,-1.0,-0.038369561649787366,0.6375267425823733,30.05673023807064,51.60074039640891,0.291028848984398,-1.2987672874957508,46.29436986562044,0.27435537638001056,-1.2770771575389503,10s
2025-09-02 16:38:50,8.324119299375592,6.115098884645582,5.001146263182027,7.871004559845886,5.638564498137905,1.2880642095038568,-1.4819339585252775,-1.455730836330622,2.826583823366249,1.4283820884218499,2.687566044381825,A,1756831130,-0.99734395750332,-0.025574511500631458,0.6374223630214468,6.11520777791166,29.693093927293297,-143.6475934648219,54.98083838763351,26.951997254288575,-116.54684871298008,47.74435264835464,10s
2025-09-02 16:39:00,2.75571777026342,2.4731969987444526,1.2102246675836772,2.599788251238031,2.2748412213540097,0.8822811753360089,-1.0978678604419332,-1.0863484909194143,1.1707533562631753,0.6698854492095049,0.9594927791475871,A,1756831140,-0.9946879150066401,-0.012783358847699414,0.6371092561336924,2.4732114716330327,5.170806427223289,-16.88780541654401,8.324119299375592,5.052582537295012,-15.169289707552844,7.871004559845886,10s
2025-09-02 16:39:10,2.6459127261016584,2.476145919541543,1.6579550664832645,2.6624816975175523,2.4468226424244537,0.7285344724434141,-0.8752267096544674,-0.8336914661658972,0.9883501608787307,0.45706712108302566,1.210989785135611,A,1756831150,-0.9920318725099602,0.0,0.6365875172945012,2.4761525183871265,2.50460647538826,-0.04772593464821902,2.75571777026342,2.5259527259692476,0.4580350580216941,2.599788251238031,10s
2025-09-02 16:39:20,1.5958587539286375,1.5048344228032406,1.989912883998166,1.5909214618875036,1.4742519581647107,0.266996429298656,-0.6804842731813665,-0.6442393043427145,0.7571285920337291,0.3120325665057275,1.003874603733709,A,1756831160,-0.9893758300132802,0.012771671107526606,0.635857305430578,1.504837615594252,1.9599950714913779,-2.948447159258169,2.6459127261016584,2.036556217015445,-2.86510902732922,2.6624816975175523,10s
2025-09-02 16:39:30,1.0325681808693992,1.0705339108912713,0.6650618982118295,1.0375162245266696,1.058709403019696,0.057002669419658564,-0.7857477935540407,-0.8045101150949013,0.36746921113946523,0.2294802612894064,0.2310672772102853,A,1756831170,-0.9867197875166003,0.025527764100139076,0.6349188429715302,1.0705273329781209,1.2024496928082977,-1.446754489255225,1.5958587539286375,1.2482931499318735,-1.3470150195632968,1.5909214618875036,10s
2025-09-02 16:39:40,0.7252667298826925,0.8105808755468594,0.13823933975240715,0.7187436172547366,0.79042922153772,0.06206551853571123,-0.5957794373063862,-0.582757419061717,0.1486741373571508,0.07573605983148726,0.2909475167312434,A,1756831180,-0.9840637450199203,0.038264393348340836,0.6337724157821141,0.8105701886064276,0.7936635060738269,-0.6570135413600235,1.0325681808693992,0.8252038017088906,-0.6595867578383114,1.0375162245266696,10s
2025-09-02 16:39:50,0.9747911187447444,0.979303328664386,0.9997707473635947,0.9791733081005305,0.9690487986855544,-0.12133527707687772,-0.5787190036961726,-0.5617807754974133,0.42383224231665373,0.2260721385969895,0.5065163790066926,A,1756831190,-0.9814077025232404,0.05097767915148036,0.6324183730751568,0.9792997964222291,0.7665343063404143,1.0608257285840448,0.7252667298826925,0.7969019288327727,1.03736404065602,0.7187436172547366,10s
2025-09-02 16:40:00,0.5949224410928023,0.5860213165538665,2.0029802842732694,0.5980539183910744,0.5827165621727893,-0.13983600974133048,-0.407769783289921,-0.4014755400820449,0.3257516920004438,0.0874751491053678,0.5241282141599155,A,1756831200,-0.9787516600265604,0.06366374891954571,0.6308571273051843,0.5860194868475054,0.7053311901788265,-0.8808875478363262,0.9747911187447444,0.7383559266112246,-0.8422507814182091,0.9791733081005305,10s
2025-09-02 16:40:10,0.4359043171774641,0.47835136648937515,0.37620357634112794,0.40860719692381453,0.4410765951501464,0.06915694576267249,-0.28226939490828046,-0.25968189478043063,0.11760789970043271,0.03938275111237338,0.32335329341317365,A,1756831210,-0.9760956175298805,0.07631873835279271,0.6290891540427821,0.4783448501719379,0.4522970770583524,-0.19955107447748013,0.5949224410928023,0.46157700407677177,-0.28068690558389203,0.5980539183910744,10s
2025-09-02 16:40:20,0.4154604929657262,0.35576026711183706,0.25767996331957815,0.38629704732620307,0.32185995937933604,0.0349203627604428,-0.2440829406900215,-0.22429551495176314,0.3949850216354155,0.13973303038909402,0.5910531877421628,A,1756831220,-0.9734395750332006,0.08893879261884843,0.6271149918297324,0.3557632155421331,0.36803078077657614,0.2279584927877539,0.4359043171774641,0.3588547472435939,0.20899094965513657,0.40860719692381453,10s
2025-09-02 16:40:30,0.44365722600922,0.5330189426304817,0.5162769371847776,0.43975220630755874,0.5212205364745488,0.16531276812670526,-0.25414846149675724,-0.233297724080365,0.0,-0.026128940641863108,0.20922860162028883,A,1756831230,-0.9707835325365206,0.10152006752693024,0.6249352420149697,0.5330078258471778,0.37167115646334703,0.37801736826611715,0.4154604929657262,0.3739630440223492,0.43096866160322517,0.38629704732620307,10s
2025-09-02 16:40:40,0.3473064605585673,0.37963123751647376,0.13067400275103164,0.35426814650905963,0.3845093114507587,0.1333640678003426,-0.21217412813720352,-0.174861671473506,0.09763674692111395,-0.026128940641863108,0.40929904896090175,A,1756831240,-0.9681274900398407,0.1140587306988235,0.6225505685714033,0.3796257049003927,0.3396694538876412,-0.006218722402119517,0.44365722600922,0.35842597568884954,0.023903601576942782,0.43975220630755874,10s
2025-09-02 16:40:50,0.35038376898717194,0.34522517563976485,0.7714351215038973,0.3030308252069213,0.2887198785370323,-0.0051733543920157625,-0.20600973171353182,-0.16143982874903667,0.20548097192943526,0.07005585534412573,0.3247622402254315,A,1756831250,-0.9654714475431607,0.12655096273626137,0.6199616978936648,0.3452232168700335,0.29587293408679777,0.30052251987047396,0.3473064605585673,0.29210308022207615,0.1242399269438938,0.35426814650905963,10s
2025-09-02 16:41:00,0.12273451058272056,0.09378126113227425,-0.2111416781292985,0.13356491559191583,0.10963394649789186,-0.20844345243637669,0.0026401610196995664,-0.0028125020093365373,0.15133695772772662,-0.007573605983148727,0.3212398731947869,A,1756831260,-0.9628154050464808,0.13899295838435025,0.6171694185768417,0.09378165603749522,0.19042525188599463,-0.41128201354136,0.35038376898717194,0.18504098652860748,-0.22214698829171955,0.3030308252069213,10s
2025-09-02 16:41:10,-0.032657637509765684,0.2024970473868713,0.0009170105456212746,-0.041859152102815225,0.18568384495656293,-0.14663720467096725,0.03949376411204024,0.05376301647008732,-0.7535781648729613,-0.35709552210546247,-0.5706234589644241,A,1756831270,-0.9601593625498008,0.15138092769068745,0.6141745811762632,0.2024677270702002,0.010568290647594831,-0.1883647335884604,0.12273451058272056,0.01773648939355869,-0.2396032400086123,0.13356491559191583,10s
2025-09-02 16:41:20,-0.026884702318119742,-0.060223932755216085,0.5121503897294819,-0.008532795970590337,-0.032294254246676576,-0.11554513680903442,0.11925958888239585,0.165854465082064,0.06568290247420393,-0.12117769573037963,0.31912645297640013,A,1756831280,-0.9575033200531209,0.16371109715981724,0.6109780979484133,-0.060223103404526065,-0.0596853595291034,0.30883868118928465,-0.032657637509765684,-0.051194438557577084,0.37199515929052424,-0.041859152102815225,10s
2025-09-02 16:41:30,0.09303490598107098,0.19284153772031828,0.3427326914259514,0.12290550926894982,0.22939339627433325,-0.1256043936051438,0.08679430082610429,0.10400207652233476,-0.26539443026739157,-0.13594622739751963,-0.0753786544557943,A,1756831290,-0.9548472775564409,0.17597971090267436,0.6075809425730482,0.1928287893692819,-0.0006664687795780524,0.6609876361495437,-0.026884702318119742,0.028732119562357987,0.6594442093384116,-0.008532795970590337,10s
2025-09-02 16:41:40,0.5498840045563249,0.6701818038241965,1.3943145346171482,0.537371527849929,0.6449408655421724,-0.4295330581530446,0.05617180000681413,0.02565207142605065,-0.0177521358038389,-0.09656347628514626,0.012680521310320535,A,1756831300,-0.952191235059761,0.18818303178066392,0.6039841498566041,0.6701676608441886,0.2701550800042564,1.700434206652929,0.09303490598107098,0.2935477256668455,1.4886607122970354,0.12290550926894982,10s
2025-09-02 16:41:50,0.29477752133540874,0.3566876605716862,0.33723062815222377,0.20017708237776932,0.2400964997001755,-0.7332534092486352,0.17785941821407442,0.13580667804895194,-0.015089315433263065,-0.14314115308151093,0.03733709052483269,A,1756831310,-0.949535192563081,0.20031734254403033,0.6001888154169855,0.3566791927115225,0.36488325595201426,-0.4959891080365028,0.5498840045563249,0.3310318003930734,-0.7135591836128621,0.537371527849929,10s
2025-09-02 16:42:00,0.18716714675063664,0.2918542202436861,0.00022925263640531865,0.1694415823278477,0.2670114477971238,-0.47449616097043074,0.18088507995626615,0.16990640228643675,-0.20592477532453124,-0.17078481492000377,-0.1134202183867559,A,1756831320,-0.9468791500664011,0.21237894696416737,0.5961960953498288,0.291841181317117,0.1945696795909338,-0.04095525463644392,0.29477752133540874,0.1525507236257552,0.18430630108915963,0.20017708237776932,10s
2025-09-02 16:42:10,0.0751435779077881,0.20920280723676957,0.900733608436497,0.06065198143219808,0.1886665540071881,-0.42863137920738953,0.15185080344753385,0.1359960974070097,-0.3772328858315766,-0.1677553725267443,-0.27474462839027824,A,1756831330,-0.9442231075697212,0.22436417095952524,0.5920072058763449,0.2091862216972401,0.09144063667370472,-0.05457020900794819,0.18716714675063664,0.08486775691996477,-0.04437712987504733,0.1694415823278477,10s
2025-09-02 16:42:20,-0.22042116186284508,-0.26715294137241113,-0.25997248968363135,-0.2437067081987519,-0.28485580829330565,-0.8867030543175438,0.34668045187515195,0.31856295153954733,-0.043492732719405305,-0.18290258449304175,0.19020781965480804,A,1756831340,-0.9415670650730412,0.23626936371477147,0.5876234229728461,-0.26715088160942635,-0.09994231404680963,-0.6208051221666177,0.0751435779077881,-0.11554852518811615,-0.6173567647430044,0.06065198143219808,10s
2025-09-02 16:42:30,-0.22187632321280543,-0.1264554722074567,-0.2051811095827602,-0.2388432780411263,-0.14466171482532092,-0.5091101182154196,0.11898833900587286,0.07685908663310624,-0.5627427049816931,-0.291583830351226,-0.39168721380767874,A,1756831350,-0.9389110225763613,0.24809089879286467,0.5830460819820716,-0.12646906848601516,-0.23940790689599167,0.2865395937591993,-0.22042116186284508,-0.26083225935565274,0.28860428684915845,-0.2437067081987519,10s
2025-09-02 16:42:40,0.15329289893188772,0.36574124710508243,0.3188904172397983,0.19873974516153065,0.41956417589107464,-0.22423811336933652,0.19755321174256013,0.21495249305091402,-0.5152557417064241,-0.3752721764650194,-0.24656569214512153,A,1756831360,-0.9362549800796812,0.2598251752397022,0.5782765772064286,0.3657160351532431,-0.06393059763767621,1.448447159258169,-0.22187632321280543,-0.046203576997192825,1.556389068311914,-0.2388432780411263,10s
2025-09-02 16:42:50,-0.24305965565157234,-0.018980806820161882,0.1008711600183402,-0.24010018787761145,-0.015361147503245708,-0.25406533686898763,0.20219167682945283,0.20791480400375886,-0.9808055031620991,-0.5115970841616965,-0.7608312786192322,A,1756831370,-0.9335989375830013,0.27146861868100597,0.5733163614832751,-0.01901103401680233,-0.07387722412953017,-0.9317412422725935,0.15329289893188772,-0.046813298015407255,-1.0113608184659704,0.19873974516153065,10s
2025-09-02 16:43:00,-0.30436727318268836,-0.17062833116654552,-0.3298945437872536,-0.3095809472741528,-0.1739963169333785,-0.567424726685659,0.2541523513279615,0.22666911918993013,-0.7944080772217907,-0.46123260437375746,-0.6030292356463544,A,1756831380,-0.9309428950863213,0.2830176824111111,0.5681669457423711,-0.17064731632582816,-0.2887714012086047,0.10189137474241979,-0.24305965565157234,-0.29339726225428614,0.070790179002309,-0.24010018787761145,10s
2025-09-02 16:43:10,-0.20217200722809653,-0.15805645577079488,-0.011462631820265932,-0.2233812597784291,-0.17898384517928137,-0.5090464846360028,0.3235221053602924,0.34214763151056266,-0.3661378009541773,-0.36769857048187066,-0.16907361747094046,A,1756831390,-0.9282868525896414,0.29446884847332716,0.5628298985456349,-0.1580640333311491,-0.2695726198943731,0.6063070356196644,-0.30436727318268836,-0.2852869892910371,0.5269038020357708,-0.3095809472741528,10s
2025-09-02 16:43:20,-0.16786836753558884,0.0821092237100924,0.058688674919761576,-0.15796923915902594,0.09373785637833533,-0.20861627645394257,0.13111839920613788,0.10493823178895366,-0.951514479085765,-0.4396478273217836,-0.857344135258894,A,1756831400,-0.9256308100929614,0.3058186287315416,0.5573068456093435,0.08207648286379071,-0.20547960549528713,0.3968575213423609,-0.20217200722809653,-0.21174086660041688,0.4659999554535938,-0.2233812597784291,10s
2025-09-02 16:43:30,-0.23315978745102248,-0.051387586863519144,0.30788629069234297,-0.21076756138712163,-0.01872062185904958,0.1716398761725026,0.1715641770770337,0.22379709108309895,-0.8458892710529236,-0.4911483480071949,-0.5170834800986263,A,1756831410,-0.9229747675962815,0.31706356593274004,0.5515994693089246,-0.05141204799169016,-0.22002990708641132,0.0896011186340889,-0.16786836753558884,-0.2056220211563359,0.11966649590544283,-0.15796923915902594,10s
2025-09-02 16:43:40,-0.47149613249124817,-0.4035150949274712,-0.4199908298945438,-0.4739523175035338,-0.3980613994011727,-0.1426880043396512,0.25805674091343667,0.29501275893880347,-0.8192610673471652,-0.4532803180914513,-0.5269461077844312,A,1756831420,-0.9203187250996016,0.32820023476011884,0.5457095081664878,-0.4035273014510111,-0.3625982201363181,-0.44425228142478657,-0.23315978745102248,-0.35890391829344986,-0.4967250967028235,-0.21076756138712163,10s
2025-09-02 16:43:50,-0.534712158350181,-0.40608831954991115,-0.41059147180192573,-0.529896968870702,-0.39225026525400314,-0.434383312976687,0.23144691082186084,0.19879008193878717,-1.1596582713857762,-0.5339392218119853,-1.0940471997182106,A,1756831430,-0.9176626826029216,0.3392252428764699,0.5396387563212542,-0.40610971229411347,-0.5041920326177661,0.09600382690609362,-0.47149613249124817,-0.5137120848180942,0.11044835957859099,-0.4739523175035338,10s
2025-09-02 16:44:00,-0.3662712683162471,-0.27970079806992815,0.948188904172398,-0.34341006734097174,-0.24137037049787805,0.03756604397375415,0.28248994050073,0.37014105692489707,-0.7229557306113392,-0.44684275300577486,-0.4149348362099331,A,1756831440,-0.9150066401062417,0.35013523195751917,0.5333890629830449,-0.2797143751908949,-0.4547837336813159,0.8106785398881365,-0.534712158350181,-0.45038665655054266,0.8207259579333437,-0.529896968870702,10s
2025-09-02 16:44:10,-0.4872166460916394,-0.4173540458851717,0.052269601100412656,-0.4790914569156142,-0.3968404217261106,-0.3269875732854821,0.4017734510185096,0.45620320813021015,-0.853433928769555,-0.4483574742024046,-0.6812257837266643,A,1756831450,-0.9123505976095617,0.36092687871490514,0.5269623318689927,-0.4173666648181399,-0.43248223216635956,-0.08209449514277303,-0.3662712683162471,-0.42574114294171705,-0.12316487367381636,-0.34341006734097174,10s
2025-09-02 16:44:20,-0.7046082097340752,-0.7181343056451577,-0.25103163686382396,-0.7064137372136032,-0.7056274633878721,0.028608237734382744,0.457751240384563,0.5649861033058606,-0.9288805059358705,-0.4843321026223611,-0.7425149700598802,A,1756831460,-0.9096945551128818,0.3715968959084847,0.5203605206236518,-0.7181384336395584,-0.5913482271370405,-0.37963644392110685,-0.4872166460916394,-0.6018325066860335,-0.3916549732350343,-0.4790914569156142,10s
2025-09-02 16:44:30,-0.7596657899915911,-0.8278539900230911,-0.33310408069692804,-0.7591248866627168,-0.8084453664168573,0.2762358035905793,0.8026224685743933,1.057868508899066,-0.7628980361699766,-0.47562245574174006,-0.5128566396618528,A,1756831470,-0.9070385126162018,0.3821420333476576,0.5135856402226812,-0.8278515798726895,-0.7192766293481487,0.12117309390638799,-0.7046082097340752,-0.7376753992812176,0.11992189530109658,-0.7064137372136032,10s
2025-09-02 16:44:40,-0.9730019859374162,-1.1096547392020348,-0.6061439706556625,-0.9799315085502812,-1.096268334590164,1.0452600667384482,1.7431751148729346,2.4665575480224766,-0.9692666148896039,-0.5150052068541134,-0.7798520605847129,A,1756831480,-0.9043824701195219,0.3925590788814071,0.5066397543602805,-1.109645723703136,-0.8453008350461768,-0.36712540476891375,-0.7596657899915911,-0.8703575767916578,-0.3725653532901233,-0.7591248866627168,10s
2025-09-02 16:44:50,33.37581927373136,55.79475571377417,5.1292984869325995,27.899041758295226,45.693491630821086,0.9204378026316063,-1.4448040165981475,-1.1649446254499125,-1.4157328303561523,-0.1791157815014674,-1.3913349771046144,A,1756831490,-0.9017264276228419,0.4028448593767513,0.4995249788205698,55.81130066070798,15.183004486062961,106.25908890197233,-0.9730019859374162,13.031583548743507,84.88416597990957,-0.9799315085502812,10s
2025-09-02 16:45:00,24.7699950500659,13.022169988534674,2.1336542870243007,22.682511163944124,11.608583607488978,2.249366601670718,-2.0751198174939804,-2.050545706736125,6.352157994008654,2.9468900880431694,5.143360338147235,A,1756831500,-0.899070385126162,0.41299624168531074,0.4922434808331007,13.022589760903362,27.27061992797657,-26.258426552840742,33.37581927373136,24.510122598178604,-15.00907113318633,27.899041758295226,10s
2025-09-02 16:45:10,4.838602329450915,3.480107636914521,1.6680421824850986,4.53309397985802,3.1692086990205044,0.7945647832434515,-1.2199399052818898,-1.224223090848511,2.5713968711860646,1.2303322919625106,2.366326171187038,A,1756831510,-0.896414342629482,0.4230101335976956,0.4847974784126979,3.4801795170011007,13.870979485082861,-61.198447159258166,24.7699950500659,13.175411819835306,-52.89992946819015,22.682511163944124,10s
2025-09-02 16:45:20,2.782101515395488,2.4463923229398126,0.7368179734066942,2.571704425488307,2.198152459252954,0.2033852335296266,-0.9291661474030355,-1.0048792718936947,1.25729501830689,0.6320174192937612,1.089820359281437,A,1756831520,-0.8937583001328021,0.43288348478542266,0.4771892396838294,2.446410428357539,3.546571606189759,-6.053392699440683,4.838602329450915,3.419754567621749,-5.4721369653503205,4.53309397985802,10s
2025-09-02 16:45:30,2.236177458119383,1.8876812593677652,1.6646033929390187,2.1792181108543796,1.800758053864854,-0.213823645576389,-0.5710075805094458,-0.6276114657515475,1.291911683124376,0.4222285335605415,1.2497358224727018,A,1756831530,-0.8911022576361222,0.44261328773007474,0.46942108218971496,1.8877016980251873,2.3246038991223896,-1.393177803944657,2.782101515395488,2.277900514181668,-0.875553674707293,2.571704425488307,10s
2025-09-02 16:45:40,1.6910883294866978,1.6366443263927344,0.9961027051811095,1.710613741977697,1.6287441322798746,-0.34469484202747674,-0.5809917166663203,-0.6550031381511301,0.7003217574614445,0.25901732462368643,0.5783726664318422,A,1756831540,-0.8884462151394422,0.45219657863942025,0.4614953721863789,1.6366443641311428,1.8123190313240327,-1.3906020017662644,2.236177458119383,1.8601894953919351,-1.098564863279655,2.1792181108543796,10s
2025-09-02 16:45:50,1.458620340054509,1.5225248738844113,0.9924346629986245,1.5169705634757207,1.5599603274141387,-0.3593826019519097,-0.507974527563855,-0.5946831551967782,0.4322645068234772,0.08141626431884881,0.31912645297640013,A,1756831550,-0.8857901726427623,0.4616304383502127,0.4534145239218666,1.5225153940151894,1.447217352830812,-0.4261480718280836,1.6910883294866978,1.538936341683725,-0.2929817137002472,1.710613741977697,10s
2025-09-02 16:46:00,1.240584688601435,1.0335902118877687,1.346171480972031,1.269221471060918,1.0483288179310495,-0.7229521965713072,-0.3388567597039768,-0.3978487798357573,0.9697104182846998,0.22077061440878537,0.9031349066572737,A,1756831560,-0.8831341301460823,0.47091199321739646,0.44518099890083995,1.0336032496584415,1.2356835225395262,-0.3816234913158669,1.458620340054509,1.3248190382437675,-0.4515015851096213,1.5169705634757207,10s
2025-09-02 16:46:10,0.7255768462359627,0.5644149474008583,0.11416781292984869,0.7050737091459957,0.5384800658574819,-1.094123098628478,-0.4105426031818329,-0.52682155490256,0.7815377787640075,0.2249360976995172,0.4536808735470236,A,1756831570,-0.8804780876494024,0.4800384159894464,0.4367973051347807,0.5644257608320182,0.89148320106635,-1.297799528996173,1.240584688601435,0.9309717133701494,-1.3784885404370002,1.269221471060918,10s
2025-09-02 16:46:20,0.8728821140393251,0.8293528234220127,1.3629069234296194,0.873108363366552,0.8181436220653608,-0.8599953368366987,-0.29550018168013303,-0.41302877108646824,0.5068234771996005,0.10489444286660986,0.2761535752025361,A,1756831580,-0.8778220451527224,0.4890069266695766,0.42826599637802437,0.8293536287144682,0.7188285831097769,0.7454739476008243,0.7255768462359627,0.7388191179008682,0.7666644393463558,0.7050737091459957,10s
2025-09-02 16:46:30,0.6885298695722184,0.5064814361312227,1.1664374140302614,0.6669508228958291,0.48109630470167486,-0.9235958434211683,-0.182955731054022,-0.2624377822020245,0.8356817929657162,0.1794944618006248,0.7897146882705178,A,1756831590,-0.8751660026560425,0.4978147933625541,0.4195896713498631,0.5064939769761683,0.7014331879049918,-0.27770827200471004,0.8728821140393251,0.7203258860500257,-0.32964637577863404,0.873108363366552,10s
2025-09-02 16:46:40,0.3699449543472945,0.2964365296153605,0.8665749656121046,0.3740725855294201,0.3009639647635797,-1.163355325665962,-0.0891251646919752,-0.22856059425751513,0.4180627981804061,0.06929849474581085,0.1021486438886932,A,1756831600,-0.8725099601593626,0.5064593331068601,0.4107709729429498,0.29644076338100395,0.4652792168151753,-0.691823667942302,0.6885298695722184,0.47824598997795664,-0.5837212582874877,0.6669508228958291,10s
2025-09-02 16:46:50,0.6240972334043022,0.4347459179397221,1.359009628610729,0.6228008512523231,0.43195760708833236,-1.2125261911340373,-0.17440425575735985,-0.29373466695853806,0.8467768778431155,0.29044778945375366,0.4973582247270166,A,1756831610,-0.8698539176626826,0.5149379126919474,0.401812587418248,0.43475918489167864,0.4350248945691195,1.0751030320871358,0.3699449543472945,0.4568290475026761,1.0030811264301251,0.3740725855294201,10s
2025-09-02 16:47:00,0.2817764896021565,0.11144921510988555,0.018340210912425492,0.2731974620557673,0.10757454004356186,-1.1082707005305275,-0.05526785577004378,-0.12575590970822817,0.7078664151780761,0.1480639969705576,0.4107079957731596,A,1756831620,-0.8671978751660027,0.5232479494603404,0.3927172435867701,0.11146179300236103,0.3936254221435652,-0.7650500441566088,0.6240972334043022,0.4078950021069795,-0.7499149906081327,0.6228008512523231,10s
2025-09-02 16:47:10,0.06631718939163521,-0.028746848375194253,-0.2533241632278771,0.05138733957294461,-0.038651672858318116,-0.8106593304524055,0.0469404652798725,-0.05497314436567339,0.34794186175524244,0.041654832907317994,0.2148643888693202,A,1756831630,-0.8645418326693227,0.5313869120943381,0.38348771197835596,-0.02874028383001963,0.13171999350332955,-0.3736753017368266,0.2817764896021565,0.1307050095957304,-0.3755054161005561,0.2731974620557673,10s
2025-09-02 16:47:20,0.3034846343310731,0.2663125385802854,-0.0004585052728106373,0.2552702786944153,0.21157261409523578,-0.8798760493838068,0.05297599616707268,-0.051712281475791995,0.27693331853988684,0.03445990722332671,0.11764705882352941,A,1756831640,-0.8618857901726428,0.5393523213870784,0.37412680399774206,0.2663135870299441,0.141913045426288,1.0227038563438329,0.06631718939163521,0.12200861771819776,0.8716929861683409,0.05138733957294461,10s
2025-09-02 16:47:30,0.32629011384848433,0.1939720809171419,0.9541494727189362,0.3396251469140076,0.21123270601941424,-0.8921696313948027,0.17200445873257256,0.09869849943651832,0.5902585154776434,0.07119189624159804,0.5318774216273335,A,1756831650,-0.8592297476759628,0.5471417509977283,0.3646373710681802,0.1939814393194018,0.2639832430706849,0.3613850456284957,0.3034846343310731,0.2618314150887267,0.5214988380812378,0.2552702786944153,10s
2025-09-02 16:47:40,0.05825416420660905,-0.022195212788764452,0.15818431911966988,0.06573435717424368,-0.007268730685188149,-0.8678203061632653,0.16331993057126426,0.06714558160670661,0.290247420392766,0.03029442393259491,0.18245861218738993,A,1756831660,-0.8565737051792829,0.5547528281905703,0.3550223037628671,-0.022189964351598562,0.1488353598091323,-0.5358772446276125,0.32629011384848433,0.16988843580498172,-0.5280917062016022,0.3396251469140076,10s
2025-09-02 16:47:50,0.049570906315042434,-0.1015064290844418,0.8053645116918845,0.056408897097095775,-0.08480986443087868,-0.8510848674992462,0.19354498667908399,0.13213525201596088,0.5538666370797737,0.1522294802612894,0.36069038393800634,A,1756831670,-0.8539176626826029,0.5621832345577612,0.3452845309244471,-0.1014949527785579,0.01890195068131031,0.26424050632911394,0.05825416420660905,0.03250157224431915,0.24703358056588784,0.06573435717424368,10s
2025-09-02 16:48:00,0.28435284084470924,0.41197232357617247,1.5811554332874829,0.256269724741814,0.37171794104909134,-0.834287394818242,0.12437146617654064,0.03276449351369783,-0.19749251081770774,-0.13632490769667707,-0.29517435716801693,A,1756831680,-0.851261620185923,0.5694307067255417,0.3354270187728588,0.41195705961083945,0.12506650686350831,1.015344421548425,0.049570906315042434,0.12492937807964431,0.8599089768432931,0.056408897097095775,10s
2025-09-02 16:48:10,0.24525432522856172,0.26218783996863737,1.4917469050894085,0.2692017051401024,0.28958878535311217,-1.046745539111296,0.204483723621672,0.1100782469431831,0.08299123488294685,-0.07422133863485753,-0.12610073969707644,A,1756831690,-0.848605577689243,0.5764930370436818,0.3254527700017953,0.2621837985404297,0.21694958919760518,0.17040771268766558,0.28435284084470924,0.22815416304235053,0.31224357974920375,0.256269724741814,10s
2025-09-02 16:48:20,0.0017175674950351565,0.0073587306244426035,0.6639156350298029,0.008143559376065902,0.01934677182534722,-0.6009317937599494,0.17367932330519978,0.138130550852307,-0.04704315988017308,-0.11928429423459244,-0.08665022895385699,A,1756831700,-0.8459495351925631,0.5833680742579519,0.3153648228640552,0.0073556935275424454,0.08423829339187804,-0.46029584927877537,0.24525432522856172,0.10778933352083894,-0.4904945393530377,0.2692017051401024,10s
2025-09-02 16:48:30,-0.051884851412520354,0.042719488390644225,0.6254011921137093,-0.07064441463225504,0.02037174862764569,-0.49418048027789413,0.09185802257780919,0.04461993665074075,-0.37812049262176856,-0.2397046293666572,-0.37196195843606905,A,1756831710,-0.8432934926958832,0.5900537241654171,0.3051662502460606,0.04270683351855016,-0.05528330523710047,0.1256623491315867,0.0017175674950351565,-0.05706841217337515,0.043521838875648707,0.008143559376065902,10s
2025-09-02 16:48:40,-0.15505817663511828,-0.13624657725680905,-0.04585052728106373,-0.17451990352203367,-0.15401280848163654,-0.7908594125584183,0.3063394153520617,0.25354869764005794,-0.22855874847442584,-0.1855533465871438,-0.15568862275449102,A,1756831720,-0.8406374501992032,0.5965479502523496,0.2948601587318269,-0.13625124007767422,-0.1288973022015872,-0.027266705916985576,-0.051884851412520354,-0.14567759427688318,-0.029979731385170502,-0.07064441463225504,10s
2025-09-02 16:48:50,-0.4371209274864473,-0.3422376156761647,-0.260430994956442,-0.4308727464949701,-0.326088682579522,-0.4008034632874719,0.19022549710958633,0.16811994261135474,-0.8623099966714746,-0.404430559500142,-0.8101444170482565,A,1756831730,-0.8379814077025233,0.6028487743145728,0.2844496876566665,-0.3422529564086632,-0.30978476978824215,-0.57915072122461,-0.15505817663511828,-0.3204226546761423,-0.47670891150856404,-0.17451990352203367,10s
2025-09-02 16:49:00,-0.3382415210014373,-0.297842638236971,-0.328060522696011,-0.36036618648994245,-0.3185708618690231,-0.6044883764581711,0.20751814755188955,0.17568398897417822,-0.5152557417064241,-0.3362681056518035,-0.424092990489609,A,1756831740,-0.8353253652058433,0.6089542770600399,0.27393800815091746,-0.2978504199470495,-0.39579844639966844,0.5960774212540477,-0.4371209274864473,-0.41057580774512875,0.4809259712972656,-0.4308727464949701,10s
2025-09-02 16:49:10,0.19107938382266115,0.3052726237988338,0.3535075653370014,0.17168982911601227,0.27783975731218263,-0.8389351994698092,0.363203034120349,0.33009272355378183,-0.22900255186952181,-0.26848433210262235,-0.15287072912997535,A,1756831750,-0.8326693227091634,0.614862598693469,0.26332832217398616,0.3052585789940858,-0.10082720536759393,1.9240138357374155,-0.3382415210014373,-0.11827555161313005,1.8331766784714643,-0.36036618648994245,10s
2025-09-02 16:49:20,-0.1739037088723096,-0.11567281858363009,0.0589179275561669,-0.16463694311418672,-0.0985529598180914,-0.5032326264085419,0.1657122809805618,0.14064911399533675,-0.38433374015311217,-0.2605320458203162,-0.2226135963367383,A,1756831760,-0.8300132802124834,0.6205719394828556,0.2526238615389996,-0.11568186925197055,-0.023662441964010687,-0.8349646747129821,0.19107938382266115,-0.023328221183183305,-0.7110170686979828,0.17168982911601227,10s
2025-09-02 16:49:30,-0.422974850756505,-0.44993142500322714,-0.3333333333333333,-0.42407529700830116,-0.4385847219283635,-0.5183252787150445,0.21732813936130954,0.19482246638479686,-0.35459891268168203,-0.29802139543690237,-0.19302571327932372,A,1756831770,-0.8273572377158035,0.6260805603076876,0.24182788692836352,-0.4499318920826235,-0.31199139751222327,-0.4773697380041213,-0.1739037088723096,-0.31233106671183847,-0.48574886221054114,-0.16463694311418672,10s
2025-09-02 16:49:40,-0.4547737045187531,-0.5167433029846659,-0.3340210912425493,-0.46395988430347684,-0.5133519749183767,-0.7059814008683406,0.3433873686019074,0.322142256551059,-0.23654720958615333,-0.2741645365899839,-0.0943994364212751,A,1756831780,-0.8247011952191236,0.6313867831886983,0.23094368690052744,-0.5167400360434364,-0.44387380777696256,0.19292758316161318,-0.422974850756505,-0.45753121009461983,0.1575012435871736,-0.42407529700830116,10s
2025-09-02 16:49:50,-0.410116949647839,-0.3774925297945647,-0.07588262265016048,-0.4047959219357628,-0.36054062422551597,-0.5960084568628525,0.29467603872425285,0.24985238133170093,-0.5849328747364917,-0.368834611379343,-0.5833039802747446,A,1756831790,-0.8220451527224436,0.6364889917989959,0.21997457688825722,-0.37749982357197553,-0.4378363847149026,0.4287974683544304,-0.4547737045187531,-0.44817887641200815,0.4476943522581316,-0.46395988430347684,10s
2025-09-02 16:50:00,-0.4248594039802241,-0.39735211897070727,0.5767996331957818,-0.4135659089561414,-0.37196627336800236,-0.7475914572508763,0.3492833240136595,0.31658401945024406,-0.5862642849217796,-0.4324529016377923,-0.40929904896090175,A,1756831800,-0.8193891102257637,0.6413856319564114,0.20892389818872273,-0.3973588955221927,-0.42379013514194663,0.24554754194877834,-0.410116949647839,-0.42373299726559793,0.24866100927307688,-0.4047959219357628,10s
2025-09-02 16:50:10,-0.2867860614626757,-0.37584005297971657,-0.061210453920220086,-0.2833682953616479,-0.35852040990589606,-0.5533328432021004,0.32666007291291554,0.3416942109501477,0.07500277377121935,-0.1832812647921992,0.30715040507220853,A,1756831810,-0.8167330677290837,0.6460752120969181,0.1977950169457064,-0.3758338197267619,-0.3658801588323915,0.7169929349425964,-0.4248594039802241,-0.36482902980109816,0.6558092225909675,-0.4135659089561414,10s
2025-09-02 16:50:20,-0.6490258171864097,-0.7060112064905233,-0.5311783585511234,-0.6582538177369237,-0.7012279942028344,-0.1688381367698148,0.3225771184866741,0.37713160741479385,-0.5778320204149562,-0.36353308719113886,-0.47904191616766467,A,1756831820,-0.8140770252324038,0.650556303728976,0.18659132312424284,-0.7060093172016735,-0.47113742138188663,-0.8265013246982632,-0.2867860614626757,-0.48352597731149416,-0.823986754868551,-0.2833682953616479,10s
2025-09-02 16:50:30,-0.6227852026789282,-0.6342836519240969,-0.33310408069692804,-0.6163825019905296,-0.6109735206731172,-0.07108446706697752,0.4356884087716326,0.5079815896921097,-0.757572395428825,-0.44267726971504306,-0.597393448397323,A,1756831830,-0.8114209827357237,0.654827541868665,0.1753162294780023,-0.6342871621950398,-0.6289057030685566,0.37198263173388285,-0.6490258171864097,-0.6450695942454137,0.39703023958542144,-0.6582538177369237,10s
2025-09-02 16:50:40,-0.8355965863346037,-0.9613344482750192,-0.6219624025676296,-0.8443960826985855,-0.9503273497357108,-0.02091117044746563,0.8453742963027969,1.065331161457061,-0.5765006102296683,-0.41124680488497584,-0.4727016555125044,A,1756831840,-0.8087649402390438,0.6588876254554711,0.16397317050973395,-0.961325534532644,-0.7165099438262028,-0.36550632911392406,-0.6227852026789282,-0.7353663267799797,-0.39368034983777683,-0.6163825019905296,10s
2025-09-02 16:50:50,-0.9376964318728046,-1.0942402524427928,-0.4832645575424117,-0.9433736777739316,-1.076618551609067,1.3737704965823458,1.9557805516742452,2.805148985663813,-0.6408521025185843,-0.42071381236391175,-0.46777034166960196,A,1756831850,-0.8061088977423638,0.6627353177486028,0.15256560142508216,-1.0942283180539683,-0.8643764036448561,-0.023954960259052104,-0.8355965863346037,-0.8939881999314555,-0.01562984906192693,-0.8443960826985855,10s
2025-09-02 16:51:00,42.78167212352173,46.563466306900686,8.621733149931224,36.4733785989814,38.80273421340383,1.7890814546796645,-2.582092251671593,-2.5452873157644484,0.6346388549872406,0.7800814162643188,0.41352588939767526,A,1756831860,-0.8034528552456839,0.6663694467037142,0.14109699708009787,46.5630632697434,19.616097181229105,135.16775831616133,-0.9376964318728046,17.20868783611486,109.89820849202991,-0.9433736777739316,10s
2025-09-02 16:51:10,16.453938775875333,9.162942436516033,2.66895919303072,15.320587524257599,8.306634956038812,2.2065515051184827,-1.9867380450310093,-1.9561817297314492,5.474758681903917,2.5678311085865757,4.649524480450863,A,1756831870,-0.8007968127490039,0.6697889053299213,0.129570850922763,9.163225502230055,27.782333536821,-80.93152045922874,42.78167212352173,25.09825850892725,-61.699234544253144,36.4733785989814,10s
2025-09-02 16:51:20,4.632637360671283,3.3306623594193194,1.9527739569005043,4.427254062530251,3.103243302090372,0.7299322574319745,-1.1034247006814706,-1.0888143859418513,2.537667813158771,1.1553535927293384,2.4818598097921805,A,1756831880,-0.798140770252324,0.6729926520270012,0.11799067392885373,3.3307317295784977,9.869467329028355,-36.17835590226671,16.453938775875333,9.552835030636023,-31.6410064518045,15.320587524257599,10s
2025-09-02 16:51:30,3.103405912487551,2.5788054773843245,1.9972489683631363,3.0101976946854507,2.445861876267649,0.31750509411285627,-0.8448466827839489,-0.8380319616945108,1.5533118828359036,0.7948499479314589,1.4765762592462135,A,1756831890,-0.795484727755644,0.6759797109026745,0.10635999353246206,2.578835180897867,3.60072919525295,-4.426736826611716,4.632637360671283,3.581123135618181,-3.877345925117491,4.427254062530251,10s
2025-09-02 16:51:40,1.6684259805938728,1.4612632957481217,0.9910591471801926,1.639278026935375,1.408324246156423,0.24767228178699416,-0.6848702565787449,-0.6844766594046913,1.001220459336514,0.4294234592445328,1.1736526946107784,A,1756831900,-0.7928286852589641,0.6787491720698716,0.09468235255150573,1.4612752288638158,2.208884756906913,-4.135965557845157,3.103405912487551,2.228689144064784,-3.7421743100875338,3.0101976946854507,10s
2025-09-02 16:51:50,1.6464315746157838,1.4536317670678602,1.307198532783127,1.660335321244361,1.444181015525434,0.02677223496593158,-0.6609920126618941,-0.7113377019791487,0.9697104182846998,0.40405187920098456,1.0024656569214512,A,1756831910,-0.7901726427622842,0.6813001919238925,0.08296130810855112,1.4536426885252165,1.5247629555370115,0.2231748601707389,1.6684259805938728,1.5738772897114004,0.3360491792324654,1.639278026935375,10s
2025-09-02 16:52:00,1.1334752712027147,0.9759816197698938,1.011462631820266,1.1233428936193073,0.9520725538835737,-0.12049155784233048,-0.4144382746561205,-0.4447817528862174,0.8379008099411961,0.2775726592824008,0.8996125396266291,A,1756831920,-0.7875166002656042,0.6836319933993774,0.07120043054728001,0.9759911558286545,1.273577033149821,-1.2914704150721226,1.6464315746157838,1.3235995962073386,-1.2989286589304407,1.660335321244361,10s
2025-09-02 16:52:10,1.0232169800630968,0.7977744711324513,1.138010087116002,1.0398739441070441,0.8056197844861144,-0.28082542231738233,-0.3635571238560055,-0.3650011302838892,0.9985576389659381,0.3264224178737101,1.0968650933427264,A,1756831930,-0.7848605577689243,0.6857438662070081,0.05940330234492787,0.7977894499706486,0.9809468337132392,-0.04912422725934648,1.1334752712027147,1.022616716091767,0.029807485281124944,1.1233428936193073,10s
2025-09-02 16:52:20,0.6528903440502388,0.5566214021066025,0.0004585052728106373,0.6073347784417663,0.5023806086462308,-0.47637475258242634,-0.6612999313538005,-0.730446926251259,0.581382447575724,0.4021584777051974,0.3296935540683339,A,1756831940,-0.7822045152722443,0.6876351670498696,0.047573517021026086,0.5566270925836256,0.7552883457572821,-0.8514498086546953,1.0232169800630968,0.7723036194318088,-0.99290078772895,1.0398739441070441,10s
2025-09-02 16:52:30,0.3759087303717222,0.1272633593176168,-0.1425951398441082,0.3550466196981085,0.11220571688675553,-0.5917710050837871,-0.3799601915151018,-0.4250403950967765,1.0118717408188174,0.383603143046483,0.9538569918985559,A,1756831950,-0.7795484727755644,0.6893053198194034,0.03571467804278241,0.12728175385906562,0.45134497880181235,-0.5634751251103916,0.6528903440502388,0.4400971226576756,-0.46480017224610404,0.6073347784417663,10s
2025-09-02 16:52:40,0.8350956291485517,0.828363946681539,0.6414488766620816,0.7954313354717695,0.7724773329616694,-0.3340075310622498,-0.2843847100514361,-0.2930767226705557,0.4065239099079108,0.1272365805168986,0.4550898203592814,A,1756831960,-0.7768924302788844,0.6907538157708968,0.023830397727428662,0.8283616111175212,0.5368994080189076,1.7076464527524287,0.3759087303717222,0.5313418730334654,1.5645974860978091,0.3550466196981085,10s
2025-09-02 16:52:50,0.5782000131203072,0.584179130819727,0.3326455754241174,0.5507677539781449,0.5460523895122885,-0.4605737378218826,-0.23694726784619374,-0.26585735567227925,0.2800399423055586,0.1147401306447032,0.30433251144769286,A,1756831970,-0.7742363877822045,0.691980213678451,0.011924296141874634,0.5841759628271452,0.6318852105537291,-0.5015086841330586,0.8350956291485517,0.6262852697794236,-0.4424616344076442,0.7954313354717695,10s
2025-09-02 16:53:00,0.1114749014486012,-0.02239897815075876,0.006648326455754241,0.08989540786977603,-0.03853932735768957,-0.42039106335690163,-0.08855432989629612,-0.13040040460710645,0.5139243315211361,0.12079901543122219,0.5790771398379712,A,1756831980,-0.7715803452855245,0.6929841399693832,0.0,-0.022389079314332188,0.29210934568447466,-1.148844568737121,0.5782000131203072,0.284033127519709,-1.0759115308372498,0.5507677539781449,10s
2025-09-02 16:53:10,0.3559658633460362,0.3084982306869817,0.00022925263640531865,0.3467489875033767,0.29746138314925374,-0.22519783654131012,-0.12651503638011644,-0.13192799616473846,0.33285254632197936,0.08406702641295087,0.4529764001408947,A,1756831990,-0.7689243027888446,0.6937652888380199,-0.011938858442077037,0.3085001615050757,0.18775937676768242,1.0452973211657344,0.1114749014486012,0.18506458863253836,1.026886725913387,0.08989540786977603,10s
2025-09-02 16:53:20,-0.013335003190620172,-0.14564818830999085,0.02269601100412655,-0.02230812232368165,-0.14569343349366148,-0.5634675252091598,-0.13901232887203485,-0.1677903091730425,0.44912903583712416,0.10072895957587806,0.5199013737231419,A,1756832000,-0.7662682602921647,0.6943234223388485,-0.023888642492420856,-0.1456382124037179,0.12915492878865098,-0.84828525169267,0.3559658633460362,0.13063518670493485,-0.8069106324847243,0.3467489875033767,10s
2025-09-02 16:53:30,0.11722398153614944,0.09331557994227214,-0.15910132966529114,0.08226272152402345,0.055753959589969815,-0.5042886768400318,0.010117431878492053,-0.027916932868136526,0.13136580494840785,0.1094386064564991,-0.13737231419513912,A,1756832010,-0.7636122177954847,0.6946583704589975,-0.0358457121310491,0.0933154936947893,0.017053759948026638,0.6938107153370621,-0.013335003190620172,0.0023341497366644423,0.5807277397895925,-0.02230812232368165,10s
2025-09-02 16:53:40,0.2070623035681272,0.02139992594199132,0.2973406694176983,0.1840399818964438,0.004541674009419411,-1.00459480569956,0.21110814692160296,0.13618696772358807,0.7433706867857539,0.04960711918962416,0.9432898908066221,A,1756832020,-0.7609561752988048,0.6947700311700252,-0.047806425118719575,0.021413907013259074,0.12054123985595314,0.5681851633794525,0.11722398153614944,0.10243263934952601,0.5725430800870139,0.08226272152402345,10s
2025-09-02 16:53:50,0.4467583895419224,0.3317034743527098,1.0199449793672628,0.47733381041846484,0.36450327436656815,-0.5118988069918611,0.19446427649278333,0.18764855934772795,0.5742815932541884,0.0761147401306447,0.7122226135963368,A,1756832030,-0.7583001328021248,0.6946583704589975,-0.05976713810639005,0.33171114726660367,0.27527400827765425,1.030504857226965,0.2070623035681272,0.2940797564262874,1.133649612817486,0.1840399818964438,10s
2025-09-02 16:54:00,0.013287292982424752,0.013600785486038458,0.02246675836772123,0.00294968356788048,0.005448870273099598,-0.02379989521086714,0.08590374882972482,0.11314160804156591,-0.020414956174414734,-0.06096752816434725,0.07749207467418105,A,1756832040,-0.7556440903054449,0.6943234223388485,-0.07172420774501845,0.013598295649493086,0.18428701842030099,-1.0462540476891375,0.4467583895419224,0.2062337090165446,-1.1154984371635819,0.47733381041846484,10s
2025-09-02 16:54:10,-0.18499633227774498,-0.18495798989106335,-0.33195781751490144,-0.20083797367888892,-0.1967870636894623,-0.5101971347003048,0.20354078822307586,0.19608099132805076,-0.18994785310107623,-0.18365994509135664,-0.11976047904191617,A,1756832050,-0.7529880478087649,0.6937652888380199,-0.08367399179536195,-0.1849607205396818,-0.11235319484970849,-0.3206873712098911,0.013287292982424752,-0.12274421662404356,-0.3227030759293494,0.00294968356788048,10s
2025-09-02 16:54:20,0.13210956649312078,0.06935757648069413,-0.2776249426868409,0.09396820119477389,0.03032334614043915,-0.47186536369840615,0.10324026289677492,0.06151065768341503,0.2698324642183513,0.10754520496071192,0.13455442057062345,A,1756832060,-0.750332005312085,0.6929841399693832,-0.09561285023743915,0.06936113208197489,-0.056560237016460096,1.2693185163379452,-0.18499633227774498,-0.0785915641163446,1.138080495356037,-0.20083797367888892,10s
2025-09-02 16:54:30,0.4618825255398708,0.450439249987107,0.8842274186153141,0.4816559584368299,0.4688505248598827,-0.721625642093769,0.18312550010521775,0.1387999046427756,0.27648951514479086,0.005301524188204109,0.2895385699189856,A,1756832070,-0.747675962815405,0.6919802136784511,-0.10753714637931379,0.45043778942221613,0.2471815091317424,1.30839711510156,0.13210956649312078,0.2524830150901035,1.4102055816646992,0.09396820119477389,10s
2025-09-02 16:54:40,-0.017795907656892037,-0.03761492141348905,-0.22191655204034846,-0.06355098315183319,-0.08641232243888662,-0.6743997057472229,0.24613165197149361,0.22316500508993592,0.02485299012537446,-0.1344315062008899,0.17682282493835857,A,1756832080,-0.7450199203187251,0.6907538157708968,-0.11944324796486781,-0.03761542075388501,0.17679344508353262,-1.1888062996761848,0.4618825255398708,0.1760712036138755,-1.3229955973301855,0.4816559584368299,10s
2025-09-02 16:54:50,-0.239791506390186,-0.2958454921597699,-0.343191196698762,-0.24905465682560327,-0.2958959869807688,-0.47318438424445813,0.20518513627975754,0.1883737254663509,-0.02352157994008654,-0.18063050269809713,0.10989785135611131,A,1756832090,-0.7423638778220452,0.6893053198194034,-0.13132752828022157,-0.2958425082620705,-0.15267735630317048,-0.39384015307624376,-0.017795907656892037,-0.1783930605880759,-0.26913453757118144,-0.06355098315183319,10s
2025-09-02 16:55:00,0.030773084286046554,0.10904861922639102,0.48005502063273725,0.04651985486745937,0.12973019066041983,-0.5555230032952013,0.3089167462650593,0.2944308666879678,-0.25385554199489624,-0.2605320458203162,-0.2726312081718915,A,1756832100,-0.7397078353253652,0.6876351670498697,-0.14318636725846523,0.10903803143476637,-0.12987180277004587,1.1257359434795409,-0.239791506390186,-0.12499821754944272,1.1403315737502877,-0.24905465682560327,10s
2025-09-02 16:55:10,-0.1977111027618247,-0.1667082371730321,-0.04149472718936268,-0.18574694654534785,-0.14482260287817791,-0.36983695686672224,0.23992523009703423,0.2424787889235987,-0.3151004105181405,-0.27264981539335414,-0.19091229306093696,A,1756832110,-0.7370517928286853,0.6857438662070082,-0.15501615258236687,-0.1667143442067598,-0.11011296365784949,-0.4138578157197527,0.030773084286046554,-0.09428794665137775,-0.40614146453734845,0.04651985486745937,10s
2025-09-02 16:55:20,-0.03838286249321621,-0.12255980229922027,0.39270976616231085,-0.020339639337831516,-0.0934802798645648,-0.2903343178163238,0.3138886016792693,0.3640507679461516,0.24542327748807277,-0.20183659945091356,0.5649876717153928,A,1756832120,-0.7343957503320053,0.6836319933993775,-0.166813280784719,-0.12255412502594018,-0.1425851147838457,0.7825654989696791,-0.1977111027618247,-0.12672117113639705,0.7589668203517681,-0.18574694654534785,10s
2025-09-02 16:55:30,-0.2683460659951455,-0.3064869972023634,-0.3328748280605227,-0.268822604915227,-0.2962773731440507,-0.616610409008772,0.2955718698186174,0.28179213118006047,-0.12515255741706424,-0.24008330966581465,-0.0028178936245156746,A,1756832130,-0.7317397078353254,0.6813001919238926,-0.17857415834599027,-0.30648587578422465,-0.1757517375793182,-0.4184206652929055,-0.03838286249321621,-0.16702078017737965,-0.45365169164977615,-0.020339639337831516,10s
2025-09-02 16:55:40,-0.0815128907018768,-0.04738872569314272,0.3344795965153599,-0.06699329428465865,-0.024717165630754986,-0.48787021988169876,0.26703590701916463,0.2440586785592236,-0.21213802285587485,-0.20865284483574742,-0.20147939415287072,A,1756832140,-0.7290836653386454,0.6787491720698716,-0.19029520278894485,-0.04739485258768725,-0.19600342755372355,0.86741978216073,-0.2683460659951455,-0.1896522475841034,0.8656762515684047,-0.268822604915227,10s
2025-09-02 16:55:50,-0.4033182449799915,-0.4653172269347541,-0.3328748280605227,-0.40744962350989034,-0.4563462221843017,-0.30927320735002695,0.301468723010395,0.32495531035768543,-0.1713081105070454,-0.20751680393827512,-0.023247622402254316,A,1756832150,-0.7264276228419655,0.6759797109026745,-0.20197284376990135,-0.46531384404504084,-0.25937956797141465,-0.7017589049161025,-0.0815128907018768,-0.25689955878816967,-0.7231158726269759,-0.06699329428465865,10s
2025-09-02 16:56:00,-0.2862612491725261,-0.19598590696361443,0.06717102246675836,-0.27731485540722106,-0.1783336830469148,-0.3874417928243066,0.3501330740221208,0.3532120481719594,-0.6257627870853212,-0.3680772507810281,-0.3705530116238112,A,1756832160,-0.7237715803452855,0.6729926520270012,-0.2136035241662929,-0.19599931286255617,-0.35551908957004363,0.6521563143950545,-0.4033182449799915,-0.3589255535553865,0.6556250974452636,-0.40744962350989034,10s
2025-09-02 16:56:10,-0.26503020652556375,-0.2948970860088875,1.0059605685465383,-0.2620819190985929,-0.28088877509018906,-0.5380563889276888,0.3303548280139579,0.3228089493022574,-0.15533118828359038,-0.2934772318470132,-0.05424445227192674,A,1756832170,-0.7211155378486056,0.6697889053299214,-0.22518370116020217,-0.2948968216520289,-0.2905859884740105,0.3565278186635266,-0.2862612491725261,-0.2884083675358961,0.31898493589029703,-0.27731485540722106,10s
2025-09-02 16:56:20,-0.54649657977445,-0.6396319171722205,-0.5568546538285191,-0.556634684731029,-0.6344770392256078,-0.39297074842203783,0.43302299934716093,0.48783575540994367,-0.20548097192943526,-0.30900312411246805,0.029587883057414582,A,1756832180,-0.7184594953519257,0.6663694467037145,-0.2367098473175369,-0.6396255344301548,-0.41277939883395964,-0.577310862525758,-0.26503020652556375,-0.4239050959400939,-0.5886273024923714,-0.2620819190985929,10s
2025-09-02 16:56:30,-0.4772690676828941,-0.4538819658306193,-0.3328748280605227,-0.46825973230861395,-0.43053809838504586,-0.592457779624021,0.30533973849755774,0.27979229973098113,-0.6506157772106956,-0.3343747041560163,-0.7516731243395561,A,1756832190,-0.7158034528552457,0.6627353177486028,-0.24817845166252148,-0.45388861019863,-0.5124360834038073,0.5045996467471299,-0.54649657977445,-0.5239209781891974,0.5332769078854563,-0.556634684731029,10s
2025-09-02 16:56:40,-0.6180857471716792,-0.7211691205560784,-0.2528656579550665,-0.6181158212005212,-0.7019568027006251,-0.3450292597662789,0.6797515505422874,0.7854065430063626,-0.2609563963164318,-0.3783016188582789,-0.011976047904191617,A,1756832200,-0.7131474103585658,0.6588876254554711,-0.25958602074717313,-0.7211618464141643,-0.5460507524376516,-0.1433985869885193,-0.4772690676828941,-0.5537451867688572,-0.16469400331128287,-0.46825973230861395,10s
2025-09-02 16:56:50,-0.7899617721956834,-0.9279917073315317,-0.38285190279688214,-0.7935277252516734,-0.9093138063654107,0.4059935119792126,1.2309368999872294,1.654324703793271,-0.3665816043492733,-0.3336173435577014,-0.16836914406481154,A,1756832210,-0.7104913678618858,0.6548275418686651,-0.2709290797154415,-0.9279811437014722,-0.6928755047520904,-0.2392184280247277,-0.6180857471716792,-0.7115311520727811,-0.23956760288363738,-0.6181158212005212,10s
2025-09-02 16:57:00,-1.1007460683806558,-1.1753853255734794,-0.6054562127464466,-1.0997028523237373,-1.1616279978895323,0.8915079222253686,2.216895668462417,3.0911546164279806,-2.2824808609785863,-0.9652560825523052,-2.336033814723494,A,1756832220,-0.7078353253652059,0.6505563037289761,-0.282204173361682,-1.1753917163768697,-0.9195084932765062,-0.6677583161613189,-0.7899617721956834,-0.9451467436226377,-0.6226785754059291,-0.7935277252516734,10s
2025-09-02 16:57:10,50.00526005045354,31.236721341075473,4.322787712058688,43.49763138382225,26.49124994465593,2.289429199009167,-2.435054876124523,-2.394415413034362,4.897814268279152,2.5356432831581937,3.922507925325819,A,1756832230,-0.7051792828685259,0.6460752120969181,-0.2934078671831457,31.23745615973775,22.9313705174374,157.95595378274948,-1.1007460683806558,20.540285103581276,130.93592593417526,-1.0997028523237373,10s
2025-09-02 16:57:20,9.85089367183726,6.452461161239892,2.9972489683631363,9.331890590053282,5.958862814623151,1.5147038829964143,-1.7110964886512243,-1.7053454523209184,3.7314989459669365,1.908548707753479,3.4103557590700952,A,1756832240,-0.702523240371846,0.6413856319564115,-0.3045367484261619,6.452616752425329,28.07370920679014,-123.58746688254342,50.00526005045354,25.600601755308137,-99.82466237536286,43.49763138382225,10s
2025-09-02 16:57:30,4.058373439727098,3.1272794752841775,1.2783127005960568,3.900373677267113,2.9338593024436337,0.7397961442380905,-1.0088494423889574,-1.0007208215203878,2.078331299234439,0.9663921234497775,2.0739697076435366,A,1756832250,-0.699867197875166,0.636488991798996,-0.31558742712569626,3.12733082390877,6.49936433439931,-17.579224315572564,9.85089367183726,6.392159282732061,-15.638939498555954,9.331890590053282,10s
2025-09-02 16:57:40,3.029717495929723,2.5809712168616357,2.254011921137093,2.9859028439105506,2.492706049965754,0.5483955676053105,-0.8899958491919756,-0.8677745762669407,1.433484966159991,0.7138123639117675,1.4399436421275096,A,1756832260,-0.6972111553784861,0.6313867831886983,-0.3265565371379667,2.580996240374984,3.2964833970865794,-2.8824330291433617,4.058373439727098,3.313750634921181,-2.4048674373194943,3.900373677267113,10s
2025-09-02 16:57:50,1.8864139218387515,1.6618081222279015,0.8869784502521779,1.8306952586624148,1.5782486893056509,0.21944203575157614,-0.70856865511192,-0.7016468665453194,1.048263619216687,0.4506295559973492,1.1278619232123988,A,1756832270,-0.6945551128818062,0.6260805603076876,-0.3374407371658027,1.6618207641294505,2.2766405493046884,-3.2361274654106564,3.029717495929723,2.3097594208043697,-3.1101795962610717,2.9859028439105506,10s
2025-09-02 16:58:00,1.264630633531927,1.1913824650660312,0.8635946813388354,1.2726820276591118,1.1811094802472877,0.2388052251298596,-0.6375480594239084,-0.6578311170272473,0.6661488960390547,0.32983054056612704,0.7897146882705178,A,1756832280,-0.6918990703851262,0.6205719394828557,-0.3482367117764386,1.1913849747881686,1.4478446175645328,-1.6272078304386224,1.8864139218387515,1.4786841040321737,-1.360515550407971,1.8306952586624148,10s
2025-09-02 16:58:10,2.186487276283852,2.3777241859025353,8.098349381017881,2.2998956460744626,2.4579693235751026,-0.08481397160028209,-0.5312672304779097,-0.5476485795370217,0.38477754354820815,0.10716652466155448,0.5121521662557238,A,1756832290,-0.6892430278884463,0.614862598693469,-0.35894117241142537,2.3777024085965666,1.5887439583765044,3.1350088313217546,1.264630633531927,1.7062909932896269,3.2838927619514298,1.2726820276591118,10s
2025-09-02 16:58:20,1.1956893826895436,1.2499967479768186,0.6808803301237965,1.1961301367953765,1.2292279165598805,0.06849501619228461,-0.5421339765069755,-0.5334660062910574,0.3816709197825363,0.20145791915175612,0.43254667136315605,A,1756832300,-0.6865869853917662,0.6089542770600399,-0.3695508583883568,1.2499884963431058,1.556372617654142,-2.7656387989402416,2.186487276283852,1.6691560330173765,-2.95946425522121,2.2998956460744626,10s
2025-09-02 16:58:30,0.5592590604667251,0.7220205683567387,0.020403484640073362,0.5416592122114873,0.6887053405501674,-0.06251218406440846,-0.5221966331856548,-0.5279871894339431,-0.11139465216908909,0.00037868029915743634,0.0021134202183867557,A,1756832310,-0.6839309428950863,0.602848774314573,-0.38006253789410555,0.7220021100010251,0.7923081662027521,-1.6723947600824256,1.1956893826895436,0.8162438530041298,-1.643117951459266,1.1961301367953765,10s
2025-09-02 16:58:40,0.4790582004902224,0.4242480494198326,1.0002292526364054,0.502109125114731,0.4469260560676027,-0.23696849600277745,-0.30687387326217774,-0.3049849280730038,0.40608010651281484,0.02575026034270567,0.6615005283550546,A,1756832320,-0.6812749003984063,0.5965479502523499,-0.3904730089692659,0.4242504746466962,0.45581424002957105,0.0436046511627907,0.5592590604667251,0.4795775420080572,0.15848126452398453,0.5416592122114873,10s
2025-09-02 16:58:50,0.3919632154294813,0.47057744661091944,0.00022925263640531865,0.41386391822382423,0.49097252889230847,-0.1112709110975905,-0.3447412483849641,-0.35639607302824633,-0.00177521358038389,0.040897472309003126,0.0014089468122578373,A,1756832330,-0.6786188579017264,0.5900537241654171,-0.4007791004834998,0.4705673714015988,0.37726053328703524,0.022335884604062408,0.4790582004902224,0.4175846491916034,0.0158139742076308,0.502109125114731,10s
2025-09-02 16:59:00,0.40734975757250463,0.523720319278474,0.007565337001375516,0.41657235619405675,0.5275524179514993,-0.596418333938878,-0.20567588609114834,-0.26867238957524603,-0.08920448241429046,-0.07308529773738522,-0.07115181401902078,A,1756832340,-0.6759628154050464,0.5833680742579521,-0.4109776731014942,0.5237064349409701,0.34358985847339446,0.33849720341477774,0.3919632154294813,0.376091167060117,0.28229057620776443,0.41386391822382423,10s
2025-09-02 16:59:10,0.4597832763792723,0.5968888699961865,0.5362219165520403,0.45984249095202306,0.5878819224135677,-0.17221063992389032,-0.18098319516953398,-0.1559064281874895,-0.10873183179851326,-0.024235539146075926,0.0063402606551602675,A,1756832350,-0.6733067729083665,0.5764930370436819,-0.4210656202392343,0.5968729209271348,0.37543474486567013,0.4527892257874595,0.40734975757250463,0.3983951552747998,0.4011285089575399,0.41657235619405675,10s
2025-09-02 16:59:20,0.2795818200251671,0.34448088047183417,1.3046767537826685,0.2875911069574521,0.3509734866797411,-0.5020147239049005,-0.1005061836365459,-0.11504048006747339,-0.032841451237101964,-0.03408122692416927,0.03804156393096161,A,1756832360,-0.6706507304116865,0.5694307067255419,-0.4310398690102978,0.34447210018782004,0.3154413535476861,-0.26490285546070064,0.4597832763792723,0.33582696117503075,-0.23030788991098144,0.45984249095202306,10s
2025-09-02 16:59:30,0.1039843987619201,0.04888631134133504,0.35373681797340667,0.10308079750929125,0.052458018486076126,-0.42915306773262074,0.05838557185516745,0.037358425782194046,0.22767114168423389,0.0874751491053678,0.19584360690383937,A,1756832370,-0.6679946879150066,0.5621832345577612,-0.44089738116188626,0.04888918064060651,0.1483761124148012,-0.2506991463055637,0.2795818200251671,0.16276355068084694,-0.2662241723648945,0.2875911069574521,10s
2025-09-02 16:59:40,0.12337859839335874,0.23339231549715025,1.7984869325997248,0.14603670480813627,0.259991508179777,-0.530728415531199,0.056493526887021445,0.0022834005756136493,-0.2698324642183513,-0.0916406323960996,-0.30221909122930607,A,1756832380,-0.6653386454183267,0.5547528281905703,-0.4506351540003061,0.23337854472059258,0.07503094319333756,0.3508610538710627,0.1039843987619201,0.09409617955693934,0.4002078832290205,0.10308079750929125,10s
2025-09-02 16:59:50,0.06419408512693897,-0.06000651529502577,-0.05456212746446584,0.06437000181947836,-0.05183148401932433,-0.33608125523959537,0.11038225968091421,0.12186443093477162,0.45578608676356375,0.07535737953232984,0.6417752729834448,A,1756832390,-0.6626826029216467,0.5471417509977284,-0.46025022130561916,-0.05999737038735874,0.05634741505323349,0.10844127171033265,0.12337859839335874,0.07531775561693195,0.03508771929824561,0.14603670480813627,10s
2025-09-02 17:00:00,0.21844118822273512,0.20615764182919452,0.4371847776249427,0.2437594173209271,0.23635265643211092,-0.6918473722101504,0.139796440100302,0.09696780967780766,0.15533118828359038,-0.02461421944523336,0.29658330398027477,A,1756832400,-0.6600265604249668,0.5393523213870786,-0.46973965423518116,0.20615641761245115,0.10098402155102407,0.7668899028554607,0.06419408512693897,0.12272258136210693,0.7999316955104647,0.06437000181947836,10s
2025-09-02 17:00:10,0.4531038472319134,0.5316073820038595,1.695781751490142,0.43910956047180744,0.508050604671893,0.0726508262413656,0.07712567212773971,0.1148858032503522,0.032841451237101964,-0.01136040897472309,0.12750968650933428,A,1756832410,-0.6573705179282868,0.5313869120943382,-0.479100562215795,0.5315973487631147,0.2835964671554104,1.0149764498086546,0.21844118822273512,0.3045069692587513,0.8466935429984186,0.2437594173209271,10s
2025-09-02 17:00:20,-0.04892681850440425,0.034351798965980965,0.9110499770747363,-0.04676920956082658,0.03923603665678357,-0.46465336677951224,0.1973206946517519,0.21609054723006182,-0.3403972040386109,-0.31316860740319985,-0.07467418104966538,A,1756832420,-0.6547144754316069,0.5232479494603404,-0.4883300938242092,0.03434041900519744,0.1580539111636321,-1.2577642037091552,0.4531038472319134,0.16357290616147674,-1.1491755202649026,0.43910956047180744,10s
2025-09-02 17:00:30,0.4387192194609939,0.6110171753046395,0.6850068775790922,0.4426897262318603,0.6060619715042838,-0.4280749348401897,0.12146857499798114,0.12152701685704928,-0.20548097192943526,-0.17154217551831866,-0.20147939415287072,A,1756832430,-0.6520584329349269,0.5149379126919476,-0.4974254376556869,0.6109975003015583,0.1512996141201772,1.7954445098616427,-0.04892681850440425,0.16530962764239077,1.7083754668092153,-0.04676920956082658,10s
2025-09-02 17:00:40,0.14818790665497766,0.18940962980907677,0.3344795965153599,0.1373903814974763,0.17659349564492388,-0.29535763861819503,0.13041858250060628,0.15079926754195233,-0.05192499722622878,-0.11322540944807347,0.12750968650933428,A,1756832440,-0.649402390438247,0.5064593331068604,-0.5063838231803888,0.1894031257355017,0.24385476581183177,-0.6052767147483074,0.4387192194609939,0.25464457444177335,-0.6201127024077333,0.4426897262318603,10s
2025-09-02 17:00:50,-0.07893653945932406,-0.01667822502593101,0.15474552957359008,-0.10475532577531825,-0.04586944446060771,-0.5843610542282821,0.19965299962414165,0.16833165020773408,-0.30223011206035727,-0.16510461043264224,-0.3318069742867207,A,1756832450,-0.646746347941567,0.49781479336255413,-0.5152025215873021,-0.01668738644948156,0.0007896814951302974,-0.4096629378863703,0.14818790665497766,-0.010918431620525373,-0.43508474953783105,0.1373903814974763,10s
2025-09-02 17:01:00,0.03485230708675505,0.2397191893427803,0.3601558917927556,0.07495237173311141,0.28972413383199785,-0.4677222119570983,0.20607401279001727,0.16734405227571278,-0.6053478309109065,-0.2563665625295844,-0.6107784431137725,A,1756832460,-0.6440903054448871,0.4890069266695768,-0.5238788466154634,0.23969414812375076,-0.052427010467480245,0.6420738887253459,-0.07893653945932406,-0.04120681491082584,0.8008642002806423,-0.10475532577531825,10s
2025-09-02 17:01:10,-0.39699664239409826,-0.30774089973249114,-0.27900045850527283,-0.41888953029583503,-0.33122561765878183,-0.3199440540904112,0.2102175522548825,0.23087794763960479,-0.7784311549983357,-0.4320742213386349,-0.5572384642479746,A,1756832470,-0.6414342629482072,0.4800384159894465,-0.5324101553722197,-0.30775509652486926,-0.20177202287276047,-1.0412496320282603,0.03485230708675505,-0.1935918320985663,-1.1725059580818318,0.07495237173311141,10s
2025-09-02 17:01:20,-0.20035901931667055,-0.06823480337597737,0.38422741861531406,-0.18796072967670555,-0.04881671298456969,-0.16000599216265918,0.16813965241603296,0.1850194091741934,-0.6541662043714634,-0.350657957019786,-0.5128566396618528,A,1756832480,-0.6387782204515272,0.4709119932173964,-0.5407938491382792,-0.06825268561482574,-0.31221542063140917,0.8976670591698558,-0.39699664239409826,-0.3211297343730716,0.9509321335501258,-0.41888953029583503,10s
2025-09-02 17:01:30,-0.45307999212781563,-0.45350033388148836,-0.5075653370013755,-0.46040607310451154,-0.4512323280872657,-0.4037961933741639,0.20589126510511524,0.1900295626678468,-0.5125929213358482,-0.3086244438133106,-0.30715040507220853,A,1756832490,-0.6361221779548473,0.4616304383502128,-0.5490273741593056,-0.4535039703309821,-0.3385493382917117,-0.4886296732410951,-0.20035901931667055,-0.3412692129730931,-0.5238568278504132,-0.18796072967670555,10s
2025-09-02 17:01:40,-0.06839258344813602,0.06600702901119394,1.0747363594681338,-0.04841332871790635,0.09282860141830736,-0.3560776644509747,0.19937838802724195,0.18902268150287618,-0.5139243315211361,-0.3044589605225788,-0.35575907009510394,A,1756832500,-0.6334661354581673,0.4521965786394201,-0.5571082224238182,0.06598973134096206,-0.27658454352489176,1.4778113040918457,-0.45307999212781563,-0.2735754286363344,1.4814144968854637,-0.46040607310451154,10s
2025-09-02 17:01:50,-0.36095158010245765,-0.3482310621002449,-0.33195781751490144,-0.36794616371351985,-0.347281361318133,-0.2809820891639992,0.22306822817846966,0.24113393797982297,-0.43803395095972486,-0.33323866325854395,-0.21627333568157803,A,1756832510,-0.6308100929614874,0.44261328773007474,-0.565033932427154,-0.34823575356523273,-0.23332567921009448,-0.6115322343244038,-0.06839258344813602,-0.22872356379968303,-0.6618140781492453,-0.04841332871790635,10s
2025-09-02 17:02:00,-0.21631808395803886,-0.1932872524178423,-0.3326455754241174,-0.22512066081021015,-0.19708288712002367,-0.6940059545931945,0.2385714359821619,0.18116341617746123,-0.306224342616221,-0.18593202688630123,-0.3733709052483269,A,1756832520,-0.6281540504648074,0.4328834847854228,-0.5728020899212685,-0.19329254296093445,-0.30278404731368275,0.7372313806299676,-0.36095158010245765,-0.31444345501365234,0.6928064978357871,-0.36794616371351985,10s
2025-09-02 17:02:10,-0.4843301784958164,-0.44244882338845465,-0.3328748280605227,-0.4821202041667575,-0.42908699170038245,-0.7527558111515584,0.2760246314863493,0.22004056455634702,-0.7380450460446022,-0.41654832907317996,-0.6981331454737584,A,1756832530,-0.6254980079681275,0.4230101335976956,-0.580410328650137,-0.4424578220816763,-0.3607164259351565,-0.5358036502796585,-0.21631808395803886,-0.3698287421504565,-0.47860361865306517,-0.22512066081021015,10s
2025-09-02 17:02:20,-0.44060377268471307,-0.36878995931318564,-0.333791838606144,-0.4348482306713368,-0.3523645170301536,-0.3651291479273534,0.19339649004960327,0.17148654502651692,-0.7828691889492955,-0.4472214333049323,-0.6889749911940825,A,1756832540,-0.6228419654714475,0.41299624168531085,-0.5878563310705398,-0.3688023493140408,-0.46602969426444807,0.42592728878422137,-0.4843301784958164,-0.47156659456551725,0.412853123074296,-0.4821202041667575,10s
2025-09-02 17:02:30,-0.5180851507940768,-0.5292971349057185,-0.47340669417698306,-0.5231461466844188,-0.5227654197155718,-0.06910663749976327,0.30133753502776905,0.3672959885494464,-0.5671807389326529,-0.3449777525324245,-0.441704825642832,A,1756832550,-0.6201859229747676,0.4028448593767513,-0.5951378290580088,-0.529299879579609,-0.4818793299468505,0.05199440682955549,-0.44060377268471307,-0.4914680852842357,0.015659546666072714,-0.4348482306713368,10s
2025-09-02 17:02:40,-0.6017450008647475,-0.7416496114973558,-0.5591471801925723,-0.6127192179993544,-0.7338181215377895,-0.13216763993058628,0.42420352531610583,0.4984434074328918,-0.011538888272495284,-0.19842847675849665,0.15005283550545967,A,1756832560,-0.6175298804780877,0.3925590788814072,-0.6022526045977196,-0.7416384742386859,-0.5575431384518882,0.03293347070944951,-0.5180851507940768,-0.5777524601505519,0.011923588064532894,-0.5231461466844188,10s
2025-09-02 17:02:50,-0.6579953363271489,-0.7612824053596047,-0.3321870701513067,-0.6609440102417878,-0.7452635578675819,0.0494971540334586,0.5306835813304078,0.6618601064096671,-0.3293021191612116,-0.30142951812931934,-0.2268404367735118,A,1756832570,-0.6148738379814077,0.38214203334765784,-0.6091984904601202,-0.7612752306623157,-0.6232379181531534,0.11749337650868413,-0.6017450008647475,-0.644597552166796,0.13306605489602127,-0.6127192179993544,10s
2025-09-02 17:03:00,-0.7115261899224112,-0.817342371997891,-0.14305364511691884,-0.702432171215447,-0.7850545470643683,0.355801785115421,1.5742397400542487,2.095080715192356,-0.4176189947853101,-0.3680772507810281,-0.35857696371961956,A,1756832580,-0.6122177954847278,0.3715968959084847,-0.6159733708610909,-0.8173351208175627,-0.674785637877829,0.12588313217544891,-0.6579953363271489,-0.6881168815523497,0.15280308261131034,-0.6609440102417878,10s
2025-09-02 17:03:10,8.266485367875523,27.302685841812323,4.13273727647868,7.36895828022298,24.014487045360546,1.4690290530081545,1.4490872128372134,2.3188411811099567,-3.2135803838899366,-1.263656158288365,-3.169425854174005,A,1756832590,-0.6095617529880478,0.3609268787149053,-0.6225751821064316,27.298699772277786,3.515701220365942,27.98870326758905,-0.7115261899224112,3.207150749096359,23.921969545106947,-0.702432171215447,10s
2025-09-02 17:03:20,44.989223456723856,23.367795909568024,2.270059605685465,39.026444267958986,19.726144611484862,2.442582426969962,-2.334740410931253,-2.3028102343194092,6.818595362254522,3.27028306352362,5.097569566748855,A,1756832600,-0.6069057104913679,0.3501352319575194,-0.6290019132204838,23.368530217648182,24.974472565568767,113.58275684427436,8.266485367875523,22.479440846489457,93.02467128464411,7.36895828022298,10s
2025-09-02 17:03:30,7.733586197436769,5.142563706614346,5.005960568546539,7.263619099555875,4.700890956579201,1.2527883893004121,-1.4505099860507584,-1.4192418939999445,3.435925884833019,1.6767963646691282,3.080662205001761,A,1756832610,-0.6042496679946879,0.3392252428764697,-0.6352516065586935,5.142687279924404,24.724249942594074,-114.64472328525169,44.989223456723856,22.4283413080581,-92.78458397368792,39.026444267958986,10s
2025-09-02 17:03:40,3.254098605072788,2.6159525333844913,1.3601558917927556,3.130873202631604,2.45765036466969,0.43512488799744253,-1.0180803142794888,-1.0184277644526345,1.727726617108621,0.8709646880621036,1.4850299401197604,A,1756832620,-0.601593625498008,0.32820023476011884,-0.6413223584039269,2.6159888551419535,5.127536361752533,-13.528444215484251,7.733586197436769,5.015569521226404,-11.833791418877283,7.263619099555875,10s
2025-09-02 17:03:50,2.09190178853643,1.6262502314187688,1.7292526364053187,1.9198182751649313,1.4408657571158814,0.13330862685073872,-0.8352427896029173,-0.8407094447518483,1.5395539775879286,0.6842753005774874,1.402606551602677,A,1756832630,-0.598937583001328,0.3170635659327402,-0.6472123195463638,1.6262787451000067,2.4784853796911843,-3.2944141889902854,3.254098605072788,2.423317010183816,-3.2738015160626914,3.130873202631604,10s
2025-09-02 17:04:00,1.213389869930045,0.9680891609473631,0.7950481430536451,1.1694613482486633,0.9117842928532196,0.3655207537360561,-0.700935677287578,-0.6706307946124009,1.0624653278597582,0.43926914702262615,1.169425854174005,A,1756832640,-0.5962815405046481,0.3058186287315416,-0.6529196958467828,0.9681050964343674,1.520271291997334,-2.4192302031204003,2.09190178853643,1.4718453944182008,-1.9240454076367388,1.9198182751649313,10s
2025-09-02 17:04:10,1.3279420798072508,1.1190821166521079,1.3491517652453002,1.3734071328619584,1.1489209763943853,0.3034306241152003,-0.5505391661479211,-0.5249738395704995,0.9812493065571951,0.36542648868692607,1.1757661148291652,A,1756832650,-0.5936254980079682,0.29446884847332727,-0.6584427487830741,1.1190950662417503,1.1615542724009118,0.6444289078598764,1.213389869930045,1.2067839330644332,0.8718771113140448,1.1694613482486633,10s
2025-09-02 17:04:20,0.8291318531241241,0.6942687622455416,0.6646033929390188,0.8112014993717985,0.6677955473259807,0.17040834327598714,-0.5364148688418213,-0.5400014228544394,0.7291689781426828,0.3279371390703399,0.831278619232124,A,1756832660,-0.5909694555112882,0.283017682411111,-0.6637797959798104,0.6942772385830528,0.981126052208588,-1.2478289667353548,1.3279420798072508,1.0329937744533777,-1.3727984794826678,1.3734071328619584,10s
2025-09-02 17:04:30,0.5845931810184937,0.464214152402562,0.47271893626776706,0.552606491432487,0.42711762328421177,-0.1881627285618611,-0.36981080961941815,-0.36472858762104365,0.6310884278264729,0.1938843131686074,0.7488552307150405,A,1756832670,-0.5883134130146083,0.271468618681006,-0.6689292117207143,0.46422198887311766,0.6320868313609964,-0.46338681189284664,0.8291318531241241,0.6348272645604084,-0.4832780215456118,0.8112014993717985,10s
2025-09-02 17:04:40,0.506777831451762,0.329956174545909,0.1671251719394773,0.48457117834790353,0.30744960603450444,-0.5550526245002422,-0.4727183488367069,-0.4907013624327755,0.7850882059247754,0.30483764082173626,0.831278619232124,A,1756832680,-0.5856573705179283,0.2598251752397024,-0.6738894274438677,0.32996874699783757,0.4807256108830431,0.05096408595819841,0.5845931810184937,0.47638044034641985,0.075025057353498,0.552606491432487,10s
2025-09-02 17:04:50,0.9910364446352853,1.075717332491286,2.8356258596973865,1.054419634553465,1.1300417704737247,0.0968951203753498,-0.330528388952077,-0.33667227042977327,0.25385554199489624,0.16510461043264224,0.33744276153575203,A,1756832690,-0.5830013280212484,0.24809089879286467,-0.6786589322195108,1.0757065526434886,0.6715709061175114,1.7849941124521638,0.506777831451762,0.7198076231845434,1.943901225768611,0.48457117834790353,10s
2025-09-02 17:05:00,0.5415347181221262,0.3584463082949567,0.19876203576341128,0.540359729622476,0.3573369448785857,-0.08579246819603391,-0.1429087656509128,-0.07425935032883461,0.8121602130256297,0.1688914134242166,1.0412116942585417,A,1756832700,-0.5803452855245684,0.2362693637147716,-0.6832362732102852,0.35845928976323926,0.6878909903502042,-1.0957094495142774,0.9910364446352853,0.7468703856042901,-1.2317407993110157,1.054419634553465,10s
2025-09-02 17:05:10,0.1800344706254212,0.1656419448937903,-0.15910132966529114,0.18547326456482285,0.1736041763460829,-0.2990239328679837,-0.12732920517308174,-0.12182823623373817,0.13935426606013537,0.060210167566032376,0.15216625572384643,A,1756832710,-0.5776892430278885,0.2243641709595255,-0.6876200561137841,0.1656409330037918,0.307085291202052,-0.8242198999116868,0.5415347181221262,0.3253486104507166,-0.7653933818889161,0.540359729622476,10s
2025-09-02 17:05:20,0.593872816512503,0.5701982930329429,1.0226960110041265,0.6562001892460213,0.6335950885248739,-0.32581906577968034,-0.08182441213023377,-0.10043666767402792,0.3643625873737934,0.07838682192558932,0.3994364212750969,A,1756832720,-0.5750332005312085,0.21237894696416748,-0.691808945587268,0.5701977936279429,0.3316606273767453,1.567743597291728,0.1800344706254212,0.3815422696471535,1.6534942943478035,0.18547326456482285,10s
2025-09-02 17:05:30,4.194347533084048,4.412420725410941,23.934662998624486,3.7356069886214183,3.831726603326394,-0.2585410474323754,0.2529334130367186,0.32421474899244407,0.628869410850993,0.07649342042980214,0.8362099330750264,A,1756832730,-0.5723771580345286,0.20031734254403058,-0.6958016656544246,4.412393030321841,2.2165799510509485,11.398697380041213,0.593872816512503,2.103695351909828,9.296422181140537,0.6562001892460213,10s
2025-09-02 17:05:40,-0.03800118082765284,-0.037560167703135916,0.031866116460339294,-0.02953940843133091,-0.022168790459982705,-0.43861188653416794,0.14241471017517915,0.1480229882720423,-0.06080106512814823,-0.13632490769667707,0.06269813314547376,A,1756832740,-0.5697211155378487,0.1881830317806643,-0.6995970000940434,-0.03756271615952761,1.9198837320011426,-12.766006770680011,4.194347533084048,1.771046315686991,-10.756795925488712,3.7356069886214183,10s
2025-09-02 17:05:50,0.458328115029312,0.4285749280710422,1.2911508482347547,0.5064414095027452,0.47939834083095545,-0.32431377250755256,0.19580441744699867,0.23411765939524995,0.32619549539553977,-0.02991574363343747,0.5642831983092639,A,1756832750,-0.5670650730411687,0.17597971090267428,-0.7031937928104876,0.42857514011354564,0.1656370937480748,1.8222328525169267,-0.03800118082765284,0.20459336279334833,1.8446755907967125,-0.02953940843133091,10s
2025-09-02 17:06:00,0.24210545148766394,0.2414395825301195,1.0859697386519944,0.26249548298027514,0.26512940537076274,-0.7644684454719363,0.1563632102032825,0.11348544266796336,0.1335848219238877,0.03862539051405851,0.14230362803804156,A,1756832760,-0.5644090305444888,0.1637110971598173,-0.7065909481858524,0.24143724172563671,0.2971610670221167,-0.37603032087135707,0.458328115029312,0.34625810769148313,-0.44035904403412257,0.5064414095027452,10s
2025-09-02 17:06:10,0.06123605221882287,0.055201715911773315,0.005502063273727648,0.08879459812588661,0.09148160293997384,-0.5804284678312633,0.18635574261045304,0.1574801271365469,0.0355042716076778,-0.11549749124301809,0.1669601972525537,A,1756832770,-0.5617529880478087,0.15138092769068734,-0.7097874314137026,0.0551998852687174,0.11070662492369213,-0.2669634972034148,0.24210545148766394,0.1436596143907928,-0.23455464730382877,0.26249548298027514,10s
2025-09-02 17:06:20,-0.025644236905038795,0.12105000143973729,0.2643282897753324,-0.04429390809252275,0.09575375766032684,-0.43927776276593916,0.1495225139644485,0.1373486534119613,-0.5063796738045047,-0.1957777146643946,-0.3994364212750969,A,1756832780,-0.5590969455511288,0.13899295838435027,-0.7127822688142809,0.12103150018863591,-0.015015149563434946,0.0229982337356491,0.06123605221882287,-0.005162468524381711,-0.11556822653332442,0.08879459812588661,10s
2025-09-02 17:06:30,-0.16941894930194001,-0.07075967904851857,-0.14580467675378267,-0.1572090114353454,-0.0511681063171078,-0.22712416232767116,0.15305190164768692,0.1608635875201795,-0.5125929213358482,-0.23516046577676797,-0.4043677351179993,A,1756832790,-0.5564409030544488,0.12655096273626154,-0.715574548131104,-0.07077334988588067,-0.12331912653385829,-0.15252428613482485,-0.025644236905038795,-0.12449765626190862,-0.056464054762382046,-0.04429390809252275,10s
2025-09-02 17:06:40,-0.10143190262346508,0.15130438992341358,-0.11462631820265932,-0.12689112981496564,0.11126826123948085,-0.3983348554733493,0.11671142740588383,0.098049833138519,-0.8769555087096417,-0.32490769667708036,-0.8524128214159915,A,1756832800,-0.5537848605577689,0.11405873069882347,-0.7181634188088425,0.15127209246283846,-0.15890519901653852,0.5007727406535178,-0.16941894930194001,-0.1645651779475709,0.36318091038005507,-0.1572090114353454,10s
2025-09-02 17:06:50,-0.22621795215858873,-0.21333292105934532,0.04722604309949564,-0.22856094466910581,-0.20834978858019257,-0.34192215179903784,0.25519517048619617,0.2919875862958444,-0.27959613891046264,-0.25182239893969516,-0.11905600563578725,A,1756832810,-0.5511288180610889,0.10152006752693034,-0.720548092252409,-0.21333713263920084,-0.1855751513556199,-0.09394318516337945,-0.10143190262346508,-0.1991776633622082,-0.023517532723047567,-0.12689112981496564,10s
2025-09-02 17:07:00,-0.2306788566248606,-0.14577646538343256,-0.04516276937184777,-0.2344603118048668,-0.14580653163011004,-0.49961979112069843,0.15609269974895223,0.12345486997118273,-0.5383335182514146,-0.2843889046672347,-0.4452271926734766,A,1756832820,-0.548472775564409,0.0889387926188487,-0.7227278420671717,-0.14578886781062414,-0.2462630143430802,0.2772667059169856,-0.22621795215858873,-0.2513589648903953,0.25707137076716335,-0.22856094466910581,10s
2025-09-02 17:07:10,0.02364040816083111,0.28852853197153566,1.504355800091701,0.030403027125432,0.29190594430661976,-0.24842776666647692,0.23557911209776544,0.26775906893720985,-0.7686674803062243,-0.3794376597557512,-0.6009158154279676,A,1756832830,-0.545816733067729,0.07631873835279279,-0.7247020042802212,0.28849596234815833,-0.1289421068254244,1.0756181925228143,-0.2306788566248606,-0.12573676671827988,1.0503537727093866,-0.2344603118048668,10s
2025-09-02 17:07:20,-0.26848919661973175,-0.12520727529880726,0.0004585052728106373,-0.26969838725290696,-0.12384144674365699,-0.6031771924659075,0.25151813829967107,0.23104654782808617,-0.7757683346277598,-0.46615544826280414,-0.6502289538569919,A,1756832840,-0.5431606905710491,0.0636637489195459,-0.7264699775426234,-0.1252271320397229,-0.14669593902090697,-0.6102075360612305,0.02364040816083111,-0.14283059049022062,-0.6048837710017745,0.030403027125432,10s
2025-09-02 17:07:30,-0.19854603140524454,-0.18113120470250635,-0.29458963778083447,-0.20466141231051957,-0.18152528453365416,-0.856372505150389,0.3535674478658291,0.30721683290940516,-0.2671696438477754,-0.2355391460759254,-0.31560408594575556,A,1756832850,-0.5405046480743692,0.05097767915148042,-0.7280312233125961,-0.1811358298285019,-0.2510235056257806,0.5068074771857521,-0.26848919661973175,-0.2568592385272877,0.4649011441001997,-0.26969838725290696,10s
2025-09-02 17:07:40,-0.24728200907686712,-0.18275146863171113,0.15795506648326454,-0.25982556321470907,-0.19312741079388143,-0.46797328277657263,0.22330231936513398,0.20714080206474952,-0.4886275380006657,-0.3529300388147307,-0.2571327932370553,A,1756832860,-0.5378486055776892,0.03826439334834104,-0.7293852660195532,-0.1827615762109438,-0.24106567797796732,0.14067559611421843,-0.19854603140524454,-0.25206997827131306,0.11273507509781648,-0.20466141231051957,10s
2025-09-02 17:07:50,-0.2411035371155601,-0.20353019142418813,0.9704264099037139,-0.22630458878522197,-0.17736015825237078,-0.39158661280251883,0.37897645088709675,0.41096801013283146,-0.3861089537334961,-0.3241503360787655,-0.0943994364212751,A,1756832870,-0.5351925630810093,0.025527764100139422,-0.7305316932089695,-0.20353718692419157,-0.2610485402093496,0.31008978510450397,-0.24728200907686712,-0.2625689808365667,0.3725653532901233,-0.25982556321470907,10s
2025-09-02 17:08:00,-0.4706373487437306,-0.471984586000573,-0.3353966070609812,-0.48278109546787706,-0.47587312849872887,-0.7903703290517963,0.3083049062740883,0.23423878754927277,-0.5352268944857428,-0.3143046483006722,-0.5635787249031349,A,1756832880,-0.5325365205843293,0.012771671107526443,-0.7314701556680171,-0.47198821332476937,-0.36592496345622866,-0.4170959670297321,-0.2411035371155601,-0.3707236552578358,-0.4770712222791426,-0.22630458878522197,10s
2025-09-02 17:08:10,-0.3751453670405954,-0.34516311695337565,-0.03897294818890417,-0.37559709552464077,-0.33629201193828545,-0.6281527991550946,0.3080839052132773,0.2778175212774073,-0.5250194163985354,-0.35709552210546247,-0.5058119056005635,A,1756832890,-0.5298804780876494,-1.5261533553991276e-17,-0.7322003675319404,-0.3451698836310846,-0.4288642587915073,0.5856270238445688,-0.4706373487437306,-0.44314474432775064,0.5883837821383759,-0.48278109546787706,10s
2025-09-02 17:08:20,-0.622475086325658,-0.6018154830989939,-0.4903713892709766,-0.6313924381668781,-0.601922783270891,-0.660160575471056,0.32408212962562505,0.2861995115461663,-0.9071341395761677,-0.48736154501562057,-0.8185980979218035,A,1756832900,-0.5272244355909694,-0.012783358847699287,-0.7327221063711316,-0.601823168395162,-0.5001596164724199,-0.47199735060347364,-0.3751453670405954,-0.5152354039426331,-0.47507554328054585,-0.37559709552464077,10s
2025-09-02 17:08:30,-0.412836431514978,-0.37094013142695137,-0.1733149931224209,-0.40355725756464594,-0.34897245642413094,-0.4215841191364434,0.37277597897261316,0.39571018307020683,-0.6253189836902252,-0.39382751112373376,-0.5086297992250792,A,1756832910,-0.5245683930942895,-0.025574511500631513,-0.7330352132588861,-0.3709485623669759,-0.5178574428881061,0.9377759788048278,-0.622475086325658,-0.5287987463349129,0.9418684247648321,-0.6313924381668781,10s
2025-09-02 17:08:40,-0.5643401976395375,-0.6352004202013991,0.060751948647409446,-0.5624712063749656,-0.6159528565106417,-0.2861365606985495,0.4411727353825203,0.5040238411910998,-0.3519360923111062,-0.3370254662501183,-0.1021486438886932,A,1756832920,-0.5219123505976095,-0.038369561649787276,-0.7331395928198124,-0.6351965135526934,-0.4905602258153041,-0.17636885487194584,-0.412836431514978,-0.4953653826958225,-0.1912317823759568,-0.40355725756464594,10s
2025-09-02 17:08:50,-0.7032484688005057,-0.7130616543995514,-0.33310408069692804,-0.7044959360759985,-0.699977364488303,-0.35867469511049954,0.45896708175836126,0.5121275074370878,-0.9444136247642294,-0.48622550411814824,-0.8982035928143712,A,1756832930,-0.5192563081009296,-0.05116461179894304,-0.7330352132588861,-0.7130662642691519,-0.6269230984637615,-0.13751103915219312,-0.5643401976395375,-0.6413493126133085,-0.14174963434824894,-0.5624712063749656,10s
2025-09-02 17:09:00,-0.8632446519838501,-0.9548727963014879,-0.4839523154516277,-0.869441024827517,-0.9432995514386214,0.05138518364134481,0.9386076779216309,1.185109178081922,-0.9097969599467436,-0.5138691659566411,-0.7932370553011624,A,1756832940,-0.5166002656042497,-0.06395576445187526,-0.7327221063711317,-0.9548684402611961,-0.7672735826337278,-0.20256844274359728,-0.7032484688005057,-0.7902589199972267,-0.2089018568426992,-0.7044959360759985,10s
2025-09-02 17:09:10,-0.9845717114248057,-1.1298141058674256,-0.5990371389270976,-0.9915619790856285,-1.1158086656512187,0.8614965471092113,2.057648529404233,2.853260135541778,-0.9413070009985577,-0.5070529205718073,-0.8418457203240578,A,1756832950,-0.5139442231075697,-0.07673912329957454,-0.7322003675319405,-1.129804079933353,-0.8993688148616937,-0.08327200471003827,-0.8632446519838501,-0.9295133000314203,-0.08343541884758447,-0.869441024827517,10s
2025-09-02 17:09:20,46.33376868898311,40.604943060945146,5.7166437414030264,37.75701804223116,32.28916826058614,1.7103085173246,-2.597983063973818,-2.5738916486972596,2.0401642072561854,1.377260248035596,1.3666784078901022,A,1756832960,-0.5112881806108898,-0.08951079440710132,-0.7314701556680171,40.60518051721937,21.26197263557599,146.270790403297,-0.9845717114248057,17.807999343074773,113.80020639834882,-0.9915619790856285,10s
2025-09-02 17:09:30,12.84449454016305,7.624373437954605,2.2290233837689133,11.44622782605787,6.581383304967644,2.1106437910780462,-1.9032848498452355,-1.8489496400120724,4.710085432153556,2.358042222853356,3.844311377245509,A,1756832970,-0.5086321381142098,-0.10226688739971364,-0.7305316932089693,7.624591286891798,27.755405957894855,-103.02527965852222,46.33376868898311,23.84151236381463,-76.81117520844006,37.75701804223116,10s
2025-09-02 17:09:40,4.007657488415365,3.0287542264920386,2.420907840440165,3.8011365911287505,2.797951357655813,0.8051685319661968,-1.0595500302018517,-1.0246195223476033,2.16531676467325,1.0330398561014864,2.097217330045791,A,1756832980,-0.5059760956175299,-0.11500351664791526,-0.7293852660195532,3.0288082119994417,7.881194939317737,-26.971114218428024,12.84449454016305,7.369674836764407,-22.124284473350112,11.44622782605787,10s
2025-09-02 17:09:50,1.8394193667662617,1.7256180124965805,1.7255845942228336,1.7541007950461533,1.60732607904178,0.34278723664809596,-0.7497068897262562,-0.7302730138898927,0.8312437590147564,0.39382751112373376,0.9792180345191969,A,1756832990,-0.5033200531208499,-0.127716802451055,-0.7280312233125961,1.7256224129375413,2.7137656606161755,-6.3981086252575805,4.007657488415365,2.6680698445260576,-5.723063901819721,3.8011365911287505,10s
2025-09-02 17:10:00,2.1118685106662136,2.0518248874447944,0.9981659789087575,2.0494746066201643,1.9491311715518853,0.31099420453171395,-0.8423957535656873,-0.8391750306981912,0.7664484633307445,0.5006153554861308,0.8326875660443819,A,1756833000,-0.50066401062417,-0.14040287221912046,-0.7264699775426234,2.0518244039087183,1.8235985953750427,1.131549896967913,1.8394193667662617,1.818346898806471,1.1397435611882012,1.7541007950461533,10s
2025-09-02 17:10:10,1.5701668068154033,1.3913598744360334,1.5518110958276021,1.5179781186188386,1.315971884754463,-0.09010423988084593,-0.5606821050169649,-0.5488845622088204,0.9342061466770221,0.3650478083877686,1.1137724550898203,A,1756833010,-0.49800796812749004,-0.15305786165236734,-0.7247020042802212,1.391369941242727,1.69717114806248,-1.3801516043567854,2.1118685106662136,1.7038049050089072,-1.2828266179625958,2.0494746066201643,10s
2025-09-02 17:10:20,1.4932340961002868,1.3369907259796008,1.5270518110958275,1.4237301536217501,1.2443593539434268,-0.03156845475111072,-0.6053410060298451,-0.5847611445954262,0.8787307222900255,0.37678689766164913,0.9918985558295175,A,1756833020,-0.4953519256308101,-0.16567791591842326,-0.7227278420671717,1.3369992696147204,1.4066915705700829,0.053687076832499264,1.5701668068154033,1.4002592297748409,-0.0017729469675033967,1.5179781186188386,10s
2025-09-02 17:10:30,0.6474036701077654,0.5616246343533838,0.3310408069692801,0.6306362649910572,0.5380904054936166,0.059081871812664236,-0.4068502719104532,-0.3749272376682903,0.5507600133141018,0.2374325475717126,0.6960197252553716,A,1756833030,-0.49269588313413015,-0.1782591908265049,-0.720548092252409,0.5616294519530883,0.9734084557526337,-2.3184059464233147,1.4932340961002868,0.9698138924934,-2.0492564462361997,1.4237301536217501,10s
2025-09-02 17:10:40,1.0444480227100592,0.9928250034443082,0.33241632278771205,1.0951029677769877,1.03271001088332,-0.22997648988001362,-0.3612344161016781,-0.3499970544590817,0.5707311660934206,0.2010792388525987,0.7340612891863332,A,1756833040,-0.4900398406374502,-0.19079785399839805,-0.7181634188088426,0.9928261758745929,0.7626811086904168,1.5159331763320576,0.6474036701077654,0.8103983985972483,1.6351530540273664,0.6306362649910572,10s
2025-09-02 17:10:50,0.5411291813524651,0.6837195910377933,1.1354883081155434,0.5633104977819089,0.6997500781350504,-0.06860238863935206,-0.4674714774466472,-0.44149670861256757,-0.07500277377121935,0.0927766732935719,-0.06622050017611836,A,1756833050,-0.48738379814077026,-0.2032900860358361,-0.715574548131104,0.6837031820013784,0.7127799588917576,-1.2617382984986754,1.0444480227100592,0.7777389872828914,-1.2836937880036527,1.0951029677769877,10s
2025-09-02 17:11:00,4.380417345046189,5.200789682713222,33.72260430994957,4.804345258941165,5.587115319653343,-0.019121425062017434,-0.28899330854773353,-0.22486974547204583,0.11050704537889715,-0.052257881283726215,0.37971116590348714,A,1756833060,-0.4847277556440903,-0.21573208168392485,-0.7127822688142811,5.200707747022264,2.279183211707448,12.135450397409478,0.5411291813524651,2.577074883083536,12.69976761624756,0.5633104977819089,10s
2025-09-02 17:11:10,0.43812284185855116,0.5452773866424248,1.1703347088491518,0.4758478186279106,0.5830896161716919,-0.15555585970438307,-0.06586020447539888,-0.04355223674088157,-0.04793076667036503,-0.020070055855344125,0.06481155336386052,A,1756833070,-0.4820717131474104,-0.22812005099026222,-0.7097874314137025,0.5452644757892083,2.2308166202752124,-11.871173093906387,4.380417345046189,2.5346471510047857,-12.407305610619863,4.804345258941165,10s
2025-09-02 17:11:20,0.05763393150006858,0.1534290112282028,-0.21205868867491975,0.05091295747336796,0.14477279642068502,-0.435743617698616,0.06496438049055292,0.04323811524699658,-0.28314656607123045,0.005680204487361545,-0.40718562874251496,A,1756833080,-0.47941567065073043,-0.24045022045939188,-0.7065909481858527,0.153416597999236,0.20105514889136558,-0.8828010008831322,0.43812284185855116,0.2287796187965189,-0.9706216450987817,0.4758478186279106,10s
2025-09-02 17:11:30,0.1632643324447307,0.1563542784077798,0.08940852819807428,0.1645801794441519,0.15957704504696277,-0.1802377503372908,0.14089363268243926,0.1912225503794629,0.10562520803284145,-0.06589037205339392,0.3451919690031701,A,1756833090,-0.4767596281540505,-0.25271883420224883,-0.7031937928104876,0.1563525491823361,0.0719954299283686,0.6169046217250516,0.05763393150006858,0.07778515889870616,0.6073783697500205,0.05091295747336796,10s
2025-09-02 17:11:40,0.14606480239028144,0.39047595209013625,0.011004126547455296,0.16744471750698015,0.4119719929837121,-0.08896502166922808,0.06357650195453418,0.10154383111083755,-0.6000221901697548,-0.2219066553062577,-0.4536808735470236,A,1756833100,-0.47410358565737054,-0.2649221550802386,-0.6995970000940435,0.3904468973318989,0.11351811506947516,0.23796732410950838,0.1632643324447307,0.13431416465516097,0.28274791931160953,0.1645801794441519,10s
2025-09-02 17:11:50,0.26913328443036993,0.5240561257930336,0.7010545621274644,0.27928942021486064,0.5277773378922397,0.08956573419299386,0.08656150097634427,0.14822141372415554,-0.5196937756573837,-0.28476758496639215,-0.27474462839027824,A,1756833110,-0.4714475431606906,-0.2770564658436049,-0.6958016656544249,0.5240265799243276,0.16322884521682637,0.6707020900794819,0.14606480239028144,0.18995907493520484,0.6020387405246082,0.16744471750698015,10s
2025-09-02 17:12:00,-0.09088794661227703,0.03846800299471171,0.33860614397065564,-0.07199457906951168,0.06445826083003842,-0.204147916508824,0.17874493466641528,0.20947561928452232,-0.5223565960279596,-0.2397046293666572,-0.3691440648115534,A,1756833120,-0.46879150066401065,-0.28911807026374176,-0.6918089455872682,0.03845117092783544,0.05196776307314915,-0.819657050338534,0.26913328443036993,0.07380820438635267,-0.7548388533755039,0.27928942021486064,10s
2025-09-02 17:12:10,-0.1643616672332254,-0.12140027354511435,-0.09559834938101788,-0.18581992840682116,-0.14297742575973074,-0.4597698665712664,0.18780635767184747,0.18041458577818914,-0.32220126483967604,-0.13783962889330684,-0.328989080662205,A,1756833130,-0.46613545816733065,-0.30110329425910015,-0.6876200561137841,-0.12140758847962255,-0.15157964301915958,0.06435825728584045,-0.09088794661227703,-0.1518141412989123,-0.059130899614673584,-0.07199457906951168,10s
2025-09-02 17:12:20,0.12865057639895275,0.13302591731800448,1.3878954607977991,0.11204337555300231,0.11529784987712961,-0.8160057566959137,0.31755904135108826,0.2890077370957466,0.04793076667036503,-0.14768531667140017,0.12398731947868968,A,1756833140,-0.4634794156706507,-0.3130084870143462,-0.6832362732102853,0.13302308313263453,-0.0484954047257677,1.1949882249043273,-0.1643616672332254,-0.06253819975935689,1.147037292766406,-0.18581992840682116,10s
2025-09-02 17:12:30,-0.08411309704852725,-0.08521194547846032,-0.21389270976616231,-0.10387346161584882,-0.1031620739062731,-0.4849964703273648,0.2117225472922682,0.20752547331641102,-0.0936425163652502,-0.1908548707753479,-0.044381824586121874,A,1756833150,-0.46082337317397076,-0.3248300220924396,-0.6786589322195107,-0.08521438996774866,-0.010814716078699322,-0.36535914041801587,0.12865057639895275,-0.022786356213770155,-0.3582392290501964,0.11204337555300231,10s
2025-09-02 17:12:40,0.21763011468341295,0.41493799508475976,1.728106373223292,0.2607033728263189,0.46402132064811724,-0.4553188289550507,0.2742890192171729,0.3049429370558076,-0.42383224231665373,-0.2824955031714475,-0.2148643888693202,A,1756833160,-0.4581673306772908,-0.33656429853927705,-0.6738894274438677,0.4149148536130752,0.030965595649471024,1.2219237562555196,-0.08411309704852725,0.04932790550504323,1.3424950442123083,-0.10387346161584882,10s
2025-09-02 17:12:50,-0.03971874832268799,-0.0655135320249549,-0.11027051811095828,-0.04209634315260355,-0.06211251500393649,-0.2796811395337034,0.3258285326683686,0.3846091088719825,0.029291024076334184,-0.18517466628798637,0.3339203945051074,A,1756833170,-0.4555112881806109,-0.34820774198058063,-0.6689292117207144,-0.0655134490411298,0.05181094688971902,-0.502906976744186,0.21763011468341295,0.07929569355028256,-0.6127892732253826,0.2607033728263189,10s
2025-09-02 17:13:00,-0.16104580776364363,-0.1064151621427147,-0.28198074277854196,-0.20765569590485597,-0.16089150855947443,-0.3723090392494236,0.29420963972755326,0.3101878556176038,-0.35859314323754576,-0.2249360976995172,-0.26629094751673127,A,1756833180,-0.45285524568393093,-0.3597568057106859,-0.6637797959798103,-0.10642375999136797,-0.1259962028081298,-0.08327200471003827,-0.03971874832268799,-0.14790307599336583,-0.21070153165393382,-0.04209634315260355,10s
2025-09-02 17:13:10,-0.0395040523858086,-0.022671516465804672,-0.0016047684548372307,-0.052992940525357905,-0.03457622730335263,-0.6201282070563359,0.3590964697140727,0.36236756840176554,-0.11760789970043271,-0.2631828079144182,0.08030996829869673,A,1756833190,-0.450199203187251,-0.3712079717729018,-0.6584427487830742,-0.022675748972735724,-0.12589539240449615,0.665992051810421,-0.16104580776364363,-0.1531889638528861,0.7274873599572355,-0.20765569590485597,10s
2025-09-02 17:13:20,0.1471144269705807,0.32388982177150766,0.6240256762952774,0.10629808123590728,0.266168648461855,-0.5560369878096684,0.20712906105056908,0.18764863711523552,-0.43004548984799734,-0.30218687872763417,-0.26629094751673127,A,1756833200,-0.44754316069057104,-0.3825577520311162,-0.6529196958467829,0.32386870505148163,0.018801140277676657,0.8667574330291433,-0.0395040523858086,-0.0008914711338893268,0.7410472860102011,-0.052992940525357905,10s
2025-09-02 17:13:30,-0.42924874313420286,-0.2808726528194718,-0.3624484181568088,-0.44543870968068916,-0.3000978347616709,-0.41981926374605305,0.3068691221957493,0.3253911450841881,-1.034505713968712,-0.4884975859130929,-0.9144064811553364,A,1756833210,-0.4448871181938911,-0.3938026892323148,-0.6472123195463638,-0.2808951150691666,-0.16420334578528503,-1.4870841919340594,0.1471144269705807,-0.1912650580193803,-1.3421267939209005,0.10629808123590728,10s
2025-09-02 17:13:40,-0.4157706093189964,-0.4083364655663482,-0.33310408069692804,-0.4297172003549757,-0.4155973702813926,-0.437537055315956,0.3603807904195932,0.3990207721339936,-0.4912903583712415,-0.4157909684748651,-0.14300810144417048,A,1756833220,-0.44223107569721115,-0.40493935805969344,-0.641322358403927,-0.40834081744048434,-0.4285058218008098,0.33260965557845157,-0.42924874313420286,-0.45128353649991615,0.3204163604101239,-0.44543870968068916,10s
2025-09-02 17:13:50,-0.4909618974349799,-0.472160016280451,-0.15268225584594222,-0.4960070305859886,-0.4675205558501669,-0.8082573313913105,0.31280861184128433,0.25651644528124806,-0.6537224009763675,-0.3877686263372148,-0.5614653046847482,A,1756833230,-0.4395750332005312,-0.4159643661760443,-0.6352516065586936,-0.4721662019202035,-0.457483212267506,0.0590594642331469,-0.4157706093189964,-0.47581398985207873,0.08013898478740228,-0.4297172003549757,10s
2025-09-02 17:14:00,-0.3334466450777975,-0.24355771881343702,0.6966987620357634,-0.338252682463523,-0.24390417543680085,-0.60841436077822,0.3462213250479101,0.34379473829835,-0.6878952623987573,-0.4532803180914513,-0.5311729482212046,A,1756833240,-0.43691899070385126,-0.4268743552570938,-0.629001913220484,-0.24357143513533577,-0.41882802305197897,0.7769723285251693,-0.4909618974349799,-0.43144498472501336,0.7365451292217,-0.4960070305859886,10s
2025-09-02 17:14:10,-0.274071290978596,-0.11841385190725447,0.49564419990829894,-0.24420541758548633,-0.07374300568321768,-0.21593298121872825,0.2273974508180754,0.23226674764398095,-0.821923887717741,-0.39041938843131685,-0.7037689327227897,A,1756833250,-0.4342629482071713,-0.4376660020144797,-0.6225751821064318,-0.11843535410808273,-0.3169871130700688,0.47420518104209597,-0.3334466450777975,-0.3092972129357231,0.5498956871654379,-0.338252682463523,10s
2025-09-02 17:14:20,-0.16972906565521026,-0.028750753380362863,0.9030261348005502,-0.15888962152316186,-0.012294160363459102,-0.30347555557882294,0.3063535363122416,0.3398096027371932,-0.644846333074448,-0.4369970652276815,-0.4452271926734766,A,1756833260,-0.4316069057104914,-0.4483360192080596,-0.6159733708610909,-0.028769490273630707,-0.24011357972142724,0.6129305269355314,-0.274071290978596,-0.22228904021552653,0.5243141709542583,-0.24420541758548633,10s
2025-09-02 17:14:30,-0.2502161868808855,-0.1177400650365973,2.4337459880788628,-0.21854012963403144,-0.07084775062485886,-0.4861975284840181,0.457523058871125,0.4973072465347191,-0.7176300898701875,-0.5172772886490581,-0.5663966185276506,A,1756833270,-0.42895086321381143,-0.45888115664723245,-0.6091984904601203,-0.11775839169919679,-0.22891242376213225,0.04272151898734177,-0.16972906565521026,-0.2098389303919867,0.0995909155028918,-0.15888962152316186,10s
2025-09-02 17:14:40,-0.608877676989963,-0.4706770859136992,0.21458046767537828,-0.602730839347157,-0.45450549026203346,-0.3318261731749355,0.42194684304389707,0.46370987544098574,-1.3509375346721402,-0.6717788507052921,-1.1799929552659387,A,1756833280,-0.4262948207171315,-0.4692982021809818,-0.6022526045977197,-0.4707014613070106,-0.4351145038167939,-0.8154621725051516,-0.2502161868808855,-0.4251442063964652,-0.8512491554743821,-0.21854012963403144,10s
2025-09-02 17:14:50,-0.6810155117814395,-0.6913237880453347,-0.3161393856029344,-0.6798219850762229,-0.6748236715841339,0.13279011712004757,0.4612140413749241,0.5836619123016799,-0.8893820037723289,-0.48736154501562057,-0.6396618527650582,A,1756833290,-0.42363877822045154,-0.4795839826763261,-0.5951378290580088,-0.691328058942438,-0.6373961792857022,0.06847954077126876,-0.608877676989963,-0.6489098532391675,0.048493217809653204,-0.602730839347157,10s
2025-09-02 17:15:00,-0.6996702031858492,-0.6918260985319982,-0.1327372764786795,-0.6848394880525145,-0.6561153204676928,0.39359344789656325,0.8502994485730866,1.1483634782810843,-1.0229668256962166,-0.49758591309287137,-0.7995773159563226,A,1756833300,-0.4209827357237716,-0.4897353649848855,-0.5878563310705399,-0.6918330707823485,-0.680027778866779,0.2334780688843097,-0.6810155117814395,-0.6887403704645239,0.2596550623278467,-0.6798219850762229,10s
2025-09-02 17:15:10,-0.9595477072263074,-1.109947692561926,-0.5852819807427786,-0.9642241901420764,-1.0917305362983944,1.0197589144848076,1.9140766840201984,2.6866307302636043,-0.7837567957394874,-0.49872195399034364,-0.5642831983092639,A,1756833310,-0.41832669322709165,-0.49974925689727023,-0.5804103286501371,-1.1099367105531894,-0.8108124758475075,-0.5107079776273182,-0.6996702031858492,-0.8267025353085016,-0.544187807648618,-0.6848394880525145,10s
2025-09-02 17:15:20,39.749783813119116,45.501376536341404,3.9853278312700597,31.6017359546661,35.36059231597156,1.3438611464229637,-2.3344399776955296,-2.230916429143977,0.3466104515699545,0.6554955978415223,0.009158154279675942,A,1756833320,-0.4156706507304117,-0.5096226080849974,-0.5728020899212686,45.50080900227969,18.18221480456783,125.88162349131586,-0.9595477072263074,14.835362540609141,95.68632499573097,-0.9642241901420764,10s
2025-09-02 17:15:30,20.634474203686807,11.549139668307758,7.043328748280605,18.784270178851173,10.22760683614454,2.1655575202082686,-1.988714490260818,-1.9475214102802734,5.596360812160213,2.710214901069772,4.634730538922156,A,1756833330,-0.41301460823373176,-0.5193524110296494,-0.5650339324271543,11.549485632159561,28.321680397417012,-58.68078451574919,39.749783813119116,24.4152637756384,-37.278342279736584,31.6017359546661,10s
2025-09-02 17:15:40,4.654273940087906,3.4678887879516553,1.6856946354883082,4.415706710226026,3.2053937971473347,0.7032156047678076,-1.2671518563657511,-1.2618965949702718,2.350826583823366,1.1920855817476095,2.087354702359986,A,1756833340,-0.4103585657370518,-0.528935701938995,-0.5571082224238181,3.467952524640987,11.842595755882007,-49.00879452458051,20.634474203686807,11.227449541897913,-41.82275875893712,18.784270178851173,10s
2025-09-02 17:15:50,3.6757852802080166,3.2365595622526184,2.330353049060064,3.5278479017461417,3.034509963494443,0.44867746852231233,-0.9184745511459055,-0.9124525235984727,1.387773216465106,0.6653412856196156,1.3230010567101091,A,1756833350,-0.4077025232403719,-0.5383695616497873,-0.5490273741593057,3.2365822717203083,3.8796491797953547,-2.7276641153959376,4.654273940087906,3.8266312372862106,-2.3268993473951487,4.415706710226026,10s
2025-09-02 17:16:00,1.7917568687790362,1.665197588255642,0.34089867033470883,1.7254432507742918,1.5681815745485903,0.40321343747463095,-0.8189085620325524,-0.8221915250171462,0.8503273050038833,0.4960711918962416,0.9292004226840437,A,1756833360,-0.4050464807436919,-0.547651116516971,-0.5407938491382793,1.665203097119123,2.535555269303792,-5.521305563732706,3.6757852802080166,2.5215971543730027,-5.006341923365333,3.5278479017461417,10s
2025-09-02 17:16:10,1.5953577967425856,1.4717737790344652,0.9190738193489225,1.5492893644648276,1.3995979502657863,-0.138998126369561,-0.6052255315527595,-0.6096948300100953,0.822367691112837,0.3044589605225788,0.9031349066572737,A,1756833370,-0.40239043824701193,-0.5567775392890211,-0.5324101553722199,1.4717795400664122,1.558691256937716,-0.314873417721519,1.7917568687790362,1.561807763813746,-0.24174146750710887,1.7254432507742918,10s
2025-09-02 17:16:20,1.0437562246912255,1.21491376803494,0.8519027968821642,1.0287421829584313,1.1755679258915395,0.09501719646741921,-0.5407636345729246,-0.5407344114124775,0.09763674692111395,0.12117769573037963,0.0943994364212751,A,1756833380,-0.399734395750332,-0.5657460499691512,-0.5238788466154637,1.2148947758429411,1.207467810678062,-1.4106932587577274,1.5953577967425856,1.2238413702594806,-1.2507472659643184,1.5492893644648276,10s
2025-09-02 17:16:30,0.8148903559777909,0.9606636749884696,0.3365428702430078,0.8209952597267336,0.9515571546348349,-0.044257837464060965,-0.3311752753231902,-0.35261232771155904,0.05414401420170864,0.041654832907317994,0.20359281437125748,A,1756833390,-0.39707835325365204,-0.5745539166621286,-0.5152025215873025,0.9606471311178537,0.8409995911578075,-0.415035325287018,1.0437562246912255,0.8705493438860963,-0.3343029601086932,1.0287421829584313,10s
2025-09-02 17:16:40,0.34038848037023123,0.3008659558518636,0.166895919303072,0.32784668538178385,0.28604822501225907,-0.43746503105908047,-0.12027447597658351,-0.11887983173328556,0.3017863086652613,0.039761431411530816,0.4529764001408947,A,1756833400,-0.3944223107569721,-0.5831984564064351,-0.5063838231803889,0.3008671831023098,0.5107335076979944,-1.1728363261701502,0.8148903559777909,0.5305482522887894,-1.1704746419582601,0.8209952597267336,10s
2025-09-02 17:16:50,0.4488099284943255,0.5337067024509893,0.5233837689133425,0.45712391661214147,0.5365255749810343,-0.6809388511872757,-0.3063886895176044,-0.3847025585513405,0.01420170864307112,0.09656347628514626,-0.11130679816836915,A,1756833410,-0.39176626826029215,-0.5916770359915222,-0.49742543765568714,0.5336960334407036,0.3388405683466534,0.6255151604356786,0.34038848037023123,0.3540359843577056,0.6531126801345302,0.32784668538178385,10s
2025-09-02 17:17:00,1.1436136904442418,1.16831842161127,1.8757450710683172,1.1730354321869267,1.1816034016724901,-0.4350887813622589,-0.24941025422612015,-0.26710221524301675,0.42827027626761344,0.0969421565843037,0.5910531877421628,A,1756833420,-0.3891102257636122,-0.599987072759915,-0.4883300938242094,1.1683128607926148,0.7159946906520753,2.4345378274948484,0.4488099284943255,0.7640330488460292,2.3718377619885516,0.45712391661214147,10s
2025-09-02 17:17:10,0.6548703176903489,0.6257619550838569,0.5965153599266392,0.6594843730123212,0.6234992625127134,-0.35265273236907857,-0.2187426865918661,-0.22928918827144296,0.4011982691667591,0.10830256555902679,0.43959140542444525,A,1756833430,-0.38645418326693226,-0.6081260353939127,-0.4791005622157954,0.6257618561239232,0.8127502758284655,-1.2167721518987342,1.1436136904442418,0.8621971493575556,-1.2302499795828972,1.1730354321869267,10s
2025-09-02 17:17:20,0.08070181716255465,0.08389174428147789,-0.05135259055479138,0.06460313832140704,0.06761244635793229,-0.34674067187840063,-0.08120251465100511,-0.09206065830415276,0.019083545989126816,-0.08709646880621036,0.10989785135611131,A,1756833440,-0.3837981407702523,-0.616091444686653,-0.46973965423518155,0.08388900858006045,0.3136603697501582,-1.4803135119222843,0.6548703176903489,0.32450188497219623,-1.468531676207022,0.6594843730123212,10s
2025-09-02 17:17:30,-0.032228245636006896,0.024406674212448097,-0.17056396148555708,-0.03674028543003295,0.021651463037989427,-0.26591357521353337,-0.0635864325845741,-0.059855410738023196,-0.24142904693220904,-0.17987314209978225,-0.16343783022190914,A,1756833450,-0.38114209827357237,-0.6238808742973032,-0.4602502213056193,0.024398255250003408,-0.008966525345415647,-0.05736679423020312,0.08070181716255465,-0.013233404647745974,-0.022561269869553275,0.06460313832140704,10s
2025-09-02 17:17:40,0.46629571979794726,0.601868856949259,4.085969738651994,0.5159047242071205,0.6530873469010914,-0.5558601968020906,-0.021445086279560616,-0.04656554815077899,-0.10118717408188173,-0.12079901543122219,-0.03733709052483269,A,1756833460,-0.3784860557768924,-0.631491951490145,-0.45063515400030635,0.6018530748406127,0.17208895958062873,1.8290035325287017,-0.032228245636006896,0.20569086062613431,1.8934984520123839,-0.03674028543003295,10s
2025-09-02 17:17:50,0.3097346716046732,0.46703403402502747,0.24254928931682715,0.3415348389558931,0.4999276392963699,-0.4036796589926891,0.05627680216429556,0.03720909940806584,-0.25518695218018417,-0.07157057654075547,-0.2345896442409299,A,1756833470,-0.3758300132802125,-0.6389223578573359,-0.4408973811618865,0.46701565315724275,0.3326575302571225,-0.19197085663821017,0.46629571979794726,0.3891903347417561,-0.2365146891774506,0.5159047242071205,10s
2025-09-02 17:18:00,-0.021087912022376087,0.06190545289034528,0.19257221458046767,-0.02296293180301182,0.06119885537635385,-0.7300237710372819,0.17542748529500476,0.1245327265838837,-0.31376900033285254,-0.14617059547477043,-0.3148996125396266,A,1756833480,-0.37317397078353254,-0.6461698300251167,-0.4310398690102977,0.061894198458627425,0.10380671285276641,-0.7295775684427436,0.3097346716046732,0.12778818291827232,-0.7935526501399499,0.3415348389558931,10s
2025-09-02 17:18:10,0.14148462240352103,0.2082563853316095,1.4243466299862448,0.1004919687009178,0.1574640686564696,-0.8118535621254892,0.25032105852564973,0.2215465522658242,-0.1322534117385998,-0.14427719397898325,-0.13596336738288128,A,1756833490,-0.3705179282868526,-0.6532321603432566,-0.4210656202392345,0.2082472482385317,0.024804959871858774,0.7925743302914336,-0.021087912022376087,0.01085942636069817,0.636054376313191,-0.02296293180301182,10s
2025-09-02 17:18:20,-0.07578766571842628,-0.06229208752221535,0.12929848693259974,-0.05453569598594694,-0.030915417070259493,-0.4701142545683821,0.25541062569193995,0.28197439912255384,-0.1371352490846555,-0.13708226829499195,-0.03804156393096161,A,1756833500,-0.36786188579017265,-0.6601071975575267,-0.4109776731014944,-0.062296029747733725,-0.0008792907428046574,-0.37926847218133647,0.14148462240352103,-0.004456372248449514,-0.17984572094646264,0.1004919687009178,10s
2025-09-02 17:18:30,-0.007228096541606283,-0.025926581132325113,-0.007336084364970197,-0.0037139658394206455,-0.016404506992303353,-0.5892518787701683,0.17804791127287453,0.15172949503104532,0.02884722068123821,-0.049985799488781596,0.06622050017611836,A,1756833510,-0.3652058432934927,-0.6667928474649917,-0.4007791004834999,-0.025927186870872435,-0.07070729699304969,0.5025390050044156,-0.07578766571842628,-0.055006178342414405,0.42325322404615007,-0.05453569598594694,10s
2025-09-02 17:18:40,-0.25944811216669944,-0.1719262213137784,-0.0032095369096744614,-0.2503480575928251,-0.15444412232519938,-0.37530258997907046,0.11323369952337324,0.11011651641509228,-0.582270054365916,-0.24121935056328694,-0.5290595280028179,A,1756833520,-0.36254980079681276,-0.6732870735519243,-0.3904730089692663,-0.1719391129581135,-0.15694499672366188,-0.48708419193405944,-0.007228096541606283,-0.14999382903324307,-0.44823484865358487,-0.0037139658394206455,10s
2025-09-02 17:18:50,0.013955235897160646,0.05404523110683111,0.23383768913342504,0.011334488541594339,0.053531939406552174,-0.45677304400458896,0.23034486714037292,0.2304853753010186,-0.14956174414734272,-0.1416264318848812,-0.11060232476224023,A,1756833530,-0.3598937583001328,-0.6795878976141475,-0.3800625378941061,0.054038664522786266,-0.14699837023180792,1.134493670886076,-0.25944811216669944,-0.14269389497162094,1.0410346645284392,-0.2503480575928251,10s
2025-09-02 17:19:00,0.15591696038263586,0.23496432752695984,0.39500229252636404,0.12833454885299375,0.19971130303112153,-0.5314348578173002,0.14525237714564881,0.12802543321027776,-0.15710640186397426,-0.13973303038909402,-0.19020781965480804,A,1756833540,-0.35723771580345287,-0.6856934003596147,-0.3695508583883566,0.23495393337641357,0.0480361573314366,0.728988813659111,0.013955235897160646,0.04100324676442199,0.6171429419931547,0.011334488541594339,10s
2025-09-02 17:19:10,0.09601679399328479,0.08858727533735675,-0.2393397524071527,0.07211418823137075,0.06336414524466732,-0.7729736648821914,0.22447766697839244,0.18943485975378968,0.06390768889382004,-0.14238379248319608,0.04860866502289538,A,1756833550,-0.3545816733067729,-0.6916017219930437,-0.3589411724114255,0.0885855918795043,0.0865681338314114,0.10623344127171033,0.15591696038263586,0.07048719167907826,0.10964058474582564,0.12833454885299375,10s
2025-09-02 17:19:20,0.09480018368430156,0.20398074785473097,0.1854653828519028,0.04722940074289453,0.14259818857881126,-0.8310733486793781,0.2389945447584148,0.17296466941438152,-0.290691223787862,-0.1991858373568115,-0.4085945755547728,A,1756833560,-0.351925630810093,-0.6973110627824303,-0.348236711776439,0.20396698474030994,0.05787077226369761,0.28727553723874005,0.09601679399328479,0.031143467847296356,0.20144775820210706,0.07211418823137075,10s
2025-09-02 17:19:30,-0.19833133546836515,-0.05416590077722092,0.36542870243007797,-0.17984149758779744,-0.02681274922742581,-0.4666965766889988,0.23057788388843123,0.23731705473535758,-0.6887828691889493,-0.374893496165862,-0.5501937301866855,A,1756833570,-0.34926958831341304,-0.702819683607262,-0.3374407371658031,-0.054185251278544316,-0.08034029111804339,-0.6132984986753017,0.09480018368430156,-0.09107904393777502,-0.3909184726522188,0.04722940074289453,10s
2025-09-02 17:19:40,-0.4949218447151999,-0.511139221714393,-0.33310408069692804,-0.503138980271077,-0.5087308179009535,-0.6870417949974145,0.3418046367664343,0.3374949363806972,-0.5072672805946965,-0.40594528069677177,-0.41423036280380415,A,1756833580,-0.3466135458167331,-0.7081259064882728,-0.326556537137967,-0.5111412396759926,-0.35724406758777505,-0.6239696791286429,-0.19833133546836515,-0.3580601430779209,-0.6728437683289901,-0.17984149758779744,10s
2025-09-02 17:19:50,-0.5078274560320613,-0.5248415465090522,-0.23406694176983037,-0.52488352044227,-0.5339574885158263,-0.590954160754009,0.29850898043048857,0.28650202883424125,-0.5241318096083435,-0.32339297548045065,-0.5445579429376541,A,1756833590,-0.34395750332005315,-0.7132281150985706,-0.3155874271256964,-0.5248435430536824,-0.5025678650036683,0.2512143067412423,-0.4949218447151999,-0.5254383967877536,0.2106480759664714,-0.503138980271077,10s
2025-09-02 17:20:00,-0.379630126610965,-0.346222726366259,0.005731315910132966,-0.3678853454956254,-0.32124700046868176,-0.37398154584592647,0.371596077285835,0.4189902665162104,-0.5445467657827583,-0.40064375650856765,-0.3599859105318774,A,1756833600,-0.34130146082337315,-0.7181247552559861,-0.3045367484261622,-0.34622992323526697,-0.44843267825239563,0.6865248748896084,-0.5078274560320613,-0.4598274981228952,0.7343296879524245,-0.52488352044227,10s
2025-09-02 17:20:10,-0.5448028673835126,-0.5772609778839077,0.05800091701054562,-0.5367491547534758,-0.5519659413330121,-0.033904367224842955,0.4894844994456376,0.5942922424956185,-0.5125929213358482,-0.32907317996781216,-0.2824938358576964,A,1756833610,-0.3386454183266932,-0.7228143353964926,-0.293407867183146,-0.5772613696759838,-0.4657944699893029,-0.21853841624963202,-0.379630126610965,-0.4655834612190388,-0.2203829506054599,-0.3678853454956254,10s
2025-09-02 17:20:20,-0.7449471907633037,-0.7675261740622681,-0.4199908298945438,-0.7516422185877706,-0.7614883784735089,0.3493420315341298,0.9702662175313256,1.2855159505715483,-0.983468323532675,-0.46729148916027646,-0.900317013032758,A,1756833620,-0.33598937583001326,-0.7272954270285509,-0.28220417336168185,-0.7675296059289445,-0.6373289723499466,-0.3264277303503091,-0.5448028673835126,-0.6517421057108732,-0.35523977103147203,-0.5367491547534758,10s
2025-09-02 17:20:30,0.2563230935298994,0.11102043046532004,-0.04951856946354883,0.2802726480708208,0.14152920655913598,1.4728719721556989,-0.3777279871496708,-0.25235942991756677,0.6111172750471541,0.28401022436807727,0.5980979218034519,A,1756833630,-0.3333333333333333,-0.7315666651682398,-0.2709290797154415,0.11103101304425742,-0.26116055176894254,3.3800044156608773,-0.7449471907633037,-0.25540869255653564,3.297666510754245,-0.7516422185877706,10s
2025-09-02 17:20:40,-0.25878016925196357,-0.36594316922456294,-0.19578175149014213,-0.2515887492378717,-0.3440729760419042,0.5114292047202924,0.07004513325541423,0.18489644753567988,0.1810717851991568,-0.00037868029915743634,0.5487847833744276,A,1756833640,-0.33067729083665337,-0.7356267487550457,-0.2595860207471733,-0.3659352017330338,-0.03288099331851047,-1.2980939063879895,0.2563230935298994,-0.012835119143912353,-1.2838957317118442,0.2802726480708208,10s
2025-09-02 17:20:50,-0.581348886861205,-0.603133743403322,-0.000687757909215956,-0.5768628240027206,-0.582524344818584,-0.09027924317152793,0.36406586335079943,0.4217242467740125,-0.6279818040608011,-0.36769857048187066,-0.4994716449454033,A,1756833650,-0.3280212483399734,-0.7394744410481775,-0.24817845166252162,-0.6031356393733016,-0.4262095848291544,-0.7041139240506329,-0.25878016925196357,-0.4286274835682644,-0.6786348011374183,-0.2515887492378717,10s
2025-09-02 17:21:00,-0.7583776143703147,-0.8476410990091802,-0.49403943145346174,-0.7643694443191477,-0.8357982055519941,0.02040436637086364,0.5785655734740167,0.7287391434646193,-0.628869410850993,-0.39382751112373376,-0.615005283550546,A,1756833660,-0.3253652058432935,-0.7431085700032889,-0.23670984731753733,-0.8476360593974411,-0.6607953940846696,-0.2551148071828084,-0.581348886861205,-0.6773749740008074,-0.27500278415038865,-0.5768628240027206,10s
2025-09-02 17:21:10,-0.8900100787814813,-1.0329857740218498,-0.4140302613480055,-0.8920106654881448,-1.0114613892937803,0.9300259748326232,1.461358638961015,2.0577835123614947,-0.6000221901697548,-0.4782732178358421,-0.25854174004931313,A,1756833670,-0.32270916334661354,-0.746528028629496,-0.22518370116020217,-1.0329751492164547,-0.8057271510419876,-0.11506476302619958,-0.7583776143703147,-0.8302517016871079,-0.09960873406537928,-0.7643694443191477,10s
2025-09-02 17:21:20,-1.1566385772815917,-1.156909990389407,-0.5910132966529115,-1.1503988914866152,-1.1473453969924983,1.4845335778084299,2.313154894803974,3.3023787176681894,-3.2548540996338624,-1.3079617532897851,-3.2779147587178583,A,1756833680,-0.3200531208499336,-0.7497317753265758,-0.21360352416629305,-1.156946199429424,-0.9927304497824175,-0.5315351780983221,-0.8900100787814813,-1.0175127611167138,-0.48267219042103776,-0.8920106654881448,10s
2025-09-02 17:21:30,56.11226211988382,29.71789358042959,3.9509399358092616,46.35950560870673,23.87871026603282,1.805514257228098,-2.3867089886652817,-2.3480657291660205,6.681460113169866,3.221811985231468,5.057414582599507,A,1756833690,-0.31739707835325365,-0.7527188342022492,-0.20197284376990152,29.71879507832337,25.772666939228127,176.96883279364144,-1.1566385772815917,21.90397434844671,139.46919393277946,-1.1503988914866152,10s
2025-09-02 17:21:40,6.8099642769816136,4.777112020144155,0.9784502521779,6.075979185978563,4.1214536377570665,1.3244022810438003,-1.4889033298119534,-1.450633778192734,2.987684455786087,1.5896998958629178,2.7030644593166606,A,1756833700,-0.3147410358565737,-0.7554882953694463,-0.1902952027889452,4.777213188140465,29.513382581082368,-151.80935384162495,56.11226211988382,25.40945618293991,-117.74859196234344,46.35950560870673,10s
2025-09-02 17:21:50,4.422283052737671,3.963354504075337,4.300320953690967,4.377478405731509,3.843177973998508,0.6713627900519733,-0.9898554450739638,-0.9699458680018713,1.385554199489626,0.7444854681435198,1.2969355406833392,A,1756833710,-0.31208499335989376,-0.7580393152234671,-0.17857415834599075,3.963376557431257,5.242370612647226,-7.075103032087136,6.8099642769816136,5.0441733043486385,-4.701923662308543,6.075979185978563,10s
2025-09-02 17:22:00,2.459151116120683,2.2132448447872695,0.6382393397524071,2.3464682100640974,2.0617465526670435,0.6164611003425369,-0.7574820459904452,-0.7039753523129203,1.1059580605791635,0.4843321026223611,1.2264882000704473,A,1756833720,-0.3094289508632138,-0.7603711166989522,-0.1668132807847192,2.2132575058478103,3.1994477830112067,-5.765344421548425,4.422283052737671,3.2350051654187872,-5.676111989665234,4.377478405731509,10s
2025-09-02 17:22:10,1.3676608281299387,1.4196992740060934,0.7340669417698303,1.3227192027947998,1.3452183117984848,0.5687576793478432,-0.7411056093923865,-0.7369528311528065,0.4322645068234772,0.3260437375745527,0.4431137724550898,A,1756833730,-0.30677290836653387,-0.7624829895065829,-0.15501615258236706,1.419690973747415,1.7651509635794413,-3.076280541654401,2.459151116120683,1.7531559209073828,-2.725031368094379,2.3464682100640974,10s
2025-09-02 17:22:20,0.8993135693795884,0.8522293915591744,0.19371847776249426,0.8801207038897811,0.8194391280236123,0.15271600726771084,-0.5812706013715526,-0.5425498265461819,0.5228003994230556,0.26962037300009467,0.6622050017611835,A,1756833740,-0.3041168658698539,-0.7643742903494443,-0.14318636725846554,0.8522304533835685,1.03272977771306,-1.1538489843979982,1.3676608281299387,1.0418376794804785,-1.0223726900832275,1.3227192027947998,10s
2025-09-02 17:22:30,0.526720698477448,0.40478033051855256,-0.14076111875286565,0.4978903680667865,0.37226708761748245,0.09535328749637673,-0.4742049071336914,-0.4138603926643079,0.6195495395539776,0.1677553725267443,0.8594575554772808,A,1756833750,-0.301460823373174,-0.766044443118978,-0.13132752828022204,0.4047884167991711,0.6378666278359927,-0.8584412717103327,0.8993135693795884,0.6417171120662314,-0.8455056388325872,0.8801207038897811,10s
2025-09-02 17:22:40,0.6664638982818362,0.665946088828205,0.35488308115543327,0.6704904431772856,0.6619054615268041,-0.11012550897132145,-0.39106042509215666,-0.3931113340256441,0.3319649395317874,0.14844267726971505,0.45156745332863685,A,1756833760,-0.29880478087649404,-0.7674929390704713,-0.11944324796486842,0.6659434191851534,0.5285321445173142,0.7221445392993818,0.526720698477448,0.5400264638590325,0.7800402402536175,0.4978903680667865,10s
2025-09-02 17:22:50,0.7590455572850506,0.9102931184579424,0.797799174690509,0.7671711368901517,0.904577558327109,-0.23905028130232733,-0.39678157335617303,-0.39656871023435464,0.016864529013646955,-0.02688630124017798,0.17118703768932722,A,1756833770,-0.2961487383798141,-0.7687193369780257,-0.1075371463793138,0.9102760128266328,0.6376202024048881,0.5766485133941713,0.6664638982818362,0.6706532914854918,0.5576111247225131,0.6704904431772856,10s
2025-09-02 17:23:00,0.8085210431837022,0.8979355214552202,1.1400733608436497,0.8496811858336125,0.9311602125999742,-0.14584788813405272,-0.1684897115378053,-0.13792812896941695,0.1744147342727172,0.04657767679636467,0.32335329341317365,A,1756833780,-0.29349269588313415,-0.7697232632689579,-0.09561285023743932,0.897924414534858,0.70432308614249,0.44366352664115394,0.7590455572850506,0.7575778734209332,0.5160938741267048,0.7671711368901517,10s
2025-09-02 17:23:10,0.6866691714525969,0.7343174741420248,3.77670793214122,0.7219203555027564,0.7641911812425449,-0.039242537164618375,-0.11035071586358641,-0.0679605837956379,0.2210140907577943,-0.007952286282306162,0.47763296935540683,A,1756833790,-0.2908366533864542,-0.7705044121375946,-0.08367399179536242,0.7343103619239453,0.6703387789619889,-0.08489108036502796,0.8085210431837022,0.7356269333442165,-0.09995916579429955,0.8496811858336125,10s
2025-09-02 17:23:20,0.32450098104115604,0.47221466842640264,0.2897753324163228,0.2973281036423524,0.431482462650934,-0.3198712092816565,0.0784861403901256,0.07883976067668685,-0.2210140907577943,-0.1499573984663448,-0.06269813314547376,A,1756833800,-0.28818061088977426,-0.771062545638423,-0.0717242077450189,0.47219735455170486,0.4430673245478933,-0.8262805416544009,0.6866691714525969,0.46768306504789015,-0.9696178660786541,0.7219203555027564,10s
2025-09-02 17:23:30,0.035186278544123,0.02003784537899191,-0.21824850985786337,0.058194925429262585,0.05169355085877772,-0.3448024682044994,0.1452468812819804,0.16485272195989245,0.04748696327526906,-0.08671778850705292,0.11835153222965833,A,1756833810,-0.2855245683930943,-0.7713974937585723,-0.05976713810639067,0.020036904528639,0.1371637552995469,-0.6015234030026494,0.32450098104115604,0.1457129974327795,-0.4262586215857036,0.2973281036423524,10s
2025-09-02 17:23:40,1.1008414887970468,1.3304225659164763,4.301237964236589,1.0920539477865463,1.295243833563479,-0.17505699651958337,0.15629520139327277,0.19711464767353473,0.009319871297015421,-0.03218782542838209,0.09228601620288834,A,1756833820,-0.28286852589641437,-0.7715091544695999,-0.047806425118719735,1.3303978485211796,0.5016941748388434,3.5786355607889315,0.035186278544123,0.5312307464607907,3.3033625112294067,0.058194925429262585,10s
2025-09-02 17:23:50,1.934911348469397,2.240323176663291,1.4117377349839524,2.149538820521891,2.4451320662715377,-0.4079251451581248,0.1815238311719805,0.19740546472452103,0.1597692222345501,-0.06096752816434725,0.3628038041563931,A,1756833830,-0.28021248339973437,-0.7713974937585723,-0.03584571213104881,2.2402911286284843,1.3937094308132598,2.8641816308507506,1.1008414887970468,1.5457317807738244,3.3725816869724037,1.0920539477865463,10s
2025-09-02 17:24:00,0.22671890934464065,0.568165108948331,0.36519944979367264,0.27789060120328846,0.6270271203700334,-0.12118049322141462,0.07777909817407182,0.08982493907880391,-0.7482525241318096,-0.27454321688914135,-0.7192673476576259,A,1756833840,-0.2775564409030544,-0.7710625456384231,-0.023888642492420564,0.5681247123507209,0.9832654729968132,-4.978841624963203,1.934911348469397,1.1507849912254262,-5.209212196806023,2.149538820521891,10s
2025-09-02 17:24:10,0.6782006094979097,0.9240678012891671,6.6373223292067856,0.76653254560226,1.0172206618201198,-0.6434631936948971,0.295586042871045,0.3058504958471606,-0.2241207145234661,-0.17457161791157816,-0.16555125044029587,A,1756833850,-0.2749003984063745,-0.7705044121375946,-0.01193885844207705,0.9240408269677306,0.3931773759051934,1.6838754783632617,0.22671890934464065,0.47989518699012695,1.7059818399150648,0.27789060120328846,10s
2025-09-02 17:24:20,-0.07986688851913477,0.08270866759203542,0.828060522696011,-0.047938946618329696,0.12519614373780386,-0.7910648821942681,0.2219525869468173,0.17128347716056877,-0.6075668478863864,-0.28514626526554954,-0.7058823529411765,A,1756833860,-0.27224435590969454,-0.7697232632689579,-1.616854407432225e-16,0.08268794719883746,0.24922011951633408,-2.047652340300265,0.6782006094979097,0.32183681407000087,-2.1118886933796617,0.76653254560226,10s
2025-09-02 17:24:30,-0.2661275413140584,-0.16377981874596623,-0.4298486932599725,-0.26533974830380525,-0.1579466417975676,-0.4213961963352768,0.23589664936553192,0.24497443331624577,-0.6404082991234883,-0.3623970462936666,-0.5093342726312081,A,1756833870,-0.2695883134130146,-0.7687193369780257,0.01192429614187432,-0.163794548819933,-0.19418884028831776,-0.2835958198410362,-0.07986688851913477,-0.1787195563591198,-0.3625869582971394,-0.047938946618329696,10s
2025-09-02 17:24:40,-0.31937213366014827,-0.12146574836457098,-0.3317285648784961,-0.3389500646953793,-0.14894558436457914,-0.7598186702840124,0.2048295973077735,0.14745048551456647,-1.014978364584489,-0.4169270093723374,-0.9996477632969355,A,1756833880,-0.26693227091633465,-0.7674929390704714,0.023830397727428957,-0.12149345621379248,-0.30664844611963954,0.12676626435089786,-0.2661275413140584,-0.31988767365370896,0.05869137507331596,-0.26533974830380525,10s
2025-09-02 17:24:50,-0.05071595131173254,0.22830027647187107,0.6717102246675837,-0.04092863336903025,0.23679423157734064,-0.4649628494475987,0.2740646351084653,0.29066724607902494,-0.8845001664262732,-0.4369970652276815,-0.7629446988376188,A,1756833890,-0.2642762284196547,-0.766044443118978,0.035714678042782555,0.22826509602324718,-0.2055020078072057,1.1198483956432146,-0.31937213366014827,-0.21102690295650772,1.1475005753910803,-0.3389500646953793,10s
2025-09-02 17:25:00,-0.22261583143983443,-0.02370067779697869,0.9880788629069235,-0.1931039236366456,0.018525827772929746,-0.5984742910745968,0.290335377383666,0.25884760769157206,-0.8818373460556973,-0.36429044778945374,-0.952448045086298,A,1756833900,-0.26162018592297476,-0.7643742903494444,0.047573517021026065,-0.023727270580787586,-0.16007011923630518,-0.23929202237268177,-0.05071595131173254,-0.14027762958169696,-0.1714888151398386,-0.04092863336903025,10s
2025-09-02 17:25:10,-0.23098897297813084,-0.06407611115471487,0.4238881247134342,-0.23165861923386277,-0.06346467823695058,-0.5422177247368686,0.31279901644307534,0.31695486170802956,-0.7988461111727505,-0.4396478273217836,-0.6896794646002113,A,1756833910,-0.2589641434262948,-0.762482989506583,0.05940330234492755,-0.06409862603581659,-0.2447172548206975,0.26519723285251695,-0.22261583143983443,-0.23279984383274566,0.16139756925110066,-0.1931039236366456,10s
2025-09-02 17:25:20,-0.27986808127433965,-0.2552258126419359,-0.33310408069692804,-0.26305703785883383,-0.22532272773484982,-0.3452743882200432,0.28859339695524866,0.3173683997774697,-0.3834461333629202,-0.2510650383413803,-0.2416343783022191,A,1756833920,-0.25630810092961487,-0.7603711166989522,0.07120043054727968,-0.25523150846024695,-0.2716000291230055,0.14023403002649396,-0.23098897297813084,-0.26673376875937016,0.18236407777802527,-0.23165861923386277,10s
2025-09-02 17:25:30,-0.3142671413832382,-0.27555646890240226,-0.3333333333333333,-0.3191618438664574,-0.27376366752489784,-0.5481373370442447,0.38405505392144296,0.4072810718313527,-0.47797625651836234,-0.3499005964214712,-0.22331806974286722,A,1756833930,-0.2536520584329349,-0.7580393152234671,0.08296130810855123,-0.27556392604325625,-0.31070326457690434,0.18490579923461878,-0.27986808127433965,-0.30918116925806294,0.10997913743308758,-0.26305703785883383,10s
2025-09-02 17:25:40,-0.39172466438850423,-0.33450940082245745,-0.24163227877120586,-0.3877080299813542,-0.32059296256282627,-0.9520773760010958,0.39310642229965104,0.34866625208193125,-0.6528347941861755,-0.4135188866799205,-0.5199013737231419,A,1756833940,-0.250996015936255,-0.7554882953694464,0.09468235255150569,-0.3345195458100664,-0.3632254848700386,0.052068001177509565,-0.3142671413832382,-0.3696487761079836,0.07352829810455042,-0.3191618438664574,10s
2025-09-02 17:25:50,-0.20923311804101885,-0.09739009707346431,-0.09903713892709766,-0.18874731196147368,-0.0663197070733817,-0.368404592259629,0.290032621342209,0.2996820109767454,-0.6009097969599467,-0.3866325854397425,-0.41845720324057767,A,1756833950,-0.24833997343957503,-0.7527188342022492,0.10635999353246202,-0.09740557803973508,-0.3139067951812627,0.854025610833088,-0.39172466438850423,-0.30638530336325065,0.8572718295951474,-0.3877080299813542,10s
2025-09-02 17:26:00,-0.28571258177827874,-0.16827662170848684,-0.33241632278771205,-0.2653661028648928,-0.13587209512946538,-0.37548835782122975,0.23268931415405525,0.24303308152683922,-0.7158548762898036,-0.4051879200984569,-0.5523071504050722,A,1756833960,-0.2456839309428951,-0.749731775326576,0.11799067392885358,-0.16829337060748434,-0.2641288580981557,0.05508536944362673,-0.20923311804101885,-0.24703781302904976,0.04987712616284681,-0.18874731196147368,10s
2025-09-02 17:26:10,-0.3870729190894507,-0.27221638760398215,0.017652453003209535,-0.3686171913842885,-0.24025377604896028,-0.1589402324806284,0.27652330854022356,0.31590693967443123,-0.8529901253744591,-0.46767016945943385,-0.6629094751673125,A,1756833970,-0.24302788844621515,-0.7465280286294962,0.1295708509227627,-0.2722337896066064,-0.34763347577469994,-0.021673535472475716,-0.28571258177827874,-0.3342918409985263,-0.028150358969790113,-0.2653661028648928,10s
2025-09-02 17:26:20,-0.3279122609271286,-0.26466055212022765,-0.23062815222375058,-0.32887856781205954,-0.25862732214338785,-0.595885157913648,0.3748739467094697,0.3671802033597029,-0.5858204815266836,-0.4188204108681246,-0.3945051074321944,A,1756833980,-0.2403718459495352,-0.7431085700032889,0.14109699708009787,-0.2646709810154324,-0.3674483206666928,0.4735428319105093,-0.3870729190894507,-0.36510143741730045,0.39078186367314816,-0.3686171913842885,10s
2025-09-02 17:26:30,-0.47140071207485734,-0.4531032938110731,-0.3305823016964695,-0.47623705522243504,-0.44834638086744905,-0.5749034668565681,0.29913411399404216,0.27062851222090967,-0.6199933429490736,-0.38549654454227017,-0.5833039802747446,A,1756833990,-0.23771580345285526,-0.7394744410481776,0.15256560142508216,-0.4531092755515922,-0.40704440698280064,-0.1516411539593759,-0.3279122609271286,-0.4173073244704155,-0.1573765136497613,-0.32887856781205954,10s
2025-09-02 17:26:40,-0.6559676524788435,-0.6780883299283248,-0.4864740944520862,-0.6683901873859975,-0.6801359042320426,-0.6065130937871706,0.4780248607878297,0.5113809754885583,-0.774436924442472,-0.48736154501562057,-0.6326171187037689,A,1756834000,-0.2350597609561753,-0.7356267487550459,0.1639731705097338,-0.678090801602315,-0.5610827037350254,-0.27837062113629674,-0.47140071207485734,-0.5820028057001048,-0.28861616589081673,-0.47623705522243504,10s
2025-09-02 17:26:50,-0.5170116711096798,-0.48306523655163697,0.1891334250343879,-0.5077044011610198,-0.45907497320279933,-0.5679924750229866,0.43138407703006926,0.44479799883572885,-0.7615666259846888,-0.4002650762094102,-0.7312433955618175,A,1756834010,-0.23240371845949534,-0.7315666651682399,0.17531622947800204,-0.4830735295751168,-0.5824993139291975,0.7197159258168973,-0.6559676524788435,-0.5972674664174022,0.7451336763406612,-0.6683901873859975,10s
2025-09-02 17:27:00,-0.6934678761204445,-0.7904292308616747,-0.33310408069692804,-0.7021584892349221,-0.7819023834819625,-0.5904662910976552,0.5330963065292923,0.5690764867756041,-0.43625873737934096,-0.3237716557796081,-0.4114124691792885,A,1756834020,-0.2297476759628154,-0.727295427028551,0.18659132312424237,-0.7904229082162227,-0.6001075310972093,-0.2533485428319105,-0.5170116711096798,-0.6136483099664309,-0.29535752203191007,-0.5077044011610198,10s
2025-09-02 17:27:10,-0.7059679506676447,-0.8459100907842441,-0.33310408069692804,-0.7084835838959441,-0.8265831582756641,-0.026633992445374143,0.9038425945268045,1.1410716891256223,-0.1788527682236769,-0.37981634005490866,0.15709756956674886,A,1756834030,-0.22709163346613545,-0.722814335396493,0.19779501694570598,-0.8458990831635371,-0.6888318874507849,0.2524654106564616,-0.6934678761204445,-0.7110453421002038,0.25582407139304036,-0.7021584892349221,10s
2025-09-02 17:27:20,-0.9503157819404935,-1.103798563023132,-0.6001834021091242,-0.9590161234163823,-1.090738522233978,0.7837371342722294,1.8202565739044736,2.501472493751138,-0.7176300898701875,-0.40556660039761433,-0.7354702359985911,A,1756834040,-0.2244355909694555,-0.7181247552559862,0.20892389818872273,-1.1037871069982297,-0.8094347336645141,-0.462798057109214,-0.7059679506676447,-0.8356457658563113,-0.459656547208054,-0.7084835838959441,10s
2025-09-02 17:27:30,39.42561680353533,49.524404016922205,4.156808803301238,32.03215459180079,39.35882720167311,1.0488618183417031,-2.039173655267442,-1.8598073821849923,-0.1468989237767669,0.4237432547571713,-0.41634378302219094,A,1756834050,-0.22177954847277556,-0.7132281150985708,0.21997457688825692,49.52341403386859,18.03433714359322,124.85306888430968,-0.9503157819404935,15.046682994733288,96.93210979204252,-0.9590161234163823,10s
2025-09-02 17:27:40,22.084339720537457,11.813711698206246,2.0061898211829434,19.35724063690865,10.04191990343175,2.1299663256851877,-1.8680507766301075,-1.818031421671439,6.091645401087319,2.712865663163874,5.153927439239169,A,1756834060,-0.21912350597609562,-0.7081259064882732,0.23094368690052702,11.814087446699961,28.850251745980184,-53.20779364144833,39.42561680353533,24.902003081057984,-36.86069299359274,32.03215459180079,10s
2025-09-02 17:27:50,5.04005868355608,3.568432623962027,0.6735442457588262,4.684138051272798,3.2193785039982745,0.583759320256061,-1.1319651719520247,-1.1097129366823038,2.6921113946521693,1.2712297642715138,2.486791123635083,A,1756834070,-0.21646746347941567,-0.7028196836072625,0.2418278869283631,3.5685095924561048,12.704524706949757,-52.29154400942008,22.084339720537457,11.635609575963617,-42.71499951741393,19.35724063690865,10s
2025-09-02 17:28:00,2.49283452310665,2.1710096133051415,1.3264557542411737,2.38386938679525,2.0267015185155106,0.6911755789896968,-0.8190165861012202,-0.7884822128096625,1.2377676689226673,0.5820316198049796,1.2581895033462487,A,1756834080,-0.21381142098273573,-0.6973110627824307,0.252623861538999,2.17102753587997,3.505340151103594,-7.567302031204004,5.04005868355608,3.401907443366014,-6.464987267152223,4.684138051272798,10s
2025-09-02 17:28:10,1.3621502990833676,1.0383917174113555,0.07381934892251261,1.2613840300482542,0.9274996826226887,0.26407289240687504,-0.6769603344243532,-0.65423903480145,1.2621768556529458,0.546814351983338,1.256780556533991,A,1756834090,-0.21115537848605578,-0.6916017219930436,0.2633283221739866,1.0384127997532118,1.7783795287673687,-3.1971960553429497,2.49283452310665,1.7415456526153836,-3.014309790557647,2.38386938679525,10s
2025-09-02 17:28:20,1.4162298200728773,1.2331281845378756,0.1643741403026135,1.3652047825419278,1.1623676117779935,0.1274411508376271,-0.5856032032786591,-0.5776440925470477,0.9297681127260623,0.39117674902963173,0.9193377949982389,A,1756834100,-0.20849933598937584,-0.6856934003596146,0.27393800815091773,1.2331389713023455,1.272860159168426,0.45786723579629085,1.3621502990833676,1.2473962699825,0.5785301170828043,1.2613840300482542,10s
2025-09-02 17:28:30,1.0428497307355125,0.8433924070184675,0.6201283814763869,0.9867472035023185,0.7760966045990386,-0.026024819084049466,-0.4476305443556151,-0.43281015997532174,0.9319871297015422,0.2283442203919341,1.194786896794646,A,1756834110,-0.2058432934926959,-0.6795878976141476,0.28444968765666656,0.843405389113715,1.1229326866532625,-0.8608698851928172,1.4162298200728773,1.1141712440816496,-0.8344521905695258,1.3652047825419278,10s
2025-09-02 17:28:40,0.7068028793110646,0.5221810467753375,-0.002751031636863824,0.6595107275734089,0.46998631768755555,0.11090520143682554,-0.4611492095473592,-0.426688563762693,0.8463330744480195,0.2991574363343747,0.9665375132088764,A,1756834120,-0.20318725099601595,-0.6732870735519244,0.2948601587318268,0.5221937423694639,0.7898215095797886,-0.7456947306446865,1.0428497307355125,0.7718423949841595,-0.6843842573000423,0.9867472035023185,10s
2025-09-02 17:28:50,1.3409192564364052,1.561875334391534,0.66552040348464,1.335653210467018,1.5263930668678725,0.015420173772937078,-0.45537722885347637,-0.45770657601923426,0.11405747253966493,0.09732083688346113,0.12187389926030293,A,1756834130,-0.20053120849933598,-0.6667928474649919,0.3051662502460605,1.561851511852742,0.9297799532911797,2.247313806299676,0.7068028793110646,0.9410950491145031,2.2553221818829767,0.6595107275734089,10s
2025-09-02 17:29:00,0.4334949516635953,0.5253199683988977,0.1572673085740486,0.39608878040720835,0.473531297786346,0.009756359076762307,-0.39220114129798794,-0.3701279883477125,-0.011982691667591257,-0.01136040897472309,0.054948925678055656,A,1756834140,-0.19787516600265603,-0.6601071975575269,0.31536482286405493,0.525308598578822,0.8014483094655368,-2.5084265528407417,1.3409192564364052,0.8133103081697207,-2.478386826142801,1.335653210467018,10s
2025-09-02 17:29:10,0.3629792639507631,0.36267792573613733,-0.03484640073360844,0.3123664216537183,0.30192517812296416,-0.3314992711972328,-0.48490600756986363,-0.47473174907223903,0.19793631421280372,0.15033607876550223,0.042972877773864035,A,1756834150,-0.1952191235059761,-0.6532321603432564,0.3254527700017955,0.3626755035889503,0.34225692091423837,0.07348395643214602,0.4334949516635953,0.3169187256634035,0.029065045177480306,0.39608878040720835,10s
2025-09-02 17:29:20,0.4187047871230148,0.4067102014438818,-0.058688674919761576,0.3934168333677125,0.3747322891505895,-0.0012508414111265772,-0.16266788501645008,-0.11599171868914336,0.258293575945856,0.03105178453090978,0.41000352236703064,A,1756834160,-0.19256308100929614,-0.6461698300251164,0.3354270187728588,0.4067088297829415,0.33531220421947544,0.46294524580512214,0.3629792639507631,0.3156225767891993,0.5118174191297117,0.3123664216537183,10s
2025-09-02 17:29:30,0.013573554231597278,0.04468700218934989,-0.2730398899587345,0.021134330718318904,0.056978236304938513,-0.22847930910392425,-0.17845207577391645,-0.17429646515991404,-0.12115832686120048,-0.03673198901827132,-0.028883409651285663,A,1756834170,-0.1899070385126162,-0.638922357857336,0.345284530924447,0.044681369354836076,0.1712488728836816,-0.9588239623196938,0.4187047871230148,0.17434726660592403,-0.8163604101239132,0.3934168333677125,10s
2025-09-02 17:29:40,0.6254331192337741,0.6664201457506825,1.2906923429619441,0.6683232873463136,0.7065984475451725,-0.18436859408721729,0.04046390767018096,0.04405582096430775,0.2112504160656829,-0.015147211966297454,0.3945051074321944,A,1756834180,-0.18725099601593626,-0.6314919514901451,0.35502230376286686,0.666413695735359,0.26831809042693205,2.1786502796585223,0.013573554231597278,0.3077030874993915,2.170493945400955,0.021134330718318904,10s
2025-09-02 17:29:50,-0.022280667227261613,-0.05040168853426037,-0.040348464007336084,-0.016690546264164944,-0.037796907716895804,-0.17629979974597562,0.09456406009501485,0.12416823290123184,0.050593587040940864,-0.03105178453090978,0.18034519196900317,A,1756834190,-0.1845949535192563,-0.6238808742973032,0.3646373710681799,-0.050401370003012265,0.2514827530201117,-1.707204886664704,0.6254331192337741,0.2893544185351256,-1.732602772271347,0.6683232873463136,10s
2025-09-02 17:30:00,0.45188723692293015,0.6068298676620417,0.8298945437872536,0.5130341043225027,0.6724838983581303,-0.31620579894125894,0.15301791798998995,0.15950953736046153,-0.1562187950737823,-0.1522294802612894,-0.023952095808383235,A,1756834200,-0.18193891102257637,-0.6160914446866531,0.3741268039977421,0.6068120510070953,0.16999434341624056,1.753863703267589,-0.022280667227261613,0.21402437015572964,1.8263462295179336,-0.016690546264164944,10s
2025-09-02 17:30:10,0.057586221291873164,0.08216253483441074,-0.0016047684548372307,0.05939912614357255,0.08685566545981623,-0.2471658296577922,0.16078602328746724,0.1944533154812902,-0.0661267058692999,-0.09997159897756319,0.09933075026417752,A,1756834210,-0.17928286852589642,-0.6081260353939129,0.38348771197835596,0.08215763025590915,0.2074958135679602,-0.9254121283485428,0.45188723692293015,0.25093511044063654,-1.054707441477159,0.5130341043225027,10s
2025-09-02 17:30:20,0.1911986593431497,0.3049350326033967,0.807198532783127,0.22275280486018653,0.34103484886096863,-0.6699111871353903,0.21238287201459558,0.19613431858387165,-0.22767114168423389,-0.11814825333712013,-0.19866150052835505,A,1756834220,-0.17662682602921648,-0.5999870727599151,0.39271724358677,0.30492103702917467,0.08508958124478447,0.703230791875184,0.057586221291873164,0.11012102470501058,0.752950085751832,0.05939912614357255,10s
2025-09-02 17:30:30,-0.015100280893850751,0.0034894111768634596,-0.14236588720770288,0.0012792098497131153,0.02748465279174711,-0.33346395271456475,0.1922460334950521,0.2111211854403154,-0.10340619105736158,-0.16624065133011456,0.09933075026417752,A,1756834230,-0.17397078353253653,-0.5916770359915224,0.40181258741824766,0.003485031706399345,0.0509596590368126,-0.345415072122461,0.1911986593431497,0.08192732813857583,-0.374519455642916,0.22275280486018653,10s
2025-09-02 17:30:40,0.40150525706856555,0.5512947609281053,1.4445208619899128,0.4284014995745259,0.576080819581977,-0.3327893583858641,0.19971251458171252,0.21169442773038108,-0.17530234106290912,-0.1427624727823535,-0.11201127157449806,A,1756834240,-0.17131474103585656,-0.5831984564064352,0.4107709729429495,0.5512773917607731,0.14970904997395731,1.576280541654401,-0.015100280893850751,0.18168653750743097,1.5257411408334633,0.0012792098497131153,10s
2025-09-02 17:30:50,-0.14952379248444944,-0.07432591245697014,-0.2801467216872994,-0.1225872272619689,-0.03535975466827781,-0.2684853401535575,0.22022536616823696,0.2356842345965098,-0.41495617441473426,-0.2877970273596516,-0.18386755899964777,A,1756834250,-0.16865869853917662,-0.5745539166621292,0.41958967134986264,-0.07433677923992553,0.08659053614333,-1.4089269944068294,0.40150525706856555,0.12159951458339582,-1.3399351107349415,0.4284014995745259,10s
2025-09-02 17:31:00,0.1557738297580496,0.24335165486593585,0.6664374140302614,0.17071268308184157,0.2601718025639941,-0.30585565110542967,0.12764432596387912,0.14174328545467432,-0.18151558859425274,-0.1760863391082079,-0.07256076083127862,A,1756834260,-0.16600265604249667,-0.5657460499691515,0.4282659963780243,0.243340363158481,-0.028792571393367796,1.2328893141006771,-0.14952379248444944,-0.0034041117815310586,1.1336674313799735,-0.1225872272619689,10s
2025-09-02 17:31:10,0.0654106954359222,0.05648674401612327,0.08000917010545622,0.06573030262638406,0.060483262875727285,-0.6643974108538481,0.286776826991297,0.26189671307029727,0.04793076667036503,-0.1533655211587617,0.07960549489256781,A,1756834270,-0.16334661354581673,-0.5567775392890213,0.4367973051347805,0.05648519966901281,0.07212984379988015,0.012253458934353841,0.1557738297580496,0.08794783148294477,-0.03322270975789028,0.17071268308184157,10s
2025-09-02 17:31:20,-0.19871301713392853,-0.22978856028349318,-0.33195781751490144,-0.20475061236343142,-0.2278161093909583,-0.48298314111890034,0.269182303927496,0.26220207474782903,-0.08521025185842672,-0.13897566979077913,0.021134202183867558,A,1756834280,-0.16069057104913678,-0.5476511165169714,0.44518099890083973,-0.22978807189492775,-0.09431933375524354,-0.523807771563144,0.0654106954359222,-0.0941876377096715,-0.5181014321669599,0.06573030262638406,10s
2025-09-02 17:31:30,-0.29282140279939645,-0.31432698774022844,-0.22810637322329208,-0.28059498462566135,-0.28862481556756825,-0.21566452955308482,0.2499691804087505,0.28781484539533464,-0.21879507378231444,-0.2522010792388526,0.05706234589644241,A,1756834290,-0.15803452855245684,-0.5383695616497878,0.4534145239218662,-0.3143276645941952,-0.2625270927959765,0.0006991463055637327,-0.19871301713392853,-0.2621883969106813,0.05214602311958483,-0.20475061236343142,10s
2025-09-02 17:31:40,-0.13566397700367966,-0.03288236812106328,-0.12815222375057314,-0.13018342267698482,-0.022902248198199086,-0.34963141537473114,0.27841290035545585,0.2854975270877687,-0.4886275380006657,-0.35520212060967526,-0.32546671363156043,A,1756834300,-0.1553784860557769,-0.5289357019389954,0.46149537218637854,-0.032896338274933365,-0.23292243759555986,0.7758684133058581,-0.29282140279939645,-0.22601620579461154,0.715032184778493,-0.28059498462566135,10s
2025-09-02 17:31:50,-0.3661758478998563,-0.4154704554069666,-0.33310408069692804,-0.3678042545384328,-0.40458716458828886,-0.4952724236533907,0.35424922706321116,0.37209825135979385,-0.18462221235992454,-0.26848433210262235,0.040859457555477284,A,1756834310,-0.15272244355909695,-0.5193524110296496,0.46942108218971484,-0.4154683392913044,-0.267365992170392,-0.42011333529584927,-0.13566397700367966,-0.2683210102487219,-0.4218277390471524,-0.13018342267698482,10s
2025-09-02 17:32:00,-0.2763852360760739,-0.2856632521534512,0.1425951398441082,-0.2748233357474787,-0.27401608362049074,-0.23303445434451098,0.2619838006692084,0.30082423443073175,-0.24941750804393653,-0.28514626526554954,-0.020429728777738642,A,1756834320,-0.150066401062417,-0.5096226080849976,0.4771892396838292,-0.28566520071592955,-0.3334416111742732,0.5680379746835443,-0.3661758478998563,-0.3384851481302462,0.5467714992093012,-0.3678042545384328,10s
2025-09-02 17:32:10,-0.26872774766070884,-0.23164768537701808,-0.0022925263640531865,-0.2641375748634251,-0.21812003191794002,-0.48881051236109013,0.3305509011949453,0.31405851390171613,-0.4162875846000222,-0.3692132916785004,-0.3367382881296231,A,1756834330,-0.14741035856573706,-0.4997492568972707,0.4847974784126976,-0.23165474061941502,-0.2876848890805531,0.31465263467765675,-0.2763852360760739,-0.2881969320215153,0.30566259067049767,-0.2748233357474787,10s
2025-09-02 17:32:20,-0.48101431902623465,-0.5274797023855422,-0.5220082530949106,-0.4835899777658732,-0.5162565204412818,-0.2891470965663842,0.25515538665454524,0.27146793606323544,-0.3466104515699545,-0.26280412761526084,-0.20007044734061288,A,1756834340,-0.14475431606905712,-0.48973536498488596,0.4922434808331003,-0.5274782086812173,-0.38376840489938563,-0.36388725345893436,-0.26872774766070884,-0.38946864288394106,-0.3685977533762464,-0.2641375748634251,10s
2025-09-02 17:32:30,-0.4432755443436566,-0.4592654175200387,-0.33195781751490144,-0.44210181679221405,-0.4452092409846722,-0.5027087158759471,0.3431957494202429,0.3278941770625243,-0.4309330966381893,-0.34156962984000755,-0.2994011976047904,A,1756834350,-0.14209827357237717,-0.4795839826763266,0.4995249788205693,-0.4592672043885618,-0.4657272630535471,0.407455107447748,-0.48101431902623465,-0.47579825511612484,0.39590767014871076,-0.4835899777658732,10s
2025-09-02 17:32:40,-0.4000262406145075,-0.4222096253538186,0.011691884456671253,-0.39598741671071763,-0.4048630363500565,-0.6918992619499725,0.38669015361452463,0.364748079561635,-0.3448352379895706,-0.4161696487740225,-0.17470940471997182,A,1756834360,-0.1394422310756972,-0.46929820218098256,0.5066397543602801,-0.4222105405332445,-0.4276993385717406,0.42445540182513986,-0.4432755443436566,-0.4333026669885731,0.4094616566808473,-0.44210181679221405,10s
2025-09-02 17:32:50,-0.4906756361858074,-0.508080536821209,-0.2679963319578175,-0.49209236462751627,-0.4967019271762856,-0.3747865125520112,0.40175175371463834,0.44146291898751727,-0.4952845889271053,-0.36429044778945374,-0.43536456498767173,A,1756834370,-0.13678618857901725,-0.4588811566472321,0.5135856402226814,-0.5080823932889724,-0.4499560354628598,0.011370326758904916,-0.4000262406145075,-0.4575528453565565,-0.007213548047011307,-0.39598741671071763,10s
2025-09-02 17:33:00,-0.5425843427024255,-0.6538188136501729,-0.297111416781293,-0.5467192879403049,-0.6402587203523488,0.07258677996397306,0.47634770223786865,0.6165529015931738,-0.09985576389659381,-0.33172394206191425,0.26206410707995775,A,1756834380,-0.1341301460823373,-0.4483360192080592,0.5203605206236519,-0.653810529756252,-0.5168941434756067,0.13088754783632617,-0.4906756361858074,-0.5306721633344266,0.11430904811754311,-0.49209236462751627,10s
2025-09-02 17:33:10,-0.7771992915034083,-0.8668101976020021,-0.5972031178358551,-0.7850091201985917,-0.8573799511063409,0.1094436157973061,0.5553240411322549,0.6970050428226082,-0.6736935537556862,-0.38095238095238093,-0.6305036984853821,A,1756834390,-0.13147410358565736,-0.4376660020144799,0.5269623318689926,-0.866805256595405,-0.6514312277026989,-0.43277156314395054,-0.5425843427024255,-0.6727646963663085,-0.42378778092077424,-0.5467192879403049,10s
2025-09-02 17:33:20,-0.7859064044990727,-0.9395644138036742,-0.3326455754241174,-0.7862112936389719,-0.9157447726432224,0.6666423363477596,1.4950630798577345,2.050024963600994,-0.2369910129812493,-0.32149957398466344,-0.03311025008805918,A,1756834400,-0.12881806108897742,-0.426874355257094,0.5333890629830448,-0.939552124211136,-0.7656830184875079,0.2641669119811598,-0.7771992915034083,-0.7889411358610858,0.27083324052832036,-0.7850091201985917,10s
2025-09-02 17:33:30,-1.161051771539668,-1.1803840820614373,-0.6249426868408987,-1.1523835926639039,-1.1620739691001551,1.198006464483727,2.286909482808251,3.241350587068452,-3.2038167091978256,-1.3488592255987881,-3.1497005988023954,A,1756834410,-0.12616201859229748,-0.4159643661760448,0.539638756321254,-1.180414936958907,-0.9459208190285238,-0.8663158669414189,-0.7859064044990727,-0.9671527552751932,-0.7984586943448337,-0.7862112936389719,10s
2025-09-02 17:33:40,59.37866995867103,31.217225563083367,8.879642365887207,50.345726227805784,25.77002634927303,2.205594944741304,-2.4570067618643,-2.416447901637129,6.7853101076223235,3.307393732841049,5.202536104262064,A,1756834420,-0.12350597609561753,-0.4049393580596934,0.5457095081664879,31.21817925221846,27.304335407414044,187.05950103032086,-1.161051771539668,23.8367083522437,151.15386477195952,-1.1523835926639039,10s
2025-09-02 17:33:50,6.735083105218901,5.042665477475569,1.2212287941311326,5.998444067258867,4.34915846869583,1.554619106013911,-1.5482687573028087,-1.5100626177092529,2.5780539221125043,1.370444002650762,2.424092990489609,A,1756834430,-0.12084993359893759,-0.3938026892323147,0.5515994693089247,5.04275170740754,31.011962834564528,-162.11741978216074,59.37866995867103,27.305541036437223,-129.6546109242637,50.345726227805784,10s
2025-09-02 17:34:00,3.066454356240197,2.7840639258652895,0.959651535992664,2.9590576825319435,2.6264838479870103,0.7744659850182692,-0.9917896511061807,-0.9637732768955735,1.1720847664484633,0.6058884786518981,1.2941176470588236,A,1756834440,-0.11819389110225764,-0.3825577520311164,0.5573068456093435,2.7840775565068623,4.570581283988508,-11.026898734177216,6.735083105218901,4.318492199258795,-8.630459347692124,5.998444067258867,10s
2025-09-02 17:34:10,2.6428354176730537,2.728826774827833,2.585740486015589,2.655240275040254,2.6891306476945918,0.6224517101467089,-0.8026105040182515,-0.774441759648865,0.6106734716520581,0.4120041654832907,0.6509334272631209,A,1756834450,-0.11553784860557768,-0.3712079717729021,0.5628298985456348,2.728813241830824,2.649067783795288,-1.0158595819841036,3.066454356240197,2.6967198484351558,-0.6157709126816194,2.9590576825319435,10s
2025-09-02 17:34:20,1.5040881684647451,1.5345920622732052,2.0962861072902337,1.5052731929006895,1.5088470822811215,0.3775540638226792,-0.6210957599633675,-0.5548152707794419,0.5054920670143127,0.1563949635520212,0.8411412469179288,A,1756834460,-0.11288180610889774,-0.3597568057106862,0.568166945742371,1.5345854027959618,1.915459275397221,-3.2220709449514278,2.6428354176730537,1.9914958669274043,-3.0948259349177003,2.655240275040254,10s
2025-09-02 17:34:30,1.0154402161272431,1.0495279188065882,0.8571756075194865,0.9775879798874153,0.9903560229826911,0.3212155356997555,-0.5711457101534845,-0.5616664446057507,0.370575834905137,0.175328978509893,0.6037337090524832,A,1756834470,-0.1102257636122178,-0.3482077419805806,0.5733163614832752,1.0495217096405003,1.151316415854116,-1.216477774506918,1.5040881684647451,1.1776746715496798,-1.2716603188037805,1.5052731929006895,10s
2025-09-02 17:34:40,1.060526362871916,1.2550640009490122,2.0119211370930765,1.0482729399982667,1.2177872145625828,0.25979695635502037,-0.3770628852197837,-0.34170929842260445,0.05902585154776434,-0.01855533465871438,0.30081014441704823,A,1756834480,-0.10756972111553785,-0.33656429853927694,0.5782765772064286,1.2550427310563317,0.9430421219469849,0.4301221666176038,1.0154402161272431,0.955986009852895,0.48144864913023144,0.9775879798874153,10s
2025-09-02 17:34:50,0.5485004085186577,0.5347139572646742,0.6593305823016965,0.5134537500259745,0.4894865845032767,-0.06316427526143967,-0.3278537633144836,-0.30804460274987117,0.31998224786419616,0.07952286282306163,0.5008805917576612,A,1756834490,-0.1049136786188579,-0.3248300220924395,0.5830460819820715,0.5347126221080036,0.7237906951997446,-1.2886002355019135,1.060526362871916,0.7308366896672448,-1.2925614926015843,1.0482729399982667,10s
2025-09-02 17:35:00,0.5946838900518252,0.6886856647695595,0.001375515818431912,0.5782413702749947,0.6590441963465489,0.07694084561591405,-0.482167652991923,-0.44802010460097846,0.0679019194496838,0.11739089273880526,0.07396970764353646,A,1756834500,-0.10225763612217796,-0.31300848701434647,0.5876234229728461,0.6886741475046664,0.5050545216266319,0.4335075066234913,0.5485004085186577,0.5028265978009723,0.4641705830382134,0.5134537500259745,10s
2025-09-02 17:35:10,0.6120265507308608,0.5712637136124851,0.001375515818431912,0.5652870898634783,0.5133331843031724,-0.30186837326010696,-0.296391589960041,-0.24779920624572307,0.41673138799511816,0.07573605983148726,0.6333215921098978,A,1756834510,-0.099601593625498,-0.3011032942591003,0.5920072058763448,0.5712647055204711,0.5348831999462345,0.3445319399470121,0.5946838900518252,0.5279707058553378,0.2364018382816966,0.5782413702749947,10s
2025-09-02 17:35:20,0.26243000017891327,0.331061440286103,-0.0004585052728106373,0.24453991778390577,0.3065452468258809,-0.17457797627850416,-0.31314462320894604,-0.3084473792748696,-0.05414401420170864,-0.014768531667140017,0.11130679816836915,A,1756834520,-0.09694555112881806,-0.28911807026374264,0.5961960953498286,0.33105226666209575,0.3788734997451737,-0.7874963202826023,0.6120265507308608,0.36609370920339457,-0.6653718511259105,0.5652870898634783,10s
2025-09-02 17:35:30,0.42538421627037376,0.5264137603603057,0.13480055020632736,0.4361700132735761,0.5322061753100484,-0.17387878248959587,-0.01767733667927888,-0.0022834005756136493,-0.03994230555863752,-0.12117769573037963,0.12750968650933428,A,1756834530,-0.09428950863213811,-0.2770564658436051,0.6001888154169855,0.5264014577111016,0.29123565551964964,0.7937518398586989,0.26243000017891327,0.30345962589681846,0.8357945222769153,0.24453991778390577,10s
2025-09-02 17:35:40,0.14618407791076998,0.281556267689931,0.22833562585969738,0.16459639763559042,0.3017129814114054,-0.02468775681479567,0.01732779775414743,0.04481192992805284,-0.3213136580494841,-0.12458581842279655,-0.23388517083480098,A,1756834540,-0.09163346613545817,-0.26492215508023886,0.6039841498566041,0.2815397924636003,0.2366524225300051,-0.5703193994701207,0.42538421627037376,0.26467940229638637,-0.5213028338938757,0.4361700132735761,10s
2025-09-02 17:35:50,0.22473893570453068,0.3046199358759392,0.24369555249885375,0.24846674738595698,0.3309132034276895,-0.23127996534799217,0.13087934925518926,0.15650301207398595,-0.11050704537889715,-0.1219350563286945,-0.01620288834096513,A,1756834550,-0.08897742363877822,-0.2527188342022494,0.6075809425730481,0.30460956509683085,0.14243949975637485,0.533375036797174,0.14618407791076998,0.17362543559403792,0.5200792926030693,0.16459639763559042,10s
2025-09-02 17:36:00,0.4736192367559444,0.6430692444966374,3.3030719853278314,0.4255470978813467,0.5732730401839669,-0.373415772272656,0.09267957487497805,0.07207663645257732,-0.17707755464329303,-0.06702641295086623,-0.11764705882352941,A,1756834560,-0.08632138114209828,-0.24045022045939243,0.6109780979484132,0.6430499438144173,0.29618656645365804,1.0588386811892847,0.22473893570453068,0.30021138634333094,0.7931665812860548,0.24846674738595698,10s
2025-09-02 17:36:10,0.22812636048640558,0.25946997139141287,0.4027968821641449,0.26653381264846615,0.30412726560110875,-0.377941529627317,0.19032785417706044,0.20530601528861236,0.03017863086652613,-0.11966297453374988,0.2676998943289891,A,1756834570,-0.08366533864541832,-0.22812005099026275,0.6141745811762631,0.25946451148466837,0.2977771305998779,-0.4663305858110097,0.4736192367559444,0.30897563426966485,-0.1915228188965855,0.4255470978813467,10s
2025-09-02 17:36:20,-0.014432337979114857,0.08387860284072461,-0.1522237505731316,-0.022265549571155542,0.07483265201075891,-0.5532377767290244,0.145185587043351,0.10784095748941777,-0.35415510928658606,-0.1552589226545489,-0.4233885170834801,A,1756834580,-0.08100929614873838,-0.2157320816839251,0.6171694185768417,0.08386567545913676,0.06861268082866152,-0.4572784810126582,0.22812636048640558,0.09174383653182817,-0.5717709423792235,0.26653381264846615,10s
2025-09-02 17:36:30,0.007442792478485678,0.09815541732481832,0.4676753782668501,0.033851420080046914,0.13250468263389215,-0.3917726653399518,0.1339593870609615,0.130721349137553,-0.31154998335737266,-0.21433304932310895,-0.21345544205706235,A,1756834590,-0.07835325365205843,-0.20329008603583637,0.6199616978936648,0.09814340608176932,-0.03500921295077652,0.3585148660582867,-0.014432337979114857,-0.02112929183362287,0.43876725245190845,-0.022265549571155542,10s
2025-09-02 17:36:40,0.1945622290209269,0.31595267187361703,1.5829894543787253,0.17433947614228015,0.2870736481485772,-0.29769476044741927,0.18287487994829962,0.2032621034696237,-0.24586708088316875,-0.26356148821357567,-0.017611835153222965,A,1756834600,-0.07569721115537849,-0.19079785399839866,0.6225505685714033,0.3159378625752813,0.06312411440860696,0.868302914336179,0.007442792478485678,0.07424287646707974,0.685958230319769,0.033851420080046914,10s
2025-09-02 17:36:50,-0.27810280357110906,-0.19526702132172197,-0.3055937643282898,-0.26918548694866384,-0.17754083864933465,0.03948395162469075,0.12806339637426398,0.18250219400713885,-0.5898147120825474,-0.2836315440689198,-0.363508277562522,A,1756834610,-0.07304116865869854,-0.1782591908265055,0.6249352420149697,-0.19527947300427126,-0.07095372242415417,-1.1671695613776862,0.1945622290209269,-0.07275889418242558,-1.0250870511021524,0.17433947614228015,10s
2025-09-02 17:37:00,-0.052075692245302035,0.0866530568016685,-0.00022925263640531865,-0.02377181410100791,0.12399868220008507,-0.13816876720007934,0.19252216521674942,0.2282437932498211,-0.5099301009652724,-0.34762851462652655,-0.2148643888693202,A,1756834620,-0.0703851261620186,-0.16567791591842385,0.6271149918297323,0.08663534238515978,-0.18676247388730516,0.9883352958492788,-0.27810280357110906,-0.16886174428398837,0.9933700098744533,-0.26918548694866384,10s
2025-09-02 17:37:10,-0.047423946946248484,0.12783139872556748,0.5206327372764786,-0.015437690975539419,0.1694045359697799,-0.5111563345518518,0.2494094638467214,0.24359919389101514,-0.6088982580716743,-0.30067215753100446,-0.5586474110602325,A,1756834630,-0.06772908366533864,-0.15305786165236826,0.6290891540427819,0.1278093694941808,-0.07844729576092253,0.30537974683544306,-0.052075692245302035,-0.04576988833746288,0.2987727465086754,-0.02377181410100791,10s
2025-09-02 17:37:20,-0.14117450605025078,-0.16545254090346778,0.33081155433287485,-0.13880744597441683,-0.1545891001791595,-0.16566993744021793,0.370150948860013,0.4530811814460603,-0.05902585154776434,-0.2681056518034649,0.2676998943289891,A,1756834640,-0.0650730411686587,-0.1404028722191201,0.6308571273051844,-0.16545268188448853,-0.12028361326888935,0.0018030615248748895,-0.047423946946248484,-0.1015731293980431,-0.08709416367834524,-0.015437690975539419,10s
2025-09-02 17:37:30,-0.025238700135377715,0.07549215763951006,0.39614855570839064,-0.016739200838480496,0.08744657275941105,-0.8737574066112833,0.3489009433391389,0.31347778115001285,-0.37146344169532897,-0.1980497964593392,-0.43254667136315605,A,1756834650,-0.06241699867197875,-0.12771680245105493,0.6324183730751568,0.07547891931608261,-0.109866538226745,0.6486973800412128,-0.14117450605025078,-0.10220448567819417,0.6319917440660475,-0.13880744597441683,10s
2025-09-02 17:37:40,-0.3110228472259496,-0.26061130960926643,-0.2849610270518111,-0.3186448890143546,-0.26302953041353555,-0.2290295482269556,0.35123769034970653,0.4202184611937089,-0.517030955286808,-0.39723563381615073,-0.24445227192673477,A,1756834660,-0.05976095617529881,-0.11500351664791554,0.6337724157821141,-0.26062011344127456,-0.1896187686569254,-0.5906314395054459,-0.025238700135377715,-0.18944277891171682,-0.6101699445397243,-0.016739200838480496,10s
2025-09-02 17:37:50,-0.4105463415215978,-0.3770693073388261,-0.3317285648784961,-0.3985782727930209,-0.35123495374828956,-0.2554390758442474,0.37100382819233885,0.45414400013521034,-0.5889271052923555,-0.49342042980213957,-0.22050017611835154,A,1756834670,-0.057104913678618856,-0.10226688739971393,0.6349188429715302,-0.3770767061947041,-0.3705398397114582,-0.016006770680011776,-0.3110228472259496,-0.3746711071402757,0.04016600960717494,-0.3186448890143546,10s
2025-09-02 17:38:00,-0.16736741034953692,-0.008577894125111106,0.3044475011462632,-0.14699763265086846,0.0203392024871773,-0.33273177977639784,0.2805125489563268,0.2989663444590636,-0.6954399201153889,-0.4907696677080375,-0.450158506516379,A,1756834680,-0.05444887118193891,-0.08951079440710161,0.635857305430578,-0.0085988069930168,-0.30308647852458376,1.0412496320282603,-0.4105463415215978,-0.291405834735118,1.0114380322367493,-0.3985782727930209,10s
2025-09-02 17:38:10,-0.3974975995801502,-0.3654275823959963,-0.3314993122420908,-0.3950852798119501,-0.35252875000109574,-0.46605243855472583,0.3482275011184881,0.3649806409091781,-0.564517918562077,-0.4665341285619616,-0.28812962310672774,A,1756834690,-0.05179282868525897,-0.07673912329957448,0.6365875172945012,-0.36543472945717215,-0.2969594462148494,-0.41893582572858407,-0.16736741034953692,-0.28971140035708015,-0.4524934850880905,-0.14699763265086846,10s
2025-09-02 17:38:20,-0.3818486512920521,-0.25915676072810373,0.14901421366345713,-0.3698072011810898,-0.23663706819365365,-0.4635217760344567,0.26611746775281436,0.2589461021209243,-0.87162986796849,-0.47713717693836977,-0.8073265234237408,A,1756834700,-0.049136786188579015,-0.0639557644518752,0.6371092561336924,-0.259175132100972,-0.3976690394448707,0.3393067412422726,-0.3974975995801502,-0.39779526846655655,0.3484152615987705,-0.3950852798119501,10s
2025-09-02 17:38:30,-0.35155266908795973,-0.36319953612058353,-0.0896377808344796,-0.3420659847255046,-0.34015364866722814,-0.2237904481245674,0.37049975447759603,0.43806538985525906,-0.3275269055808277,-0.3942061914228912,-0.019020781965480803,A,1756834710,-0.04648074369189907,-0.05116461179894332,0.6374223630214468,-0.363201450335751,-0.3760956130672685,0.38449367088607594,-0.3818486512920521,-0.37207585912887586,0.3556317794061964,-0.3698072011810898,10s
2025-09-02 17:38:40,-0.43406747416194036,-0.39692001637430674,-0.25951398441082074,-0.42330493291497157,-0.37241627435728175,-0.18868166012634896,0.22225959838098092,0.24568674901001378,-0.6386330855431044,-0.3805737006532235,-0.4839732300105671,A,1756834720,-0.043824701195219126,-0.038369561649787366,0.6375267425823733,-0.39692802244762343,-0.4006149434621653,0.03646599941124522,-0.35155266908795973,-0.39802735582187687,0.03634095819319776,-0.3420659847255046,10s
2025-09-02 17:38:50,-0.552102529237412,-0.6069561326937866,-0.041953232462173314,-0.5558845933769975,-0.5959602543553421,-0.4403676831294642,0.46326676851630816,0.5178724595749844,-0.4145123710196383,-0.39458487172204865,-0.17330045790771398,A,1756834730,-0.041168658698539175,-0.025574511500631458,0.6374223630214468,-0.6069539772202948,-0.49478306161195834,-0.07311598469237562,-0.43406747416194036,-0.5017497518091258,-0.11407740680520599,-0.42330493291497157,10s
2025-09-02 17:39:00,-0.5722123819917819,-0.6095871668104422,-0.2872535534158643,-0.575928250721076,-0.5992671621223641,-0.3163505769696635,0.5072025808386955,0.5988296349395917,-0.5356706978808388,-0.4585818422796554,-0.31630855935188446,A,1756834740,-0.03851261620185923,-0.012783358847699414,0.6371092561336924,-0.6095871365172909,-0.5596489557722357,0.22898881365911097,-0.552102529237412,-0.575786601577309,0.2156313339421342,-0.5558845933769975,10s
2025-09-02 17:39:10,-0.6896033492566154,-0.7254607704656726,-0.422283356258597,-0.698985805534762,-0.7222524130333838,-0.30275495644915845,0.49352379360360105,0.5630549824050733,-0.7775435482081438,-0.4362397046293667,-0.7657625924621345,A,1756834750,-0.035856573705179286,0.0,0.6365875172945012,-0.7254618122167666,-0.624212418721612,-0.07112893729761555,-0.5722123819917819,-0.6452043229220191,-0.08617947747065506,-0.575928250721076,10s
2025-09-02 17:39:20,-0.7841649818999398,-0.9264141701795073,-0.4454378725355342,-0.7885791495889956,-0.9085593380832806,0.18741063592955626,1.088154558832017,1.4250715719977431,-0.3213136580494841,-0.4362397046293667,-0.03311025008805918,A,1756834760,-0.033200531208499334,0.012771671107526606,0.635857305430578,-0.9264031173482874,-0.7237346894199481,-0.0006991463055637327,-0.6896033492566154,-0.748360268414927,0.011864192856241323,-0.698985805534762,10s
2025-09-02 17:39:30,-0.9904639221369402,-1.1017868456716904,-0.45667125171939477,-0.9926607615555881,-1.0842505060541012,1.1935023733027574,2.1441064288705025,3.021425150503308,-1.273271940530345,-0.6501940736533182,-1.1673124339556182,A,1756834770,-0.03054448871181939,0.025527764100139076,0.6349188429715302,-1.1017817570083044,-0.8650036683785767,-0.345415072122461,-0.7841649818999398,-0.8908206008997319,-0.3235643064495772,-0.7885791495889956,10s
2025-09-02 17:39:40,50.542143023276616,41.42348699907626,7.2246675836772125,41.88531610015341,33.496620298817156,1.8204806347651008,-2.5987272613555072,-2.55650626521973,2.542993453899922,1.594244059452807,1.7780908770693906,A,1756834780,-0.027888446215139442,0.038264393348340836,0.6337724157821141,41.42389125751072,23.235246677457113,159.27204150721224,-0.9904639221369402,19.81008419558867,125.89854110519634,-0.9926607615555881,10s
2025-09-02 17:39:50,12.24933354802927,8.107514823261239,0.8908757450710684,10.807279737954572,6.9339084377130895,2.2089321317557538,-1.8207453046867426,-1.7590750675663385,3.8029512925773883,1.8456877780933447,3.3821768228249383,A,1756834790,-0.025232403718459494,0.05097767915148036,0.6324183730751568,8.107700676393142,29.45198904526947,-117.84445834559905,50.542143023276616,25.534179534320653,-90.7782851118486,41.88531610015341,10s
2025-09-02 17:40:00,4.469468448642942,3.761634161635375,5.627005960568547,4.225465297378278,3.4678198169105854,1.0182962662341548,-1.0317884037376,-0.9996994518207182,1.6988793964273827,0.7921991858373568,1.8344487495597042,A,1756834800,-0.02257636122177955,0.06366374891954571,0.6308571273051843,3.761671858309476,7.818580477505279,-23.710295849278776,12.24933354802927,7.2655639894832955,-19.00908895174882,10.807279737954572,10s
2025-09-02 17:40:10,2.1694308768539887,1.9438385279183752,0.6540577716643742,2.1045029301710563,1.8450210608084259,0.7050761518598607,-0.8124168108572887,-0.7586581674469464,1.0615777210695663,0.49455647069961184,1.1757661148291652,A,1756834810,-0.0199203187250996,0.07631873835279271,0.6290891540427821,1.9438504914674997,3.0855656303730545,-6.804717397703857,4.469468448642942,3.0438881122594736,-5.939654468375764,4.225465297378278,10s
2025-09-02 17:40:20,1.7102439780771594,1.592586450346344,0.5600641907381935,1.6199114790838547,1.4719129843812282,0.014806752967177605,-0.7066247592593586,-0.7019366161435667,0.8241429046932209,0.36769857048187066,0.8045086297992251,A,1756834820,-0.017264276228419653,0.08893879261884843,0.6271149918297324,1.592591467930613,1.789972725185239,-1.1255887547836325,2.1694308768539887,1.7799462757109272,-1.1454039245383878,2.1045029301710563,10s
2025-09-02 17:40:30,1.2695447849760555,1.1600062634565445,4.324850985786337,1.1436521238481916,1.0101315427565707,0.1703424943108624,-0.5774459970494306,-0.5220150940343246,0.7469211139465217,0.31809145129224653,0.8348009862627686,A,1756834830,-0.014608233731739707,0.10152006752693024,0.6249352420149697,1.1600116943946792,1.367431518932754,-1.0685531351192228,1.7102439780771594,1.3138420930739134,-1.1209924939305522,1.6199114790838547,10s
2025-09-02 17:40:40,0.8188503032580109,0.9025894757283293,0.7095369096744613,0.7777190431469778,0.8407459909012921,0.17307806166193876,-0.5223330015470591,-0.48275579208796876,0.19127926328636413,0.07308529773738522,0.4452271926734766,A,1756834840,-0.01195219123505976,0.1140587306988235,0.6225505685714033,0.9025788999895478,0.9488779242017776,-1.099389166911981,1.2695447849760555,0.9052985248193333,-0.7977578308869931,1.1436521238481916,10s
2025-09-02 17:40:50,0.6265781642304642,0.6340598863133355,0.4814305364511692,0.6340035669884795,0.63444538638497,0.09903891097455972,-0.4804246669107002,-0.4265036478612952,0.29601686452901366,0.10716652466155448,0.4903134906657274,A,1756834850,-0.009296148738379814,0.12655096273626137,0.6199616978936648,0.6340565336422002,0.6469731676308995,-0.30214159552546366,0.8188503032580109,0.6580704198273408,-0.14670319471976598,0.7777190431469778,10s
2025-09-02 17:41:00,1.180255130338325,1.3576260148274921,1.6629986244841817,1.235643732961396,1.3974207685146383,0.12228773478853802,-0.32902629942991446,-0.3142555120480317,0.13669144568955952,-0.012117769573037963,0.3430785487847834,A,1756834860,-0.006640106241699867,0.13899295838435025,0.6171694185768417,1.3576064078404857,0.8166706804142188,1.9991536649985282,0.6265781642304642,0.8802075214988123,2.0370447914114527,0.6340035669884795,10s
2025-09-02 17:41:10,0.28506849396764056,0.34608021441609405,-0.24163227877120586,0.2570279251915647,0.30938507842422236,0.06361533417360171,-0.24196026608457322,-0.2002094393366461,-0.018639742594030843,-0.049985799488781596,0.22895385699189855,A,1756834870,-0.00398406374501992,0.15138092769068745,0.6141745811762632,0.3460718296819953,0.6563149317009516,-2.4706726523403004,1.180255130338325,0.6973384202423444,-2.592799815874854,1.235643732961396,10s
2025-09-02 17:41:20,1.0322819196202266,1.165240825788209,4.648784961027052,0.9320797347109335,1.0289153724734053,-0.22159348590906935,-0.14310032736968076,-0.10275890042297735,0.1690890935315655,-0.014768531667140017,0.43536456498767173,A,1756834880,-0.0013280212483399733,0.16371109715981724,0.6109780979484133,1.165225498852927,0.5868341612854446,2.5962246099499557,0.28506849396764056,0.5500809601335879,2.25212671967689,0.2570279251915647,10s
2025-09-02 17:41:30,-0.014694744124189672,0.1647221633133471,-0.0016047684548372307,-0.03759984957627441,0.13187135840832837,0.07338426661069203,-0.10592464883097946,-0.07476255512004806,-0.5867080883168756,-0.30370159992426393,-0.4015498414934836,A,1756834890,0.0013280212483399733,0.17597971090267436,0.6075809425730482,0.1646998526355088,0.4460804355009437,-2.938953488372093,1.0322819196202266,0.40715841978013656,-2.56661840805993,0.9320797347109335,10s
2025-09-02 17:41:40,0.36653367446132196,0.49313104840054817,2.0268225584594224,0.40495404930228834,0.533287079056635,-0.12185180108292254,0.05486634051137136,0.09232234997593441,-0.1402418728503273,-0.14314115308151093,0.03381472349418809,A,1756834900,0.00398406374501992,0.18818303178066392,0.6039841498566041,0.49311604720918717,0.13347857498893886,1.4671401236385047,-0.014694744124189672,0.1514522423719721,1.5709527733850073,-0.03759984957627441,10s
2025-09-02 17:41:50,0.305059071201522,0.41098035851352166,1.66895919303072,0.3356679082030092,0.4433466392938173,-0.3817099880508717,0.12833199688487648,0.12127965377016457,-0.12692777099744812,0.008709646880621036,-0.15709756956674886,A,1756834910,0.006640106241699867,0.20031734254403033,0.6001888154169855,0.41096740998114173,0.283618869467329,0.10137621430674124,0.36653367446132196,0.33252266662470736,0.07136037300190808,0.40495404930228834,10s
2025-09-02 17:42:00,0.5996218966000513,0.7456047334905825,3.0284273269142594,0.6567191713720539,0.8023565264646486,-0.11453019160387279,0.12352200611490086,0.16725636138386735,-0.051037390436036834,-0.08558174760958061,0.19020781965480804,A,1756834920,0.009296148738379814,0.21237894696416737,0.5961960953498288,0.7455880407895479,0.39306536434560047,1.1997718575213423,0.305059071201522,0.45465273683604945,1.214973532010305,0.3356679082030092,10s
2025-09-02 17:42:10,0.05844500503939074,0.12829085125685188,0.14718019257221457,0.09479735623206813,0.17419615117054382,-0.4005734554387008,0.16792885803361668,0.18189984025974315,-0.20548097192943526,-0.1647259301334848,-0.0014089468122578373,A,1756834930,0.01195219123505976,0.22436417095952524,0.5920072058763449,0.12828123403864697,0.2772678140384088,-1.3785325287017958,0.5996218966000513,0.3378075710632305,-1.3719669465665858,0.6567191713720539,10s
2025-09-02 17:42:20,-0.017772052552794328,0.057256837127811086,0.45758826226501603,0.008023950214206831,0.09170732169313896,-0.24953115645143942,0.2877400887728591,0.3306725395961094,-0.28625318983690223,-0.18176654359556943,-0.1056710109193378,A,1756834940,0.014608233731739707,0.23626936371477147,0.5876234229728461,0.05724646544983849,-0.012629303344105112,0.05589490727112158,0.05844500503939074,0.023128586720767935,0.02012606632959886,0.09479735623206813,10s
2025-09-02 17:42:30,-0.19501547599878338,-0.1519925435327408,-0.3326455754241174,-0.20117247387730836,-0.15368952997584726,0.143918308596729,0.1217994398453483,0.2001348375609931,-0.35459891268168203,-0.2790873804790306,-0.1021486438886932,A,1756834950,0.017264276228419653,0.24809089879286467,0.5830460819820716,-0.1519999724275836,-0.13164158541161447,-0.25577715631439507,-0.017772052552794328,-0.12044497833277688,-0.33854971750154056,0.008023950214206831,10s
2025-09-02 17:42:40,0.11164188717728517,-0.38483531654630665,0.9569005043558001,0.1152687683753376,-0.36094856004371695,-0.49205006337844454,0.8605208488455109,1.0683009594126922,2.284699877954066,-0.16018176654359556,3.8400845368087353,A,1756834960,0.0199203187250996,0.2598251752397022,0.5782765772064286,-0.3848006832842203,-0.07087531433243911,1.2370841919340594,-0.19501547599878338,-0.06842102416412903,1.2014670616448018,-0.20117247387730836,10s
2025-09-02 17:42:50,0.058087178477925085,-0.3756765388749259,0.0009170105456212746,0.0525530220825881,-0.3607571634244987,-0.24532393865456095,0.9143748936671805,1.1749505560907452,1.9376456229890158,-0.3430843510366373,3.6780556533990842,A,1756834970,0.02257636122177955,0.27146861868100597,0.5733163614832751,-0.375645177372884,0.04796895039568083,0.12580953782749485,0.11164188717728517,0.05466001415142815,0.09061036000920626,0.1152687683753376,10s
2025-09-02 17:43:00,0.008206155809612415,-0.07210214147246048,-0.23658872077028886,0.036036821376387224,-0.032976911209760866,0.16725420534849472,0.36145404347966065,0.5137080063635154,0.26006878952623985,-0.23288838398182335,0.7953504755195492,A,1756834980,0.025232403718459494,0.2830176824111111,0.5681669457423711,-0.07209686002627116,-0.0005992618438222825,0.13714306741242271,0.058087178477925085,0.01622497132098517,0.2259661001848676,0.0525530220825881,10s
2025-09-02 17:43:10,-0.05317302703379672,-0.1170412576913295,0.17491976157725814,-0.046532018511038255,-0.10137555080280487,0.6917107415344799,0.41992529992255717,0.663298223191869,0.1584378120492622,-0.20675944333996024,0.63191264529764,A,1756834990,0.027888446215139442,0.29446884847332716,0.5628298985456349,-0.11703747939731475,-0.05284145323797416,0.10167059169855755,0.008206155809612415,-0.03184071333425447,0.0324446325292707,0.036036821376387224,10s
2025-09-02 17:43:20,-0.13983862022077898,-0.2499405586569943,-0.09009628610729023,-0.15106434415407688,-0.25122904757354203,0.5783086757297913,0.4852631993109012,0.7395778054076916,0.2827027626761345,-0.2450061535548613,0.8432546671363156,A,1756835000,0.03054448871181939,0.3058186287315416,0.5573068456093435,-0.24993240361615743,-0.12235582712135892,0.023660582867235797,-0.05317302703379672,-0.12260260400045828,-0.0319041361338174,-0.046532018511038255,10s
2025-09-02 17:43:30,-0.24220087190405476,-0.43266074457411824,-0.259743237047226,-0.24603199139624946,-0.4200126010400225,-0.17297667340174644,0.5986022010681831,0.7526760280915584,0.5951403528236991,-0.12875130171352836,1.0975695667488552,A,1756835010,0.033200531208499334,0.31706356593274004,0.5515994693089246,-0.43264538752580434,-0.2111137869428125,-0.024764498086546953,-0.13983862022077898,-0.2193790974850483,-0.00388147686185417,-0.15106434415407688,10s
2025-09-02 17:43:40,-0.2987851788238241,-0.6962105315431638,-0.24644658413571757,-0.3219006909456371,-0.6896585893016961,-0.3356785284875399,0.9935350855513254,1.2493172817183047,1.9372018195939198,-0.34535643283158196,3.628038041563931,A,1756835020,0.035856573705179286,0.32820023476011884,0.5457095081664878,-0.6961805097791924,-0.28574708909959506,0.11646305563732705,-0.24220087190405476,-0.3022510014913579,0.052074748869634944,-0.24603199139624946,10s
2025-09-02 17:43:50,-0.0815128907018768,-0.5123515697767341,0.32485098578633653,-0.08057400234048775,-0.4885389984749775,-0.6615176661131718,1.04350583228305,1.2591585183290663,2.0139798069455233,-0.2624254473161034,3.5054596688974993,A,1756835030,0.03851261620185923,0.3392252428764699,0.5396387563212542,-0.512320103051667,-0.21029610255778397,0.9613261701501324,-0.2987851788238241,-0.2219881133904078,0.9813959358828727,-0.3219006909456371,10s
2025-09-02 17:44:00,-0.26004448976914224,-0.643558439929703,0.66552040348464,-0.2791799474226506,-0.6353588411483442,-0.3908190705279083,1.0284028116957007,1.290937466452409,1.7996227671141685,-0.47183565275016565,3.644945403311025,A,1756835040,0.041168658698539175,0.35013523195751917,0.5333890629830449,-0.6435292999593664,-0.1921054252798889,-0.2597512511039152,-0.0815128907018768,-0.20126448271809697,-0.30752166069002385,-0.08057400234048775,10s
2025-09-02 17:44:10,-0.2726876949409288,-0.6140573239077168,0.3415864282439248,-0.2705944423298851,-0.5882695728065485,0.16091234171566077,1.1195512014255962,1.4962212233040266,1.4982802618440032,-0.6077818801476853,3.256076083127862,A,1756835050,0.043824701195219126,0.36092687871490514,0.5269623318689927,-0.6140307402044002,-0.281871489137679,0.2520238445687371,-0.26004448976914224,-0.2934424996201536,0.2995092470914909,-0.2791799474226506,10s
2025-09-02 17:44:20,-0.3343769941376082,-0.7432859722954075,-0.3328748280605227,-0.36186636919800536,-0.7387837995573537,0.2278725437393396,1.1126333598779306,1.5099568916698831,2.06723621435704,-0.5721859320268863,4.09721733004579,A,1756835060,0.04648074369189907,0.3715968959084847,0.5203605206236518,-0.7432552484422492,-0.31677429110684224,0.10071386517515454,-0.2726876949409288,-0.3335532918296892,0.006946269609699238,-0.2705944423298851,10s
2025-09-02 17:44:30,-0.18385128728105488,-0.6010160890587213,0.08161393856029345,-0.18610374675699523,-0.578068522115336,0.14773262139098517,1.0688557839799635,1.4339641932851288,1.9966714745367802,-0.5271229764271513,3.9098274040154983,A,1756835070,0.049136786188579015,0.3821420333476576,0.5135856402226812,-0.6009851867301906,-0.27506118631442766,0.7554091845746247,-0.3343769941376082,-0.2925672549327168,0.7893058927471026,-0.36186636919800536,10s
2025-09-02 17:44:40,-0.2054640115935806,-0.6512082991385519,0.055937643282897756,-0.23307973825866293,-0.6478912384396635,0.2914822657262439,1.0749338360062215,1.465150845821808,2.238988128259181,-0.5778661365142479,4.291651990137372,A,1756835080,0.05179282868525897,0.3925590788814071,0.5066397543602805,-0.6511758318668694,-0.21453013951039748,0.22435236973800413,-0.18385128728105488,-0.23009346924867127,0.13672479972678203,-0.18610374675699523,10s
2025-09-02 17:44:50,-0.4037476368537503,-0.8077506148174096,-0.3326455754241174,-0.41806645708033024,-0.7903283180257544,0.23956128049171702,1.0679489492175982,1.4439555885088287,2.097858648618662,-0.4983432736911862,3.879535047551955,A,1756835090,0.05444887118193891,0.4028448593767513,0.4995249788205698,-0.8077200362153576,-0.3177823951431788,-0.3206873712098911,-0.2054640115935806,-0.3426174831601447,-0.2676199597597464,-0.23307973825866293,10s
2025-09-02 17:45:00,-0.47777002486894604,-0.6379835231081646,-0.2125171939477304,-0.4751767909571419,-0.6151136576076551,0.3350037184607668,0.6432290053878644,0.8976686439891896,0.258737379340952,-0.32074221338634856,0.7749207467418106,A,1756835100,0.057104913678618856,0.41299624168531074,0.4922434808331007,-0.637970454726837,-0.4456435904185312,0.06266558728289667,-0.4037476368537503,-0.46005761863622124,0.10703313510182566,-0.41806645708033024,10s
2025-09-02 17:45:10,-0.6925613821647314,-0.8362071894774656,-0.6196698762035764,-0.6999021333510382,-0.8227152481744017,0.46907521874779606,0.6005603094694543,0.8497444102177245,-0.129146787972928,-0.4032945186026697,0.28812962310672774,A,1756835110,0.05976095617529881,0.4230101335976956,0.4847974784126979,-0.8361957704453216,-0.5812559856177157,-0.3716146599941125,-0.47777002486894604,-0.596774772497845,-0.384046447052884,-0.4751767909571419,10s
2025-09-02 17:45:20,-0.6566355953935794,-0.719161078840011,-0.26226501604768454,-0.6541972426033643,-0.6984048657446905,0.07319619553400931,0.6773183255117327,0.879519789143441,-0.5627427049816931,-0.4328315819369497,-0.2986967241986615,A,1756835120,0.06241699867197875,0.43288348478542266,0.4771892396838294,-0.7191585766357594,-0.6652422530005097,0.40186193700323813,-0.6925613821647314,-0.6836167470695284,0.4082618734733575,-0.6999021333510382,10s
2025-09-02 17:45:30,-0.9480256919471133,-1.0848497205217844,-0.628839981659789,-0.95597723979559,-1.0724763255359617,0.8892256518324251,1.614642497746044,2.2387729211426133,-0.8618661932763786,-0.5282590173246237,-0.519196900317013,A,1756835130,0.0650730411686587,0.44261328773007474,0.46942108218971496,-1.0848403764708825,-0.7851954321685998,-0.6079261112746541,-0.6566355953935794,-0.8078375703207477,-0.6098016942483165,-0.6541972426033643,10s
2025-09-02 17:45:40,-1.1615050185175246,-1.1603621559510406,-0.5939935809261806,-1.1523998108553424,-1.1431263025179006,1.742279721083726,2.3150963815340098,3.366766868431564,-3.3116609342061465,-1.39884502508757,-3.170834800986263,A,1756835140,0.06772908366533864,0.45219657863942025,0.4614953721863789,-1.160400329851946,-1.022256696891119,-0.3675669708566382,-0.9480256919471133,-1.0495132803630003,-0.30112479675702164,-0.95597723979559,10s
2025-09-02 17:45:50,58.070909296930445,28.361730424593784,4.057083906464924,48.23180661023074,22.90023022550453,2.286341533642594,-2.200964996169746,-2.073625907850666,7.658715189171197,3.3823724320742214,6.368439591405425,A,1756835150,0.0703851261620186,0.4616304383502127,0.4534145239218666,28.362676451151042,26.690064014606307,183.02638357374153,-1.1615050185175246,22.81124807433876,144.96053633873086,-1.1523998108553424,10s
2025-09-02 17:46:00,6.93024171184227,4.465380414071202,2.659559834938102,6.4222051368080475,4.015805514118012,1.734887298800812,-1.3293249040752093,-1.189545045734134,3.549539553977588,1.5336552115876172,3.5984501585065165,A,1756835160,0.07304116865869854,0.47091199321739646,0.44518099890083995,4.465498077376562,30.489540920623007,-157.48082867235797,58.070909296930445,26.485653116928265,-122.2196969359497,48.23180661023074,10s
2025-09-02 17:46:10,3.450282981172359,2.6796485401198673,0.6414488766620816,3.2802184184931984,2.4822279114090184,1.0576216490586956,-0.7635484225303104,-0.6284877634088191,1.9238877177410407,0.7486509514342516,2.172595984501585,A,1756835170,0.07569721115537849,0.4800384159894464,0.4367973051347807,2.679692154148063,4.842444540276556,-10.44484103620842,6.93024171184227,4.6798502446505585,-8.931058496855766,6.4222051368080475,10s
2025-09-02 17:46:20,2.444790343453861,1.7993895863030291,0.9598807886290692,2.372115252550184,1.706519229750908,1.093562581639931,-0.5949303494178623,-0.44671061968061937,1.870631310329524,0.5786234971125627,2.15639309616062,A,1756835180,0.07835325365205843,0.4890069266695766,0.42826599637802437,1.7994281212927925,2.736302386406277,-2.810972917279953,3.450282981172359,2.7151707931831224,-2.3862114023951118,3.2802184184931984,10s
2025-09-02 17:46:30,1.5262972703797135,1.3130722576797427,0.07909215955983494,1.5058083932181605,1.2721537487765946,0.9272033409343998,-0.48799675275250726,-0.3278699547129345,1.0052146898923777,0.3260437375745527,1.1990137372314196,A,1756835190,0.08100929614873838,0.4978147933625541,0.4195896713498631,1.313085012462754,1.8328955548212575,-2.5425743302914334,2.444790343453861,1.8544128804548519,-2.2637563014603796,2.372115252550184,10s
2025-09-02 17:46:40,1.4984106536894901,1.2555098041535373,1.3615314076111875,1.4718170912369564,1.210205543848472,0.6580900145653571,-0.36364521133769123,-0.18668832443311587,1.0700099855763896,0.17381425731326328,1.5822472701655512,A,1756835200,0.08366533864541832,0.5064593331068601,0.4107709729429498,1.2555248081784092,1.3885232956041063,0.20499705622608183,1.5262972703797135,1.4176824995808168,0.1747674306375333,1.5058083932181605,10s
2025-09-02 17:46:50,1.1789669547170487,1.04189843196717,1.2684548372306281,1.1468491348355094,0.9934321023653209,0.33398375150311954,-0.39825365272545116,-0.2358862257208006,0.7957394874070787,0.23516046577676797,0.9820359281437125,A,1756835210,0.08632138114209828,0.5149379126919474,0.401812587418248,1.0419062596916546,1.2254344648367712,-0.6944730644686488,1.4984106536894901,1.2435530607257548,-0.6777379334922156,1.4718170912369564,10s
2025-09-02 17:47:00,0.3142432862791405,0.3522500240697009,0.14328289775332417,0.30058998739542436,0.3332915757670747,0.4324672639129789,-0.30141260971422157,-0.12314559819826004,0.0630200821036281,-0.12004165483290732,0.3973230010567101,A,1756835220,0.08897742363877822,0.5232479494603404,0.3927172435867701,0.35224393456447955,0.6694090830173673,-2.3766926700029436,1.1789669547170487,0.6753963309546018,-2.205020379980845,1.1468491348355094,10s
2025-09-02 17:47:10,0.4109518782912589,0.2993722085171317,0.11531407611187529,0.40587848621428385,0.29430476830281815,0.6477401836750938,-0.002640161019698749,0.2068387354069249,0.5516476201042938,-0.05490864337782827,1.1109545614653047,A,1756835230,0.09163346613545817,0.5313869120943381,0.38348771197835596,0.2993796575590125,0.3087878669078649,0.5893803355902266,0.3142432862791405,0.3159549730862259,0.5828303301631141,0.30058998739542436,10s
2025-09-02 17:47:20,0.6418692859570966,0.7672729916653394,1.4362677670793214,0.6662453315682535,0.7840598593423216,0.3669261041664631,-0.1745296710933141,-0.028665031067198827,0.0177521358038389,-0.11208936855060116,0.27897146882705176,A,1756835240,0.09428950863213811,0.5393523213870784,0.37412680399774206,0.7672583949557196,0.4626245428528224,1.0034221371798646,0.4109518782912589,0.49333265149477534,1.0371799155103163,0.40587848621428385,10s
2025-09-02 17:47:30,0.11063997280518133,0.06546518774149206,-0.32783127005960566,0.06273196448418802,0.014392707582245578,0.41281640342257525,0.07356170350309191,0.28313750347672545,0.19793631421280372,-0.20486604184417306,0.71010919337795,A,1756835250,0.09694555112881806,0.5471417509977283,0.3646373710681802,0.06546712397379485,0.32161319048125764,-1.3478436856049456,0.6418692859570966,0.3268738964172498,-1.493822155897573,0.6662453315682535,10s
2025-09-02 17:47:40,0.7276760953965613,0.8387750986734787,0.5490600641907382,0.7090694660616605,0.8034664234929235,0.3706170222007882,0.0567397223972021,0.22283275179827414,0.09097969599467436,-0.1469279560730853,0.4198661500528355,A,1756835260,0.099601593625498,0.5547528281905703,0.3550223037628671,0.8387619288167689,0.36190374846684176,2.194620253164557,0.11063997280518133,0.34764768156041376,2.1679993466527088,0.06273196448418802,10s
2025-09-02 17:47:50,0.10632219896349572,-0.0006011446416355812,-0.07702888583218707,0.08474613208804653,-0.018048586694579965,0.06458344141958208,0.304704970598824,0.46339520038852816,0.4118495506490625,-0.0552873236769857,0.7763296935540683,A,1756835270,0.10225763612217796,0.5621832345577612,0.3452845309244471,-0.000593578246914033,0.3598763392382094,-1.625883132175449,0.7276760953965613,0.3583266501681404,-1.5547913372088706,0.7090694660616605,10s
2025-09-02 17:48:00,0.021517303896134876,-0.10692796115721646,0.002751031636863824,0.03680921274364665,-0.08107857381832485,0.27345188969406997,0.29503941872947653,0.47057848247578243,0.45134805281260404,-0.18365994509135664,0.960901725959845,A,1756835280,0.1049136786188579,0.5694307067255417,0.3354270187728588,-0.10691837803742087,0.028299720531158815,0.02940094200765381,0.10632219896349572,0.03221638015515433,0.13390946685376157,0.08474613208804653,10s
2025-09-02 17:48:10,0.6438492595972065,0.7833343009481666,1.377120586886749,0.7186868535847017,0.8601893127201549,0.323966020959853,0.19957321972616834,0.3527874957709085,-0.013314101852879175,-0.12875130171352836,0.2712222613596337,A,1756835290,0.10756972111553785,0.5764930370436818,0.3254527700017953,0.7833183002912519,0.28069536776195303,2.210958198410362,0.021517303896134876,0.3397380264805772,2.272125086308662,0.03680921274364665,10s
2025-09-02 17:48:20,0.23998234722296768,0.11867667880220212,-0.000687757909215956,0.2202389851872162,0.10147964016366419,0.15849284269528358,0.4256274347878485,0.5942722313363848,0.5214689892377676,-0.13140206380763042,0.8841141246917928,A,1756835300,0.1102257636122178,0.5833680742579519,0.3153648228640552,0.11868527192590941,0.3832755540371766,-0.9549234618781277,0.6438492595972065,0.42871894172099656,-1.1860005494056767,0.7186868535847017,10s
2025-09-02 17:48:30,0.19422825756355894,0.1334690245290187,0.510087116001834,0.1465090596337831,0.08249626106019714,0.22876782634890713,0.2785373722087318,0.428808097297442,0.29646066792410963,-0.12042033513206475,0.6544557942937654,A,1756835310,0.11288180610889774,0.5900537241654171,0.3051662502460606,0.13347233824792312,0.1721561665163845,0.14987488960847806,0.23998234722296768,0.15115819949383322,0.05834094334439569,0.2202389851872162,10s
2025-09-02 17:48:40,0.2830408101193352,0.14405052277406483,0.8952315451627694,0.29616850295449837,0.16220293683545917,0.510341969905801,0.3182676745808741,0.5323125394454199,0.5982469765893709,-0.05983148726687494,1.0919337794998238,A,1756835320,0.11553784860557768,0.5965479502523496,0.2948601587318269,0.14406052537630548,0.19237425302291197,0.5650206064174271,0.19422825756355894,0.18799124951996762,0.7128286225508758,0.1465090596337831,10s
2025-09-02 17:48:50,-0.05641732119108535,-0.10553504333205269,-0.30421824850985785,-0.046990182419176386,-0.08703976473645039,0.057594428011132175,0.4089328533513733,0.5490145364137075,0.10118717408188173,-0.202215279750071,0.33955618175413876,A,1756835330,0.11819389110225764,0.6028487743145728,0.2844496876566665,-0.1055326803213264,0.0746837073585994,-0.7562187224021195,0.2830408101193352,0.09412568218685294,-0.7310332538922423,0.29616850295449837,10s
2025-09-02 17:49:00,-0.14909440061069065,-0.2005135119248259,-0.19348922512608896,-0.14058536521086437,-0.18117698967689386,0.21343602735655895,0.4206460335725471,0.6159821290821069,0.03772328858315766,-0.2631828079144182,0.48679112363508276,A,1756835340,0.12084993359893759,0.6089542770600399,0.27393800815091746,-0.20051093896714725,-0.1282252328440295,0.00511480718280836,-0.05641732119108535,-0.11774155401169385,0.00013957873948519203,-0.046990182419176386,10s
2025-09-02 17:49:10,-0.23263497516087286,-0.3258640453010898,-0.2517193947730399,-0.23427582987725362,-0.31527972848041963,0.048511657793234485,0.4000480641622215,0.5483681132754802,0.14068567624542327,-0.17229953611663354,0.4508629799225079,A,1756835350,0.12350597609561753,0.614862598693469,0.26332832217398616,-0.32585741216844627,-0.21096817191534167,0.0333014424492199,-0.14909440061069065,-0.2085929359886356,-0.00013957873948519203,-0.14058536521086437,10s
2025-09-02 17:49:20,-0.3528646998133338,-0.434710522374228,-0.33356258596973865,-0.3651789347993227,-0.43534625205802896,0.22301562506201164,0.4284477768199265,0.6133856428472614,-0.0226339731498946,-0.2514437186405377,0.2345896442409299,A,1756835360,0.12616201859229748,0.6205719394828556,0.2526238615389996,-0.4347050317999517,-0.30664844611963954,-0.07988666470415072,-0.23263497516087286,-0.31754221457557763,-0.10916542307949306,-0.23427582987725362,10s
2025-09-02 17:49:30,0.3015046606909631,0.16551817352214585,0.463319578175149,0.25438435998708625,0.11838882734977353,0.2339516374864575,0.49338544820600994,0.6970255067486448,0.5942527460335072,-0.1950203540660797,1.0334624867911237,A,1756835370,0.12881806108897742,0.6260805603076876,0.24182788692836352,0.1655278881912739,-0.05584336303506522,2.309795407712688,-0.3528646998133338,-0.08049546716676903,2.0895560950620307,-0.3651789347993227,10s
2025-09-02 17:49:40,-0.03933706665712462,-0.06854691259688867,0.1682714351215039,-0.043405962111263886,-0.06701759904388528,0.20341037325771236,0.5101240499025654,0.7053285737000933,0.041717519139021414,-0.2900691091545962,0.3318069742867207,A,1756835380,0.13147410358565736,0.6313867831886983,0.23094368690052744,-0.06854649213986276,0.09137342973794896,-0.760487194583456,0.3015046606909631,0.0755950803381198,-0.5981127172565354,0.25438435998708625,10s
2025-09-02 17:49:50,-0.17440466605836152,-0.27142410845760484,-0.3328748280605227,-0.1859476466643995,-0.27313627520854555,0.3459151754490214,0.49391353706161245,0.7003463321353568,0.20281815155885943,-0.23781122787087003,0.6361394857344135,A,1756835390,0.1341301460823373,0.6364889917989959,0.21997457688825722,-0.27141714041863435,-0.13208963164998627,-0.1256623491315867,-0.03933706665712462,-0.13800789392034388,-0.14326421215968402,-0.043405962111263886,10s
2025-09-02 17:50:00,-0.264266843194437,-0.29139788872236605,0.5332416322787712,-0.2434330262182269,-0.25547879126772494,0.4054014785676774,0.44105505378650806,0.6439424372816566,-0.16553866637079773,-0.40594528069677177,0.3170130327580134,A,1756835400,0.13678618857901725,0.6413856319564114,0.20892389818872273,-0.2913979099574207,-0.23770533119017884,0.013798940241389461,-0.17440466605836152,-0.23504007686418513,0.10593432374843159,-0.1859476466643995,10s
2025-09-02 17:50:10,-0.11507702216735548,-0.08084476112974232,0.1364053186611646,-0.08019895666347202,-0.03202891161186413,0.30221498504798233,0.44017689632188745,0.6254983904884177,-0.2436480639076889,-0.3813310612515384,0.1134202183867559,A,1756835410,0.1394422310756972,0.6460752120969181,0.1977950169457064,-0.08085098050319445,-0.20984805631941217,0.7512879010891963,-0.264266843194437,-0.1837418873914119,0.7525996540229117,-0.2434330262182269,10s
2025-09-02 17:50:20,-0.3635517864491081,-0.6080046009928753,-0.38422741861531406,-0.38960150383180114,-0.6132865073209667,0.36988296466089926,0.7526825609972186,1.0411026159416688,0.8494396982136914,-0.43396762283442203,1.143360338147235,A,1756835420,0.14209827357237717,0.650556303728976,0.18659132312424284,-0.6079846177904407,-0.25646726742199794,-0.47552987930526935,-0.11507702216735548,-0.2546475247047647,-0.6321342925659472,-0.08019895666347202,10s
2025-09-02 17:50:30,-0.319062017306878,-0.3145701294787832,0.2530949105914718,-0.3033551890356917,-0.2847289675266026,-0.018954272334885846,0.4508979614169723,0.5793462051968158,-0.3528236991012981,-0.46123260437375746,-0.10144417048256428,A,1756835430,0.14475431606905712,0.654827541868665,0.1753162294780023,-0.3145737197915596,-0.3522483520299295,0.4282823079187518,-0.3635517864491081,-0.36289955780474864,0.5270404110148413,-0.38960150383180114,10s
2025-09-02 17:50:40,-0.26825064557875467,-0.24533293382231489,0.6169188445667125,-0.2502264211570362,-0.21407014026860097,-0.2973162359944549,0.380687804590309,0.44059925320423166,-0.36347498058360145,-0.3801950203540661,-0.05706234589644241,A,1756835440,0.14741035856573706,0.6588876254554711,0.16397317050973395,-0.24533839134231938,-0.307499733972546,0.4477848101265823,-0.319062017306878,-0.2952893642527451,0.43001239874973085,-0.3033551890356917,10s
2025-09-02 17:50:50,-0.5317541254420649,-0.5047572034813567,-0.17835855112333793,-0.5314579697966594,-0.49279701295983813,-0.5211013920496065,0.40934282577462994,0.41229733416949127,-0.758460002219017,-0.48546814351983336,-0.6481155336386052,A,1756835450,0.150066401062417,0.6627353177486028,0.15256560142508216,-0.5047647518219776,-0.4073692405056202,-0.5218943185163379,-0.26825064557875467,-0.40594094458570196,-0.5495987111239801,-0.2502264211570362,10s
2025-09-02 17:51:00,-0.5780330273916233,-0.6010495201690199,-0.3264557542411738,-0.5812984993611553,-0.5908772614322404,-0.3887413543191116,0.37704582113377,0.39460699248506936,-0.6159991123932098,-0.36769857048187066,-0.5762592462134555,A,1756835460,0.15272244355909695,0.6663694467037142,0.14109699708009787,-0.601051243334605,-0.5528274517930251,0.14825581395348839,-0.5317541254420649,-0.5665424442043805,0.12833225679518304,-0.5314579697966594,10s
2025-09-02 17:51:10,-0.6782721748102029,-0.8081881521862396,-0.5683172856487849,-0.696084776541197,-0.8087575990655231,-0.41533769845246693,0.5796143501067115,0.6611216009005337,-0.1970487074226118,-0.39799299441446556,0.10144417048256428,A,1756835470,0.1553784860557769,0.6697889053299213,0.129570850922763,-0.8081781483648698,-0.621624951695015,-0.01821460111863409,-0.5780330273916233,-0.6464021296965113,-0.061946232487694056,-0.5812984993611553,10s
2025-09-02 17:51:20,-0.6693026556694637,-0.7189742932107251,-0.3344795965153599,-0.6829074959974011,-0.7205678789913121,-0.2075442626121391,0.5106405817369973,0.6065055030401445,-0.6590480417175192,-0.34535643283158196,-0.5980979218034519,A,1756835480,0.15803452855245684,0.6729926520270012,0.11799067392885373,-0.7189734321529616,-0.6644805743952776,0.31870032381513097,-0.6782721748102029,-0.6956921734931655,0.31296226176953174,-0.696084776541197,10s
2025-09-02 17:51:30,-0.8014122221625845,-0.9117038733996918,-0.25103163686382396,-0.8034187947552396,-0.892845771776192,0.19252646622483216,1.0124025685699196,1.3207614099076934,-0.5969155664040829,-0.48622550411814824,-0.2831983092638253,A,1756835490,0.16069057104913678,0.6759797109026745,0.10635999353246206,-0.9116965884329922,-0.7223009414571584,-0.11653664998528113,-0.6693026556694637,-0.7477593981856866,-0.07871943930923372,-0.6829074959974011,10s
2025-09-02 17:51:40,-0.9820907805986439,-1.1109589106635291,-0.5589179275561669,-0.9840894473803313,-1.0912602256854702,1.461844793519179,2.0650737313882304,2.9707494781914647,-1.081105070453789,-0.5653696866420524,-0.8474815075730892,A,1756835500,0.16334661354581673,0.6787491720698716,0.09468235255150573,-1.110951106671234,-0.8691704983954344,-0.26637474241978215,-0.8014122221625845,-0.893861338622827,-0.2549747199144709,-0.8034187947552396,10s
2025-09-02 17:51:50,49.674270481097814,42.829764515634494,4.7737276478679505,40.92642566772068,34.44021813287898,1.5982410950548187,-2.5538993429543604,-2.5043218887390175,2.16309774769777,1.400738426583357,1.558295174357168,A,1756835510,0.16600265604249667,0.6813001919238925,0.08296130810855112,42.83005624987406,22.831669028243716,156.5687739181631,-0.9820907805986439,19.349088885031694,123.06406515654349,-0.9840894473803313,10s
2025-09-02 17:52:00,14.10826638994746,8.995156186665543,2.830811554332875,12.846887602358327,7.964595832640988,2.042207017277571,-1.9360982937602258,-1.899892951509503,4.188172639520692,2.132348764555524,3.5611130679816836,A,1756835520,0.16865869853917662,0.6836319933993774,0.07120043054728001,8.99537718421273,29.917341069598383,-109.43210921401236,49.674270481097814,26.058430450254388,-81.99326458337974,40.92642566772068,10s
2025-09-02 17:52:10,3.895991746133982,3.4839865142217605,1.3340210912425492,3.719421233565777,3.248025466666476,0.8626519618193552,-1.217399409584666,-1.2130736259470412,1.3429490735604128,0.8062103569061819,1.2518492426910883,A,1756835530,0.17131474103585656,0.6857438662070081,0.05940330234492787,3.484006829458983,8.42216596752785,-31.214417132764204,14.10826638994746,8.009488537490713,-26.467357135963056,12.846887602358327,10s
2025-09-02 17:52:20,2.4013979091001256,2.229935321483151,0.8404401650618982,2.201157269322835,1.9868961770270135,0.3850756409926498,-0.851547011713924,-0.8669449628762236,0.9781426827915234,0.4563097604847108,1.1285663966185278,A,1756835540,0.17397078353253653,0.6876351670498696,0.047573517021026086,2.229942684632924,2.925209881659787,-4.319877833382396,3.895991746133982,2.8452950926800535,-4.173864623471501,3.719421233565777,10s
2025-09-02 17:52:30,1.64459473160026,1.6518894216949593,0.6134800550206327,1.6084999541329272,1.583612544110916,0.5569971790869723,-0.7695073783224583,-0.7504367701512942,0.5773882170198602,0.3389188677459055,0.6382529059528003,A,1756835550,0.17662682602921648,0.6893053198194034,0.03571467804278241,1.6518844681765685,1.8680671845334438,-2.043751839858699,2.4013979091001256,1.8212971617978313,-1.4620160218574367,2.201157269322835,10s
2025-09-02 17:52:40,2.2122269336052813,2.16562253596928,1.535992663915635,2.2752865678404413,2.1916533532052025,0.38543283652839777,-0.6356262206770427,-0.6045852560321259,0.7557971818484411,0.2900691091545962,0.9425854174004932,A,1756835560,0.17928286852589642,0.6907538157708968,0.023830397727428662,2.165620748008343,1.7792420177762345,2.042206358551663,1.64459473160026,1.857256933978523,2.2279112932564167,1.6084999541329272,10s
2025-09-02 17:52:50,0.6098795913620668,0.5120296921706754,-0.0004585052728106373,0.5927242152295913,0.48933021045108344,0.09362053763990794,-0.3523818711340846,-0.2725668056614039,0.5733939864639964,0.03711066931742876,1.0017611835153224,A,1756835570,0.18193891102257637,0.691980213678451,0.011924296141874634,0.5120355999628736,1.2933918780418139,-4.6523035030909625,2.2122269336052813,1.3645089262665355,-4.65522714954971,2.2752865678404413,10s
2025-09-02 17:53:00,0.8659641338509891,0.8289226436978026,0.3470884915176525,0.8221812149756752,0.7694705719936709,-0.22580391160044072,-0.39482173654265373,-0.392689719497367,0.4890713413957617,0.18896146927956073,0.6276858048608664,A,1756835580,0.1845949535192563,0.6929841399693832,0.0,0.8289229034671161,0.6612546414790006,1.081064174271416,0.6098795913620668,0.6596143907928192,0.9466200414281578,0.5927242152295913,10s
2025-09-02 17:53:10,0.49413462627997545,0.5803377201565649,0.8120128381476387,0.49262351039712776,0.5705338418823895,-0.22620983151428,-0.4275662858389875,-0.4347890570242544,0.0355042716076778,0.11019596705481398,-0.043677351179992954,A,1756835590,0.18725099601593626,0.6937652888380199,-0.011938858442077037,0.5803269418977688,0.6069066327645013,-0.8560862525758022,0.8659641338509891,0.6110560122180224,-0.6911850086494272,0.8221812149756752,10s
2025-09-02 17:53:20,0.846689209740039,0.9174521771036565,2.070380559376433,0.8669312597024064,0.9260671670859871,-0.09402967796950062,-0.35805614164922345,-0.3249299156431244,0.23122156884500167,0.041654832907317994,0.40225431489961255,A,1756835600,0.1899070385126162,0.6943234223388485,-0.023888642492420856,0.9174427994148864,0.5978560987493909,1.378679717397704,0.49413462627997545,0.6327640473084505,1.3710047441922624,0.49262351039712776,10s
2025-09-02 17:53:30,0.6955671252810429,0.8008001661835644,0.6421366345712975,0.7310836336655191,0.8298897306339659,-0.1751413426354832,-0.2515115498419652,-0.24339061847328064,0.08964828580938644,-0.03597462841995645,0.2641775272983445,A,1756835610,0.19256308100929614,0.6946583704589975,-0.0358457121310491,0.8007875649112168,0.6924386596696779,-0.1751913453046806,0.846689209740039,0.7484399255156937,-0.12365191438180725,0.8669312597024064,10s
2025-09-02 17:53:40,0.2992145706975829,0.3457895778706789,0.2741861531407611,0.2865571972532466,0.32790383463558515,-0.1410937607244108,-0.3191715768155157,-0.30681152791430827,0.03017863086652613,0.015147211966297454,0.05142655864741106,A,1756835620,0.1952191235059761,0.6947700311700252,-0.047806425118719575,0.34578264026519157,0.4353721304038577,-0.9317412422725935,0.6955671252810429,0.46690321219717396,-1.028021174391756,0.7310836336655191,10s
2025-09-02 17:53:50,0.001693712390937446,0.07006249011948928,-0.3603851444291609,0.0006487276575407241,0.07059356972378435,-0.2660442772196411,-0.08768198709833605,-0.08036468340738474,-0.24852990125374458,-0.15563760295370632,-0.12962310672772104,A,1756835630,0.19787516600265603,0.6946583704589975,-0.05976713810639005,0.07005289477314278,0.10956410701584403,-0.626839858698852,0.2992145706975829,0.11257269325083087,-0.5633011856768455,0.2865571972532466,10s
2025-09-02 17:54:00,0.28666678594218714,0.3699368026148707,1.520174232003668,0.314219350025569,0.3994069999881451,-0.13531784630107788,-0.02164623059564274,-0.025347160960820604,-0.07855320093198713,-0.0874751491053678,-0.0302923564635435,A,1756835640,0.20053120849933598,0.6943234223388485,-0.07172420774501845,0.36992616342999074,0.10367229898125487,1.1701869296438034,0.001693712390937446,0.12599147275653397,1.1930567001507153,0.0006487276575407241,10s
2025-09-02 17:54:10,0.027552645232855635,-0.04640591423979931,-0.2198532783127006,-0.0006487276575407241,-0.07179371214159846,-0.38065132923133344,0.12335076425481979,0.1335047520763243,0.24852990125374458,-0.04506295559973492,0.3508277562522015,A,1756835650,0.20318725099601595,0.6937652888380199,-0.08367399179536195,-0.046401235719516494,0.11581435204113065,-0.5083529584927877,0.28666678594218714,0.12536208331837714,-0.6481472407213548,0.314219350025569,10s
2025-09-02 17:54:20,-0.12356943922614043,-0.09570928398683447,-0.026822558459422285,-0.11394293122523876,-0.07810395011463955,-0.3554518032629309,0.10999941038909578,0.1076717218839529,-0.22989015865971374,-0.14238379248319608,-0.13948573441352588,A,1756835660,0.2058432934926959,0.6929841399693832,-0.09561285023743915,-0.0957148401141,-0.07681192699086546,-0.1751913453046806,0.027552645232855635,-0.08233741469437487,-0.05757474515743442,-0.0006487276575407241,10s
2025-09-02 17:54:30,0.13683287710446745,0.31863001297431687,1.4287024300779458,0.1555040740603712,0.3381953398675622,-0.2807479970488674,0.07893574034548949,0.05729144641580297,-0.4517918562077,-0.1844173056896715,-0.46283902782669956,A,1756835670,0.20849933598937584,0.6919802136784511,-0.10753714637931379,0.31860827350073606,-0.025499431541335067,1.094384751251104,-0.12356943922614043,-0.006588428970205786,1.0637830293041108,-0.11394293122523876,10s
2025-09-02 17:54:40,0.3948496830253043,0.5421680198586554,2.306281522237506,0.4610325007488243,0.6156244232333778,-0.2019590867366889,0.25830424136488106,0.32242598803973266,-0.17352712748252525,-0.25485184133295463,0.07749207467418105,A,1756835680,0.21115537848605578,0.6907538157708968,-0.11944324796486781,0.5421508981305381,0.21792408976606387,1.0870253164556962,0.13683287710446745,0.2723294342329832,1.1694946210214492,0.1555040740603712,10s
2025-09-02 17:54:50,-0.09093565682047244,-0.002924922337625064,0.1643741403026135,-0.08527322330979838,0.00702290249492912,-0.5828465497073372,0.12028732054495972,0.0812120137920961,-0.39587262842560744,-0.15790968474865094,-0.4804508629799225,A,1756835690,0.21381142098273573,0.6893053198194034,-0.13132752828022157,-0.0029369920288036806,0.1109754526667152,-1.2076464527524287,0.3948496830253043,0.15552950582603184,-1.3262148176195885,0.4610325007488243,10s
2025-09-02 17:55:00,0.07030099177595286,0.08918414275835515,0.18202659330582302,0.08055981142297905,0.10400350566968361,-0.5867718764932256,0.21505292978672708,0.20039150631759947,-0.03861089537334961,-0.13102338350847298,0.07678760126805213,A,1756835700,0.21646746347941567,0.6876351670498697,-0.14318636725846523,0.0891798282659328,-0.04141627415949326,0.7884530468060053,-0.09093565682047244,-0.029035996650468084,0.7602141197258911,-0.08527322330979838,10s
2025-09-02 17:55:10,-0.0014551613499603408,0.09459014105233574,0.9241173773498396,0.023035913664485153,0.12660488438891007,-0.482619087084536,0.2646048870097829,0.2583198407040575,-0.3355153666925552,-0.2722711350941967,-0.15357520253610427,A,1756835710,0.21912350597609562,0.6857438662070082,-0.15501615258236687,0.09457751160726788,0.0005992618438222825,0.069657050338534,0.07030099177595286,0.023504253541667793,0.10582147285267761,0.08055981142297905,10s
2025-09-02 17:55:20,-0.04773406329951872,0.0006011446416352668,-0.0050435580009170105,-0.04152262463046597,0.011824730183059403,-0.6630272402215813,0.19174913699138182,0.11402908006027969,-0.22855874847442584,-0.12307109722616681,-0.33039802747446284,A,1756835720,0.22177954847277556,0.6836319933993775,-0.166813280784719,0.0005935782469137186,-0.05482405784276937,0.14825581395348839,-0.0014551613499603408,-0.035717358904901714,0.08521133557550245,0.023035913664485153,10s
2025-09-02 17:55:30,-0.28444826126110007,-0.2887759980938662,-0.323016964695094,-0.2817302580263576,-0.27574453686296646,-1.0638117578904356,0.31517789655957906,0.22857877745830166,-0.2778209253300788,-0.19842847675849665,-0.389573793589292,A,1756835730,0.2244355909694555,0.6813001919238926,-0.17857415834599027,-0.2887785049483196,-0.18770337098788595,-0.43924786576390934,-0.04773406329951872,-0.18355798766495043,-0.42940656762515683,-0.04152262463046597,10s
2025-09-02 17:55:40,-0.14181859386088896,-0.062220893347194835,1.4325997248968363,-0.11244072124324601,-0.02035158609073157,-0.15898613446898763,0.2445424471873639,0.2822891047934805,-0.42116942194607787,-0.28628230616302186,-0.2733356815780204,A,1756835740,0.22709163346613545,0.6787491720698716,-0.19029520278894485,-0.062232226574061966,-0.23188073009134544,0.7310494554018251,-0.28444826126110007,-0.21796002098620407,0.7703410027396039,-0.2817302580263576,10s
2025-09-02 17:55:50,-0.30875661233666707,-0.2723517469871709,0.19967904630903255,-0.3544039738623572,-0.3237456946612861,-0.613927236077624,0.2833279760709717,0.2528262813983313,-0.46244313769000334,-0.2510650383413803,-0.3473053892215569,A,1756835750,0.2297476759628154,0.6759797109026745,-0.20197284376990135,-0.2723589100956873,-0.24329470801386704,-0.22398439799823375,-0.14181859386088896,-0.2532136968909637,-0.4345501926632069,-0.11244072124324601,10s
2025-09-02 17:56:00,-0.09964276981613679,0.03345455854046717,0.6879871618523613,-0.070721451041588,0.07285405015604243,-0.19770159294112682,0.27623497070538894,0.33070319223576833,-0.5427715522023744,-0.404430559500142,-0.33039802747446284,A,1756835760,0.23240371845949534,0.6729926520270012,-0.2136035241662929,0.033437234652459236,-0.22349106427783347,0.9361569031498381,-0.30875661233666707,-0.23297587619123014,1.1054903445664521,-0.3544039738623572,10s
2025-09-02 17:56:10,-0.39768844041293183,-0.35761651779108794,-0.3328748280605227,-0.3918923233724918,-0.34051655799512826,-0.1284269708132587,0.24849518155441175,0.28711598611698846,-0.5960279596138911,-0.3900407081321594,-0.40295878830574144,A,1756835770,0.2350597609561753,0.6697889053299214,-0.22518370116020217,-0.3576246238373496,-0.26524897369408523,-0.6284589343538416,-0.09964276981613679,-0.25116129726997416,-0.6666132109792042,-0.070721451041588,10s
2025-09-02 17:56:20,-0.3325878613302799,-0.20013999929062998,-0.20701513067400276,-0.30546760847055865,-0.15751779768688798,-0.3631740441942777,0.25100271300384724,0.25127635726425607,-0.8303561522245645,-0.39382751112373376,-0.7256076083127861,A,1756835780,0.23771580345285526,0.6663694467037145,-0.2367098473175369,-0.2001591062311409,-0.3746282616366009,0.4918678245510745,-0.39768844041293183,-0.3650355482104934,0.5275630888478072,-0.3918923233724918,10s
2025-09-02 17:56:30,-0.4493585958885728,-0.40297323554112136,-0.2773956900504356,-0.4402711884335913,-0.38082416125495205,-0.5715724777337724,0.33834639861059296,0.34720658276879524,-0.6989903472761566,-0.4407838682192559,-0.5079253258189503,A,1756835790,0.2403718459495352,0.6627353177486028,-0.24817845166252148,-0.40298249808440534,-0.3988899654444339,-0.06921548425080953,-0.3325878613302799,-0.3885039068857663,-0.12059306115479133,-0.30546760847055865,10s
2025-09-02 17:56:40,-0.27896158731862664,-0.25640497266534845,-0.20701513067400276,-0.26037089990182927,-0.22418111208741143,-0.037071215550124756,0.27303358719370047,0.31406493371043215,-0.3745700654610008,-0.3408122692416927,-0.06903839380063402,A,1756835800,0.24302788844621515,0.6588876254554711,-0.25958602074717313,-0.25641043072213054,-0.3737097668479387,0.816713276420371,-0.4493585958885728,-0.36662770680483076,0.8014284547594123,-0.4402711884335913,10s
2025-09-02 17:56:50,-0.3514811037756666,-0.24977307345893052,0.16850068775790922,-0.3370971363235286,-0.2238615030757744,-0.37013322733088505,0.3045195702523926,0.29678188698438895,-0.7544657716631532,-0.39117674902963173,-0.6255723846424798,A,1756835810,0.2456839309428951,0.6548275418686651,-0.2709290797154415,-0.24978842559071848,-0.32775142394695134,0.06730203120400353,-0.27896158731862664,-0.31657846199839995,0.04956233155890149,-0.26037089990182927,10s
2025-09-02 17:57:00,-0.4950172651315907,-0.34578279018234603,-0.19784502521779002,-0.4788400749483172,-0.31598387070858364,-0.2985909122737495,0.3405247506066117,0.3820605804467688,-1.1547764340397204,-0.6096752816434725,-0.9841493483620993,A,1756835820,0.24833997343957503,0.6505563037289761,-0.282204173361682,-0.3458064511370942,-0.42920029347028615,-0.15178834265528407,-0.3514811037756666,-0.4225568257530423,-0.14092404095299613,-0.3370971363235286,10s
2025-09-02 17:57:10,-0.6105475342768028,-0.5943982859966854,-0.39041723979825765,-0.6145924191105031,-0.5873058423437092,-0.23798699747091515,0.40149652485863346,0.46008757334529976,-0.8618661932763786,-0.5343179021111427,-0.6509334272631209,A,1756835830,0.250996015936255,0.6460752120969181,-0.2934078671831457,-0.5944052368548619,-0.5508448471882298,-0.06538857815719752,-0.4950172651315907,-0.5571684752598322,-0.12337275690283686,-0.4788400749483172,10s
2025-09-02 17:57:20,-0.7028667871349423,-0.6953645496171691,-0.3328748280605227,-0.7043682178184201,-0.6836908059489157,-0.14110348633416456,0.39590224237845795,0.4337199816373466,-1.0291800732275602,-0.5259869355296791,-0.9721733004579077,A,1756835840,0.2536520584329349,0.6413856319564115,-0.3045367484261619,-0.6953715215059405,-0.6484405190615672,0.006218722402119517,-0.6105475342768028,-0.6665711109264465,0.011329635981617183,-0.6145924191105031,10s
2025-09-02 17:57:30,-0.7625999677956095,-0.8877143068110566,-0.46882164144887667,-0.772212967153601,-0.877926253412748,-0.1588005134721517,0.7591136504526684,0.9348400545028509,-0.3980916454010873,-0.4710782921518508,0.08383233532934131,A,1756835850,0.25630810092961487,0.636488991798996,-0.31558742712569626,-0.887705086372686,-0.7198366871461135,0.10674860170738887,-0.7028667871349423,-0.7430320934525305,0.07558337231143877,-0.7043682178184201,10s
2025-09-02 17:57:40,-0.8023902814305905,-0.8587885056657001,-0.024300779458963778,-0.7942818711535645,-0.8289697957477073,0.8128556090531426,1.5101614658616367,2.0883718069823782,-0.9506268722955731,-0.49342042980213957,-0.8904543853469532,A,1756835860,0.2589641434262948,0.6313867831886983,-0.3265565371379667,-0.8587881117346016,-0.7665679098082923,0.16827347659699735,-0.7625999677956095,-0.7866487815167991,0.20969775263380627,-0.772212967153601,10s
2025-09-02 17:57:50,-1.1631033104920712,-1.1754256258611715,-0.6350298028427327,-1.1548467304886287,-1.1595132424942687,0.8885141247849039,2.2675801132197506,3.154401368851556,-3.2619549539553976,-1.4204298021395436,-3.18562874251497,A,1756835870,0.26162018592297476,0.6260805603076876,-0.3374407371658027,-1.1754594809546532,-0.954624117208896,-0.8217912864292022,-0.8023902814305905,-0.972262610776229,-0.7820299797313852,-0.7942818711535645,10s
2025-09-02 17:58:00,58.50263897089081,30.570034948772523,9.314993122420908,49.60511440667014,25.234043411426196,1.9345798725899561,-2.492765640865436,-2.46258069896264,6.850993010096527,3.43425163305879,5.08770693906305,A,1756835880,0.2642762284196547,0.6205719394828557,-0.3482367117764386,30.570976632748366,26.892032057708356,184.36322490432735,-1.1631033104920712,23.476246203380313,148.99123178237596,-1.1548467304886287,10s
2025-09-02 17:58:10,6.162918433435314,4.253192991500755,1.6675836772122878,5.526851496609638,3.6856842888992176,1.2462734904892188,-1.4688408678958047,-1.444815258132761,3.0098746255408853,1.477989207611474,2.822824938358577,A,1756835890,0.26693227091633465,0.614862598693469,-0.35894117241142537,4.2532888193351415,30.331963058587647,-161.1799749779217,58.50263897089081,26.717506418051283,-128.86643651023454,49.60511440667014,10s
2025-09-02 17:58:20,3.2908116102791642,3.094047414454375,1.3342503438789546,3.1570148999565655,2.900910235019563,0.6270624438127943,-1.0875252395068744,-1.0966603061313436,1.0531454565627427,0.6577676796364669,0.9249735822472702,A,1756835900,0.2695883134130146,0.6089542770600399,-0.3695508583883568,3.094054302846856,4.407268430101986,-8.56958345599058,6.162918433435314,4.185752983330523,-6.6688078639255775,5.526851496609638,10s
2025-09-02 17:58:30,2.7926931816148715,2.4970154942930756,1.7205410362219165,2.787613153561439,2.4462196105392446,0.45020470589573125,-0.9385407609090042,-0.920669517845529,1.1920559192277822,0.6206570103190382,1.0073969707643537,A,1756835910,0.27224435590969454,0.602848774314573,-0.38006253789410555,2.497030792798087,2.8247803173287482,-1.2456947306446864,3.2908116102791642,2.8569614159688883,-0.807920351025681,3.1570148999565655,10s
2025-09-02 17:58:40,1.7686174178042569,1.5357710820715167,2.116460339293902,1.7269515425780742,1.4691583968969153,0.2961133805395708,-0.6733257030093288,-0.6399447268781168,1.0598025074891824,0.39231278992710406,1.1010919337794998,A,1756835920,0.2749003984063745,0.5965479502523499,-0.3904730089692659,1.535784637393431,2.1100345555661346,-2.868302914336179,2.7926931816148715,2.1632444435484386,-2.8331781633516715,2.787613153561439,10s
2025-09-02 17:58:50,1.430924564197067,1.6207909382600727,0.7847317744154058,1.4360539518410942,1.596452299567139,-0.11205787556344099,-0.7066169381492828,-0.7712598265426481,0.19749251081770774,0.1908548707753479,0.02676998943289891,A,1756835930,0.2775564409030544,0.5900537241654171,-0.4007791004834998,1.6207700466680481,1.4706165676297793,-0.7507727406535178,1.7686174178042569,1.5076094658204657,-0.5779183464374011,1.7269515425780742,10s
2025-09-02 17:59:00,0.9863846993362317,1.0400641277672245,0.6662081613938561,1.005347441808369,1.0445538716775198,-0.07666884423369692,-0.44140088925008614,-0.4190018361322724,0.3186508376789082,0.024235539146075926,0.5213103205353998,A,1756835940,0.28021248339973437,0.5833680742579521,-0.4109776731014942,1.0400561910850377,1.103319462568537,-1.0804018251398293,1.430924564197067,1.1575627287375776,-0.9875314608993919,1.4360539518410942,10s
2025-09-02 17:59:10,1.0695197371167529,1.4508429378921586,2.4046309032553874,0.9647046540634425,1.2902524967735658,0.19979129006858717,-0.5036990085752983,-0.5280982592542911,-0.27205148119383116,-0.03408122692416927,-0.26276858048608664,A,1756835950,0.28286852589641437,0.5764930370436819,-0.4210656202392343,1.450802378924086,0.9336219497852178,0.5475051516043568,0.9863846993362317,0.9289134132231771,0.15527986279706885,1.005347441808369,10s
2025-09-02 17:59:20,0.19382272079389787,0.26436213940986897,-0.08276020174232003,0.2090707331078667,0.2812144721962087,0.023718860176708927,-0.3351595980305177,-0.3154348700011338,-0.10562520803284145,-0.08179494461800625,0.03381472349418809,A,1756835960,0.2855245683930943,0.5694307067255419,-0.4310398690102978,0.2643526896680124,0.5614747441936008,-2.410546070061819,1.0695197371167529,0.542643347132369,-1.939505980355035,0.9647046540634425,10s
2025-09-02 17:59:30,0.6088061116776698,0.7800053862464897,1.6705639614855572,0.6220183235154146,0.7829939713721656,-0.526195800720538,-0.20758809618223148,-0.2382111398712637,-0.10296238766226562,-0.10830256555902679,-0.0683339203945051,A,1756835970,0.28818061088977426,0.5621832345577612,-0.44089738116188626,0.7799861260511408,0.34514681915173645,1.5712761259935237,0.19382272079389787,0.37640782862118966,1.4842120111959967,0.2090707331078667,10s
2025-09-02 17:59:40,0.43287471895705487,0.6004060511342579,0.2026593305823017,0.4358172676097883,0.5944429354048822,-0.21580565948485522,-0.33516809051559443,-0.3471766852854009,-0.19793631421280372,-0.08520306731042318,-0.14441704825642832,A,1756835980,0.2908366533864542,0.5547528281905703,-0.4506351540003061,0.6003868698480191,0.4573936030198317,-0.2517294671769208,0.6088061116776698,0.4864015003070732,-0.2711777327364115,0.6220183235154146,10s
2025-09-02 17:59:50,0.04539626309794309,0.08556861340852438,-0.062356717102246675,0.017047346475812342,0.053051118902539045,-0.3412803754826777,-0.1185976193294434,-0.11650868577052735,-0.12470875402196827,-0.10905992615734167,-0.0014089468122578373,A,1756835990,0.29349269588313415,0.5471417509977284,-0.46025022130561916,0.08556208942420479,0.19284470157320235,-0.9043641448336768,0.43287471895705487,0.19293294003049588,-0.9525595622573149,0.4358172676097883,10s
2025-09-02 18:00:00,0.4923216383685494,0.5283325900042991,1.5440165061898212,0.5384013830062749,0.5754700187947007,-0.47949832531011494,0.04235122923952234,0.009601250703338789,0.1628758460002219,0.0749786992331724,0.1317365269461078,A,1756836000,0.2961487383798141,0.5393523213870786,-0.46973965423518116,0.5283266755609701,0.2207579822237655,1.669818957904033,0.04539626309794309,0.24269600932676474,1.801821948014344,0.017047346475812342,10s
2025-09-02 18:00:10,0.10865999916507135,0.1563862411860835,0.016047684548372305,0.1256382745263401,0.17773713732971458,-0.27573129250084033,0.11479216111802375,0.12181799168933721,-0.09985576389659381,-0.0719492568399129,0.0063402606551602675,A,1756836010,0.29880478087649404,0.5313869120943382,-0.479100562215795,0.1563790269043995,0.2504634478278158,-0.8925890491610244,0.4923216383685494,0.29537295503750033,-0.9349607620405224,0.5384013830062749,10s
2025-09-02 18:00:20,0.4422497748674551,0.6209952063788997,1.026593305823017,0.49780116801387464,0.6799555064066191,-0.3902428634950053,0.1101114666238415,0.10477726778915829,-0.21835127038721847,-0.10224368077250781,-0.10285311729482212,A,1756836020,0.301460823373174,0.5232479494603404,-0.4883300938242092,0.6209748521908405,0.22695222146925562,1.3201722107742127,0.10865999916507135,0.275677982728177,1.364720731155014,0.1256382745263401,10s
2025-09-02 18:00:30,0.20190960108302172,0.5372691105630324,0.3340210912425493,0.2203342670619175,0.5514031697200339,-0.13026201945354648,-0.01676497182749349,-0.019899487037121417,-0.757572395428825,-0.2540944807346398,-0.6290947516731243,A,1756836030,0.3041168658698539,0.5149379126919476,-0.4974254376556869,0.53722925706965,0.27073754011413975,-0.45043420665292905,0.4422497748674551,0.32161456092465174,-0.5385690209442353,0.49780116801387464,10s
2025-09-02 18:00:40,-0.21180946928357158,-0.122334419999206,-0.2271893626776708,-0.2017948469737615,-0.10455941575877369,-0.4043885052626352,0.14129360722945244,0.134408951353438,-0.5312326639298791,-0.2896904288554388,-0.3480098626276858,A,1756836040,0.30677290836653387,0.5064593331068604,-0.5063838231803888,-0.12234725180290008,-0.03637575397781051,-0.9853179275831616,0.20190960108302172,-0.01775615781350109,-0.9624013482712283,0.2203342670619175,10s
2025-09-02 18:00:50,0.3891483131459515,0.6512572494173933,4.712746446584136,0.4314930923174934,0.6942847299346078,-0.5455342321594252,0.10473987489335408,0.07338531986869172,-0.4438033950959725,-0.1772223800056802,-0.4508629799225079,A,1756836050,0.3094289508632138,0.49781479336255413,-0.5152025215873021,0.6512274869344447,0.05154211914669594,2.145017662643509,-0.21180946928357158,0.08467598982552636,2.1297666510754243,-0.2017948469737615,10s
2025-09-02 18:01:00,-0.03614048270803142,0.1722052355679541,0.7269601100412655,-0.016698655359884202,0.1958626656468535,-0.20912606924304722,0.10161689517868008,0.11194475456457852,-0.6870076556085654,-0.3067310423175234,-0.5840084536808735,A,1756836060,0.31208499335989376,0.4890069266695768,-0.5238788466154634,0.17217924237974103,0.13402743163094433,-1.021011186340889,0.3891483131459515,0.17446527712557844,-1.038759828050872,0.4314930923174934,10s
2025-09-02 18:01:10,-0.2320385975584301,-0.21412002200837246,0.3255387436955525,-0.23732890441555465,-0.21299719522007154,-0.3839127686953102,0.17917204258969557,0.20145697208838173,-0.30444912903583715,-0.23288838398182335,-0.07115181401902078,A,1756836070,0.3147410358565737,0.4800384159894465,-0.5324101553722197,-0.2141248012023421,-0.15765066954909746,-0.31332793641448337,-0.03614048270803142,-0.14997711087629204,-0.37204861497798664,-0.016698655359884202,10s
2025-09-02 18:01:20,-0.21717686770555644,-0.11923548943773905,-0.2407152682255846,-0.20851120550323782,-0.10343779466959142,-0.12214517662494853,0.08654103620386165,0.09506404817733011,-0.565405525352269,-0.24879295654643568,-0.47411060232476226,A,1756836080,0.31739707835325365,0.4709119932173964,-0.5407938491382792,-0.11924935656202154,-0.2426562421241872,0.33687812775978804,-0.2320385975584301,-0.24302447193980284,0.35878566496647885,-0.23732890441555465,10s
2025-09-02 18:01:30,0.09904639221369402,0.15987014558879162,0.4023383768913342,0.13074700482947332,0.1991635689884247,-0.5074721246814207,0.24993870106213534,0.240268620726114,-0.1464551203816709,-0.20183659945091356,-0.055653399084184575,A,1756836090,0.3200531208499336,0.4616304383502128,-0.5490273741593056,0.15986155852625478,-0.08719539856513192,1.2665955254636443,-0.21717686770555644,-0.06447258886069203,1.268316368576965,-0.20851120550323782,10s
2025-09-02 18:01:40,-0.0454201182020408,0.02470046273395492,0.19142595139844107,-0.03534349369239058,0.0400197028910385,-0.7448581464051265,0.28904903551181577,0.24788418685749694,-0.29601686452901366,-0.12799394111521348,-0.37900669249735824,A,1756836100,0.32270916334661354,0.4521965786394201,-0.5571082224238182,0.02469054393944936,-0.006547075658207927,-0.1546585222254931,0.09904639221369402,0.019530249292305665,-0.212257686111173,0.13074700482947332,10s
2025-09-02 18:01:50,-0.28416200001192754,-0.26487497286721606,-0.33241632278771205,-0.2868531792469995,-0.2597342291890284,-0.7295405950593794,0.31586597626801843,0.29389645931842556,-0.3683568179296572,-0.1988071570576541,-0.3508277562522015,A,1756836110,0.3253652058432935,0.44261328773007474,-0.565033932427154,-0.26488008467991253,-0.18648244498832278,-0.4455033853400059,-0.0454201182020408,-0.18304562532545088,-0.4625193962477077,-0.03534349369239058,10s
2025-09-02 18:02:00,0.04198498321197049,0.2503846815314073,0.8191196698762035,0.07129111501586595,0.2856404575069949,-0.3275460997181057,0.27406846631053783,0.29187709060064065,-0.6075668478863864,-0.3321026223610717,-0.3592814371257485,A,1756836120,0.3280212483399734,0.4328834847854228,-0.5728020899212685,0.25035926263299346,-0.1454414095534659,1.2972107742125405,-0.28416200001192754,-0.13131768087693618,1.3236489446213926,-0.2868531792469995,10s
2025-09-02 18:02:10,-0.12803034369241229,-0.05084781344949495,0.517193947730399,-0.13966498284672846,-0.06215839126584363,-0.43943949770893864,0.21922625682198515,0.22336396177544285,-0.3989792521912793,-0.29537063334280034,-0.26981331454737584,A,1756836130,0.33067729083665337,0.4230101335976956,-0.580410328650137,-0.050858813750460335,-0.07212984379988015,-0.2334780688843097,0.04198498321197049,-0.059917382802031946,-0.34370522158124894,0.07129111501586595,10s
2025-09-02 18:02:20,-0.2830646652234329,-0.13491211334373537,-0.10270518110958277,-0.2727210526822608,-0.1173404649889762,-0.47805823236069567,0.20629656926369205,0.20227354709409748,-0.8108288028403418,-0.47865189813499953,-0.6727721028531173,A,1756836140,0.3333333333333333,0.41299624168531085,-0.5878563310705398,-0.13493273849136522,-0.22475679490123382,-0.18726081836914926,-0.12803034369241229,-0.22679605864532773,-0.11547319420005792,-0.13966498284672846,10s
2025-09-02 18:02:30,-0.3922971868868493,-0.36948171294668775,-0.32897753324163226,-0.413669299926562,-0.38769618868227346,-0.8772113896803297,0.33467941563744646,0.2961435442480593,-0.5205813824475757,-0.4218498532613841,-0.46988376188798875,A,1756836150,0.33598937583001326,0.4028448593767513,-0.5951378290580088,-0.3694877347183545,-0.3488432006183038,-0.04595967029732117,-0.2830646652234329,-0.3597142571950768,-0.13859574878796654,-0.2727210526822608,10s
2025-09-02 18:02:40,-0.2970437562246912,-0.19247765121855076,-0.009628610729023384,-0.28486847806971083,-0.17071225513457325,-0.5916164149353489,0.17784182049691458,0.10350520400724386,-0.6883390657938533,-0.4180630502698097,-0.5671010919337796,A,1756836160,0.3386454183266932,0.3925590788814072,-0.6022526045977196,-0.1924928921909842,-0.3554070780104507,0.584891080365028,-0.3922971868868493,-0.36560691580982013,0.6517168927396783,-0.413669299926562,10s
2025-09-02 18:02:50,-0.3857370332599789,-0.3251217943139356,-0.2977991746905089,-0.37602282304990187,-0.303686160055995,-0.13134376666492378,0.29974021339442986,0.35845804694634986,-0.6568290247420393,-0.42753005774874564,-0.3663261711870377,A,1756836170,0.34130146082337315,0.38214203334765784,-0.6091984904601202,-0.32513231086603595,-0.35232676012164454,0.01740506329113924,-0.2970437562246912,-0.3473447878933008,0.00729076181779035,-0.28486847806971083,10s
2025-09-02 18:03:00,-0.4829465824581492,-0.4826779792005728,0.11600183402109124,-0.4795617844673312,-0.465876668818111,-0.4605449456080333,0.3805184641192452,0.4110285565820515,-0.5614112947964052,-0.41541228817570763,-0.31842197957027124,A,1756836180,0.34395750332005315,0.3715968959084847,-0.6159733708610909,-0.4826818719739024,-0.4396173685124305,-0.008868118928466295,-0.3857370332599789,-0.44178959019371916,-0.028993770927530423,-0.37602282304990187,10s
2025-09-02 18:03:10,-0.6054425419998927,-0.5034135653176998,-0.14786795048143053,-0.6007035654173423,-0.4878452800969469,-0.5539581984951997,0.4149506311368152,0.42804690819821706,-1.208920448241429,-0.6195209694215659,-1.082775625220148,A,1756836190,0.3466135458167331,0.3609268787149053,-0.6225751821064316,-0.5034324004739503,-0.5427800148975375,-0.08687812775978805,-0.4829465824581492,-0.5507811558835374,-0.08056663028710159,-0.4795617844673312,10s
2025-09-02 18:03:20,-0.6660822166162728,-0.7131726341893173,-0.31476386978450255,-0.6707174978574248,-0.702746844206931,-0.4265224912848398,0.4227968934561833,0.4633443935079756,-0.6661488960390547,-0.4794092587333144,-0.5100387460373371,A,1756836200,0.34926958831341304,0.3501352319575194,-0.6290019132204838,-0.7131720656382817,-0.6287712891970452,0.10395201648513394,-0.6054425419998927,-0.6435098885439813,0.06922808502424067,-0.6007035654173423,10s
2025-09-02 18:03:30,-0.7075185324339959,-0.7226873212453525,-0.4637780834479597,-0.7148451694877028,-0.7180317195821088,-0.11104398436687168,0.49163557049243994,0.6002429251491569,-0.9275490957505825,-0.5044021584777052,-0.7375836562169779,A,1756836210,0.351925630810093,0.3392252428764697,-0.6352516065586935,-0.7226912654425871,-0.6767010355468684,0.16319546658816603,-0.6660822166162728,-0.6988794409448316,0.14506982649174777,-0.6707174978574248,10s
2025-09-02 18:03:40,-0.6732148927414882,-0.7018212741301763,0.3940852819807428,-0.6615380015032236,-0.66975662712356,0.1631230576697869,0.82457330028507,1.0743388734058215,-0.7788749583934317,-0.4279087380479031,-0.528355054596689,A,1756836220,0.3545816733067729,0.32820023476011884,-0.6413223584039269,-0.7018230837628774,-0.6800501811786976,0.3968575213423609,-0.7075185324339959,-0.6944265106698719,0.4305350765826967,-0.7148451694877028,10s
2025-09-02 18:03:50,-0.9476201551774521,-1.0973591290164328,-0.5598349381017882,-0.9537796748556707,-1.081146703454579,1.012483793584435,1.9256430453699331,2.692676891612928,-0.742483079995562,-0.4858468238189908,-0.519196900317013,A,1756836230,0.35723771580345287,0.3170635659327402,-0.6472123195463638,-1.0973481196273966,-0.7927898159090018,-0.5555269355313512,-0.6732148927414882,-0.8103325093904412,-0.5818562487471324,-0.6615380015032236,10s
2025-09-02 18:04:00,38.01907215572612,46.37518422174944,6.325309491059147,31.76720813463937,37.89639918899873,1.3928208584084514,-2.1789950399437017,-2.0812749476940584,0.003994230555863752,0.4911483480071949,-0.2458612187389926,A,1756836240,0.3598937583001328,0.3058186287315416,-0.6529196958467828,46.37831443440092,17.37516031654467,120.50548277892258,-0.9476201551774521,14.920698897634233,96.14052609305745,-0.9537796748556707,10s
2025-09-02 18:04:10,19.500641105922625,11.067045215943956,2.1735442457588263,18.203924498237033,10.068283489260176,2.432992768339061,-2.0313093835791918,-2.0082879846139305,5.4250527016531676,2.5939600492284387,4.281789362451567,A,1756836250,0.36254980079681276,0.29446884847332727,-0.6584427487830741,11.067371357897539,26.97663438866891,-56.83938033559023,38.01907215572612,24.21401060226177,-39.46344447661685,31.76720813463937,10s
2025-09-02 18:04:20,5.155803648638171,3.8877918933983695,2.153828519027969,4.966853564429046,3.657495113524455,1.1189563923341557,-1.1979769508284688,-1.1774867726436968,2.3601464551203817,1.1178642431127521,2.2402254314899612,A,1756836260,0.3652058432934927,0.283017682411111,-0.6637797959798104,3.8878591145796406,11.545697916024933,-43.96360759493671,19.500641105922625,11.213285329276394,-38.50770430095552,18.203924498237033,10s
2025-09-02 18:04:30,2.5976538505119904,2.486799368213809,0.8298945437872536,2.5542840606094086,2.3957659134703806,0.5980712912791672,-1.0907538052090386,-1.120621955464688,0.8938200377232886,0.5559026791631165,0.6100739697076435,A,1756836270,0.36786188579017265,0.271468618681006,-0.6689292117207143,2.486801648612232,3.6089060391032355,-7.601008242566971,5.155803648638171,3.621718754379297,-6.79400702348338,4.966853564429046,10s
2025-09-02 18:04:40,1.9495106721771958,1.6802890189179178,0.07565337001375516,1.9477926281224454,1.6506340977363523,0.48536149814113605,-0.6935927522929778,-0.687211458768696,1.1387995118162655,0.546814351983338,1.0679816836914406,A,1756836280,0.3705179282868526,0.2598251752397024,-0.6738894274438677,1.6803047102005906,2.1033922700822725,-1.7085295849278774,2.5976538505119904,2.157186570206179,-1.5025473119956048,2.5542840606094086,10s
2025-09-02 18:04:50,1.770167999570608,1.6801336556860618,0.6652911508482348,1.7565294692140716,1.6366958479966682,0.4793965750605858,-0.6035895862102469,-0.5929635773295947,0.7784311549983357,0.40140111710688253,0.7728073265234238,A,1756836290,0.37317397078353254,0.24809089879286467,-0.6786589322195108,1.680136358207464,1.7148465721662476,-0.26225345893435387,1.9495106721771958,1.7701995902084704,-0.2860087162468168,1.9477926281224454,10s
2025-09-02 18:05:00,1.490419193816757,1.4221923049333582,4.6166895919303075,1.411201600735495,1.314586152956188,0.2489107474067539,-0.610255291401066,-0.5558602557796903,0.6954399201153889,0.26772697150430746,0.8636843959140542,A,1756836300,0.3758300132802125,0.2362693637147716,-0.6832362732102852,1.422193908161799,1.4992803257296152,-0.5720120694730645,1.770167999570608,1.5099018201647525,-0.7373885411794403,1.7565294692140716,10s
2025-09-02 18:05:10,1.3513439369271047,1.4368166990601863,1.6217331499312242,1.3051001650707796,1.359626648439308,-0.27661698618697095,-0.6364230212846789,-0.6904988965561715,0.3639187839786974,0.22569345829783205,0.2846072560760831,A,1756836310,0.3784860557768924,0.2243641709595255,-0.6876200561137841,1.4368054613704584,1.302621630552273,-0.13802619958787166,1.490419193816757,1.2909155993680537,-0.036501325255585006,1.411201600735495,10s
2025-09-02 18:05:20,0.7223802622868696,0.6023742334269196,2.228106373223292,0.5397393837999527,0.4024083695963078,0.00125084141113465,-0.4771214581596726,-0.4874349156728374,0.6652612892488627,0.2843889046672347,0.6917928848185981,A,1756836320,0.38114209827357237,0.21237894696416748,-0.691808945587268,0.6023817449657604,0.9419892132868112,-1.6493597291727995,1.3513439369271047,0.8681733987570542,-1.9680038012933307,1.3051001650707796,10s
2025-09-02 18:05:30,0.5499794249727157,0.45383932018569356,0.2246675836772123,0.525846475558932,0.4247019487659079,-0.3730101526241362,-0.3827293070140481,-0.42319819590979435,0.5503162099190059,0.2219066553062577,0.4015498414934836,A,1756836330,0.3837981407702523,0.20031734254403058,-0.6958016656544246,0.45384519920977284,0.5657087811462143,-0.2408375036797174,0.7223802622868696,0.49016111877906315,0.23365184013779688,0.5397393837999527,10s
2025-09-02 18:05:40,0.7115261899224112,0.7660868568903942,-0.0004585052728106373,0.7507279180454242,0.7998126879937594,-0.4631496824384368,-0.359031186926755,-0.40432444363511105,0.21480084322645068,0.11095332765312885,-0.0028178936245156746,A,1756836340,0.38645418326693226,0.1881830317806643,-0.6995970000940434,0.7660790824583191,0.5606122551847351,0.7894097733294083,0.5499794249727157,0.5925106590543325,0.9332145429167502,0.525846475558932,10s
2025-09-02 18:05:50,0.4863101521359264,0.5851004983344119,-0.0004585052728106373,0.47116278857610866,0.5587274157030578,-0.1699551222504068,-0.2436725884629988,-0.25910283972419695,0.0,-0.0037868029915743636,0.07819654808030997,A,1756836350,0.3891102257636122,0.17597971090267428,-0.7031937928104876,0.5850884661280178,0.5307163699293768,-0.40377539005004415,0.7115261899224112,0.5659838610780162,-0.5447164250024129,0.7507279180454242,10s
2025-09-02 18:06:00,0.41235932943302384,0.564258991424316,1.9701971572673085,0.4387020784119147,0.5880736239537924,-0.05057057281953216,-0.18400242846484732,-0.17930921795017635,-0.17352712748252525,-0.11019596705481398,-0.10355759070095104,A,1756836360,0.39176626826029215,0.1637110971598173,-0.7065909481858524,0.5642414209890799,0.3902426730438581,0.06288637032675891,0.4863101521359264,0.41462160172728063,0.17925176886354693,0.47116278857610866,10s
2025-09-02 18:06:10,0.4756469206042498,0.6667922625400772,0.6758367721228794,0.5304889328582079,0.7239184361287109,-0.013338298750479387,-0.10030590892003675,-0.10312990151116169,-0.22589592810385,-0.012496449872195399,-0.3628038041563931,A,1756836370,0.3944223107569721,0.15138092769068734,-0.7097874314137026,0.6667706613138757,0.38523575633005325,0.4862746541065646,0.41235932943302384,0.44340043378700184,0.5432731214409278,0.4387020784119147,10s
2025-09-02 18:06:20,0.0014551613499603408,0.0921635881991863,0.33608436497019717,0.01603776405876459,0.1116487821343991,-0.5268403940344971,0.05783557725867154,0.004780033086584139,-0.3168756240985244,-0.13556754709836222,-0.32758013384994716,A,1756836380,0.39707835325365204,0.13899295838435027,-0.7127822688142809,0.09215155798719356,0.1922958449311969,-1.171879599646747,0.4756469206042498,0.23836797351843939,-1.2328871268310428,0.5304889328582079,10s
2025-09-02 18:06:30,0.494826424298809,0.856928689126231,0.32508023842274186,0.546094887569922,0.9080736147208047,-0.4447656860121972,0.10654519197960365,0.07358476424130178,-0.5751692000443803,-0.20827416453658998,-0.7058823529411765,A,1756836390,0.399734395750332,0.12655096273626154,-0.715574548131104,0.8568878023752884,0.2013015743224701,1.8131071533706211,0.0014551613499603408,0.24593834835426956,1.8273203109339153,0.01603776405876459,10s
2025-09-02 18:06:40,0.1870955814383435,0.32643994339003085,0.4103622191655204,0.20340652974796425,0.34296626228101695,-0.1053315228331028,0.10492497854839955,0.1313260846376775,-0.2995672916897814,-0.16396856953516994,-0.36491722437477986,A,1756836400,0.40239043824701193,0.11405873069882347,-0.7181634188088425,0.32642316279586553,0.2884689699977038,-0.6583382396231969,0.494826424298809,0.3368300505920932,-0.7296552850598778,0.546094887569922,10s
2025-09-02 18:06:50,0.3087327572325694,0.4586563171232414,0.4138010087116002,0.3146450775508301,0.45935558560967105,-0.5007726761244261,0.13610479174159984,0.10482263552446672,-0.23743481637634528,-0.19615639496355203,-0.3141951391334977,A,1756836410,0.4050464807436919,0.10152006752693034,-0.720548092252409,0.4586387282413967,0.20108875235924348,0.6662864292022372,0.1870955814383435,0.22455484219289115,0.6002628237966902,0.20340652974796425,10s
2025-09-02 18:07:00,0.210950685536054,0.42775822638192135,0.7441540577716643,0.20320177508105294,0.4102836897163143,-0.44525885104296203,0.07198119664325292,0.027330398467291336,-0.47708864972817044,-0.18403862539051405,-0.5980979218034519,A,1756836420,0.4077025232403719,0.0889387926188487,-0.7227278420671717,0.4277328135548287,0.21228990831853847,-0.010634383279364145,0.3087327572325694,0.22445551667218203,-0.05215196264041398,0.3146450775508301,10s
2025-09-02 18:07:10,0.07779149446263396,0.18110249601285544,0.23865199449793673,0.10683936337516782,0.21692135384967193,-0.12770670873952011,0.11106695600537196,0.12301080231777956,-0.28802840341728614,-0.1802518223989397,-0.2676998943289891,A,1756836430,0.4103585657370518,0.07631873835279279,-0.7247020042802212,0.18108932278961878,0.10385151747660358,-0.11977480129526052,0.210950685536054,0.12364994736239113,-0.00796786719231426,0.20320177508105294,10s
2025-09-02 18:07:20,0.09408453056137024,0.19589398757049234,0.3500687757909216,0.1108878294130079,0.21596159649279434,-0.22751331906635222,0.1858530658371809,0.1923556518119712,-0.27027626761344725,-0.1916122313736628,-0.20570623458964424,A,1756836440,0.41301460823373176,0.0636637489195459,-0.7264699775426234,0.19588102493610396,0.048977054432017386,0.3412937886370327,0.07779149446263396,0.07886888883753246,0.2862165994758373,0.10683936337516782,10s
2025-09-02 18:07:30,-0.10851686854048509,-0.03316451211655115,0.3874369555249885,-0.11241436668215841,-0.03471968623937709,-0.8936307483886563,0.1428681517054019,0.019824330750904902,-0.37323865527571287,-0.07914418252390419,-0.7023599859105318,A,1756836450,0.4156706507304117,0.05097767915148042,-0.7280312233125961,-0.03317522815748596,-0.03850397361007656,-0.334007948189579,0.09408453056137024,-0.027490058842995362,-0.3798769034308157,0.1108878294130079,10s
2025-09-02 18:07:40,-0.16636549597743308,-0.22302501365498772,0.33356258596973865,-0.17275617520309483,-0.22082115236047542,-0.8440372106465419,0.2724640471839652,0.19077035191374925,0.043936536114501275,-0.03673198901827132,-0.07115181401902078,A,1756836460,0.41832669322709165,0.03826439334834104,-0.7293852660195532,-0.22302192983307248,-0.16079819437365936,0.11256255519576097,-0.10851686854048509,-0.16508442423405026,0.09756553890014923,-0.11241436668215841,10s
2025-09-02 18:07:50,0.20629894023700046,0.29720687198284185,0.3326455754241174,0.2084402509156943,0.2971507921972573,-0.6889734889027166,0.17477304780532343,0.11343701121834308,-0.15399977809830245,-0.06551169175423649,-0.2839027826699542,A,1756836470,0.4209827357237716,0.025527764100139422,-0.7305316932089695,0.2971953252228918,-0.012976539178843257,1.440719752722991,-0.16636549597743308,-0.009439366440856816,1.3911872359697381,-0.17275617520309483,10s
2025-09-02 18:08:00,0.04069680759069413,0.15731363055301595,0.3342503438789546,0.01592829126655459,0.12495521577500444,-0.5208695004267628,0.2329027610665771,0.196751742095632,-0.3581493398424498,-0.19539903436523715,-0.5248326875660444,A,1756836480,0.42363877822045154,0.012771671107526443,-0.7314701556680171,0.15729886544592847,0.08424949454783734,-0.2198631145128054,0.20629894023700046,0.08209057602409775,-0.28966746107757757,0.2084402509156943,10s
2025-09-02 18:08:10,-0.2486656051145343,-0.101812967018546,-0.29344337459880787,-0.2558662972297809,-0.10918889393212143,-0.6445296010747056,0.25767042942957585,0.21790085549020144,-0.7606790191944969,-0.4430559500142005,-0.6572736879182811,A,1756836490,0.4262948207171315,-1.5261533553991276e-17,-0.7322003675319404,-0.10183309109582186,-0.12937895190783688,-0.6016705916985575,0.04069680759069413,-0.14314233494630768,-0.5219502416642537,0.01592829126655459,10s
2025-09-02 18:08:20,-0.13661818116758806,0.03683810085639794,0.2886290692342962,-0.13647405368120002,0.03698402653466437,-0.2766022657481338,0.12737723742733376,0.0946650316819514,-0.7020969710418284,-0.2866609864621793,-0.7439239168721381,A,1756836500,0.42895086321381143,-0.012783358847699287,-0.7327221063711316,0.036815617959103555,-0.2126371441532766,0.6367015013246983,-0.2486656051145343,-0.21707199182580467,0.6241515765715601,-0.2558662972297809,10s
2025-09-02 18:08:30,-0.05422265161409598,0.057632325750046225,0.3374598807886291,-0.019113138610293585,0.10431852296564739,-0.4501575131748593,0.2872480554556422,0.2693341396102641,-0.43270831021857314,-0.35368739941304556,-0.2634730538922156,A,1756836510,0.4316069057104914,-0.025574511500631513,-0.7330352132588861,0.05761770768673257,-0.12133652192906308,0.5452237268177804,-0.13661818116758806,-0.10222415409813657,0.6182001767007447,-0.13647405368120002,10s
2025-09-02 18:08:40,-0.3186326254331192,-0.2672645467558492,-0.2407152682255846,-0.31861042535754774,-0.25951850762898865,-0.4916547483018738,0.1945843079207747,0.14395341970376066,-0.5303450571396872,-0.2654548897093629,-0.6213455442057062,A,1756836520,0.4342629482071713,-0.038369561649787276,-0.7331395928198124,-0.2672735062770043,-0.20680134189848393,-0.5246909037385928,-0.05422265161409598,-0.19057764674239336,-0.6031137937946857,-0.019113138610293585,10s
2025-09-02 18:08:50,-0.3104026145194091,-0.30052202888799456,0.2017423200366804,-0.3058304905039955,-0.28526388036792283,-0.3990184619303164,0.302458485922362,0.3190450748991838,-0.36347498058360145,-0.31922749218971885,-0.2796759422331807,A,1756836530,0.43691899070385126,-0.05116461179894304,-0.7330352132588861,-0.30052618825073296,-0.3270905557453529,0.31641889902855463,-0.3186326254331192,-0.32966287836508223,0.31179811568701693,-0.31861042535754774,10s
2025-09-02 18:09:00,-0.43444915582750376,-0.38946256384375905,-0.23039889958734525,-0.4345968487040398,-0.3800983575255065,-0.7213386432749159,0.2509929635905177,0.16847076622459783,-0.6701431265949185,-0.3438417116349522,-0.8608665022895385,A,1756836540,0.4395750332005312,-0.06395576445187526,-0.7327221063711317,-0.38947153367239845,-0.38147216792773014,-0.09166176037680306,-0.3104026145194091,-0.3859273438733118,-0.10290516812556147,-0.3058304905039955,10s
2025-09-02 18:09:10,-0.41340895401332306,-0.26385094800253445,0.6671251719394773,-0.3991621276848076,-0.2384258642365291,-0.3977794032583894,0.2586768228990064,0.2369708679370182,-1.0118717408188174,-0.5509798352740699,-0.9334272631208171,A,1756836550,0.44223107569721115,-0.07673912329957454,-0.7322003675319405,-0.2638733420382883,-0.42983875935996596,0.35593906387989405,-0.43444915582750376,-0.4312020797387247,0.3781722609528476,-0.4345968487040398,10s
2025-09-02 18:09:20,-0.4554177923293913,-0.4169286208616145,0.020403484640073362,-0.4467584650089986,-0.39497614710374307,-0.49053583489649244,0.28462208271797845,0.2746349503175374,-0.677243980916454,-0.36769857048187066,-0.6868615709756957,A,1756836560,0.4448871181938911,-0.08951079440710132,-0.7314701556680171,-0.41693695389081414,-0.43968457544818623,0.16142920223726817,-0.41340895401332306,-0.4371016223004479,0.13490730635305997,-0.3991621276848076,10s
2025-09-02 18:09:30,-0.5168685404850936,-0.5046866821768379,-0.12861072902338377,-0.5046067265962628,-0.47585346306728943,-0.23893162110589897,0.46410569361453613,0.541528827057187,-0.6688117164096306,-0.40140111710688253,-0.5692145121521662,A,1756836570,0.44754316069057104,-0.10226688739971364,-0.7305316932089693,-0.5046922528830687,-0.4882639888436487,0.10144980865469531,-0.4554177923293913,-0.48825229862365316,0.10487114952001247,-0.4467584650089986,10s
2025-09-02 18:09:40,-0.5358333482427734,-0.5438536105315408,-0.23154516276937184,-0.5223169916471246,-0.5123118015995729,-0.21840627572682073,0.49158916704232297,0.572355823604924,-0.61156107844225,-0.43396762283442203,-0.5642831983092639,A,1756836580,0.450199203187251,-0.11500351664791526,-0.7293852660195532,-0.5438568551884251,-0.5260230855824322,0.23252134236090669,-0.5168685404850936,-0.5249053826073146,0.22246772241649404,-0.5046067265962628,10s
2025-09-02 18:09:50,-0.8345946719624998,-0.9330247136440639,-0.5027510316368639,-0.8395975253067138,-0.9190818424167495,0.31197041342996285,0.9114835088160849,1.1923938166357309,-0.7726617108620881,-0.4377544258259964,-0.7692849594927792,A,1756836590,0.45285524568393093,-0.127716802451055,-0.7280312233125961,-0.9330191633226805,-0.6752112818042822,-0.630666764792464,-0.5358333482427734,-0.6874078350134262,-0.6552152705080517,-0.5223169916471246,10s
2025-09-02 18:10:00,-1.0047054192832734,-1.1549067116531144,-0.6176066024759285,-1.0100385536819603,-1.1383713432663152,1.1530816758961226,2.078873174193841,2.933983887690797,-0.9887939642738267,-0.6138407649342043,-0.8263473053892215,A,1756836600,0.4555112881806109,-0.14040287221912046,-0.7264699775426234,-1.1548962806189147,-0.8953700021842255,-0.233772446276126,-0.8345946719624998,-0.9239992585005682,-0.22500389781054414,-0.8395975253067138,10s
2025-09-02 18:10:10,40.80706588183374,22.69513613521657,7.40302613480055,35.334885887284585,19.12512386192127,1.0124037495514442,-3.3276575393739143,-3.3662927018558753,6.022855874847442,4.084067026412951,5.70693906305037,B,1756836610,0.4581673306772908,-0.15305786165236734,-0.7247020042802212,22.695789838106297,18.6574574496088,129.2827126876656,-1.0047054192832734,16.624071589114905,106.75796007157122,-1.0100385536819603,10s
2025-09-02 18:10:20,17.02431431485159,6.247855342020417,1.2700596056854654,15.961402731650256,5.686426043945985,2.900228200798043,-2.624631359907675,-2.59781478741746,9.993564850771108,6.116065511691755,7.972525537160972,B,1756836620,0.46082337317397076,-0.16567791591842326,-0.7227278420671717,6.248162870280199,27.1229774912771,-73.08010744774802,40.80706588183374,24.856837504923252,-56.48620620531439,35.334885887284585,10s
2025-09-02 18:10:30,7.366098318811539,3.019557590868065,0.3587803759743237,6.865724018077201,2.7115351686228415,2.740633170697518,-2.4798359577604288,-2.467791533409882,6.973926550538112,5.035690618195589,5.066572736879182,B,1756836630,0.4634794156706507,-0.1782591908265049,-0.720548092252409,3.0197168508296004,11.420782624766876,-29.505114807182807,17.02431431485159,11.046581702370586,-26.374225449361873,15.961402731650256,10s
2025-09-02 18:10:40,3.7385719141931903,1.7635312519395019,-0.17285648784961027,3.513683338798526,1.5943669800701916,1.947992383772036,-2.226163070789904,-2.2746899004449674,4.485520914234994,3.5724699422512542,3.358929200422684,B,1756836640,0.46613545816733065,-0.19079785399839805,-0.7181634188088426,1.763623959800767,5.1824668305769155,-10.90009567265234,7.366098318811539,5.0082518855868345,-9.546476008048051,6.865724018077201,10s
2025-09-02 18:10:50,2.138610082359747,1.168335499929703,-0.3931682714351215,2.008097945712645,1.0534313505823234,1.343067401081085,-1.9300839906574176,-1.9715922503925796,2.7999556196604902,2.518223989396952,2.2402254314899612,B,1756836650,0.46879150066401065,-0.2032900860358361,-0.715574548131104,1.1683909008334143,2.7279015194368057,-4.644944068295555,3.7385719141931903,2.651840447810585,-4.136718860205953,3.513683338798526,10s
2025-09-02 18:11:00,1.2752461548554082,0.6781082088094051,-0.00022925263640531865,1.160906252264845,0.576215140080172,0.9768486842237657,-1.805635874191535,-1.9012067509957107,2.065461000776656,2.056612704724037,1.7203240577668193,B,1756836660,0.4714475431606906,-0.21573208168392485,-0.7127822688142811,0.6781463214016118,1.5712477527680857,-2.3724977921695616,2.138610082359747,1.510519408550944,-2.207752559562257,2.008097945712645,10s
2025-09-02 18:11:10,0.8243131220963865,0.504104658728507,-0.4103622191655204,0.7238199111749928,0.4053962538977997,0.9471655561821183,-1.6960956312963056,-1.8026188936217713,1.2688339065793854,1.6552115876171543,0.9320183163085594,B,1756836670,0.47410358565737054,-0.22812005099026222,-0.7097874314137025,0.5041269354812998,0.9541200651907277,-1.100125110391522,1.2752461548554082,0.8875222068753912,-1.0062231329487494,1.160906252264845,10s
2025-09-02 18:11:20,0.6288443991197467,0.29153373131702937,-0.5091701054562128,0.5557568751194191,0.22494325179611777,0.8560789435042498,-1.5505908846800687,-1.653137367572481,1.3371796294241651,1.647259301334848,1.0531877421627334,B,1756836680,0.4767596281540505,-0.24045022045939188,-0.7065909481858527,0.29155768918757546,0.6506023421617111,-0.31200323815131,0.8243131220963865,0.5939671055510674,-0.21803683987794284,0.7238199111749928,10s
2025-09-02 18:11:30,0.5230708675504983,0.23843752695934164,-0.4591930307198533,0.4858929609501427,0.2057876500690427,0.9386272938924667,-1.4375134637161928,-1.4977780113163992,1.1521136136691446,1.5696298400075737,0.9270870024656569,B,1756836690,0.47941567065073043,-0.25271883420224883,-0.7031937928104876,0.23845813323566759,0.5091541447077338,-0.03528848984397998,0.6288443991197467,0.4785498670660667,0.0696676095655983,0.5557568751194191,10s
2025-09-02 18:11:40,0.3952790748990631,0.16967085212122227,-0.42044933516735444,0.30209017010348727,0.0794637724923725,0.8363389983816899,-1.4454498548098327,-1.530059117301781,0.9302119161211583,1.4011171068825143,0.7692849594927792,B,1756836700,0.4820717131474104,-0.2649221550802386,-0.6995970000940435,0.16968747411367438,0.3994836267102765,-0.10321607300559317,0.5230708675504983,0.355497347959426,-0.26415127959551865,0.4858929609501427,10s
2025-09-02 18:11:50,0.3532463814788972,0.09192716322955191,-0.416552040348464,0.31057633877369184,0.05618170307409414,0.890004934234571,-1.3542633826169956,-1.4327652247989218,1.0575834905137025,1.4689008804316956,0.7573089115885875,B,1756836710,0.4847277556440903,-0.2770564658436049,-0.6958016656544249,0.09194654751163765,0.3197425974360554,0.1613556078893141,0.3952790748990631,0.2704520835494811,0.2992182105708622,0.30209017010348727,10s
2025-09-02 18:12:00,0.1214940451696396,-0.07723065816807559,-0.5369096744612563,0.06945440483545377,-0.12201703040767782,0.8665359860148544,-1.2615940824569256,-1.3198245653766099,0.7708864972817042,1.3125059168796744,0.5642831983092639,B,1756836720,0.48738379814077026,-0.28911807026374176,-0.6918089455872682,-0.07721543671751924,0.1911869304912267,-0.4239402413894613,0.3532463814788972,0.1576015738669638,-0.4320852915191067,0.31057633877369184,10s
2025-09-02 18:12:10,0.08609307068863722,-0.016068017233201535,0.29138010087116,0.060907417947354735,-0.03742585594567886,0.7345646147298189,-1.0787687194883864,-1.0998543898492508,0.38433374015311217,1.0254662501183376,0.294469883761888,B,1756836730,0.4900398406374502,-0.30110329425910015,-0.6876200561137841,-0.016060843881408254,0.065745184903082,0.18181483662054754,0.1214940451696396,0.03648836096664383,0.2493143565642842,0.06945440483545377,10s
2025-09-02 18:12:20,-0.06068738482457553,-0.23143237237617081,-0.4092159559834938,-0.0904407445568962,-0.2511718856174121,0.7884181551868286,-0.9698611928408978,-1.004899928937477,0.5880394985021635,1.1788317712770993,0.41000352236703064,B,1756836740,0.49269588313413015,-0.3130084870143462,-0.6832362732102853,-0.23141902684073487,-0.01979804315805391,-0.16179717397703855,0.08609307068863722,-0.041076019918208875,-0.1690654906415425,0.060907417947354735,10s
2025-09-02 18:12:30,-0.13993404063716983,-0.414148344986605,-0.4385602934433746,-0.18975081255673198,-0.44569364109451914,0.6565270617928859,-0.707741237760921,-0.7037264295124344,1.0717851991567735,1.409448073463978,0.9834448749559704,B,1756836750,0.4953519256308101,-0.3248300220924396,-0.6786589322195107,-0.4141267133014067,-0.12592899587237402,0.04654842508095378,-0.06068738482457553,-0.1626691422651234,-0.016603930477908695,-0.0904407445568962,10s
2025-09-02 18:12:40,-0.11560183445750512,-0.3484760965636137,-0.18408986703347088,-0.15387820036865976,-0.37200263166871833,0.6903402990767855,-0.7894425871167297,-0.7833473609385406,0.8596471763008987,1.345072422607214,0.41423036280380415,B,1756836760,0.49800796812749004,-0.33656429853927705,-0.6738894274438677,-0.34845762504922956,-0.1517140568906711,0.3660950838975567,-0.13993404063716983,-0.19344235210700408,0.37945519745194556,-0.18975081255673198,10s
2025-09-02 18:12:50,-0.32137596240435595,-0.48714928088802706,-0.38239339752407153,-0.3439777040413199,-0.49492773031914117,0.8329761070520086,-0.5569293549413966,-0.49362309608808375,0.41895040497059804,1.0765880905045915,0.1282141599154632,B,1756836770,0.50066401062417,-0.34820774198058063,-0.6689292117207144,-0.4871358990919536,-0.2369100491170689,-0.3437959964674713,-0.11560183445750512,-0.2682570878839091,-0.2825994312908806,-0.15387820036865976,10s
2025-09-02 18:13:00,-0.37376177100292823,-0.5315705149634784,-0.3182026593305823,-0.40145294722549824,-0.5447866259605669,1.110660582669613,-0.0267613916464896,0.22913205511787116,0.33729058027293907,1.0565180346492473,0.05072208524128214,B,1756836780,0.5033200531208499,-0.3597568057106859,-0.6637797959798103,-0.5315577722393641,-0.35812895890855934,0.12941566087724463,-0.32137596240435595,-0.3883544268942041,0.10596402135257738,-0.3439777040413199,10s
2025-09-02 18:13:10,-0.31615169460695736,-0.4332592176489362,-0.13227877120586887,-0.3225494186031779,-0.4256145954269622,1.4372185090733087,0.4762825719487908,0.9545899807799383,0.1788527682236769,0.93647637981634,-0.07890102148643889,B,1756836790,0.5059760956175299,-0.3712079717729018,-0.6584427487830742,-0.4332502836741681,-0.35567590575347374,0.46875919929349424,-0.37376177100292823,-0.3779596669546451,0.5055274665716344,-0.40145294722549824,10s
2025-09-02 18:13:20,0.4297497003202548,0.01318871708746102,-0.10018340210912426,0.42308396005662174,0.01764262139554934,2.331984013402229,-0.472516557355319,-0.11339965745784486,1.6868967047597914,1.854776105273123,1.0961606199365974,B,1756836800,0.5086321381142098,-0.3825577520311162,-0.6529196958467829,0.013218253326316744,0.021612630423459702,2.5921769208124816,-0.31615169460695736,0.022019287836016515,2.458917076864824,-0.3225494186031779,10s
2025-09-02 18:13:30,1.011742674992098,0.2551622546546332,0.3110958276020174,0.9934331529228475,0.2487484308333349,2.4392891125848193,-1.393581470370294,-1.3173394935751923,2.8327970708975925,2.5042128183281265,1.826699542092286,B,1756836810,0.5112881806108898,-0.3938026892323148,-0.6472123195463638,0.25520843054028125,0.6451249768976158,2.086510156020018,0.4297497003202548,0.6603962104855297,1.9453682874134128,0.42308396005662174,10s
2025-09-02 18:13:40,0.7527239546991573,0.05858967178245209,-0.2925263640531866,0.7216345098786524,0.04624090132256907,2.2692164580316843,-1.3523296529138855,-1.2921860787545083,2.77909686009098,2.4913376881567735,1.9795702712222614,B,1756836820,0.5139442231075697,-0.40493935805969344,-0.641322358403927,0.058633147260333425,0.7967774274305108,-0.5080585811009715,1.011742674992098,0.8052216704684083,-0.5219621207059121,0.9934331529228475,10s
2025-09-02 18:13:50,0.12633663130147485,-0.2350268455410863,-0.4729481889041724,0.08323175846247491,-0.25974709281473746,1.3263613928786275,-1.1559401714887825,-1.2103557156265186,1.5098191501164984,1.7657862349711255,1.029940119760479,B,1756836830,0.5166002656042497,-0.4159643661760443,-0.6352516065586936,-0.23499999786891093,0.38103532284531766,-1.6414115395937592,0.7527239546991573,0.3636872780234418,-1.5960413093673669,0.7216345098786524,10s
2025-09-02 18:14:00,-0.07371227166192547,-0.2446712474325521,-0.2753324163227877,-0.10201039687434905,-0.2625954596365351,1.1188196603334133,-1.01623782045981,-1.064829773416927,0.5831576611561079,1.2541891508094292,0.3127861923212399,B,1756836840,0.5192563081009296,-0.4268743552570938,-0.629001913220484,-0.2446578580853812,-0.007017524208498317,-0.3261333529584928,0.12633663130147485,-0.035858971528487,-0.26836833938422017,0.08323175846247491,10s
2025-09-02 18:14:10,-0.21946695769893665,-0.38315144374440757,-0.5032095369096745,-0.25292066820976,-0.4046780958233106,1.0222997939991367,-0.9068641587812443,-0.9455401050371934,0.4739820259624986,1.1636845593108018,0.1782317717506164,B,1756836850,0.5219123505976095,-0.4376660020144797,-0.6225751821064318,-0.38313840570264646,-0.16938948099443862,-0.15863261701501324,-0.07371227166192547,-0.19892492416594837,-0.16778255414244456,-0.10201039687434905,10s
2025-09-02 18:14:20,-0.26548345350342023,-0.38579526176232,-0.33723062815222377,-0.2850955327498501,-0.3939861782400356,1.1228961873461822,-0.7306203275661494,-0.6871831762942886,0.23610340619105735,0.9474581084919057,0.03381472349418809,B,1756836860,0.5245683930942895,-0.4483360192080596,-0.6159733708610909,-0.3857860577701628,-0.2594355737512111,0.1490653517809832,-0.21946695769893665,-0.2877386578368573,0.18008924130045809,-0.25292066820976,10s
2025-09-02 18:14:30,-0.43809898675445347,-0.4719724832881846,-0.4972489683631362,-0.45830176276536383,-0.48444564700600323,0.6034338793102738,-0.6600963966096794,-0.7053110554677915,-0.34439143459447463,0.6407270661743822,-0.4614300810144417,B,1756836870,0.5272244355909694,-0.45888115664723245,-0.6091984904601203,-0.47197223548154654,-0.3620941681181498,-0.2414998528113041,-0.26548345350342023,-0.38736805563409266,-0.23310540422151443,-0.2850955327498501,10s
2025-09-02 18:14:40,-0.4107610374584772,-0.5188584084770667,-0.5479138010087116,-0.4389899513099484,-0.5359958479953427,0.7300061026944,-0.7221734155555695,-0.7658024404790753,0.04304892932430933,0.8584682381899081,-0.23318069742867206,B,1756836880,0.5298804780876494,-0.4692982021809818,-0.6022526045977197,-0.5188503358814816,-0.43030920791025634,0.3753679717397704,-0.43809898675445347,-0.46202151036747,0.33093525179856115,-0.45830176276536383,10s
2025-09-02 18:14:50,-0.3739049016275145,-0.5298385399192307,-0.2175607519486474,-0.39072866813677815,-0.530957277519893,0.8018702643863181,-0.6626958002819628,-0.6858588912862951,0.3270831021857317,0.9792672536211303,-0.009158154279675942,B,1756836890,0.5325365205843293,-0.4795839826763261,-0.5951378290580088,-0.5298259663637315,-0.4001668972237935,0.40473211657344715,-0.4107610374584772,-0.4292421216914645,0.4157516092389246,-0.4389899513099484,10s
2025-09-02 18:15:00,-0.42426302637778135,-0.5605379262576579,-0.4873911049977075,-0.4286285542546651,-0.5477476551636928,0.8829095996337307,-0.593951299488061,-0.5873024492506197,0.17618994785310108,0.8065890372053394,-0.03381472349418809,B,1756836900,0.5351925630810093,-0.4897353649848855,-0.5878563310705399,-0.5605271306208507,-0.40650675149675447,0.13567118045334117,-0.3739049016275145,-0.4242158569751839,0.1633160344789184,-0.39072866813677815,10s
2025-09-02 18:15:10,-0.5223552144275669,-0.6540420249307957,-0.5201742320036681,-0.5446413321622448,-0.6611535353508534,0.6218875780141332,-0.47981643675786334,-0.47267895206083205,0.04304892932430933,0.7607687210072896,-0.13948573441352588,B,1756836910,0.5378486055776892,-0.49974925689727023,-0.5804103286501371,-0.6540316643212386,-0.47621154503144725,-0.011591109802767147,-0.42426302637778135,-0.4988781624975353,-0.0655396425893341,-0.4286285542546651,10s
2025-09-02 18:15:20,-0.5133141299745346,-0.6630138208970652,-0.39867033470884916,-0.5339008348820862,-0.6668652700376093,0.40364970396195726,-0.2753232469973475,-0.2476982887484743,0.1593254188394541,0.8009088327179779,0.19936597393448396,B,1756836920,0.5405046480743692,-0.5096226080849974,-0.5728020899212686,-0.6630017161976126,-0.5180254602274955,0.3189211068589932,-0.5223552144275669,-0.5499452480359853,0.3058229577328849,-0.5446413321622448,10s
2025-09-02 18:15:30,-0.5225699103644463,-0.6659010734976722,-0.41242549289316827,-0.5561258389746454,-0.685293862238287,0.5035484902390538,-0.5284598284365081,-0.5841415900473456,0.11095084877399312,0.7891697434440973,-0.14653046847481507,B,1756836930,0.5431606905710491,-0.5193524110296494,-0.5650339324271543,-0.6658895770877272,-0.5181262706311291,0.26247424197821606,-0.5133141299745346,-0.5555163279846704,0.20924040952996117,-0.5339008348820862,10s
2025-09-02 18:15:40,-0.652627937905164,-0.7610952512623264,-0.625171939477304,-0.6776406383277422,-0.7726598657904998,0.42894207403608003,-0.46031191789377535,-0.4859962835355864,-0.28802840341728614,0.5577960806589037,-0.41916167664670656,B,1756836940,0.545816733067729,-0.528935701938995,-0.5571082224238181,-0.7610874904392115,-0.5835410214334119,-0.1102075360612305,-0.5225699103644463,-0.6252438269434735,-0.0816595021196665,-0.5561258389746454,10s
2025-09-02 18:15:50,-0.6169168470708914,-0.7286541904219768,-0.5453920220082531,-0.6476268477968348,-0.7470983246590532,0.5371868212643349,-0.4759243912938106,-0.502675504488919,-0.20769998890491512,0.6638265644229859,-0.47411060232476226,B,1756836950,0.548472775564409,-0.5383695616497873,-0.5490273741593057,-0.7286459845600255,-0.6278415932524236,0.40119958787165144,-0.652627937905164,-0.669630533648487,0.36228998225568154,-0.6776406383277422,10s
2025-09-02 18:16:00,-0.6685870025465324,-0.7670062220967451,-0.20059605685465381,-0.674952473096808,-0.7555566650044493,0.7164217830830073,-0.20208005827521885,-0.1387680992800142,-0.37856429601686453,0.61005396194263,-0.6784078901021486,B,1756836960,0.5511288180610889,-0.547651116516971,-0.5407938491382793,-0.7669996284950414,-0.635335166589192,0.13162349131586695,-0.6169168470708914,-0.6683265174063058,0.19429657512380188,-0.6476268477968348,10s
2025-09-02 18:16:10,-0.7727383870371365,-0.9103205417892135,-0.6153140761118753,-0.7890109589360461,-0.9079668462300136,0.9138661807274046,0.009366205831699484,0.18572484995995117,-0.3306335293464995,0.5816529395058222,-0.5720324057766819,B,1756836970,0.5537848605577689,-0.5567775392890211,-0.5324101553722199,-0.910309965908258,-0.708501117315307,-0.03028407418310274,-0.6685870025465324,-0.7369112811664553,-0.059813944510026654,-0.674952473096808,10s
2025-09-02 18:16:20,-0.8245755282414614,-0.9852280549673956,-0.5314076111875287,-0.8424498997259633,-0.9826472530864778,0.7774921585022477,0.3698340078101772,0.6248760043748492,-0.26850105403306335,0.5498437943765976,-0.3148996125396266,B,1756836980,0.5564409030544488,-0.5657460499691512,-0.5238788466154637,-0.9852151124936209,-0.7817454761331369,0.1311083308801884,-0.7727383870371365,-0.8181634907905082,0.11778960732342918,-0.7890109589360461,10s
2025-09-02 18:16:30,-0.8847142456717896,-1.063703104324489,-0.566941769830353,-0.8960145314995289,-1.0510345504354046,1.7891220910426315,1.0357804373203983,1.6905822827879515,-0.2569621657605681,0.606645839250213,-0.4247974638957379,B,1756836990,0.5590969455511288,-0.5745539166621286,-0.5152025215873025,-1.0636883409970301,-0.8343237022060677,0.10549749779216956,-0.8245755282414614,-0.8700704178604988,0.11742135703202145,-0.8424498997259633,10s
2025-09-02 18:16:40,-0.9656307587712236,-1.1612341156439032,-0.6435121503897295,-0.9799051539891936,-1.1507964606947094,2.095539944969376,1.895509842773529,2.908164961657165,-0.3306335293464995,0.5559026791631165,-0.46565692145121523,B,1756837000,0.5617529880478087,-0.5831984564064351,-0.5063838231803889,-1.161217781363636,-0.900556137393379,0.041396820724168386,-0.8847142456717896,-0.9367493117282296,0.028572064948660266,-0.8960145314995289,10s
2025-09-02 18:16:50,-1.099505602967575,-1.1910091557605573,-0.6591013296652911,-1.100092088918262,-1.1782852645757944,2.135656976048234,2.1043029012175745,3.191411802659203,-2.141795184733163,-0.4036731989018271,-2.1444170482564284,B,1756837010,0.5644090305444888,-0.5916770359915222,-0.49742543765568714,-1.1910118386795594,-1.001411345650871,-0.12198263173388284,-0.9656307587712236,-1.0357463698243168,-0.07776911597656859,-0.9799051539891936,10s
2025-09-02 18:17:00,40.98648011975262,22.840430564677316,7.425263640531866,35.49459452747539,19.250763196902383,0.8817219636208937,-3.3214188733865067,-3.3715143208797156,6.003328525463219,4.090504591498627,5.7442761535752025,B,1756837020,0.5670650730411687,-0.599987072759915,-0.4883300938242094,22.84108639312467,18.69718794979642,130.12867971739772,-1.099505602967575,16.657860951154955,107.4897149772442,-1.100092088918262,10s
2025-09-02 18:17:10,16.51958802235223,5.969000254864724,1.33104080696928,15.329499420453065,5.364678145433615,2.7459586101982705,-2.644113636719769,-2.627376262627206,10.121380228558749,6.296696014389851,8.09792180345192,B,1756837030,0.5697211155378487,-0.6081260353939127,-0.4791005622157954,5.9692995799003725,26.970227327460194,-75.19071975272298,40.98648011975262,24.627778102853053,-58.805476238204484,35.49459452747539,10s
2025-09-02 18:17:20,7.0560058206453995,2.989652161581957,-0.20816139385602933,6.706479623616322,2.754968809892069,2.7055356268909936,-2.5066639229912786,-2.5074267742149012,6.609120159769223,4.900123071097227,4.815780204297288,B,1756837040,0.5723771580345286,-0.616091444686653,-0.46973965423518155,2.9898055598065545,11.038184740665237,-28.904658522225493,16.51958802235223,10.66279969140249,-24.98942616804389,15.329499420453065,10s
2025-09-02 18:17:30,4.138979836473261,1.9370145054334935,-0.02865657955066483,3.834282519881222,1.7174745401436877,1.9292791606957664,-2.255327784408273,-2.295818598367652,4.746921113946522,3.760295370633343,3.5526593871081364,B,1756837050,0.5750332005312085,-0.6238808742973032,-0.4602502213056193,1.9371147346774067,5.224874407038806,-8.708161613188107,7.0560058206453995,5.086524329589613,-8.140627064911538,6.706479623616322,10s
2025-09-02 18:17:40,2.13753660267535,1.0664343715460076,-0.30788629069234297,1.9937286280981181,0.9480887497248337,1.5989181740101686,-2.0144968440218496,-2.075235783014892,3.111061799622767,2.7427814067973113,2.4959492779147587,B,1756837060,0.5776892430278885,-0.631491951490145,-0.45063515400030635,1.066493970747482,2.915408870195404,-5.883536944362673,4.138979836473261,2.8003911065305545,-5.118111826328411,3.834282519881222,10s
2025-09-02 18:17:50,1.5414452614817598,0.7916131306917947,-0.30765703805593764,1.4032344141913229,0.6732929990447658,1.0548997226206223,-1.8409004629558763,-1.9203625992973237,2.4453567069788082,2.24519549370444,1.9260302923564636,B,1756837070,0.5803452855245684,-0.6389223578573359,-0.4408973811618865,0.7916587144824705,1.6957374000996903,-1.5479467176920811,2.13753660267535,1.6211011659931052,-1.455678553132726,1.9937286280981181,10s
2025-09-02 18:18:00,1.085645787486805,0.6779631089439636,-0.17354424575882624,1.0233557161269133,0.6152538998019786,1.011221066308729,-1.7219700191475382,-1.8284157133586159,1.516476201042938,1.8312979267253622,1.134202183867559,B,1756837080,0.5830013280212484,-0.6461698300251167,-0.4310398690102977,0.6779904789882985,1.2018224280745773,-1.1151383573741536,1.5414452614817598,1.1503778549326185,-0.838615794670765,1.4032344141913229,10s
2025-09-02 18:18:10,0.600552245659862,0.24205239047928437,-0.49105914718019256,0.5442865592245272,0.19352588514310248,0.8928596488210064,-1.4597647299354548,-1.5613986942865383,1.4170642405414402,1.6544542270188394,1.160267699894329,B,1756837090,0.5856573705179283,-0.6532321603432566,-0.4210656202392345,0.24207782961505972,0.760026434728064,-1.2055122166617604,1.085645787486805,0.733706312136841,-1.1292246697997639,1.0233557161269133,10s
2025-09-02 18:18:20,0.5877659098634892,0.2677947392250369,-0.45621274644658416,0.5184225984279505,0.204534791883871,1.0785488599833895,-1.4491462619323208,-1.518125673420839,1.2777099744813047,1.5726592824008332,0.9073617470940472,B,1756837100,0.5883134130146083,-0.6601071975575267,-0.4109776731014944,0.26781763171855827,0.5262471087016181,0.25158227848101267,0.600552245659862,0.4887656443841498,0.19857896964162416,0.5442865592245272,10s
2025-09-02 18:18:30,0.5186815283965195,0.2262436708817989,0.1082072443833104,0.4716148706624574,0.18442121710965984,0.809313502295527,-1.3416296179697644,-1.4205164124909104,1.1800732275601908,1.5313831297926725,0.9242691088411412,B,1756837110,0.5909694555112882,-0.6667928474649917,-0.4007791004834999,0.22626483994763819,0.48780474144931757,0.07789961730939064,0.5877659098634892,0.4535129519003873,0.13721777995560208,0.5184225984279505,10s
2025-09-02 18:18:40,0.24921427250878167,-0.04675391199380987,-0.4408528198074278,0.19185917744373934,-0.09247495106439994,0.596280260799152,-1.2236080731176155,-1.2978046961817762,1.192943526017974,1.5105557133390135,0.9841493483620993,B,1756837120,0.5936254980079682,-0.6732870735519243,-0.3904730089692663,-0.0467317725541705,0.32883793607500295,-0.5402929055048572,0.5186815283965195,0.2950985805793038,-0.5452747399603537,0.4716148706624574,10s
2025-09-02 18:18:50,0.21173790397127845,-0.015380683723824869,-0.2792297111416781,0.16016883137287496,-0.05940230387808351,0.41208521765838424,-1.1057070721577804,-1.1741273735842896,0.9058027293908798,1.370444002650762,0.6185276505811905,B,1756837130,0.5962815405046481,-0.6795878976141475,-0.3800625378941061,-0.015363478184873922,0.18471266234675418,0.17541212834854283,0.24921427250878167,0.1440175796337445,0.18150878677862664,0.19185917744373934,10s
2025-09-02 18:19:00,0.4539387758753332,0.3461219037173832,3.709995414947272,0.3359902447578497,0.2178134774562853,0.5392965831843248,-1.1581299310650819,-1.2301183988881377,0.5543104404748697,1.1667140017040614,0.37266643184219794,B,1756837140,0.598937583001328,-0.6856934003596147,-0.3695508583883566,0.34612895280932376,0.2808409827894239,1.038232263762143,0.21173790397127845,0.2139348788449917,0.7894781388511481,0.16016883137287496,10s
2025-09-02 18:19:10,-0.06056810930408697,-0.2949424348616358,-0.5222375057313159,-0.10973228327301349,-0.3306173313429275,0.6116959419844662,-0.8549694426974693,-0.9131881228530994,0.8809497392655053,1.245479503928808,0.7883057414582599,B,1756837150,0.601593625498008,-0.6916017219930437,-0.3589411724114255,-0.29492398564657213,0.15297978751407146,-1.2962540476891375,0.4539387758753332,0.08300712439341364,-1.0315254916809586,0.3359902447578497,10s
2025-09-02 18:19:20,-0.1539846969507213,-0.4016846368363419,-0.4777624942686841,-0.18444746395633657,-0.41541891503733347,0.6959889186282067,-0.7169551338371403,-0.7111488373799801,0.9266614889603906,1.3621130360692986,0.7354702359985911,B,1756837160,0.6042496679946879,-0.6973110627824303,-0.348236711776439,-0.40166493430416184,-0.1324704709526023,0.0028333823962319693,-0.06056810930408697,-0.16945474714525177,0.055454336221425336,-0.10973228327301349,10s
2025-09-02 18:19:30,-0.08933736484592585,-0.26613047437891846,0.6008711600183402,-0.12864674903818524,-0.2952369447559581,0.7139457100766541,-0.7201594912558623,-0.7051065010179449,0.6022412071452347,1.2598693552967908,0.17470940471997182,B,1756837170,0.6069057104913679,-0.702819683607262,-0.3374407371658031,-0.2661165661786859,-0.14597906503951208,0.490469531939947,-0.1539846969507213,-0.17863006504838186,0.4378406872025599,-0.18444746395633657,10s
2025-09-02 18:19:40,-0.27841291992437933,-0.42903701727615895,-0.4954149472718936,-0.3129705492848031,-0.4518549048145473,0.899829893251429,-0.5136582177487002,-0.424738742897235,0.37190724509042494,1.103853072043927,-0.011976047904191617,B,1756837180,0.6095617529880478,-0.7081259064882728,-0.326556537137967,-0.4290250383532948,-0.2044042945231948,-0.29227995289961733,-0.08933736484592585,-0.24097600600280178,-0.26567773644861203,-0.12864674903818524,10s
2025-09-02 18:19:50,-0.3741673077725893,-0.5615560015289274,-0.494956441999083,-0.40771114184683643,-0.5789625587441405,1.306144889979482,-0.08093802520349988,0.1817895266325871,0.5010540330633529,1.0773454511029064,0.2536104262064107,B,1756837190,0.6122177954847278,-0.7132281150985706,-0.3155874271256964,-0.561540654640599,-0.3381460966771771,-0.004378863703267589,-0.27841291992437933,-0.3763488233613625,-0.003216250528988574,-0.3129705492848031,10s
2025-09-02 18:20:00,-0.34725875035037185,-0.5297282946514815,-0.38881247134342045,-0.3768134598825296,-0.543572297030363,1.8435982738337895,0.5345503267944711,1.1123609965499426,0.4912903583712415,1.0781028117012212,0.22895385699189855,B,1756837200,0.6148738379814077,-0.7181247552559861,-0.3045367484261622,-0.5297134176011321,-0.37047263277570247,0.374043273476597,-0.3741673077725893,-0.4073187174026671,0.36487961333719404,-0.40771114184683643,10s
2025-09-02 18:20:10,0.9110979908038573,0.2587773583145792,-0.3528198074277854,0.8820668868624033,0.2420001962679984,2.1832495945882266,-0.8443988510435659,-0.6396624923861557,2.4591146122267835,2.2747325570387202,1.8337442761535752,B,1756837210,0.6175298804780877,-0.7228143353964926,-0.293407867183146,0.25881881525956385,0.23302324799919352,4.1731307035619665,-0.34725875035037185,0.21834650543807227,3.9626315047033582,-0.3768134598825296,10s
2025-09-02 18:20:20,0.7422754191043601,0.03232387083740583,-0.40990371389270974,0.7138011234138482,0.023045019079585678,2.1762938520154584,-1.3162100650192552,-1.2582840285142354,2.868745145900366,2.5095143425163307,2.1345544205706233,B,1756837220,0.6201859229747676,-0.7272954270285509,-0.28220417336168185,0.03236803164477559,0.7446136441280741,-0.22979835148660582,0.9110979908038573,0.7473984826797435,-0.21863079196085855,0.8820668868624033,10s
2025-09-02 18:20:30,0.410283935376523,-0.11698245093494629,-0.4802842732691426,0.38260335422608055,-0.1256025574835722,1.6238767272730206,-1.2086791148213796,-1.2014446224291713,2.2238988128259183,2.356527501656726,1.3878126100739696,B,1756837230,0.6228419654714475,-0.7315666651682398,-0.2709290797154415,-0.11694664966480263,0.5094565759186348,-0.7331836914924934,0.7422754191043601,0.5051110847772822,-0.6959900810002153,0.7138011234138482,10s
2025-09-02 18:20:40,-0.040291270821033044,-0.3159838657040543,-0.4149472718936268,-0.08504414135572931,-0.34448088006238636,0.9033321089410051,-0.9435903463986,-0.9960813811747938,1.0886497281704206,1.644608539240746,0.5825995068686157,B,1756837240,0.6254980079681275,-0.7356267487550457,-0.2595860207471733,-0.3159623921962218,0.14200265467396236,-1.0990211951722109,0.410283935376523,0.11759502428312298,-1.0957614094482928,0.38260335422608055,10s
2025-09-02 18:20:50,-0.19317863298325968,-0.4026006518434661,-0.5204034846400734,-0.21910371178651994,-0.4133722546855378,0.7790708790255864,-0.8991511059036916,-0.9941013701677839,0.7149672694996116,1.3011455079049512,0.3388517083480099,B,1756837250,0.6281540504648074,-0.7394744410481775,-0.24817845166252162,-0.4025838447204777,-0.14135298762832324,-0.1806373270532823,-0.040291270821033044,-0.17429022818809106,-0.11841325701049067,-0.08504414135572931,10s
2025-09-02 18:21:00,-0.33454397986629214,-0.46131435230806206,-0.5025217790004585,-0.36056485933506427,-0.4754239662320898,0.8165123207249763,-0.9112396193048512,-1.0204037380134507,0.209919005880395,0.966770803748935,0.013384994716449454,B,1756837260,0.6308100929614874,-0.7431085700032889,-0.23670984731753733,-0.46130449895657527,-0.27951924638622705,-0.14509125699146305,-0.19317863298325968,-0.30794402564368595,-0.14009844755774328,-0.21910371178651994,10s
2025-09-02 18:21:10,-0.35143339356747116,-0.4707506289556153,-0.41334250343878953,-0.3769634781533359,-0.4845953459222661,0.622051694068097,-0.8855032629553409,-1.0040654532727127,0.1579940086541662,0.8986083499005965,-0.12328284607256076,B,1756837270,0.6334661354581673,-0.746528028629496,-0.22518370116020217,-0.4707414712754435,-0.35382771502019006,0.2389240506329114,-0.33454397986629214,-0.3845210518474301,0.2263105923929587,-0.36056485933506427,10s
2025-09-02 18:21:20,-0.41677252369110024,-0.4792514549869203,-0.515818431911967,-0.44236333512916015,-0.49659661659336146,0.6086549031033842,-0.7589593190422627,-0.8458554597492635,-0.1855098191501165,0.7615260816056044,-0.43747798520605846,B,1756837280,0.6361221779548473,-0.7497317753265758,-0.21360352416629305,-0.4792480480097501,-0.3924380996118799,0.08945392993818074,-0.35143339356747116,-0.42420110566022706,0.08274643443140224,-0.3769634781533359,10s
2025-09-02 18:21:30,-0.4242153161695859,-0.5740612791733176,-0.5538743695552499,-0.44601040092889693,-0.5804659864125393,0.9394711033691794,-0.7166607297749339,-0.7514744721726765,0.2503051148341285,0.919057086055098,-0.017611835153222965,B,1756837290,0.6387782204515272,-0.7527188342022492,-0.20197284376990152,-0.5740492132936316,-0.426612826443689,0.2680674124227259,-0.41677252369110024,-0.4576954414011389,0.2636701784083569,-0.44236333512916015,10s
2025-09-02 18:21:40,-0.3892437335623423,-0.5288953240276754,-0.28243924805135256,-0.4142146366136822,-0.5401402802446166,0.5570821419949561,-0.6938617884615921,-0.7460983346885989,0.2272273382891379,0.9232225693458298,-0.09510390982740402,B,1756837300,0.6414342629482072,-0.7554882953694463,-0.1902952027889452,-0.5288842312420244,-0.41368669246666256,0.39891816308507505,-0.4242153161695859,-0.444040640856127,0.3675108210645106,-0.44601040092889693,10s
2025-09-02 18:21:50,-0.4968302530430167,-0.616253215599447,-0.6082072443833104,-0.5174555887634288,-0.6225863985142299,0.4310254044133476,-0.619070664921205,-0.6842949333622108,0.004881837346055697,0.8849758591309287,-0.25149700598802394,B,1756837310,0.6440903054448871,-0.7580393152234671,-0.17857415834599075,-0.616244059154076,-0.44778301120675656,-0.04088166028848984,-0.3892437335623423,-0.4786983636366318,-0.028120661365644326,-0.4142146366136822,10s
2025-09-02 18:22:00,-0.4961861652323785,-0.5929885418706746,-0.48991288399816596,-0.5274338310459771,-0.6139580254469059,0.679503750971245,-0.5752460856604829,-0.5682974875390043,-0.11627648951514478,0.7592539998106599,-0.3381472349418809,B,1756837320,0.646746347941567,-0.7603711166989522,-0.1668132807847192,-0.5929816828335008,-0.497997793372276,0.2930158963791581,-0.4968302530430167,-0.5336204594837924,0.24512105485889926,-0.5174555887634288,10s
2025-09-02 18:22:10,-0.5319211111707489,-0.6272529280336882,-0.2585969738651995,-0.5711722660817306,-0.6580358917007113,0.4773535325439897,-0.51040812134784,-0.5514834918845063,-0.1726395206923333,0.7247940925873332,-0.30855935188446637,B,1756837330,0.649402390438247,-0.7624829895065829,-0.15501615258236706,-0.6272462827516545,-0.5144746937883989,0.18078451574919047,-0.4961861652323785,-0.5596781656444825,0.14621021449094596,-0.5274338310459771,10s
2025-09-02 18:22:20,-0.5546788804799647,-0.6774767460368041,-0.41815680880330125,-0.57139729348794,-0.6782685710315122,0.2965468961791916,-0.3397574028613268,-0.3483764430304145,-0.05014978364584489,0.6907128656631639,-0.057766819302571326,B,1756837340,0.6520584329349269,-0.7643742903494443,-0.14318636725846554,-0.677467294448772,-0.5419399282005903,0.22081984103620841,-0.5319211111707489,-0.5810046333880279,0.2736960895679741,-0.5711722660817306,10s
2025-09-02 18:22:30,-0.6836634283362854,-0.7666565083254478,-0.6088950022925264,-0.700625870143982,-0.770061683697119,0.37235495985445044,-0.47220911865966625,-0.4983147473713111,-0.500610229668257,0.5244722143330494,-0.6297992250792532,B,1756837350,0.6547144754316069,-0.766044443118978,-0.13132752828022204,-0.7666517503616659,-0.6131904812576658,-0.10689579040329703,-0.5546788804799647,-0.643801964580126,-0.10425937887460929,-0.57139729348794,10s
2025-09-02 18:22:40,-0.6784153054347891,-0.7815678225908121,-0.5910132966529115,-0.7010374067517344,-0.7905581555927849,0.3985851887842591,-0.3930017370490419,-0.4230668745618224,-0.3683568179296572,0.6221717315156678,-0.7044734061289186,B,1756837360,0.6573705179282868,-0.7674929390704713,-0.11944324796486842,-0.7815607364777052,-0.671290877218529,0.30721960553429495,-0.6836634283362854,-0.706689770503959,0.27314965365169164,-0.700625870143982,10s
2025-09-02 18:22:50,-0.7348803368340698,-0.8523567298334941,-0.5983493810178817,-0.7533390468670256,-0.8546712678391317,0.3365524223877903,-0.2667542637595445,-0.276982717296944,-0.3901031842893598,0.5994509135662217,-0.6157097569566748,B,1756837370,0.6600265604249668,-0.7687193369780257,-0.1075371463793138,-0.8523482574235042,-0.6953397590631353,0.11683102737709744,-0.6784153054347891,-0.7322606832710746,0.12112167850858632,-0.7010374067517344,10s
2025-09-02 18:23:00,-0.7613356472784308,-0.884596734394763,-0.4793672627235213,-0.7794645260005484,-0.8859616817932202,0.7525356129579635,-0.046683060431520394,0.06079992743051421,-0.40829912348829467,0.5093250023667518,-0.6086650228953857,B,1756837380,0.6626826029216467,-0.7697232632689579,-0.09561285023743932,-0.8845877183290624,-0.7342749771776448,0.20941271710332646,-0.7348803368340698,-0.7703053079656609,0.1978127714546629,-0.7533390468670256,10s
2025-09-02 18:23:10,-0.8231680770996964,-0.9797993487784793,-0.5639614855570839,-0.83974957085145,-0.9759986465517565,1.3076188100277908,0.23938348380336727,0.537063215788609,-0.29867968489958946,0.5214427719397898,-0.44029587883057414,B,1756837390,0.6653386454183267,-0.7705044121375946,-0.08367399179536242,-0.9797868404285237,-0.7757304553829956,0.10027229908743009,-0.7613356472784308,-0.812222644546906,0.09773184548336562,-0.7794645260005484,10s
2025-09-02 18:23:20,-0.8896283971159179,-1.0716303127576141,-0.6061439706556625,-0.9078740839889453,-1.0673396787518536,1.6885504435085072,0.8796837856996833,1.4684259306107872,-0.24098524353711306,0.5536305973681719,-0.3846424797463896,B,1756837400,0.6679946879150066,-0.771062545638423,-0.0717242077450189,-1.0716152373813135,-0.8359702721320841,0.08599499558433912,-0.8231680770996964,-0.8745135139254872,0.0747637184370151,-0.83974957085145,10s
2025-09-02 18:23:30,-0.9617900870114922,-1.1493299932430583,-0.6327372764786795,-0.9768601885466118,-1.140904421257285,2.177056225617685,1.803116006951967,2.806716111351775,-0.4091867302784866,0.532803180914513,-0.5262416343783022,B,1756837410,0.6706507304116865,-0.7713974937585723,-0.05976713810639067,-1.1493145471907669,-0.9010601894115473,0.06840594642331468,-0.8896283971159179,-0.9410252262237077,0.07223942208462332,-0.9078740839889453,10s
2025-09-02 18:23:40,-1.0592620423547374,-1.1755066813181696,-0.6441999082989455,-1.0632180034088612,-1.1628872221074207,2.455144370539047,2.0506326783340243,3.1889183340249074,-1.6296460667924109,-0.1416264318848812,-1.6660796054948925,B,1756837420,0.6733067729083665,-0.7715091544695999,-0.047806425118719735,-1.1755026957585386,-0.980711609438094,-0.009677656755961142,-0.9617900870114922,-1.0163818269700258,0.021343668099576066,-0.9768601885466118,10s
2025-09-02 18:23:50,36.54122460176885,28.218309751920092,7.4325997248968365,31.35539784490645,23.613355912512546,0.5788647738618455,-3.399753791162916,-3.4698144606294092,2.965494286031288,2.5155732273028497,3.1194082423388516,B,1756837430,0.6759628154050464,-0.7713974937585723,-0.03584571213104881,28.218682241696,16.628816093820884,116.29066087724463,-1.0592620423547374,14.66784365769672,95.254634682347,-1.0632180034088612,10s
2025-09-02 18:24:00,20.044943016120087,6.971468293374917,1.6549747822099954,18.512856717853644,6.238204940526922,2.2610254898556104,-2.6716998192051418,-2.687949826398749,11.016087873072228,6.55381993751775,8.641070799577315,B,1756837440,0.6786188579017264,-0.7710625456384231,-0.023888642492420564,6.971817167613176,26.53828835135786,-50.60093464821902,36.54122460176885,24.164104936920918,-37.35180821287243,31.35539784490645,10s
2025-09-02 18:24:10,8.767466409031542,3.480944037838058,1.779917469050894,8.417217029303737,3.2512006959491604,2.5335959606136678,-2.3232160754870677,-2.328558367645134,7.668035060468212,5.159897756319228,5.658330398027474,B,1756837450,0.6812749003984063,-0.7705044121375946,-0.01193885844207705,3.4811262738440223,13.497129703785431,-34.50062555195761,20.044943016120087,13.036901889495933,-29.30391785642693,18.512856717853644,10s
2025-09-02 18:24:20,4.2561322526971175,1.9352399456945424,-0.20563961485557083,4.027305352560675,1.7673593019497311,1.779528781201302,-2.107784753874651,-2.1547965887953366,4.970598025074892,3.8807157057654074,3.585065163790067,B,1756837460,0.6839309428950863,-0.7697232632689579,-1.616854407432225e-16,1.9353434717624007,6.083499017098565,-13.626692670002944,8.767466409031542,6.010029419039129,-12.587237454618348,8.417217029303737,10s
2025-09-02 18:24:30,2.381932144156394,1.1944172418930061,0.3402109124254929,2.2018161333500244,1.0490347589637026,1.1479603435775645,-1.850293476458272,-1.9346108027843898,3.2979030289581717,2.8336646785950963,2.3092638252905955,B,1756837470,0.6865869853917662,-0.7687193369780257,0.01192429614187432,1.1944815722162951,3.085173589914479,-5.490984692375625,4.2561322526971175,2.9949678347577366,-5.073975247046945,4.027305352560675,10s
2025-09-02 18:24:40,1.5745800010734796,0.8462598222501994,-0.05456212746446584,1.4534276894196068,0.7394444434580018,0.5391743107133674,-1.6231803573568457,-1.7224209920259286,2.3592588483301897,2.208463504686169,1.6836914406481156,B,1756837480,0.6892430278884463,-0.7674929390704714,0.023830397727428957,0.8463043135662925,1.8260516485301284,-2.199698263173388,2.381932144156394,1.7463919512891912,-1.9182781329116274,2.2018161333500244,10s
2025-09-02 18:24:50,1.028727509109668,0.5593869611511296,-0.004355800091701055,0.9091066665382727,0.4496822099468058,0.6416143368798723,-1.4190945690553074,-1.4997942579436168,1.7228447797625652,1.7290542459528544,1.2166255723846424,B,1756837490,0.6918990703851262,-0.766044443118978,0.035714678042782555,0.5594182857874868,1.19065487558316,-1.3929570209007949,1.5745800010734796,1.1193047016866162,-1.3204000267278437,1.4534276894196068,10s
2025-09-02 18:25:00,0.7820180225311458,0.3727866244123718,-0.4335167354424576,0.7285191321443034,0.32556988943919035,0.35327524176959085,-1.3819287260247768,-1.512649653293008,1.5719516254299346,1.6597557512070436,0.9552659387108137,B,1756837500,0.6945551128818062,-0.7643742903494444,0.047573517021026065,0.37281485426844785,0.8185076699915431,-0.47008389755666763,1.028727509109668,0.7676549883784224,-0.25473119956047546,0.9091066665382727,10s
2025-09-02 18:25:10,0.656015362687039,0.29408491282655,-0.3901879871618524,0.5707505931043291,0.21707219536802322,0.2656347800149999,-1.259921119255963,-1.3786143908075355,1.422833684677688,1.5874278140679732,0.9313138429024305,B,1756837510,0.6972111553784861,-0.762482989506583,0.05940330234492755,0.2941104323203165,0.643500809283518,-0.09769649690903738,0.7820180225311458,0.6035200571170916,-0.18787595310748306,0.7285191321443034,10s
2025-09-02 18:25:20,0.42884320636454176,0.15705199326416508,0.26639156350298027,0.37464022222976817,0.10887206811011416,0.4793341017319789,-1.288584819209327,-1.419093012979664,1.1019638300232997,1.3022815488024235,0.7580133849947165,B,1756837520,0.699867197875166,-0.7603711166989522,0.07120043054727968,0.1570719345620983,0.4776676953061556,-0.4098101265822785,0.656015362687039,0.4318550712808124,-0.30021011054933144,0.5707505931043291,10s
2025-09-02 18:25:30,0.40451100018487707,0.17073691365626478,-0.06166895919303072,0.34943918000824087,0.11970287042861945,0.3800284806484033,-1.2783735257824944,-1.430495675760704,0.9608343503827804,1.2451008236296506,0.43677351179992957,B,1756837530,0.702523240371846,-0.7580393152234671,0.08296130810855123,0.17075412680927685,0.35957390802730843,0.21596261407123932,0.42884320636454176,0.32449795128820774,0.20052119295275853,0.37464022222976817,10s
2025-09-02 18:25:40,0.174857913036218,-0.0611759249987553,-0.5073360843649702,0.1277101484826108,-0.09933510648117252,0.3189413911196069,-1.192086495180207,-1.319480972383559,0.93553755686231,1.2337404146549276,0.5318774216273335,B,1756837540,0.7051792828685259,-0.7554882953694464,0.09468235255150569,-0.0611579488189792,0.24031520052869457,-0.4174639387695025,0.40451100018487707,0.20471334015499698,-0.3752678352673898,0.34943918000824087,10s
2025-09-02 18:25:50,0.09849772481944669,0.005568625575678737,-0.1609353507565337,0.04666379131647621,-0.04635658385247351,0.025809987566262318,-1.085600394530352,-1.2557661464795826,0.35726173305225783,0.9762378112278709,-0.0753786544557943,B,1756837550,0.7078353253652059,-0.7527188342022492,0.10635999353246202,0.005574958498907292,0.09662677188285831,0.05545334118339711,0.174857913036218,0.057838430814120156,0.03690521267196769,0.1277101484826108,10s
2025-09-02 18:26:00,0.06295361971385803,-0.0928505422833189,-0.14534617148097204,0.003371356545281951,-0.14791075638759393,-0.07487178504213991,-1.0089339078543855,-1.1941421159048597,0.5782758238100522,1.0035027927672062,0.22331806974286722,B,1756837560,0.7104913678618858,-0.749731775326576,0.11799067392885358,-0.09283869379828177,0.04408214927780547,0.18137327053282307,0.09849772481944669,-0.00247772920224397,0.1475169090733605,0.04666379131647621,10s
2025-09-02 18:26:10,0.032466796676983996,-0.22793410871437014,-0.4988537368179734,-0.008113150267118681,-0.2548762596543753,0.002158434701215711,-0.8219126103052466,-0.961908328481561,1.0216354155109286,1.1845119757644609,0.7699894328989081,B,1756837570,0.7131474103585658,-0.7465280286294962,0.1295708509227627,-0.22791394351224464,0.013077349582476912,0.19697527229908743,0.06295361971385803,-0.029049764544427766,0.24070799088283554,0.003371356545281951,10s
2025-09-02 18:26:20,-0.0030295982204092344,-0.22388446360974534,-0.343191196698762,-0.046304963830899,-0.2556073051446683,-0.037778314605832704,-0.8389073144623902,-0.9622969547570939,0.8321313658049484,1.2288175707658808,0.2839027826699542,B,1756837580,0.7158034528552457,-0.7431085700032889,0.14109699708009787,-0.22386720268961907,-0.017905047800933056,0.18152045922873122,0.032466796676983996,-0.05314751265785751,0.1624607434795198,-0.008113150267118681,10s
2025-09-02 18:26:30,0.05830187441480448,-0.13887352584788765,-0.3326455754241174,0.03137003678995364,-0.1562723611807647,0.026088651548045034,-0.9364288803090084,-1.1068351664978218,0.7460335071563298,1.1243018081984284,0.08242338851708347,B,1756837590,0.7184594953519257,-0.7394744410481776,0.15256560142508216,-0.13885827936959022,-0.005774195897016572,0.48023991757433027,-0.0030295982204092344,-0.03399440531794738,0.5019281169491652,-0.046304963830899,10s
2025-09-02 18:26:40,-0.11715241622385629,-0.32331245900904776,-0.5162769371847776,-0.15295376345666423,-0.3461207067014586,0.014382547314311602,-0.8999088201044835,-1.0570552074856947,0.7278375679573948,1.1485373473445044,0.12257837266643185,B,1756837600,0.7211155378486056,-0.7356267487550459,0.1639731705097338,-0.3232960877880598,-0.059360526006283845,-0.2502575802178393,0.05830187441480448,-0.08572923371344193,-0.26567773644861203,0.03137003678995364,10s
2025-09-02 18:26:50,-0.07755294342165686,-0.2733326660856314,-0.03736817973406694,-0.1289042128272717,-0.31403644790066115,-0.0605817773558748,-0.7632992176349203,-0.8952823582732202,0.693664706535005,1.0690144845214429,0.22050017611835154,B,1756837610,0.7237715803452855,-0.7315666651682399,0.17531622947800204,-0.27331722211951115,-0.12315110919446887,0.413195466588166,-0.11715241622385629,-0.1634775143247561,0.3448159119763013,-0.15295376345666423,10s
2025-09-02 18:27:00,-0.11722398153614944,-0.2994455372237494,-0.47157267308574047,-0.16553908001295428,-0.337334071327148,-0.08526978032355448,-0.8139310777783275,-0.9799625265719368,0.6146677022079219,1.0667424027264982,0.14934836209933075,B,1756837620,0.7264276228419655,-0.727295427028551,0.18659132312424237,-0.2994311205207221,-0.12318471266234675,0.16864144833676772,-0.07755294342165686,-0.16958259187487737,0.16702229547631245,-0.1289042128272717,10s
2025-09-02 18:27:10,-0.12621735578098628,-0.24238298702589506,0.023154516276937185,-0.15969647654722813,-0.2687079810203123,-0.24664545772728458,-0.8607694012857919,-1.061543970102146,0.3173194274936203,0.9023951528921708,-0.1507573089115886,B,1756837630,0.7290836653386454,-0.722814335396493,0.19779501694570598,-0.24237429306851782,-0.14603507081930855,0.26328377980571094,-0.11722398153614944,-0.18451977340013384,0.29147307540964135,-0.16553908001295428,10s
2025-09-02 18:27:20,-0.34224917848985265,-0.4163390247994103,-0.5568546538285191,-0.369728137497827,-0.4358339857843611,-0.01736954997329278,-0.7270267945331611,-0.8968442666377376,-0.04704315988017308,0.7312316576730096,-0.48256428319830924,B,1756837640,0.7317397078353254,-0.7181247552559862,0.20892389818872273,-0.416334307948353,-0.2516955749833383,-0.37544156608772444,-0.12621735578098628,-0.28357091965106257,-0.3409968000831533,-0.15969647654722813,10s
2025-09-02 18:27:30,-0.27347491337615326,-0.4329639761186028,-0.39637780834479597,-0.29542449342225635,-0.4412129663832356,0.13483151987302766,-0.7519553824858782,-0.9170832221290186,0.419394208365694,0.8925494651140774,-0.08383233532934131,B,1756837650,0.7343957503320053,-0.7132281150985708,0.21997457688825692,-0.4329512186172052,-0.3208403107200663,0.5032013541360023,-0.34224917848985265,-0.34941193882924715,0.49205069381027683,-0.369728137497827,10s
2025-09-02 18:27:40,-0.23735828577221954,-0.3762323817761845,-0.30880330123796423,-0.2675474496133735,-0.3956191907099161,0.09062302190684199,-0.8801785366870317,-1.0721632473073854,0.34394763119937866,0.8978509893022816,-0.18598097921803453,B,1756837660,0.7370517928286853,-0.7081259064882732,0.23094368690052702,-0.3762215077142291,-0.2715888279670462,0.40245069178687076,-0.27347491337615326,-0.29984457031140516,0.3560297273017499,-0.29542449342225635,10s
2025-09-02 18:27:50,-0.20198116639531485,-0.34298231972271853,-0.22168729940394313,-0.21660611030498816,-0.34539444756266097,0.056768260584333326,-0.7969263877795928,-0.9821398274345976,0.3776766892266726,0.8989870301997539,-0.059175766114829165,B,1756837670,0.7397078353253652,-0.7028196836072625,0.2418278869283631,-0.3429713003329875,-0.23801896355703908,0.40016926700029437,-0.23735828577221954,-0.2616101453643747,0.42360365577507036,-0.2675474496133735,10s
2025-09-02 18:28:00,-0.3073491611949022,-0.41392287560150964,-0.5162769371847776,-0.33947107409534166,-0.43691045661168,0.07964366214325248,-0.7538605526668365,-0.9083911656600627,0.13669144568955952,0.7232793713907034,-0.23881648467770342,B,1756837680,0.7423638778220452,-0.6973110627824307,0.252623861538999,-0.41391494723810435,-0.2708831551416106,-0.03403738592876067,-0.20198116639531485,-0.29649995550019986,-0.08561522299188513,-0.21660611030498816,10s
2025-09-02 18:28:10,-0.3233320809403682,-0.44586238162046865,-0.3528198074277854,-0.35279229108815446,-0.46438293185512347,0.057162237929607874,-0.7170392674814546,-0.8905531097231986,0.19882392100299567,0.7861403010508379,-0.17118703768932722,B,1756837690,0.7450199203187251,-0.6916017219930436,0.2633283221739866,-0.44585293272167986,-0.3278634355065443,0.24172063585516632,-0.3073491611949022,-0.36256322782373357,0.2353267850116192,-0.33947107409534166,10s
2025-09-02 18:28:20,-0.45847124565389824,-0.5595871168155342,-0.4768454837230628,-0.49025970899496374,-0.5811038721642646,-0.0835471368841599,-0.4932591361850972,-0.6096246899627942,-0.04659935648507711,0.6501940736533182,-0.2381120112715745,B,1756837700,0.747675962815405,-0.6856934003596146,0.27393800815091773,-0.5595797712999138,-0.3988227585086781,-0.12588313217544891,-0.3233320809403682,-0.435710081589523,-0.12839759152430377,-0.35279229108815446,10s
2025-09-02 18:28:30,-0.3909374459532798,-0.5234372535049807,-0.30994956441999083,-0.421494577295647,-0.5416224056420033,-0.019373951325601373,-0.4547064692088471,-0.5422260471588928,0.18817263952069233,0.812269241692701,-0.2691088411412469,B,1756837710,0.750332005312085,-0.6795878976141476,0.28444968765666656,-0.5234268302057061,-0.43056683449732014,0.49937444804239034,-0.45847124565389824,-0.46903723576092443,0.4758239229050196,-0.49025970899496374,10s
2025-09-02 18:28:40,-0.42881935126044407,-0.564119074782606,-0.026593305823016965,-0.4531038324093188,-0.5743755656958132,-0.04666498604132817,-0.5311137371899722,-0.6367903004399593,0.16642627316098968,0.8065890372053394,-0.2958788305741458,B,1756837720,0.7529880478087649,-0.6732870735519244,0.2948601587318268,-0.5641083696952757,-0.41664379763991644,0.1741610244333235,-0.3909374459532798,-0.45101309572570814,0.18174636761179291,-0.421494577295647,10s
2025-09-02 18:28:50,-0.49372908951031436,-0.6425248578675661,-0.3615314076111875,-0.5151850419620363,-0.6476934690713362,-0.009804782071511071,-0.4746520804092636,-0.5878807351122847,0.17530234106290912,0.7668276057938086,-0.3198309263825291,B,1756837730,0.7556440903054449,-0.6667928474649919,0.3051662502460605,-0.6425128466451714,-0.46490957866851856,0.09077862820135414,-0.42881935126044407,-0.49646189710761135,0.09246943002873244,-0.4531038324093188,10s
2025-09-02 18:29:00,-0.5136003912237072,-0.6367906932138819,-0.5378266850068776,-0.5425633763841846,-0.6526121312392136,-0.3803462612341544,-0.42891428757987804,-0.578419454606118,0.00532564074115167,0.6888194641673767,-0.44945403311025006,B,1756837740,0.7583001328021248,-0.6601071975575269,0.31536482286405493,-0.636781170843025,-0.504718486947853,0.22972475713865176,-0.49372908951031436,-0.539858298868525,0.1941421475822438,-0.5151850419620363,10s
2025-09-02 18:29:10,-0.5693020592918613,-0.7000321904307989,-0.547455295735901,-0.5947717618987042,-0.7105871330905608,-0.12512833389233657,-0.30370682408002747,-0.3704677799418972,-0.023077776544990568,0.6607971220297264,-0.37689327227897146,B,1756837750,0.7609561752988048,-0.6532321603432564,0.3254527700017955,-0.7000219504848902,-0.5402037490268996,0.11918604651162791,-0.5136003912237072,-0.5784654403734639,0.12139489646672755,-0.5425633763841846,10s
2025-09-02 18:29:20,-0.58588135663977,-0.7268172875033506,-0.4793672627235213,-0.6104648893894002,-0.735308225367025,-0.19417581489648805,-0.3649415448561249,-0.47315984597615923,0.016864529013646955,0.7054813973303039,-0.3628038041563931,B,1756837760,0.7636122177954847,-0.6461698300251164,0.3354270187728588,-0.7268060379494345,-0.5741432515835634,0.2398807771563144,-0.5693020592918613,-0.611404143251003,0.22837754564150536,-0.5947717618987042,10s
2025-09-02 18:29:30,-0.7132914676256419,-0.7912336133063056,-0.5804676753782668,-0.7416072126351875,-0.8103178349231891,-0.12498712119550003,-0.3284668693951366,-0.4066936736154351,-0.5938089426384112,0.3529300388147307,-0.8862275449101796,B,1756837770,0.7662682602921647,-0.638922357857336,0.345284530924447,-0.791229631169886,-0.641753428953868,-0.10203856343832794,-0.58588135663977,-0.6826333260724083,-0.1098662865373336,-0.6104648893894002,10s
2025-09-02 18:29:40,-0.7197800559402191,-0.8721460070406685,-0.6237964236588721,-0.7509428090819845,-0.8868350178804358,-0.2688680236106573,-0.08887020241194639,-0.14069625521389187,-0.11538888272495285,0.615355486130834,-0.4536808735470236,B,1756837780,0.7689243027888446,-0.6314919514901451,0.35502230376286686,-0.8721337250513069,-0.7046255173533909,0.271011186340889,-0.7132914676256419,-0.7507785006468451,0.24700388296174206,-0.7416072126351875,10s
2025-09-02 18:29:50,-0.7072561262889211,-0.8547775591672356,-0.3081155433287483,-0.7343292992271525,-0.8650005565274825,0.29794797588882777,-0.06314896040254937,-0.042506589408295666,-0.12781537778764007,0.5589321215563761,-0.4973582247270166,B,1756837790,0.7715803452855245,-0.6238808742973032,0.3646373710681799,-0.8547657604788484,-0.7017916248956892,0.3296658816602885,-0.7197800559402191,-0.7472480192671842,0.32302974957495306,-0.7509428090819845,10s
2025-09-02 18:30:00,-0.8105248719279099,-0.9918094322328864,-0.6130215497478221,-0.8321574299842937,-0.9916681699604922,0.49580067422283575,0.22729795229651156,0.3633463905304019,-0.05902585154776434,0.552873236769857,-0.45156745332863685,B,1756837800,0.7742363877822045,-0.6160914446866531,0.3741268039977421,-0.9917942962735947,-0.7444008221648474,-0.027561083308801883,-0.7072561262889211,-0.7866448478328105,-0.012262140751794848,-0.7343292992271525,10s
2025-09-02 18:30:10,-0.8664889461411387,-1.0477999420732131,-0.5405777166437414,-0.892807384142562,-1.0535020450213863,0.9484149537434929,0.8002404457291902,1.2142254153428529,-0.18684122933540442,0.5494651140774401,-0.5044029587883058,B,1756837810,0.7768924302788844,-0.6081260353939129,0.38348771197835596,-1.0477848875690678,-0.8191685381931415,0.11837650868413306,-0.8105248719279099,-0.8635218174406764,0.09666273173411735,-0.8321574299842937,10s
2025-09-02 18:30:20,-0.9636030749229182,-1.1491475428031,-0.6462631820265933,-0.9796436356522475,-1.1422637410757777,1.9462211977267934,1.6489040096818,2.5558039273238604,-0.43803395095972486,0.48319606172488877,-0.5847129270870025,B,1756837820,0.7795484727755644,-0.5999870727599151,0.39271724358677,-1.1491323320382136,-0.8910463559839376,-0.008573741536649986,-0.8664889461411387,-0.9350666784021572,0.01994194118389499,-0.892807384142562,10s
2025-09-02 18:30:30,-0.9298958128328533,-1.1316318302406796,-0.4213663457129757,-0.9433635414042825,-1.1192484192728882,2.312458356570674,2.0605501968541313,3.171623979570535,-0.14601131698657493,0.5566600397614314,-0.14934836209933075,B,1756837830,0.7822045152722443,-0.5916770359915224,0.40181258741824766,-1.1316147477399587,-0.9208190285237436,0.39501766264350896,-0.9636030749229182,-0.9595912312283371,0.38064904113860615,-0.9796436356522475,10s
2025-09-02 18:30:40,22.157264773764158,43.698235919770994,7.887666208161394,19.781735579620424,38.23686526926531,0.5188723754667152,-3.325985583552874,-3.370239501911221,-1.9829135692888051,-0.15071475906465967,-1.4575554772807326,B,1756837840,0.7848605577689243,-0.5831984564064352,0.4107709729429495,43.695299638576586,9.935576551500114,71.51622755372388,-0.9298958128328533,9.111655653171017,60.99489052720672,-0.9433635414042825,10s
2025-09-02 18:30:50,31.52759737355304,10.583880437268508,0.5761118752865658,27.72376973614523,8.992738160418421,1.7975365765894344,-2.910395252941989,-2.9224968332708317,12.35814933984245,7.353971409637413,10.392391687213808,B,1756837850,0.7875166002656042,-0.5745539166621292,0.41958967134986264,10.584390255251883,25.175981361276484,29.1990359140418,22.157264773764158,23.017946449776442,23.542980600040092,19.781735579620424,10s
2025-09-02 18:31:00,10.12723119770514,4.013356163031035,0.18225584594222832,9.599440066940586,3.691516115964865,2.894184436582359,-2.4061805554477496,-2.3668644759127724,8.024852990125375,5.409826753763135,6.24797463895738,B,1756837860,0.7901726427622842,-0.5657460499691515,0.4282659963780243,4.013559825486151,19.527283215627854,-65.73031351192229,31.52759737355304,18.07856304490743,-52.826427897929335,27.72376973614523,10s
2025-09-02 18:31:10,4.909070306955552,2.2323204350622023,0.33723062815222377,4.6290468822300825,2.031664050350085,2.1735745625003244,-2.165341071397646,-2.161521347111226,5.289692666148896,4.1329167850042605,3.9612539626629095,B,1756837870,0.7928286852589641,-0.5567775392890213,0.4367973051347805,2.232435356999565,7.028562947696202,-15.807293199882249,10.12723119770514,6.875422194926826,-14.287936090755878,9.599440066940586,10s
2025-09-02 18:31:20,2.719791983492268,1.4062949241607514,-0.23085740486015588,2.5072046781373203,1.2346872752755396,1.5147477701333327,-1.9140874634615055,-1.9258562257196192,3.4257184067458115,3.0623875792861877,2.6185276505811905,B,1756837880,0.795484727755644,-0.5476511165169714,0.44518099890083973,1.406364365839156,3.5504024015278377,-6.463018840153076,4.909070306955552,3.4350123443920664,-5.942232220415618,4.6290468822300825,10s
2025-09-02 18:31:30,1.7756785286171792,0.9866493438996916,-0.14236588720770288,1.6429717200354976,0.868629447207145,1.187685112673229,-1.831808637153086,-1.883004710569771,2.45068234771996,2.430748840291584,1.8893976752377597,B,1756837890,0.798140770252324,-0.5383695616497878,0.4534145239218662,0.986696604756245,2.0791193651184803,-2.6216146599941124,2.719791983492268,1.9864814032630893,-2.257680171652152,2.5072046781373203,10s
2025-09-02 18:31:40,0.980921880497856,0.519232144421464,-0.36634571297569923,0.8859045164115427,0.4324759337829406,0.9664943949455012,-1.4930836063876727,-1.5726095794685366,1.70908687451459,1.850231941683234,1.194082423388517,B,1756837900,0.8007968127490039,-0.5289357019389954,0.46149537218637854,0.51926311967148,1.2626335037775898,-2.1608404474536353,1.7756785286171792,1.1999963613423106,-1.943705221581249,1.6429717200354976,10s
2025-09-02 18:31:50,0.9443758610201636,0.49763404191259053,0.12425492893168272,0.8788719031490153,0.4376491860326336,0.9071054757428749,-1.4259097731211297,-1.5027298616525198,1.6673693553755686,1.775631922749219,1.1821063754843255,B,1756837910,0.8034528552456839,-0.5193524110296496,0.46942108218971484,0.49766419684247504,0.8722956209080777,0.17828230791875185,0.980921880497856,0.829335153317792,0.25375117862366453,0.8859045164115427,10s
2025-09-02 18:32:00,0.7769845955665289,0.4742710360208913,0.12815222375057314,0.7326973437136516,0.4300275296466895,1.0569303211943017,-1.4295984703144096,-1.4891214217507618,1.2142460889825808,1.5654643567168418,0.7594223318069743,B,1756837920,0.8061088977423638,-0.5096226080849976,0.4771892396838292,0.4742922312603926,0.7765369386120647,-0.2253826906093612,0.9443758610201636,0.7550150783024383,-0.15390783348553355,0.8788719031490153,10s
2025-09-02 18:32:10,0.3845681331591911,0.16841423713126752,-0.3317285648784961,0.32952121364781084,0.11663885698890754,0.8591678100041336,-1.428784458716191,-1.5196838070903687,0.8947076445134805,1.3924074600018934,0.6777034166960197,B,1756837930,0.8087649402390438,-0.4997492568972707,0.4847974784126976,0.16843016747494655,0.513679411715289,-0.9195981748601707,0.7769845955665289,0.48852765650284674,-0.9068727680394384,0.7326973437136516,10s
2025-09-02 18:32:20,0.5293686150322938,0.265073842585497,0.02544704264099037,0.49446224785146975,0.23345604268980677,0.7664905619367354,-1.3475571882782384,-1.4425124184433782,1.080661267058693,1.4844267726971505,0.7981683691440649,B,1756837940,0.8114209827357237,-0.48973536498488596,0.4922434808331003,0.2650929749730434,0.3974114128578069,0.7377465410656462,0.3845681331591911,0.3729609380262839,0.757600730561062,0.32952121364781084,10s
2025-09-02 18:32:30,0.24358446794172198,0.021785915171930282,-0.5116918844566712,0.19088811323135807,-0.02439176027311028,0.6237905588368816,-1.2238166844118967,-1.3212701376781426,0.8907134139576168,1.4552683896620278,0.4755195491370201,B,1756837950,0.8140770252324038,-0.4795839826763266,0.4995249788205693,0.0218026337455299,0.3312125811383735,-0.5906314395054459,0.5293686150322938,0.3057106765592263,-0.6150581701821206,0.49446224785146975,10s
2025-09-02 18:32:40,0.17931881750248987,0.013607619866829868,-0.3317285648784961,0.1555324558953886,-0.004541674009419411,0.5814516939846078,-1.1893874088731093,-1.2858783937846063,0.6594918451126152,1.252295749313642,0.38675589996477633,B,1756837960,0.8167330677290837,-0.46929820218098256,0.5066397543602801,0.013620048777141734,0.16684681859167866,0.09276567559611422,0.24358446794172198,0.14129743715571044,0.1707701331195106,0.19088811323135807,10s
2025-09-02 18:32:50,0.1793426726065876,-0.020865985489907486,-0.4069234296194406,0.1467442234096416,-0.0463906430186359,0.47630882188965296,-1.0761808876775691,-1.164210615905409,0.7921890602463109,1.2935719019218026,0.5833039802747446,B,1756837970,0.8193891102257637,-0.4588811566472321,0.5135856402226814,-0.020850784659053274,0.13668210559329722,0.2911024433323521,0.17931881750248987,0.11988344494342133,0.24860755358561448,0.1555324558953886,10s
2025-09-02 18:33:00,0.02874540043774116,-0.1391208395200437,-0.47088491517652453,0.002238110418515498,-0.15718574896830556,0.559038425132858,-0.9688923933128463,-1.0379273135797005,0.613336292022634,1.19057086055098,0.3409651285663966,B,1756837980,0.8220451527224436,-0.4483360192080592,0.5203605206236519,-0.13910791512822973,0.06598040917822719,-0.1735722696496909,0.1793426726065876,0.04552108282519151,-0.14901960784313725,0.1467442234096416,10s
2025-09-02 18:33:10,0.06271506867288092,-0.15382313721987087,-0.3672627235213205,0.05474247792678804,-0.15058436291638946,0.5916772452233001,-0.8059888436529549,-0.8462878719935975,0.8299123488294685,1.2712297642715138,0.5882352941176471,B,1756837990,0.8247011952191236,-0.4376660020144799,0.5269623318689926,-0.15380637388510124,0.011217957693233941,0.39582720047100384,0.02874540043774116,0.0008914711338893268,0.42818302633435046,0.002238110418515498,10s
2025-09-02 18:33:20,-0.13752467512330108,-0.2693260665668811,-0.4337459880788629,-0.17613766811802586,-0.30013954346515864,0.5958368912822438,-0.9338405227182821,-0.9825673446444677,0.3772328858315766,1.1758023288838397,-0.13384994716449455,B,1756838000,0.8273572377158035,-0.426874355257094,0.5333890629830448,-0.26931595306323813,-0.0668540993430522,-0.3267221077421254,0.06271506867288092,-0.08563777556070977,-0.40207883229020497,0.05474247792678804,10s
2025-09-02 18:33:30,-0.0240698000345899,-0.1924682513246846,-0.0009170105456212746,-0.03822019539879772,-0.1962315697842728,0.2600607288372383,-0.8292162640994579,-0.9265348360898173,0.5938089426384112,1.1466439458487172,0.11976047904191617,B,1756838010,0.8300132802124834,-0.4159643661760448,0.539638756321254,-0.1924551752552716,-0.10760390472296741,0.6410435678539889,-0.13752467512330108,-0.13073352880464686,0.6784269179083977,-0.17613766811802586,10s
2025-09-02 18:33:40,-0.011092623405435386,-0.1419068200296989,-0.0651077487391105,-0.02498006936317751,-0.1474845338670715,0.13700076129605246,-0.7299190124336312,-0.8210755831192218,0.4442471984910685,1.1140774401211777,0.07467418104966538,B,1756838020,0.8326693227091634,-0.4049393580596934,0.5457095081664879,-0.14189697848790858,-0.04823777813870391,0.33106417427141593,-0.0240698000345899,-0.05740769241738157,0.3131463869152356,-0.03822019539879772,10s
2025-09-02 18:33:50,-0.1140035424829585,-0.20989722397642185,-0.40119211370930763,-0.12596061108118067,-0.21317960572550398,0.05371010073503789,-0.7300549888066826,-0.8260255500875436,0.24142904693220904,0.9523809523809523,-0.03170130327580134,B,1756838030,0.8353253652058433,-0.3938026892323147,0.5515994693089247,-0.20989040158301117,-0.09046613610524606,-0.026457168089490727,-0.011092623405435386,-0.0999701531727374,-0.02149809564113415,-0.02498006936317751,10s
2025-09-02 18:34:00,-0.22693360528152004,-0.3652172812446503,-0.5385144429160935,-0.25468439652869884,-0.3820674175548707,0.47312469136076124,-0.8645928924046592,-0.9448922364174598,0.3483856651503384,1.0519738710593582,0.041563930961606196,B,1756838040,0.8379814077025233,-0.3825577520311164,0.5573068456093435,-0.365206472970557,-0.19181419522494722,-0.05736679423020312,-0.1140035424829585,-0.2113986360934191,-0.10278043818814916,-0.12596061108118067,10s
2025-09-02 18:34:10,-0.3027689812081418,-0.3426628614171793,-0.5802384227418615,-0.316802097012153,-0.3484668597045706,0.7687245512016988,-0.9256426521758216,-1.020500211800101,-0.15399977809830245,0.7263088137839628,-0.3522367030644593,B,1756838050,0.8406374501992032,-0.3712079717729021,0.5628298985456348,-0.342661614007548,-0.28044894233084855,0.05707241683838681,-0.22693360528152004,-0.3039749384993094,0.09236251865380761,-0.25468439652869884,10s
2025-09-02 18:34:20,-0.32514506885179423,-0.4256409936997365,-0.4298486932599725,-0.34454939528952766,-0.4339502958495507,0.5228146137757864,-0.8854676242574736,-0.9943919647187728,0.09186730278486631,0.9039098740888005,-0.14089468122578372,B,1756838060,0.8432934926958832,-0.3597568057106862,0.568166945742371,-0.42563364967684403,-0.32656410141526604,0.22199735060347364,-0.3027689812081418,-0.347568024459647,0.1930611547913372,-0.316802097012153,10s
2025-09-02 18:34:30,-0.3198730908462002,-0.48170772454070204,-0.5437872535534158,-0.3443304497051077,-0.4918347829991702,0.48937550604395247,-0.8829139702245072,-0.998727984607272,0.39942305558637525,1.0129698002461422,0.06974286720676294,B,1756838070,0.8459495351925631,-0.3482077419805806,0.5733163614832752,-0.48169469252146613,-0.3345953302380806,0.30729319988224907,-0.32514506885179423,-0.36092189817954023,0.27499684462955953,-0.34454939528952766,10s
2025-09-02 18:34:40,-0.335378908509712,-0.432285602942088,-0.5747363594681338,-0.3473531151344615,-0.43191734289578276,0.41361574410507645,-0.7848683931769265,-0.8902494216853332,0.06523909907910795,0.9145129224652088,-0.27404015498414935,B,1756838080,0.848605577689243,-0.33656429853927694,0.5782765772064286,-0.4322786099544041,-0.33940062614461813,0.24319252281424786,-0.3198730908462002,-0.3622819694185572,0.2654995508237373,-0.3443304497051077,10s
2025-09-02 18:34:50,-0.405751465597958,-0.5051416046137374,-0.6228794131132508,-0.4296442184935023,-0.5178270512914315,0.4265495196137061,-0.7529496677345439,-0.845943474131135,0.004881837346055697,0.8868692606267159,-0.20359281437125748,B,1756838090,0.851261620185923,-0.3248300220924395,0.5830460819820715,-0.5051343928793824,-0.37972478759808015,0.07392552251987047,-0.335378908509712,-0.4036672752403604,0.033258346882865227,-0.3473531151344615,10s
2025-09-02 18:35:00,-0.37521693235288855,-0.45751497058477203,-0.3585511233379184,-0.3901306223274828,-0.46094248543685595,0.36636891814595296,-0.6339898695464748,-0.7365515841074405,-0.04438033950959725,0.7747798920761148,-0.23177175061641422,B,1756838100,0.8539176626826029,-0.31300848701434647,0.5876234229728461,-0.45750945320633213,-0.3984307180501028,0.3852296143656167,-0.405751465597958,-0.4244184417005906,0.39012257686111174,-0.4296442184935023,10s
2025-09-02 18:35:10,-0.4060615819512282,-0.4986727841469378,-0.34823475469967907,-0.4126556629616546,-0.4910758735746793,0.2964865226997229,-0.5618348126149778,-0.6611771051315554,-0.02884722068123821,0.8016661933162927,-0.055653399084184575,B,1756838110,0.8565737051792829,-0.3011032942591003,0.5920072058763448,-0.49866625201686493,-0.3985763330775736,0.19587135707977626,-0.37521693235288855,-0.4161773737447246,0.20836136044724593,-0.3901306223274828,10s
2025-09-02 18:35:20,-0.47536065935507726,-0.5453817475540788,-0.5660247592847317,-0.4927816377636533,-0.5515328873521953,0.4099968926242878,-0.47940087850812235,-0.5115196180796605,-0.22500832131365806,0.6869260626715895,-0.2839027826699542,B,1756838120,0.8592297476759628,-0.28911807026374264,0.5961960953498286,-0.5453776676056555,-0.44559878579469403,0.07723726817780395,-0.4060615819512282,-0.4659728959338984,0.03960175512840502,-0.4126556629616546,10s
2025-09-02 18:35:30,-0.461620119394796,-0.600432424963618,-0.5671710224667583,-0.48132145823841044,-0.6047007654274494,0.40201805506819327,-0.5475826139251898,-0.6000039174368915,0.15222456451791858,0.9179210451576256,-0.11482916519901373,B,1756838130,0.8618857901726428,-0.2770564658436051,0.6001888154169855,-0.6004213742293799,-0.47168627802389207,0.33341919340594645,-0.47536065935507726,-0.49928234852735165,0.30793148762723566,-0.4927816377636533,10s
2025-09-02 18:35:40,-0.4938722201349006,-0.599224822828039,-0.45025217790004585,-0.5044749537908249,-0.594503634593905,0.5962410695778368,-0.6076161639557852,-0.6508509336296621,-0.0679019194496838,0.8073463978036542,-0.363508277562522,B,1756838140,0.8645418326693227,-0.26492215508023886,0.6039841498566041,-0.5992170826178889,-0.480378375048305,0.19152929055048573,-0.461620119394796,-0.50495472083874,0.2065201089902072,-0.48132145823841044,10s
2025-09-02 18:35:50,-0.5131471442458507,-0.6157192089411625,-0.45644199908298944,-0.5384338193891519,-0.62882040409683,0.17288047640514773,-0.5164997528911692,-0.5901747600185022,-0.10784422500832132,0.7933352267348291,-0.3522367030644593,B,1756838150,0.8671978751660027,-0.2527188342022494,0.6075809425730481,-0.6157117778566097,-0.5045728719203821,0.23156461583750368,-0.4938722201349006,-0.5326596571696062,0.17486246297079983,-0.5044749537908249,10s
2025-09-02 18:36:00,-0.465246095217648,-0.5010377324466907,-0.012838147638697846,-0.5068651097540765,-0.5406571555804793,0.2475416935689099,-0.4740977425524644,-0.5444325547714686,-0.37368245867080885,0.6395910252769099,-0.528355054596689,B,1756838160,0.8698539176626826,-0.24045022045939243,0.6109780979484132,-0.5010373714498333,-0.4911314847692282,0.4388062996761849,-0.5131471442458507,-0.5338191105252107,0.366845594731645,-0.5384338193891519,10s
2025-09-02 18:36:10,-0.5924653653707381,-0.6785522515029202,-0.2776249426868409,-0.6046608041283407,-0.6760033684273815,0.3041500888122776,-0.43953368644236657,-0.49579164453364855,-0.31554421391323645,0.6820032187825429,-0.5410355759070095,B,1756838170,0.8725099601593626,-0.22812005099026275,0.6141745811762631,-0.6785467560662306,-0.528375328333884,-0.10144980865469531,-0.465246095217648,-0.5659455076591285,-0.012167108418528335,-0.5068651097540765,10s
2025-09-02 18:36:20,-0.5979043291050161,-0.7442422738498264,-0.4339752407152682,-0.6151478921672724,-0.7434595421270399,0.5115284161032776,-0.5387344804888015,-0.5842006516072034,0.034616664817485855,0.8330966581463599,-0.2275449101796407,B,1756838180,0.8751660026560425,-0.2157320816839251,0.6171694185768417,-0.7442304944009703,-0.5906649566235236,0.2742493376508684,-0.5924653653707381,-0.6184729733783019,0.24363023513078083,-0.6046608041283407,10s
2025-09-02 18:36:30,-0.7488594278353282,-0.828131172782,-0.5538743695552499,-0.7596904960891352,-0.823627800807644,0.5682035442178998,-0.36615847496911,-0.37920653718894276,-0.6683679130145346,0.44154122881757074,-0.7904191616766467,B,1756838190,0.8778220451527224,-0.20329008603583637,0.6199616978936648,-0.8281272846415237,-0.6640997350926615,-0.17467618486900205,-0.5979043291050161,-0.6936771438700665,-0.14912651921806208,-0.6151478921672724,10s
2025-09-02 18:36:40,-0.7042742382767073,-0.8541061219286572,-0.38399816597890873,-0.7149870786627899,-0.8441711514463516,0.9356046792591877,-0.24114535923735123,-0.15853308912834682,-0.10606901142793743,0.7077534791252486,-0.27192673476576257,B,1756838200,0.8804780876494024,-0.19079785399839866,0.6225505685714033,-0.8540940797373922,-0.714045689515158,0.42857668531056814,-0.7488594278353282,-0.7421086611362347,0.40532775018375394,-0.7596904960891352,10s
2025-09-02 18:36:50,-0.761073241133356,-0.9203246356432248,-0.3881247134342045,-0.7742078047005387,-0.9121635410204741,1.1265068855470801,0.04587784164476797,0.2283431692868862,-0.14157328303561523,0.7054813973303039,-0.3134906657273688,B,1756838210,0.8831341301460823,-0.1782591908265055,0.6249352420149697,-0.9203117027955808,-0.719780681366317,0.11580070650574036,-0.7042742382767073,-0.7491509388966114,0.10085009391867311,-0.7149870786627899,10s
2025-09-02 18:37:00,-0.8545852491963812,-1.0308693905770008,-0.51077487391105,-0.8706411709939673,-1.0244071269174868,0.9757364406773459,0.6966319858902607,1.0971446154730988,-0.20414956174414733,0.7410773454511029,-0.3501232828460726,B,1756838220,0.8857901726427623,-0.16567791591842385,0.6271149918297323,-1.0308548438842107,-0.7903591650658348,0.002539005004415661,-0.761073241133356,-0.8246580030554891,-0.00817575042133476,-0.7742078047005387,10s
2025-09-02 18:37:10,-0.9329731212614579,-1.1311829413231278,-0.6405318661164603,-0.9455813790834998,-1.1181498983535847,2.031329172494614,1.5092221537178272,2.3699692573764812,-0.19482969044713191,0.7164631260058696,-0.36984853821768227,B,1756838230,0.8884462151394422,-0.15305786165236826,0.6290891540427819,-1.1311662357228423,-0.8710746949085145,0.04919782160730056,-0.8545852491963812,-0.9077905136260355,0.054795049409388896,-0.8706411709939673,10s
2025-09-02 18:37:20,-0.9730496961456115,-1.18089311139896,-0.6419073819348923,-0.9852449935203257,-1.1663582705806337,2.3573185012895665,2.022393432190379,3.11922261113216,-0.2081437923000111,0.6221717315156678,-0.2867206762944699,B,1756838240,0.8911022576361222,-0.1404028722191201,0.6308571273051844,-1.1808754694464552,-0.9266996354023735,0.16739034442154843,-0.9329731212614579,-0.9633842860142291,0.15814865135755174,-0.9455813790834998,10s
2025-09-02 18:37:30,-1.2299214570697583,-1.2049366575472427,-0.6586428243924806,-1.2151925935574248,-1.1863123137536447,2.0876118601058873,2.1733794865646066,3.267201746986014,-4.229890158659714,-1.6127993941115213,-4.155688622754491,B,1756838250,0.8937583001328021,-0.12771680245105493,0.6324183730751568,-1.2050337231965076,-1.0661316247836776,-0.5014350897851045,-0.9730496961456115,-1.094171411263219,-0.3993466527087927,-0.9852449935203257,10s
2025-09-02 18:37:40,53.951824617274674,18.829654856036203,68.30674002751032,45.48182168808059,15.374535905968443,1.525166842365586,-3.1601475759103077,-3.1950251014962245,12.422057028736269,7.243018081984284,10.44311377245509,B,1756838260,0.896414342629482,-0.11500351664791554,0.6337724157821141,18.830493899436508,24.723824298667623,170.52984250809538,-1.2299214570697583,21.446782910306595,137.08758268926655,-1.2151925935574248,10s
2025-09-02 18:37:50,11.163043672731828,4.361964118629901,1.0119211370930765,10.614112968826102,4.029432196809664,3.1322100480040516,-2.4445580862279286,-2.4099149626993492,8.384777543548209,5.487077534791252,6.705177879535047,B,1756838270,0.899070385126162,-0.10226688739971393,0.6349188429715302,4.3621839541608,30.54293683108097,-131.71478510450396,53.951824617274674,27.185123102181866,-101.88129273670846,45.48182168808059,10s
2025-09-02 18:38:00,5.971051831177428,2.6425042867813655,0.42663915635029803,5.610123800550709,2.396598220485602,2.6782966784759528,-2.309539121551896,-2.2893252512705686,5.9061355819372015,4.450250875698192,4.567805565339908,B,1756838280,0.9017264276228419,-0.08951079440710161,0.635857305430578,2.6426383121029415,8.013581401600645,-15.726560200176626,11.163043672731828,7.843550995541661,-14.38636582993667,10.614112968826102,10s
2025-09-02 18:38:10,3.161206829716303,1.6875302520955169,0.0614397065566254,3.0429746595826956,1.5800990677132016,1.844249665242833,-2.0652537248552267,-2.1060753975713693,3.5557528015089317,3.0461043264224177,2.829869672419866,B,1756838290,0.9043824701195219,-0.07673912329957448,0.6365875172945012,1.687606138599274,4.2563216523945275,-8.377502207830439,5.971051831177428,4.170827602857232,-7.2468954867066095,5.610123800550709,10s
2025-09-02 18:38:20,1.8936658734844554,1.13528620750797,0.029344337459880788,1.7947800737218165,1.0399201438798842,1.595989746020061,-1.892815401293426,-1.9090662603520903,2.308221457894153,2.3269904383224462,1.8421979570271223,B,1756838300,0.9070385126162018,-0.0639557644518752,0.6371092561336924,1.1353318198536162,2.341786472363948,-3.61940682955549,3.161206829716303,2.320022402330314,-3.38261353765285,3.0429746595826956,10s
2025-09-02 18:38:30,1.188079604482374,0.6807491015576117,-0.4140302613480055,1.0985391970880238,0.5967285700909077,1.1013108159167766,-1.6847137022786125,-1.7616556188453012,1.8045046044602242,1.9619426299346776,1.558999647763297,B,1756838310,0.9096945551128818,-0.05116461179894332,0.6374223630214468,0.6807823201536283,1.4153052595027806,-1.8857447748012952,1.8936658734844554,1.3767859539945824,-1.7654958386232191,1.7947800737218165,10s
2025-09-02 18:38:40,0.8150096314982794,0.5526950423316003,-0.2590554791380101,0.7357200091430054,0.47071069571471374,1.1255213118579996,-1.6238680094013778,-1.704442671462724,1.0895373349606126,1.4654927577392787,0.9630151461782318,B,1756838320,0.9123505976095617,-0.038369561649787366,0.6375267425823733,0.5527132708476287,0.9088225904913387,-0.8599131586694142,1.188079604482374,0.8630409245730847,-0.7886347268934079,1.0985391970880238,10s
2025-09-02 18:38:50,0.6788446973085479,0.3903221236774762,-0.25263640531866116,0.625549834701152,0.3386394281477506,1.222823893406522,-1.5903258558620126,-1.6896967626054762,1.1680905358925995,1.480639969705576,1.056005635787249,B,1756838330,0.9150066401062417,-0.025574511500631458,0.6374223630214468,0.39034258753965584,0.6697115142282684,-0.12904768913747425,0.8150096314982794,0.6335960214720141,-0.04842194355970332,0.7357200091430054,10s
2025-09-02 18:39:00,0.39220176647045846,0.2833680471759767,-0.3081155433287483,0.34062256568747645,0.22807303017106478,1.0385767770973728,-1.3881771346897434,-1.439725613143164,0.5365583046710307,1.2238947268768343,0.41916167664670656,B,1756838340,0.9176626826029216,-0.012783358847699414,0.6371092561336924,0.2833752986574741,0.4711822260057238,-0.5932808360317927,0.6788446973085479,0.4419361199222901,-0.5604264575955334,0.625549834701152,10s
2025-09-02 18:39:10,0.4381705520667466,0.2759059186475405,0.26455754241173773,0.4137098454051583,0.251747956942912,0.7493070719407519,-1.2850062243822504,-1.3798594898714474,0.7220681238211473,1.3325759727350184,0.519196900317013,B,1756838350,0.9203187250996016,0.0,0.6365875172945012,0.275917491672686,0.35817376353239655,0.4328451574919046,0.39220176647045846,0.33917354282823026,0.48848698131278256,0.34062256568747645,10s
2025-09-02 18:39:20,0.19317863298325968,0.05174233329046295,-0.3500687757909216,0.15141506254393483,0.012664336271841712,0.5478403903818109,-1.2714002336252397,-1.3858514853604764,0.5747253966492843,1.1761810091829972,0.3973230010567101,B,1756838360,0.9229747675962815,0.012771671107526606,0.635857305430578,0.05175271952813191,0.2647225193639984,-0.4647851045039741,0.4381705520667466,0.24738987774601875,-0.49411764705882355,0.4137098454051583,10s
2025-09-02 18:39:30,0.15844560141699318,0.043005905804980545,-0.4585052728106373,0.14281536653366061,0.03158020255712208,0.7589857143649618,-1.2032118703491952,-1.2932750062641092,0.46688117164096304,1.1485373473445044,0.3409651285663966,B,1756838370,0.9256308100929614,0.025527764100139076,0.6349188429715302,0.04301413572010716,0.1333777645853052,0.1838754783632617,0.19317863298325968,0.11598024700585184,0.2491599290227261,0.15141506254393483,10s
2025-09-02 18:39:40,0.03418436417201916,-0.05645022673718187,-0.0022925263640531865,-0.026038306354540814,-0.11709920834295727,0.8864928695950978,-1.0982446664210321,-1.1623096718139485,0.31376900033285254,1.0364479787939032,0.20288834096512856,B,1756838380,0.9282868525896414,0.038264393348340836,0.6337724157821141,-0.056444025206221285,0.05872206011660403,-0.09232410950838976,0.15844560141699318,0.029898456864942368,-0.22035325300131411,0.14281536653366061,10s
2025-09-02 18:39:50,0.029079371895109108,-0.13735505871413858,-0.36749197615772583,0.010302606111318625,-0.14721231273780072,0.6525127787900239,-1.1739678381146634,-1.2825441191247064,0.6075668478863864,1.177695730379627,0.47411060232476226,B,1756838390,0.9309428950863213,0.05097767915148036,0.6324183730751568,-0.13734225402319955,-0.0020218086506527473,0.27527965852222547,0.03418436417201916,-0.03438285661180981,0.38082722676348085,-0.026038306354540814,10s
2025-09-02 18:40:00,-0.05687056816894185,-0.19769207856161924,-0.1228794131132508,-0.0680576130978114,-0.19895126778780325,0.7182178038346293,-1.0451119958105721,-1.1626434800697747,0.4615555308998114,1.0803748934961659,0.4579077139837971,B,1756838400,0.9335989375830013,0.06366374891954571,0.6308571273051843,-0.19768129187993855,-0.044776620947281756,0.02586841330585811,0.029079371895109108,-0.054766223619117115,0.04477507777060086,0.010302606111318625,10s
2025-09-02 18:40:10,-0.10267236803654602,-0.31201119463615173,-0.4789087574507107,-0.12673097517451026,-0.32255446051776504,0.6109239619950484,-0.8073480934088834,-0.8628175240607437,0.7482525241318096,1.2496449872195399,0.649524480450863,B,1756838410,0.9362549800796812,0.07631873835279271,0.6290891540427821,-0.3119946024391052,-0.10664060531046804,0.14972770091256993,-0.05687056816894185,-0.121240565919447,0.10245376454254553,-0.0680576130978114,10s
2025-09-02 18:40:20,-0.2161749533334526,-0.3476731812873499,-0.4041723979825768,-0.24314718059412305,-0.36426632951300975,0.5968391051604945,-0.9387393528627653,-1.02850059324335,0.32442028181515586,1.0330398561014864,-0.05213103205353998,B,1756838420,0.9389110225763613,0.08893879261884843,0.6271149918297324,-0.3476629976962644,-0.18144192480664004,-0.05913305858110097,-0.10267236803654602,-0.2061756871777145,-0.06672160723433637,-0.12673097517451026,10s
2025-09-02 18:40:30,-0.08974290161558693,-0.2080782031859921,0.379871618523613,-0.09701722118521529,-0.20542707500163618,0.7575901135433737,-0.9856593256695679,-1.0873118729916202,0.34927327194053037,1.079617532897851,0.02536104262064107,B,1756838430,0.9415670650730412,0.10152006752693024,0.6249352420149697,-0.20806935589600647,-0.17537089827670216,0.6810788931410068,-0.2161749533334526,-0.1917616856229259,0.7024879167873131,-0.24314718059412305,10s
2025-09-02 18:40:40,-0.22724372163479029,-0.3384861563199113,-0.5469967904630904,-0.24548057288733982,-0.34624257731875785,0.670188810520296,-0.8916428241695057,-1.0026128177374143,0.22456451791856208,0.9743444097320837,-0.022543148996125396,B,1756838440,0.9442231075697212,0.1140587306988235,0.6225505685714033,-0.3384778239808375,-0.18056823464181504,-0.13316897262290256,-0.08974290161558693,-0.19289360319061108,-0.16061355250165193,-0.09701722118521529,10s
2025-09-02 18:40:50,-0.2738565950417166,-0.33866096991966754,-0.43764328289775334,-0.2873782431948215,-0.3428381671497476,0.592296145167344,-0.897906218099799,-1.0512216632519744,-0.019083545989126816,0.8436997065227682,-0.2486791123635083,B,1756838450,0.9468791500664011,0.12655096273626137,0.6199616978936648,-0.3386571323349397,-0.26701875633565386,0.1472254930821313,-0.22724372163479029,-0.2852368348201839,0.15160329940382059,-0.24548057288733982,10s
2025-09-02 18:41:00,-0.2161272431252572,-0.2940170849649501,-0.39156350298028425,-0.23492050298693473,-0.3045431705808677,0.8168153812744334,-0.9212613466076139,-1.0500706163213764,0.0887606790191945,0.9084540376786898,-0.07749207467418105,B,1756838460,0.949535192563081,0.13899295838435025,0.6171694185768417,-0.29401193271162884,-0.26179901765862235,0.4691271710332646,-0.2738565950417166,-0.2801141948461856,0.4280464173552799,-0.2873782431948215,10s
2025-09-02 18:41:10,-0.4256704775195463,-0.487200566461601,-0.6013296652911508,-0.43733366850928973,-0.4872703948040252,0.8775919171746839,-0.86782822771882,-0.9785710672353221,-0.20104293797847553,0.633532140490391,-0.3360338147234942,B,1756838470,0.952191235059761,0.15138092769068745,0.6141745811762632,-0.4871972787282502,-0.33308317418357575,-0.3554239034442155,-0.2161272431252572,-0.3528568625821587,-0.3186760808071809,-0.23492050298693473,10s
2025-09-02 18:41:20,-0.3560135735542316,-0.4078795385008493,-0.5126088950022926,-0.36723661783808464,-0.4088472917854589,0.9966230118661862,-0.898056426116657,-1.0040624365004907,-0.161544435814934,0.642241787371012,-0.328989080662205,B,1756838480,0.9548472775564409,0.16371109715981724,0.6109780979484133,-0.4078771320181387,-0.3987667527288816,0.5059243450103033,-0.4256704775195463,-0.4170427842221902,0.47972618808977585,-0.43733366850928973,10s
2025-09-02 18:41:30,-0.3920586358458722,-0.4583595965513263,-0.605685465382852,-0.40356942120822487,-0.45838363564219,0.7958407986345155,-0.8331436647472826,-0.9400301558051639,-0.13802285587484744,0.7933352267348291,-0.3381472349418809,B,1756838490,0.9575033200531209,0.17597971090267436,0.6075809425730482,-0.45835574324651207,-0.382984323982235,0.17982778922578746,-0.3560135735542316,-0.40066390751515574,0.16790728407985686,-0.36723661783808464,10s
2025-09-02 18:41:40,-0.34911944846999327,-0.45368631319068253,-0.47226043099495646,-0.35635218410890923,-0.44710765059324414,0.7163323800663254,-0.8112619588829016,-0.935405092396,0.08831687562409853,0.7759159329735871,-0.010567101091933779,B,1756838500,0.9601593625498008,0.18818303178066392,0.6039841498566041,-0.45367857464457406,-0.37974718990999873,0.42349867530173685,-0.3920586358458722,-0.39538392018161816,0.41269275601190875,-0.40356942120822487,10s
2025-09-02 18:41:50,-0.370565187053835,-0.40201960125992636,-0.2799174690508941,-0.38321559095288465,-0.4057485114778202,0.663434861346307,-0.721291972776062,-0.8008665016692275,-0.2676134472428714,0.6286092966013443,-0.3874603733709053,B,1756838510,0.9628154050464808,0.20031734254403033,0.6001888154169855,-0.4020194056744516,-0.3696549483906739,0.22486753017368266,-0.34911944846999327,-0.38551037337053284,0.1956507858728497,-0.35635218410890923,10s
2025-09-02 18:42:00,-0.46672511167170605,-0.5441197122017921,-0.4325997248968363,-0.48250538621342226,-0.5478252888427556,0.4452841998600175,-0.551986437657899,-0.6224700397661946,-0.17707755464329303,0.6979077913471552,-0.3296935540683339,B,1756838520,0.9654714475431607,0.21237894696416737,0.5961960953498288,-0.5441148302636704,-0.42487664726999824,-0.0056299676184869,-0.370565187053835,-0.44670669517931944,-0.016544535269617123,-0.38321559095288465,10s
2025-09-02 18:42:10,-0.5047740027075543,-0.49073130429421224,-0.4844108207244383,-0.5266431942133493,-0.5085750042585332,0.41186385766993777,-0.5589939331619708,-0.6399640792707276,-0.6563852213469433,0.41844173056896716,-0.8185980979218035,B,1756838530,0.9681274900398407,0.22436417095952524,0.5920072058763449,-0.49073701086498184,-0.48789435069699194,0.17364586399764498,-0.46672511167170605,-0.516282747304566,0.14504012888760198,-0.48250538621342226,10s
2025-09-02 18:42:20,-0.4783902575754865,-0.562972025614233,-0.4637780834479597,-0.48740328002785477,-0.557755248907921,0.6227451143833674,-0.512713106762434,-0.5523541541237073,-0.1562187950737823,0.6180062482249361,-0.11694258541740049,B,1756838540,0.9707835325365206,0.23626936371477147,0.5876234229728461,-0.5629664101500046,-0.4933717159610872,0.3724241978216073,-0.5047740027075543,-0.5186586924336081,0.3893207415491755,-0.5266431942133493,10s
2025-09-02 18:42:30,-0.4866918338014897,-0.5719378925569598,-0.34066941769830356,-0.49693552204584374,-0.5680930809831487,0.4075652379559313,-0.3163696433026668,-0.3234887405769365,-0.16376345279041385,0.6679920477137177,-0.207819654808031,B,1756838550,0.9734395750332006,0.24809089879286467,0.5830460819820716,-0.5719322225000232,-0.4848812397439416,0.26541801589637914,-0.4783902575754865,-0.5042476411418108,0.24642774944131382,-0.48740328002785477,10s
2025-09-02 18:42:40,-0.5589966543216502,-0.6500052034419089,-0.3427326914259514,-0.5743388679601013,-0.6513504416032737,0.3398132216277546,-0.44995723398496723,-0.4999097621730454,-0.23565960279596138,0.7054813973303039,-0.4811553363860514,B,1756838560,0.9760956175298805,0.2598251752397022,0.5782765772064286,-0.6499990772863048,-0.5227299457303993,0.06796438033559023,-0.4866918338014897,-0.54641968376131,0.047578531601963014,-0.49693552204584374,10s
2025-09-02 18:42:50,-0.5804185378013943,-0.6700389402661563,-0.23888124713434206,-0.5878121304976501,-0.6613064670823858,0.3779792547215196,-0.3956617097362852,-0.4373518010061535,-0.27648951514479086,0.6358042222853356,-0.4410003522367031,B,1756838570,0.9787516600265604,0.27146861868100597,0.5733163614832751,-0.6700330213548729,-0.5667392874944694,0.22494112452163673,-0.5589966543216502,-0.5905034967992105,0.2348813209494324,-0.5743388679601013,10s
2025-09-02 18:43:00,-0.6510773561388129,-0.745064555047064,-0.5220082530949106,-0.661740728896205,-0.739567689210517,0.38255717617084517,-0.4211320398357937,-0.4894143722921596,-0.3723510484855209,0.5676417684369971,-0.5332863684395914,B,1756838580,0.9814077025232404,0.2830176824111111,0.5681669457423711,-0.745058390365951,-0.6099757494973481,0.07304239034442155,-0.5804185378013943,-0.6329017262480473,0.057758870303138296,-0.5878121304976501,10s
2025-09-02 18:43:10,-0.6278901949558382,-0.6826534824804656,-0.30788629069234297,-0.6328459935745553,-0.6724572795019653,0.5968215998385766,-0.3224123406519283,-0.32206253916681543,-0.548540996338622,0.5180346492473729,-0.6988376188798873,B,1756838590,0.9840637450199203,0.29446884847332716,0.5628298985456349,-0.6826517263178851,-0.6322660498563452,0.36256255519576097,-0.6510773561388129,-0.6547474402780721,0.3590113667579868,-0.661740728896205,10s
2025-09-02 18:43:20,-0.7236445828040482,-0.8049282302906559,-0.41976157725813845,-0.7375242829405405,-0.8043704094950352,0.8073911066563091,-0.14182088866849532,-0.08055128332639637,-0.5969155664040829,0.44532803180914515,-0.6910884114124691,B,1756838600,0.9867197875166003,0.3058186287315416,0.5573068456093435,-0.8049239153357192,-0.6663399662845205,-0.004378863703267589,-0.6278901949558382,-0.6915096839924139,-0.032331781633516715,-0.6328459935745553,10s
2025-09-02 18:43:30,-0.8278436775028477,-0.9231450595604191,-0.5882622650160477,-0.8391535523160845,-0.9182284843607661,0.976851739320713,0.09762919617727414,0.2663562584980929,-0.774436924442472,0.29461327274448545,-0.7305389221556886,B,1756838610,0.9893758300132802,0.31706356593274004,0.5515994693089246,-0.9231398435881085,-0.7602280555353312,-0.030431262879010892,-0.7236445828040482,-0.7915885051853331,-0.023398742306464427,-0.7375242829405405,10s
2025-09-02 18:43:40,-0.8569707596061522,-1.0323099898615673,-0.6102705181109582,-0.867296169009773,-1.0188164537905786,1.559414815008384,0.3138708119559275,0.6485808992728114,-0.21879507378231444,0.564991006342895,-0.3127861923212399,B,1756838620,0.9920318725099602,0.32820023476011884,0.5457095081664878,-1.0322955492622106,-0.822831316191831,0.20117015013246983,-0.8278436775028477,-0.8545402334739789,0.19190294822965157,-0.8391535523160845,10s
2025-09-02 18:43:50,-0.9010549919787213,-1.070015074130495,-0.453232462173315,-0.9167920620062004,-1.0641172330110706,1.9681266248322349,1.0627575180705318,1.734954784996428,-0.4003106623765672,0.5392407460001893,-0.5001761183515322,B,1756838630,0.9946879150066401,0.3392252428764699,0.5396387563212542,-1.0700014748770963,-0.8572076638309073,0.15502649396526347,-0.8569707596061522,-0.8922023074006855,0.12934197533613975,-0.867296169009773,10s
2025-09-02 18:44:00,-0.9408691607178001,-1.1105244414816664,-0.4211370930765704,-0.9461632067013567,-1.09114729190998,2.006861267893921,1.8689249060789477,2.8503496078037966,-0.5241318096083435,0.41427624727823537,-0.5692145121521662,B,1756838640,0.99734395750332,0.35013523195751917,0.5333890629830449,-1.1105109568828426,-0.8966021293397478,0.16819988224904328,-0.9010549919787213,-0.9304603344516469,0.18830359860718238,-0.9167920620062004,10s
2025-09-02 18:44:10,-1.061695262972704,-1.1856466632105023,-0.6162310866574966,-1.0629747305372834,-1.1676661689746095,2.625605548250424,2.0799408791981513,3.2364694142602164,-1.5755020525907024,-0.09997159897756319,-1.5963367382881297,B,1756838650,1.0,0.36092687871490514,0.5269623318689927,-1.1856414545639649,-0.9720307135696404,-0.08172652340300265,-0.9408691607178001,-1.0013728557119796,-0.06787981379602201,-0.9461632067013567,10s
